{
    "old_retail_bill": -189079.8033969896,
    "new_retail_bill": -205540.9155723326,
    "retail_bill_savings": -16461.112175343005,
    "battery_charge_cost": -74460.62809285283,
    "battery_retail_revenues": 57999.51591750982,
    "battery_export_revenue": 56103.52956872508,
    "battery_retail_profits": -16461.112175343005,
    "battery_total_profits": 39642.41739338207
}