{"key_params": {"battery_size_kWh": 8000.0, "battery_power_kW": 2000.0, "min_soc": 0.05, "max_soc": 1.0, "one_way_efficiency": 0.9219544457292888, "demand_charge": 30, "start_soc": 0.05, "n_horizon": 24, "n_control": 24, "export_price": 0.03}, "savings": {"old_energy_charge": -189079.8033969896, "new_energy_charge": -175901.3933280635, "energy_charge_savings": 13178.410068926081, "old_demand_charge": -574270.90167, "new_demand_charge": -404208.69428155496, "demand_charge_savings": 170062.2073884451, "retail_profits": 183240.61745737118, "battery_charge_cost": -32039.81239860587, "battery_discharge_revenues": 45218.222467531974, "battery_retail_profits": 13178.410068926103, "battery_export_revenue": 0.0, "total_profits": 183240.61745737118}}