{"old_retail_bill": -189079.8033969896, "new_retail_bill": -234178.0711926212, "retail_bill_savings": -45098.267795631604, "battery_charge_cost": -117428.98159502624, "battery_retail_revenues": 72330.71379939462, "battery_export_revenue": 58120.149729146935, "battery_retail_profits": -45098.26779563162, "battery_total_profits": 13021.88193351531}