{"old_retail_bill": -189079.8033969896, "new_retail_bill": -159111.25176153646, "retail_bill_savings": 29968.55163545313, "battery_charge_cost": -53761.71335765303, "battery_retail_revenues": 83730.26499310616, "battery_export_revenue": 0.0, "battery_retail_profits": 29968.55163545313, "battery_total_profits": 29968.55163545313}