{"key_params": {"location": "CA_Santa.Rosa.AWOS.724957_TMY3", "customer_type": "Office", "demand_charge": 20, "export_price": 0.0, "export_price_type": "None", "battery_size_kWh": 600, "battery_power_kW": 300.0, "min_soc": 0.05, "max_soc": 1.0, "one_way_efficiency": 0.92, "start_soc": 0.5, "n_horizon": 24, "n_control": 12}, "savings": {"old_energy_charge": -298888.5568105183, "new_energy_charge": -297709.22443231096, "energy_charge_savings": 1179.3323782073567, "old_demand_charge": -159890.0989911809, "new_demand_charge": -133207.92881479702, "demand_charge_savings": 26682.170176383865, "retail_profits": 27861.50255459122, "battery_charge_cost": -23116.71249024393, "battery_discharge_revenues": 24296.044868451285, "battery_retail_profits": 1179.3323782073567, "battery_export_revenue": 0.0, "total_profits": 27861.50255459122, "irr": 0.07158, "npv": 12672.525}}