{"key_params": {"location": "CA_Mountain.View-Moffett.Field.NAS.745090_TMY3", "customer_type": "Market", "demand_charge": 20, "export_price": 0.0, "export_price_type": "None", "battery_size_kWh": 600, "battery_power_kW": 300.0, "min_soc": 0.05, "max_soc": 1.0, "one_way_efficiency": 0.92, "start_soc": 0.5, "n_horizon": 24, "n_control": 12}, "savings": {"old_energy_charge": -373367.25653006416, "new_energy_charge": -372977.5572459144, "energy_charge_savings": 389.6992841497413, "old_demand_charge": -145567.672278622, "new_demand_charge": -124481.86374442207, "demand_charge_savings": 21085.808534199925, "retail_profits": 21475.507818349666, "battery_charge_cost": -23706.725476078995, "battery_discharge_revenues": 24096.42476022873, "battery_retail_profits": 389.699284149734, "battery_export_revenue": 0.0, "total_profits": 21475.50781834966, "irr": 0.03353, "npv": -27635.426}}