{"key_params": {"location": "CA_Sacramento.Metro", "customer_type": "Hotel", "demand_charge": 20, "export_price": 0.0, "export_price_type": "None", "battery_size_kWh": 600, "battery_power_kW": 300.0, "min_soc": 0.05, "max_soc": 1.0, "one_way_efficiency": 0.92, "start_soc": 0.5, "n_horizon": 24, "n_control": 12}, "savings": {"old_energy_charge": -379545.9625453663, "new_energy_charge": -375487.1742244479, "energy_charge_savings": 4058.788320918393, "old_demand_charge": -157468.64643168967, "new_demand_charge": -120255.84675779633, "demand_charge_savings": 37212.79967389334, "retail_profits": 41271.587994811736, "battery_charge_cost": -25525.061478220254, "battery_discharge_revenues": 29583.849799138614, "battery_retail_profits": 4058.78832091836, "battery_export_revenue": 0.0, "total_profits": 41271.58799481171, "irr": 0.14305, "npv": 97271.843}}