{"key_params": {"location": "CA_Bakersfield-Meadows.Field.723840_TMY3", "customer_type": "Hospital", "demand_charge": 20, "export_price": 0.0, "export_price_type": "None", "battery_size_kWh": 600, "battery_power_kW": 300.0, "min_soc": 0.05, "max_soc": 1.0, "one_way_efficiency": 0.92, "start_soc": 0.5, "n_horizon": 24, "n_control": 12}, "savings": {"old_energy_charge": -246371.3360656143, "new_energy_charge": -246471.0326550419, "energy_charge_savings": -99.6965894275927, "old_demand_charge": -81512.17303419425, "new_demand_charge": -70214.5959058753, "demand_charge_savings": 11297.577128318939, "retail_profits": 11197.880538891346, "battery_charge_cost": -19709.071794018055, "battery_discharge_revenues": 19609.375204590484, "battery_retail_profits": -99.69658942757087, "battery_export_revenue": 0.0, "total_profits": 11197.880538891368, "irr": -0.05231, "npv": -100160.801}}