{"key_params": {"location": "CA_Van.Nuys", "customer_type": "School", "demand_charge": 20, "export_price": 0.0, "export_price_type": "None", "battery_size_kWh": 600, "battery_power_kW": 300.0, "min_soc": 0.05, "max_soc": 1.0, "one_way_efficiency": 0.92, "start_soc": 0.5, "n_horizon": 24, "n_control": 12}, "savings": {"old_energy_charge": -369813.1551247485, "new_energy_charge": -366982.66114965465, "energy_charge_savings": 2830.493975093821, "old_demand_charge": -239676.73996105418, "new_demand_charge": -208216.1895313993, "demand_charge_savings": 31460.55042965489, "retail_profits": 34291.04440474871, "battery_charge_cost": -22556.62973336598, "battery_discharge_revenues": 25387.123708459825, "battery_retail_profits": 2830.4939750938465, "battery_export_revenue": 0.0, "total_profits": 34291.04440474874, "irr": 0.10689, "npv": 53234.15}}