{"key_params": {"location": "CA_Barstow.Daggett", "customer_type": "Hospital", "demand_charge": 20, "export_price": 0.0, "export_price_type": "None", "battery_size_kWh": 600, "battery_power_kW": 300.0, "min_soc": 0.05, "max_soc": 1.0, "one_way_efficiency": 0.92, "start_soc": 0.5, "n_horizon": 24, "n_control": 12}, "savings": {"old_energy_charge": -247794.10046292664, "new_energy_charge": -247711.91815985192, "energy_charge_savings": 82.18230307471822, "old_demand_charge": -82944.13972276963, "new_demand_charge": -71261.0279754861, "demand_charge_savings": 11683.111747283532, "retail_profits": 11765.29405035825, "battery_charge_cost": -19928.89998606821, "battery_discharge_revenues": 20011.08228914295, "battery_retail_profits": 82.18230307474005, "battery_export_revenue": 0.0, "total_profits": 11765.294050358272, "irr": -0.04593, "npv": -95629.656}}