{"key_params": {"location": "CA_Imperial.County", "customer_type": "Office", "demand_charge": 20, "export_price": 0.0, "export_price_type": "None", "battery_size_kWh": 600, "battery_power_kW": 300.0, "min_soc": 0.05, "max_soc": 1.0, "one_way_efficiency": 0.92, "start_soc": 0.5, "n_horizon": 24, "n_control": 12}, "savings": {"old_energy_charge": -360155.96555168426, "new_energy_charge": -358776.9462233841, "energy_charge_savings": 1379.0193283001427, "old_demand_charge": -186560.72164538212, "new_demand_charge": -158840.11807191398, "demand_charge_savings": 27720.603573468135, "retail_profits": 29099.622901768278, "battery_charge_cost": -23046.21341833711, "battery_discharge_revenues": 24425.232746637274, "battery_retail_profits": 1379.0193283001645, "battery_export_revenue": 0.0, "total_profits": 29099.6229017683, "irr": 0.07857, "npv": 20483.372}}