{"key_params": {"location": "CA_Burbank-Glendale-Passadena.Bob.Hope", "customer_type": "Office", "demand_charge": 20, "export_price": 0.0, "export_price_type": "None", "battery_size_kWh": 600, "battery_power_kW": 300.0, "min_soc": 0.05, "max_soc": 1.0, "one_way_efficiency": 0.92, "start_soc": 0.5, "n_horizon": 24, "n_control": 12}, "savings": {"old_energy_charge": -398943.53404989187, "new_energy_charge": -396675.19090536557, "energy_charge_savings": 2268.3431445262977, "old_demand_charge": -232160.2653090278, "new_demand_charge": -200652.695727096, "demand_charge_savings": 31507.569581931806, "retail_profits": 33775.912726458104, "battery_charge_cost": -23114.430691033398, "battery_discharge_revenues": 25382.7738355597, "battery_retail_profits": 2268.3431445263013, "battery_export_revenue": 0.0, "total_profits": 33775.912726458104, "irr": 0.10415, "npv": 49984.373}}