{"key_params": {"location": "CA_Fresno.Air.Terminal.723890_TMY3", "customer_type": "Restaurant", "demand_charge": 20, "export_price": 0.0, "export_price_type": "None", "battery_size_kWh": 600, "battery_power_kW": 300.0, "min_soc": 0.05, "max_soc": 1.0, "one_way_efficiency": 0.92, "start_soc": 0.5, "n_horizon": 24, "n_control": 12}, "savings": {"old_energy_charge": -504298.4283681429, "new_energy_charge": -502387.55694230064, "energy_charge_savings": 1910.8714258422842, "old_demand_charge": -185854.18617797777, "new_demand_charge": -155222.27091139663, "demand_charge_savings": 30631.91526658114, "retail_profits": 32542.786692423426, "battery_charge_cost": -26599.46585855796, "battery_discharge_revenues": 28510.337284400204, "battery_retail_profits": 1910.8714258422442, "battery_export_revenue": 0.0, "total_profits": 32542.786692423386, "irr": 0.09752, "npv": 42205.032}}