{"key_params": {"location": "CA_Hayward.Air.Terminal.724935_TMY3", "customer_type": "Apartment", "demand_charge": 20, "export_price": 0.0, "export_price_type": "None", "battery_size_kWh": 600, "battery_power_kW": 300.0, "min_soc": 0.05, "max_soc": 1.0, "one_way_efficiency": 0.92, "start_soc": 0.5, "n_horizon": 24, "n_control": 12}, "savings": {"old_energy_charge": -346816.35588048166, "new_energy_charge": -341455.447205724, "energy_charge_savings": 5360.908674757637, "old_demand_charge": -156801.08086522928, "new_demand_charge": -123597.51182625549, "demand_charge_savings": 33203.56903897379, "retail_profits": 38564.47771373142, "battery_charge_cost": -21477.189018592973, "battery_discharge_revenues": 26838.09769335068, "battery_retail_profits": 5360.908674757706, "battery_export_revenue": 0.0, "total_profits": 38564.477713731496, "irr": 0.12924, "npv": 80193.676}}