{"key_params": {"location": "CA_Van.Nuys", "customer_type": "Restaurant", "demand_charge": 20, "export_price": 0.0, "export_price_type": "None", "battery_size_kWh": 600, "battery_power_kW": 300.0, "min_soc": 0.05, "max_soc": 1.0, "one_way_efficiency": 0.92, "start_soc": 0.5, "n_horizon": 24, "n_control": 12}, "savings": {"old_energy_charge": -451907.75542145455, "new_energy_charge": -451044.64113259653, "energy_charge_savings": 863.1142888580216, "old_demand_charge": -169780.7289385768, "new_demand_charge": -141186.47359318903, "demand_charge_savings": 28594.255345387763, "retail_profits": 29457.369634245784, "battery_charge_cost": -28130.038796936165, "battery_discharge_revenues": 28993.153085794176, "battery_retail_profits": 863.1142888580107, "battery_export_revenue": 0.0, "total_profits": 29457.369634245773, "irr": 0.08057, "npv": 22740.266}}