{"key_params": {"location": "CA_Hayward.Air.Terminal.724935_TMY3", "customer_type": "Office", "demand_charge": 20, "export_price": 0.0, "export_price_type": "None", "battery_size_kWh": 600, "battery_power_kW": 300.0, "min_soc": 0.05, "max_soc": 1.0, "one_way_efficiency": 0.92, "start_soc": 0.5, "n_horizon": 24, "n_control": 12}, "savings": {"old_energy_charge": -402500.38398464123, "new_energy_charge": -399234.9661974416, "energy_charge_savings": 3265.417787199607, "old_demand_charge": -240433.55560774897, "new_demand_charge": -197436.6859966849, "demand_charge_savings": 42996.86961106409, "retail_profits": 46262.287398263696, "battery_charge_cost": -23276.19166713009, "battery_discharge_revenues": 26541.60945432968, "battery_retail_profits": 3265.417787199589, "battery_export_revenue": 0.0, "total_profits": 46262.28739826368, "irr": 0.16792, "npv": 128756.338}}