{"key_params": {"location": "CA_Alturas.725958_TMY3", "customer_type": "School", "demand_charge": 20, "export_price": 0.0, "export_price_type": "None", "battery_size_kWh": 600, "battery_power_kW": 300.0, "min_soc": 0.05, "max_soc": 1.0, "one_way_efficiency": 0.92, "start_soc": 0.5, "n_horizon": 24, "n_control": 12}, "savings": {"old_energy_charge": -341287.26042432303, "new_energy_charge": -339918.81247799925, "energy_charge_savings": 1368.4479463237803, "old_demand_charge": -193863.57545642625, "new_demand_charge": -164930.02056173392, "demand_charge_savings": 28933.554894692323, "retail_profits": 30302.002841016103, "battery_charge_cost": -22989.55983693543, "battery_discharge_revenues": 24358.007783259225, "battery_retail_profits": 1368.447946323795, "battery_export_revenue": 0.0, "total_profits": 30302.002841016118, "irr": 0.08527, "npv": 28068.747}}