{"key_params": {"location": "CA_San.Diego-Montgomery.Field.722903_TMY3", "customer_type": "Apartment", "demand_charge": 20, "export_price": 0.0, "export_price_type": "None", "battery_size_kWh": 600, "battery_power_kW": 300.0, "min_soc": 0.05, "max_soc": 1.0, "one_way_efficiency": 0.92, "start_soc": 0.5, "n_horizon": 24, "n_control": 12}, "savings": {"old_energy_charge": -342538.53571862314, "new_energy_charge": -337115.42404734116, "energy_charge_savings": 5423.1116712819785, "old_demand_charge": -145833.6104517223, "new_demand_charge": -112065.11694640749, "demand_charge_savings": 33768.49350531482, "retail_profits": 39191.6051765968, "battery_charge_cost": -21463.687319069842, "battery_discharge_revenues": 26886.79899035178, "battery_retail_profits": 5423.1116712819385, "battery_export_revenue": 0.0, "total_profits": 39191.60517659676, "irr": 0.13246, "npv": 84149.993}}