{"key_params": {"location": "CA_Blue.Canyon", "customer_type": "Restaurant", "demand_charge": 20, "export_price": 0.0, "export_price_type": "None", "battery_size_kWh": 600, "battery_power_kW": 300.0, "min_soc": 0.05, "max_soc": 1.0, "one_way_efficiency": 0.92, "start_soc": 0.5, "n_horizon": 24, "n_control": 12}, "savings": {"old_energy_charge": -439620.77800402226, "new_energy_charge": -440661.8303284893, "energy_charge_savings": -1041.0523244670476, "old_demand_charge": -150944.12473846928, "new_demand_charge": -124670.16220936713, "demand_charge_savings": 26273.96252910215, "retail_profits": 25232.910204635104, "battery_charge_cost": -31166.430817478984, "battery_discharge_revenues": 30125.378493011904, "battery_retail_profits": -1041.0523244670803, "battery_export_revenue": 0.0, "total_profits": 25232.91020463507, "irr": 0.05636, "npv": -3910.302}}