{"key_params": {"location": "CA_Barstow.Daggett", "customer_type": "Hotel", "demand_charge": 20, "export_price": 0.0, "export_price_type": "None", "battery_size_kWh": 600, "battery_power_kW": 300.0, "min_soc": 0.05, "max_soc": 1.0, "one_way_efficiency": 0.92, "start_soc": 0.5, "n_horizon": 24, "n_control": 12}, "savings": {"old_energy_charge": -374053.79986235674, "new_energy_charge": -370157.3735163261, "energy_charge_savings": 3896.4263460306684, "old_demand_charge": -148894.61106429077, "new_demand_charge": -112500.94862572716, "demand_charge_savings": 36393.66243856361, "retail_profits": 40290.08878459428, "battery_charge_cost": -25485.97837051941, "battery_discharge_revenues": 29382.40471655007, "battery_retail_profits": 3896.426346030661, "battery_export_revenue": 0.0, "total_profits": 40290.08878459427, "irr": 0.13807, "npv": 91079.924}}