{"key_params": {"location": "CA_Santa.Barbara.Muni", "customer_type": "Apartment", "demand_charge": 20, "export_price": 0.0, "export_price_type": "None", "battery_size_kWh": 600, "battery_power_kW": 300.0, "min_soc": 0.05, "max_soc": 1.0, "one_way_efficiency": 0.92, "start_soc": 0.5, "n_horizon": 24, "n_control": 12}, "savings": {"old_energy_charge": -349386.24561581813, "new_energy_charge": -344021.38898348954, "energy_charge_savings": 5364.856632328592, "old_demand_charge": -148284.76763643613, "new_demand_charge": -114910.94779983151, "demand_charge_savings": 33373.81983660461, "retail_profits": 38738.676468933205, "battery_charge_cost": -21488.827849848934, "battery_discharge_revenues": 26853.6844821775, "battery_retail_profits": 5364.856632328567, "battery_export_revenue": 0.0, "total_profits": 38738.676468933176, "irr": 0.13014, "npv": 81292.632}}