{"key_params": {"location": "CA_San.Diego-Miramar.NAS.722930_TMY3", "customer_type": "Market", "demand_charge": 20, "export_price": 0.0, "export_price_type": "None", "battery_size_kWh": 600, "battery_power_kW": 300.0, "min_soc": 0.05, "max_soc": 1.0, "one_way_efficiency": 0.92, "start_soc": 0.5, "n_horizon": 24, "n_control": 12}, "savings": {"old_energy_charge": -366992.3346701152, "new_energy_charge": -366989.24740907596, "energy_charge_savings": 3.08726103923982, "old_demand_charge": -141554.96469639178, "new_demand_charge": -119754.73056753323, "demand_charge_savings": 21800.234128858545, "retail_profits": 21803.321389897785, "battery_charge_cost": -23726.93235212583, "battery_discharge_revenues": 23730.019613165026, "battery_retail_profits": 3.0872610391961643, "battery_export_revenue": 0.0, "total_profits": 21803.32138989774, "irr": 0.0356, "npv": -25550.71}}