{"key_params": {"location": "CA_San.Francisco.Intl", "customer_type": "School", "demand_charge": 20, "export_price": 0.0, "export_price_type": "None", "battery_size_kWh": 600, "battery_power_kW": 300.0, "min_soc": 0.05, "max_soc": 1.0, "one_way_efficiency": 0.92, "start_soc": 0.5, "n_horizon": 24, "n_control": 12}, "savings": {"old_energy_charge": -337078.480535577, "new_energy_charge": -334794.9622247514, "energy_charge_savings": 2283.5183108255733, "old_demand_charge": -189797.1926815504, "new_demand_charge": -159065.03169014095, "demand_charge_savings": 30732.160991409444, "retail_profits": 33015.67930223502, "battery_charge_cost": -22860.996293299024, "battery_discharge_revenues": 25144.514604124546, "battery_retail_profits": 2283.5183108255223, "battery_export_revenue": 0.0, "total_profits": 33015.67930223497, "irr": 0.10007, "npv": 45188.338}}