{"key_params": {"location": "CA_Santa.Ana-John.Wayne", "customer_type": "School", "demand_charge": 20, "export_price": 0.0, "export_price_type": "None", "battery_size_kWh": 600, "battery_power_kW": 300.0, "min_soc": 0.05, "max_soc": 1.0, "one_way_efficiency": 0.92, "start_soc": 0.5, "n_horizon": 24, "n_control": 12}, "savings": {"old_energy_charge": -606175.5490855821, "new_energy_charge": -602495.015553619, "energy_charge_savings": 3680.5335319631267, "old_demand_charge": -366809.1570734817, "new_demand_charge": -339428.8633601175, "demand_charge_savings": 27380.293713364226, "retail_profits": 31060.827245327353, "battery_charge_cost": -21909.059157838838, "battery_discharge_revenues": 25589.59268980193, "battery_retail_profits": 3680.533531963094, "battery_export_revenue": 0.0, "total_profits": 31060.82724532732, "irr": 0.08945, "npv": 32855.893}}