{"key_params": {"location": "CA_Los.Angeles.Intl", "customer_type": "Hotel", "demand_charge": 20, "export_price": 0.0, "export_price_type": "None", "battery_size_kWh": 600, "battery_power_kW": 300.0, "min_soc": 0.05, "max_soc": 1.0, "one_way_efficiency": 0.92, "start_soc": 0.5, "n_horizon": 24, "n_control": 12}, "savings": {"old_energy_charge": -365516.4545088757, "new_energy_charge": -362254.281372693, "energy_charge_savings": 3262.1731361826533, "old_demand_charge": -140888.0324993094, "new_demand_charge": -103066.55197710995, "demand_charge_savings": 37821.48052219945, "retail_profits": 41083.6536583821, "battery_charge_cost": -28715.26526563374, "battery_discharge_revenues": 31977.4384018164, "battery_retail_profits": 3262.173136182657, "battery_export_revenue": 0.0, "total_profits": 41083.6536583821, "irr": 0.1421, "npv": 96086.234}}