{"key_params": {"location": "CA_Paso.Robles.Muni", "customer_type": "Restaurant", "demand_charge": 20, "export_price": 0.0, "export_price_type": "None", "battery_size_kWh": 600, "battery_power_kW": 300.0, "min_soc": 0.05, "max_soc": 1.0, "one_way_efficiency": 0.92, "start_soc": 0.5, "n_horizon": 24, "n_control": 12}, "savings": {"old_energy_charge": -451054.441935905, "new_energy_charge": -449904.54447068815, "energy_charge_savings": 1149.897465216869, "old_demand_charge": -165496.50533690132, "new_demand_charge": -139044.2539714032, "demand_charge_savings": 26452.251365498116, "retail_profits": 27602.148830714985, "battery_charge_cost": -27916.089119613185, "battery_discharge_revenues": 29065.98658483007, "battery_retail_profits": 1149.8974652168836, "battery_export_revenue": 0.0, "total_profits": 27602.148830715, "irr": 0.0701, "npv": 11036.357}}