{"key_params": {"location": "CA_Santa.Maria.Public", "customer_type": "Office", "demand_charge": 20, "export_price": 0.0, "export_price_type": "None", "battery_size_kWh": 600, "battery_power_kW": 300.0, "min_soc": 0.05, "max_soc": 1.0, "one_way_efficiency": 0.92, "start_soc": 0.5, "n_horizon": 24, "n_control": 12}, "savings": {"old_energy_charge": -396852.7260864014, "new_energy_charge": -394724.5493976174, "energy_charge_savings": 2128.1766887839767, "old_demand_charge": -229228.79146365734, "new_demand_charge": -185407.40434141483, "demand_charge_savings": 43821.38712224251, "retail_profits": 45949.563811026484, "battery_charge_cost": -23997.043933077417, "battery_discharge_revenues": 26125.220621861397, "battery_retail_profits": 2128.1766887839804, "battery_export_revenue": 0.0, "total_profits": 45949.563811026484, "irr": 0.16638, "npv": 126783.48}}