{"key_params": {"location": "CA_Ukiah.Muni", "customer_type": "Office", "demand_charge": 20, "export_price": 0.0, "export_price_type": "None", "battery_size_kWh": 600, "battery_power_kW": 300.0, "min_soc": 0.05, "max_soc": 1.0, "one_way_efficiency": 0.92, "start_soc": 0.5, "n_horizon": 24, "n_control": 12}, "savings": {"old_energy_charge": -306796.9744364324, "new_energy_charge": -305455.35229360266, "energy_charge_savings": 1341.6221428297576, "old_demand_charge": -167610.86499440382, "new_demand_charge": -140074.11524545244, "demand_charge_savings": 27536.749748951377, "retail_profits": 28878.371891781135, "battery_charge_cost": -23094.546561663734, "battery_discharge_revenues": 24436.168704493553, "battery_retail_profits": 1341.6221428298195, "battery_export_revenue": 0.0, "total_profits": 28878.371891781197, "irr": 0.07733, "npv": 19087.581}}