{"key_params": {"location": "CA_Lompoc.AWOS.722895_TMY3", "customer_type": "Market", "demand_charge": 20, "export_price": 0.0, "export_price_type": "None", "battery_size_kWh": 600, "battery_power_kW": 300.0, "min_soc": 0.05, "max_soc": 1.0, "one_way_efficiency": 0.92, "start_soc": 0.5, "n_horizon": 24, "n_control": 12}, "savings": {"old_energy_charge": -382681.7420727214, "new_energy_charge": -382298.6009451493, "energy_charge_savings": 383.14112757210387, "old_demand_charge": -154116.46259160104, "new_demand_charge": -130536.67366588677, "demand_charge_savings": 23579.788925714267, "retail_profits": 23962.93005328637, "battery_charge_cost": -23925.77858479825, "battery_discharge_revenues": 24308.919712370338, "battery_retail_profits": 383.1411275720893, "battery_export_revenue": 0.0, "total_profits": 23962.930053286356, "irr": 0.04881, "npv": -11922.142}}