{"key_params": {"location": "CA_Truckee.Tahoe", "customer_type": "Office", "demand_charge": 20, "export_price": 0.0, "export_price_type": "None", "battery_size_kWh": 600, "battery_power_kW": 300.0, "min_soc": 0.05, "max_soc": 1.0, "one_way_efficiency": 0.92, "start_soc": 0.5, "n_horizon": 24, "n_control": 12}, "savings": {"old_energy_charge": -405216.8271090473, "new_energy_charge": -401699.9041054222, "energy_charge_savings": 3516.9230036251247, "old_demand_charge": -269327.7004723747, "new_demand_charge": -215493.44153755164, "demand_charge_savings": 53834.25893482304, "retail_profits": 57351.181938448164, "battery_charge_cost": -24503.690140927556, "battery_discharge_revenues": 28020.613144552724, "battery_retail_profits": 3516.9230036251683, "battery_export_revenue": 0.0, "total_profits": 57351.18193844821, "irr": 0.22123, "npv": 198712.114}}