{"key_params": {"location": "CA_Livermore.Muni", "customer_type": "Market", "demand_charge": 20, "export_price": 0.0, "export_price_type": "None", "battery_size_kWh": 600, "battery_power_kW": 300.0, "min_soc": 0.05, "max_soc": 1.0, "one_way_efficiency": 0.92, "start_soc": 0.5, "n_horizon": 24, "n_control": 12}, "savings": {"old_energy_charge": -382963.46997511305, "new_energy_charge": -382012.3626778649, "energy_charge_savings": 951.1072972481488, "old_demand_charge": -151811.65286054963, "new_demand_charge": -130083.02093466537, "demand_charge_savings": 21728.631925884256, "retail_profits": 22679.739223132405, "battery_charge_cost": -23657.09728988732, "battery_discharge_revenues": 24608.204587135504, "battery_retail_profits": 951.1072972481852, "battery_export_revenue": 0.0, "total_profits": 22679.73922313244, "irr": 0.04102, "npv": -20017.323}}