{"key_params": {"location": "CA_Oxnard", "customer_type": "Office", "demand_charge": 20, "export_price": 0.0, "export_price_type": "None", "battery_size_kWh": 600, "battery_power_kW": 300.0, "min_soc": 0.05, "max_soc": 1.0, "one_way_efficiency": 0.92, "start_soc": 0.5, "n_horizon": 24, "n_control": 12}, "savings": {"old_energy_charge": -524701.8085324491, "new_energy_charge": -523925.7968350827, "energy_charge_savings": 776.011697366368, "old_demand_charge": -256932.0986052294, "new_demand_charge": -233029.4284285448, "demand_charge_savings": 23902.670176684594, "retail_profits": 24678.681874050963, "battery_charge_cost": -23140.631098655052, "battery_discharge_revenues": 23916.642796021428, "battery_retail_profits": 776.0116973663753, "battery_export_revenue": 0.0, "total_profits": 24678.68187405097, "irr": 0.05308, "npv": -7406.726}}