{"key_params": {"location": "CA_Burbank-Glendale-Passadena.Bob.Hope", "customer_type": "Office", "demand_charge": 20, "export_price": 0.0, "export_price_type": "None", "battery_size_kWh": 600, "battery_power_kW": 300.0, "min_soc": 0.05, "max_soc": 1.0, "one_way_efficiency": 0.92, "start_soc": 0.5, "n_horizon": 24, "n_control": 12}, "savings": {"old_energy_charge": -315219.0627196743, "new_energy_charge": -313811.2653819073, "energy_charge_savings": 1407.7973377670278, "old_demand_charge": -169430.5467755419, "new_demand_charge": -144796.3735487462, "demand_charge_savings": 24634.173226795712, "retail_profits": 26041.97056456274, "battery_charge_cost": -23107.133515463654, "battery_discharge_revenues": 24514.930853230748, "battery_retail_profits": 1407.7973377670933, "battery_export_revenue": 0.0, "total_profits": 26041.970564562806, "irr": 0.0611, "npv": 1193.763}}