{"key_params": {"location": "CA_Alturas.725958_TMY3", "customer_type": "Office", "demand_charge": 20, "export_price": 0.0, "export_price_type": "None", "battery_size_kWh": 600, "battery_power_kW": 300.0, "min_soc": 0.05, "max_soc": 1.0, "one_way_efficiency": 0.92, "start_soc": 0.5, "n_horizon": 24, "n_control": 12}, "savings": {"old_energy_charge": -305130.90300840983, "new_energy_charge": -304602.20545768685, "energy_charge_savings": 528.6975507229799, "old_demand_charge": -154800.59122654225, "new_demand_charge": -129928.08537249184, "demand_charge_savings": 24872.50585405041, "retail_profits": 25401.20340477339, "battery_charge_cost": -23144.789714158887, "battery_discharge_revenues": 23673.487264881904, "battery_retail_profits": 528.6975507230163, "battery_export_revenue": 0.0, "total_profits": 25401.203404773427, "irr": 0.05735, "npv": -2848.602}}