{"key_params": {"location": "CA_Santa.Monica.Muni", "customer_type": "Market", "demand_charge": 20, "export_price": 0.0, "export_price_type": "None", "battery_size_kWh": 600, "battery_power_kW": 300.0, "min_soc": 0.05, "max_soc": 1.0, "one_way_efficiency": 0.92, "start_soc": 0.5, "n_horizon": 24, "n_control": 12}, "savings": {"old_energy_charge": -360256.2401266368, "new_energy_charge": -360852.2227661925, "energy_charge_savings": -595.9826395557029, "old_demand_charge": -135920.71017409518, "new_demand_charge": -115153.5595876379, "demand_charge_savings": 20767.150586457283, "retail_profits": 20171.16794690158, "battery_charge_cost": -23740.18841798207, "battery_discharge_revenues": 23144.205778426294, "battery_retail_profits": -595.9826395557757, "battery_export_revenue": 0.0, "total_profits": 20171.167946901507, "irr": 0.02512, "npv": -35970.035}}