{"key_params": {"location": "CA_Chino", "customer_type": "Apartment", "demand_charge": 20, "export_price": 0.0, "export_price_type": "None", "battery_size_kWh": 600, "battery_power_kW": 300.0, "min_soc": 0.05, "max_soc": 1.0, "one_way_efficiency": 0.92, "start_soc": 0.5, "n_horizon": 24, "n_control": 12}, "savings": {"old_energy_charge": -360116.3058829693, "new_energy_charge": -354759.50926259806, "energy_charge_savings": 5356.796620371228, "old_demand_charge": -157357.44493089788, "new_demand_charge": -124064.96771598436, "demand_charge_savings": 33292.477214913524, "retail_profits": 38649.27383528475, "battery_charge_cost": -21472.31772243287, "battery_discharge_revenues": 26829.114342804023, "battery_retail_profits": 5356.796620371155, "battery_export_revenue": 0.0, "total_profits": 38649.27383528468, "irr": 0.12968, "npv": 80728.623}}