{"key_params": {"location": "CA_Truckee.Tahoe", "customer_type": "Apartment", "demand_charge": 20, "export_price": 0.0, "export_price_type": "None", "battery_size_kWh": 600, "battery_power_kW": 300.0, "min_soc": 0.05, "max_soc": 1.0, "one_way_efficiency": 0.92, "start_soc": 0.5, "n_horizon": 24, "n_control": 12}, "savings": {"old_energy_charge": -320684.02640399465, "new_energy_charge": -315405.6071983505, "energy_charge_savings": 5278.419205644168, "old_demand_charge": -137890.78898573198, "new_demand_charge": -104170.41888220649, "demand_charge_savings": 33720.37010352549, "retail_profits": 38998.78930916966, "battery_charge_cost": -21534.035789225993, "battery_discharge_revenues": 26812.454994870204, "battery_retail_profits": 5278.419205644212, "battery_export_revenue": 0.0, "total_profits": 38998.789309169704, "irr": 0.13147, "npv": 82933.589}}