{"key_params": {"location": "CA_Riverside.Muni", "customer_type": "Apartment", "demand_charge": 20, "export_price": 0.0, "export_price_type": "None", "battery_size_kWh": 600, "battery_power_kW": 300.0, "min_soc": 0.05, "max_soc": 1.0, "one_way_efficiency": 0.92, "start_soc": 0.5, "n_horizon": 24, "n_control": 12}, "savings": {"old_energy_charge": -358928.6478804674, "new_energy_charge": -353519.8518155752, "energy_charge_savings": 5408.796064892202, "old_demand_charge": -158533.60825128597, "new_demand_charge": -125373.39514605471, "demand_charge_savings": 33160.21310523126, "retail_profits": 38569.00917012346, "battery_charge_cost": -21462.178482551775, "battery_discharge_revenues": 26870.974547444042, "battery_retail_profits": 5408.796064892267, "battery_export_revenue": 0.0, "total_profits": 38569.00917012353, "irr": 0.12927, "npv": 80222.263}}