{"key_params": {"location": "CA_San.Diego-North.Island.NAS.722906_TMY3", "customer_type": "Hospital", "demand_charge": 20, "export_price": 0.0, "export_price_type": "None", "battery_size_kWh": 600, "battery_power_kW": 300.0, "min_soc": 0.05, "max_soc": 1.0, "one_way_efficiency": 0.92, "start_soc": 0.5, "n_horizon": 24, "n_control": 12}, "savings": {"old_energy_charge": -246038.0445523958, "new_energy_charge": -246066.74834253924, "energy_charge_savings": -28.703790143452352, "old_demand_charge": -80286.03919309012, "new_demand_charge": -69893.55394393232, "demand_charge_savings": 10392.485249157806, "retail_profits": 10363.781459014353, "battery_charge_cost": -19495.5567168821, "battery_discharge_revenues": 19466.852926738648, "battery_retail_profits": -28.703790143452352, "battery_export_revenue": 0.0, "total_profits": 10363.781459014353, "irr": -0.06212, "npv": -106821.593}}