{"key_params": {"location": "CA_Santa.Barbara.Muni", "customer_type": "Hotel", "demand_charge": 20, "export_price": 0.0, "export_price_type": "None", "battery_size_kWh": 600, "battery_power_kW": 300.0, "min_soc": 0.05, "max_soc": 1.0, "one_way_efficiency": 0.92, "start_soc": 0.5, "n_horizon": 24, "n_control": 12}, "savings": {"old_energy_charge": -378141.7683905587, "new_energy_charge": -374690.5243751304, "energy_charge_savings": 3451.244015428296, "old_demand_charge": -146867.21475351483, "new_demand_charge": -108235.90266539155, "demand_charge_savings": 38631.312088123275, "retail_profits": 42082.55610355157, "battery_charge_cost": -28168.260446398854, "battery_discharge_revenues": 31619.50446182709, "battery_retail_profits": 3451.2440154282376, "battery_export_revenue": 0.0, "total_profits": 42082.55610355151, "irr": 0.14714, "npv": 102387.944}}