{"key_params": {"location": "CA_Fairfield-Travis.AFB.745160_TMY3", "customer_type": "Restaurant", "demand_charge": 20, "export_price": 0.0, "export_price_type": "None", "battery_size_kWh": 600, "battery_power_kW": 300.0, "min_soc": 0.05, "max_soc": 1.0, "one_way_efficiency": 0.92, "start_soc": 0.5, "n_horizon": 24, "n_control": 12}, "savings": {"old_energy_charge": -449296.8263937203, "new_energy_charge": -449175.5328218697, "energy_charge_savings": 121.29357185057597, "old_demand_charge": -165900.1211365977, "new_demand_charge": -138701.21479889753, "demand_charge_savings": 27198.906337700173, "retail_profits": 27320.19990955075, "battery_charge_cost": -28402.05700041596, "battery_discharge_revenues": 28523.350572266558, "battery_retail_profits": 121.2935718505978, "battery_export_revenue": 0.0, "total_profits": 27320.19990955077, "irr": 0.06849, "npv": 9257.644}}