{"key_params": {"location": "CA_Edwards.AFB.723810_TMY3", "customer_type": "Office", "demand_charge": 20, "export_price": 0.0, "export_price_type": "None", "battery_size_kWh": 600, "battery_power_kW": 300.0, "min_soc": 0.05, "max_soc": 1.0, "one_way_efficiency": 0.92, "start_soc": 0.5, "n_horizon": 24, "n_control": 12}, "savings": {"old_energy_charge": -417417.80524388363, "new_energy_charge": -414466.33540679177, "energy_charge_savings": 2951.469837091863, "old_demand_charge": -264865.3137296334, "new_demand_charge": -219469.21360112575, "demand_charge_savings": 45396.10012850765, "retail_profits": 48347.56996559951, "battery_charge_cost": -23540.435200329932, "battery_discharge_revenues": 26491.90503742177, "battery_retail_profits": 2951.4698370918377, "battery_export_revenue": 0.0, "total_profits": 48347.56996559948, "irr": 0.17812, "npv": 141911.623}}