{"key_params": {"location": "CA_San.Diego-Montgomery.Field.722903_TMY3", "customer_type": "Restaurant", "demand_charge": 20, "export_price": 0.0, "export_price_type": "None", "battery_size_kWh": 600, "battery_power_kW": 300.0, "min_soc": 0.05, "max_soc": 1.0, "one_way_efficiency": 0.92, "start_soc": 0.5, "n_horizon": 24, "n_control": 12}, "savings": {"old_energy_charge": -436827.0727163008, "new_energy_charge": -437425.006300162, "energy_charge_savings": -597.9335838612169, "old_demand_charge": -152827.91015594802, "new_demand_charge": -125602.87112901479, "demand_charge_savings": 27225.039026933227, "retail_profits": 26627.10544307201, "battery_charge_cost": -31665.5343049443, "battery_discharge_revenues": 31067.600721083098, "battery_retail_profits": -597.9335838612024, "battery_export_revenue": 0.0, "total_profits": 26627.105443072025, "irr": 0.0645, "npv": 4885.165}}