{"key_params": {"location": "CA_Oakland.Intl", "customer_type": "Hotel", "demand_charge": 20, "export_price": 0.0, "export_price_type": "None", "battery_size_kWh": 600, "battery_power_kW": 300.0, "min_soc": 0.05, "max_soc": 1.0, "one_way_efficiency": 0.92, "start_soc": 0.5, "n_horizon": 24, "n_control": 12}, "savings": {"old_energy_charge": -373168.0908422251, "new_energy_charge": -369306.12717123586, "energy_charge_savings": 3861.9636709892657, "old_demand_charge": -149335.725397421, "new_demand_charge": -110896.7820738455, "demand_charge_savings": 38438.943323575484, "retail_profits": 42300.90699456475, "battery_charge_cost": -27067.95057613465, "battery_discharge_revenues": 30929.91424712401, "battery_retail_profits": 3861.9636709893566, "battery_export_revenue": 0.0, "total_profits": 42300.90699456484, "irr": 0.14823, "npv": 103765.44}}