{"key_params": {"location": "CA_Riverside.Muni", "customer_type": "Market", "demand_charge": 20, "export_price": 0.0, "export_price_type": "None", "battery_size_kWh": 600, "battery_power_kW": 300.0, "min_soc": 0.05, "max_soc": 1.0, "one_way_efficiency": 0.92, "start_soc": 0.5, "n_horizon": 24, "n_control": 12}, "savings": {"old_energy_charge": -380293.3483733341, "new_energy_charge": -379779.27210364345, "energy_charge_savings": 514.0762696906459, "old_demand_charge": -150978.51827530752, "new_demand_charge": -130074.61754865915, "demand_charge_savings": 20903.900726648368, "retail_profits": 21417.976996339014, "battery_charge_cost": -23730.661554939827, "battery_discharge_revenues": 24244.73782463046, "battery_retail_profits": 514.076269690635, "battery_export_revenue": 0.0, "total_profits": 21417.976996339003, "irr": 0.03317, "npv": -28001.291}}