{"key_params": {"location": "CA_Camp.Pendleton.MCAS.722926_TMY3", "customer_type": "Market", "demand_charge": 20, "export_price": 0.0, "export_price_type": "None", "battery_size_kWh": 600, "battery_power_kW": 300.0, "min_soc": 0.05, "max_soc": 1.0, "one_way_efficiency": 0.92, "start_soc": 0.5, "n_horizon": 24, "n_control": 12}, "savings": {"old_energy_charge": -370225.25187388406, "new_energy_charge": -370291.0758015507, "energy_charge_savings": -65.8239276666427, "old_demand_charge": -143203.20316640148, "new_demand_charge": -120998.87004604013, "demand_charge_savings": 22204.33312036135, "retail_profits": 22138.509192694706, "battery_charge_cost": -23759.813602869417, "battery_discharge_revenues": 23693.989675202753, "battery_retail_profits": -65.82392766666453, "battery_export_revenue": 0.0, "total_profits": 22138.509192694684, "irr": 0.03769, "npv": -23431.745}}