{"key_params": {"location": "CA_Fairfield-Travis.AFB.745160_TMY3", "customer_type": "Hotel", "demand_charge": 20, "export_price": 0.0, "export_price_type": "None", "battery_size_kWh": 600, "battery_power_kW": 300.0, "min_soc": 0.05, "max_soc": 1.0, "one_way_efficiency": 0.92, "start_soc": 0.5, "n_horizon": 24, "n_control": 12}, "savings": {"old_energy_charge": -349374.56575380487, "new_energy_charge": -347073.51510379766, "energy_charge_savings": 2301.050650007208, "old_demand_charge": -128390.63534895051, "new_demand_charge": -92936.06621261506, "demand_charge_savings": 35454.569136335456, "retail_profits": 37755.619786342664, "battery_charge_cost": -29857.29428933024, "battery_discharge_revenues": 32158.344939337425, "battery_retail_profits": 2301.050650007186, "battery_export_revenue": 0.0, "total_profits": 37755.61978634264, "irr": 0.12507, "npv": 75090.887}}