{"key_params": {"location": "CA_Truckee.Tahoe", "customer_type": "Restaurant", "demand_charge": 20, "export_price": 0.0, "export_price_type": "None", "battery_size_kWh": 600, "battery_power_kW": 300.0, "min_soc": 0.05, "max_soc": 1.0, "one_way_efficiency": 0.92, "start_soc": 0.5, "n_horizon": 24, "n_control": 12}, "savings": {"old_energy_charge": -475220.9297329536, "new_energy_charge": -475065.74660647043, "energy_charge_savings": 155.18312648317078, "old_demand_charge": -165837.21727366894, "new_demand_charge": -136985.52167879703, "demand_charge_savings": 28851.69559487191, "retail_profits": 29006.878721355082, "battery_charge_cost": -28261.71647267804, "battery_discharge_revenues": 28416.89959916125, "battery_retail_profits": 155.1831264832108, "battery_export_revenue": 0.0, "total_profits": 29006.878721355122, "irr": 0.07805, "npv": 19898.283}}