{"key_params": {"location": "CA_Palm.Springs.Intl", "customer_type": "Hotel", "demand_charge": 20, "export_price": 0.0, "export_price_type": "None", "battery_size_kWh": 600, "battery_power_kW": 300.0, "min_soc": 0.05, "max_soc": 1.0, "one_way_efficiency": 0.92, "start_soc": 0.5, "n_horizon": 24, "n_control": 12}, "savings": {"old_energy_charge": -369875.69599229755, "new_energy_charge": -366064.57439182, "energy_charge_savings": 3811.121600477549, "old_demand_charge": -145118.43226203506, "new_demand_charge": -109654.19002026545, "demand_charge_savings": 35464.24224176961, "retail_profits": 39275.363842247156, "battery_charge_cost": -25226.143525657764, "battery_discharge_revenues": 29037.265126135324, "battery_retail_profits": 3811.1216004775597, "battery_export_revenue": 0.0, "total_profits": 39275.36384224717, "irr": 0.13289, "npv": 84678.396}}