{"key_params": {"location": "CA_China.Lake.NAF.746120_TMY3", "customer_type": "Restaurant", "demand_charge": 20, "export_price": 0.0, "export_price_type": "None", "battery_size_kWh": 600, "battery_power_kW": 300.0, "min_soc": 0.05, "max_soc": 1.0, "one_way_efficiency": 0.92, "start_soc": 0.5, "n_horizon": 24, "n_control": 12}, "savings": {"old_energy_charge": -524412.52776068, "new_energy_charge": -522792.405646169, "energy_charge_savings": 1620.122114510974, "old_demand_charge": -193664.53523264336, "new_demand_charge": -165330.5228223981, "demand_charge_savings": 28334.012410245254, "retail_profits": 29954.134524756228, "battery_charge_cost": -26209.041610545723, "battery_discharge_revenues": 27829.163725056733, "battery_retail_profits": 1620.1221145110103, "battery_export_revenue": 0.0, "total_profits": 29954.134524756264, "irr": 0.08334, "npv": 25874.173}}