{"key_params": {"location": "CA_Los.Angeles.Intl", "customer_type": "Restaurant", "demand_charge": 20, "export_price": 0.0, "export_price_type": "None", "battery_size_kWh": 600, "battery_power_kW": 300.0, "min_soc": 0.05, "max_soc": 1.0, "one_way_efficiency": 0.92, "start_soc": 0.5, "n_horizon": 24, "n_control": 12}, "savings": {"old_energy_charge": -432651.3844137051, "new_energy_charge": -433354.9121489472, "energy_charge_savings": -703.5277352420962, "old_demand_charge": -151449.94138853688, "new_demand_charge": -121786.55082030332, "demand_charge_savings": 29663.39056823356, "retail_profits": 28959.862832991465, "battery_charge_cost": -32508.06153392993, "battery_discharge_revenues": 31804.53379868782, "battery_retail_profits": -703.5277352421108, "battery_export_revenue": 0.0, "total_profits": 28959.86283299145, "irr": 0.07779, "npv": 19601.677}}