{"key_params": {"location": "CA_Oakland.Intl", "customer_type": "Apartment", "demand_charge": 20, "export_price": 0.0, "export_price_type": "None", "battery_size_kWh": 600, "battery_power_kW": 300.0, "min_soc": 0.05, "max_soc": 1.0, "one_way_efficiency": 0.92, "start_soc": 0.5, "n_horizon": 24, "n_control": 12}, "savings": {"old_energy_charge": -339627.6129904468, "new_energy_charge": -334263.2105152883, "energy_charge_savings": 5364.402475158509, "old_demand_charge": -150347.55700267904, "new_demand_charge": -117417.76141708053, "demand_charge_savings": 32929.795585598506, "retail_profits": 38294.198060757015, "battery_charge_cost": -21464.39453279733, "battery_discharge_revenues": 26828.797007955927, "battery_retail_profits": 5364.402475158597, "battery_export_revenue": 0.0, "total_profits": 38294.1980607571, "irr": 0.12785, "npv": 78488.58}}