{"key_params": {"location": "CA_Ukiah.Muni", "customer_type": "Hospital", "demand_charge": 20, "export_price": 0.0, "export_price_type": "None", "battery_size_kWh": 600, "battery_power_kW": 300.0, "min_soc": 0.05, "max_soc": 1.0, "one_way_efficiency": 0.92, "start_soc": 0.5, "n_horizon": 24, "n_control": 12}, "savings": {"old_energy_charge": -246986.65229977595, "new_energy_charge": -247064.14168026557, "energy_charge_savings": -77.48938048962737, "old_demand_charge": -82114.84973026761, "new_demand_charge": -70392.41455610069, "demand_charge_savings": 11722.435174166923, "retail_profits": 11644.945793677296, "battery_charge_cost": -19844.341259481538, "battery_discharge_revenues": 19766.851878991907, "battery_retail_profits": -77.489380489631, "battery_export_revenue": 0.0, "total_profits": 11644.945793677292, "irr": -0.04726, "npv": -96590.711}}