{"key_params": {"location": "CA_Hayward.Air.Terminal.724935_TMY3", "customer_type": "Restaurant", "demand_charge": 20, "export_price": 0.0, "export_price_type": "None", "battery_size_kWh": 600, "battery_power_kW": 300.0, "min_soc": 0.05, "max_soc": 1.0, "one_way_efficiency": 0.92, "start_soc": 0.5, "n_horizon": 24, "n_control": 12}, "savings": {"old_energy_charge": -459082.35300727794, "new_energy_charge": -457493.5535873665, "energy_charge_savings": 1588.7994199114619, "old_demand_charge": -169655.08484708355, "new_demand_charge": -139673.09024695883, "demand_charge_savings": 29981.994600124715, "retail_profits": 31570.794020036177, "battery_charge_cost": -26462.184982343853, "battery_discharge_revenues": 28050.984402255308, "battery_retail_profits": 1588.7994199114546, "battery_export_revenue": 0.0, "total_profits": 31570.79402003617, "irr": 0.09224, "npv": 36073.086}}