{"key_params": {"location": "CA_Blue.Canyon", "customer_type": "Hospital", "demand_charge": 20, "export_price": 0.0, "export_price_type": "None", "battery_size_kWh": 600, "battery_power_kW": 300.0, "min_soc": 0.05, "max_soc": 1.0, "one_way_efficiency": 0.92, "start_soc": 0.5, "n_horizon": 24, "n_control": 12}, "savings": {"old_energy_charge": -250478.81506349958, "new_energy_charge": -250040.9782258306, "energy_charge_savings": 437.8368376689905, "old_demand_charge": -85222.71914741962, "new_demand_charge": -73773.59049757614, "demand_charge_savings": 11449.128649843478, "retail_profits": 11886.965487512469, "battery_charge_cost": -20896.223175783223, "battery_discharge_revenues": 21334.060013452214, "battery_retail_profits": 437.8368376689905, "battery_export_revenue": 0.0, "total_profits": 11886.965487512469, "irr": -0.04458, "npv": -94658.035}}