{"key_params": {"location": "CA_Riverside.Muni", "customer_type": "Hotel", "demand_charge": 20, "export_price": 0.0, "export_price_type": "None", "battery_size_kWh": 600, "battery_power_kW": 300.0, "min_soc": 0.05, "max_soc": 1.0, "one_way_efficiency": 0.92, "start_soc": 0.5, "n_horizon": 24, "n_control": 12}, "savings": {"old_energy_charge": -339433.3022136315, "new_energy_charge": -337326.5987951089, "energy_charge_savings": 2106.7034185226075, "old_demand_charge": -122931.0625846192, "new_demand_charge": -88524.84103249141, "demand_charge_savings": 34406.22155212778, "retail_profits": 36512.92497065039, "battery_charge_cost": -30100.469279005847, "battery_discharge_revenues": 32207.172697528462, "battery_retail_profits": 2106.703418522615, "battery_export_revenue": 0.0, "total_profits": 36512.9249706504, "irr": 0.11861, "npv": 67251.181}}