{"key_params": {"location": "CA_Yuba.County", "customer_type": "Office", "demand_charge": 20, "export_price": 0.0, "export_price_type": "None", "battery_size_kWh": 600, "battery_power_kW": 300.0, "min_soc": 0.05, "max_soc": 1.0, "one_way_efficiency": 0.92, "start_soc": 0.5, "n_horizon": 24, "n_control": 12}, "savings": {"old_energy_charge": -315048.4695385328, "new_energy_charge": -313746.6921811027, "energy_charge_savings": 1301.7773574300809, "old_demand_charge": -165610.6273842696, "new_demand_charge": -139555.0823387823, "demand_charge_savings": 26055.54504548732, "retail_profits": 27357.3224029174, "battery_charge_cost": -23041.32020786437, "battery_discharge_revenues": 24343.0975652945, "battery_retail_profits": 1301.7773574301318, "battery_export_revenue": 0.0, "total_profits": 27357.322402917453, "irr": 0.0687, "npv": 9491.837}}