{"key_params": {"location": "CA_Santa.Monica.Muni", "customer_type": "School", "demand_charge": 20, "export_price": 0.0, "export_price_type": "None", "battery_size_kWh": 600, "battery_power_kW": 300.0, "min_soc": 0.05, "max_soc": 1.0, "one_way_efficiency": 0.92, "start_soc": 0.5, "n_horizon": 24, "n_control": 12}, "savings": {"old_energy_charge": -349198.39106964663, "new_energy_charge": -348118.70356002497, "energy_charge_savings": 1079.6875096216681, "old_demand_charge": -197411.10620291988, "new_demand_charge": -169304.29988524306, "demand_charge_savings": 28106.80631767682, "retail_profits": 29186.493827298487, "battery_charge_cost": -23120.15276828034, "battery_discharge_revenues": 24199.840277901945, "battery_retail_profits": 1079.6875096216063, "battery_export_revenue": 0.0, "total_profits": 29186.493827298425, "irr": 0.07906, "npv": 21031.409}}