{"key_params": {"location": "CA_Carlsbad.722927_TMY3", "customer_type": "Hotel", "demand_charge": 20, "export_price": 0.0, "export_price_type": "None", "battery_size_kWh": 600, "battery_power_kW": 300.0, "min_soc": 0.05, "max_soc": 1.0, "one_way_efficiency": 0.92, "start_soc": 0.5, "n_horizon": 24, "n_control": 12}, "savings": {"old_energy_charge": -365801.55572793935, "new_energy_charge": -362264.45294093306, "energy_charge_savings": 3537.102787006297, "old_demand_charge": -142161.92851383434, "new_demand_charge": -103805.03170493148, "demand_charge_savings": 38356.896808902864, "retail_profits": 41893.99959590916, "battery_charge_cost": -28263.335842549983, "battery_discharge_revenues": 31800.438629556273, "battery_retail_profits": 3537.10278700629, "battery_export_revenue": 0.0, "total_profits": 41893.999595909154, "irr": 0.14619, "npv": 101198.41}}