{"key_params": {"location": "CA_Blue.Canyon", "customer_type": "Hotel", "demand_charge": 20, "export_price": 0.0, "export_price_type": "None", "battery_size_kWh": 600, "battery_power_kW": 300.0, "min_soc": 0.05, "max_soc": 1.0, "one_way_efficiency": 0.92, "start_soc": 0.5, "n_horizon": 24, "n_control": 12}, "savings": {"old_energy_charge": -357777.9676664595, "new_energy_charge": -354186.2548212311, "energy_charge_savings": 3591.7128452283796, "old_demand_charge": -143037.69547319144, "new_demand_charge": -104140.23818048736, "demand_charge_savings": 38897.457292704086, "retail_profits": 42489.170137932466, "battery_charge_cost": -28121.680013311023, "battery_discharge_revenues": 31713.39285853938, "battery_retail_profits": 3591.7128452283578, "battery_export_revenue": 0.0, "total_profits": 42489.170137932444, "irr": 0.14918, "npv": 104953.123}}