{"key_params": {"location": "CA_Fullerton.Muni", "customer_type": "Hotel", "demand_charge": 20, "export_price": 0.0, "export_price_type": "None", "battery_size_kWh": 600, "battery_power_kW": 300.0, "min_soc": 0.05, "max_soc": 1.0, "one_way_efficiency": 0.92, "start_soc": 0.5, "n_horizon": 24, "n_control": 12}, "savings": {"old_energy_charge": -332227.17356619466, "new_energy_charge": -330180.4510913109, "energy_charge_savings": 2046.7224748837762, "old_demand_charge": -119852.9584364669, "new_demand_charge": -86003.84143337578, "demand_charge_savings": 33849.117003091116, "retail_profits": 35895.83947797489, "battery_charge_cost": -30201.42977828774, "battery_discharge_revenues": 32248.15225317153, "battery_retail_profits": 2046.7224748837907, "battery_export_revenue": 0.0, "total_profits": 35895.83947797491, "irr": 0.11538, "npv": 63358.214}}