{"key_params": {"location": "CA_San.Diego-Miramar.NAS.722930_TMY3", "customer_type": "Restaurant", "demand_charge": 20, "export_price": 0.0, "export_price_type": "None", "battery_size_kWh": 600, "battery_power_kW": 300.0, "min_soc": 0.05, "max_soc": 1.0, "one_way_efficiency": 0.92, "start_soc": 0.5, "n_horizon": 24, "n_control": 12}, "savings": {"old_energy_charge": -472873.55261701666, "new_energy_charge": -471681.1700415721, "energy_charge_savings": 1192.382575444528, "old_demand_charge": -177379.82925844248, "new_demand_charge": -143172.5832341782, "demand_charge_savings": 34207.246024264285, "retail_profits": 35399.62859970881, "battery_charge_cost": -27954.2740529778, "battery_discharge_revenues": 29146.65662842228, "battery_retail_profits": 1192.3825754444806, "battery_export_revenue": 0.0, "total_profits": 35399.62859970877, "irr": 0.11277, "npv": 60227.802}}