{"key_params": {"location": "CA_Crescent.City-Jack.McNamara.Field.725946_TMY3", "customer_type": "Market", "demand_charge": 20, "export_price": 0.0, "export_price_type": "None", "battery_size_kWh": 600, "battery_power_kW": 300.0, "min_soc": 0.05, "max_soc": 1.0, "one_way_efficiency": 0.92, "start_soc": 0.5, "n_horizon": 24, "n_control": 12}, "savings": {"old_energy_charge": -377748.1293432508, "new_energy_charge": -378510.5735069194, "energy_charge_savings": -762.4441636685515, "old_demand_charge": -143708.86706945943, "new_demand_charge": -121128.54240110333, "demand_charge_savings": 22580.3246683561, "retail_profits": 21817.88050468755, "battery_charge_cost": -23670.569004708985, "battery_discharge_revenues": 22908.124841040517, "battery_retail_profits": -762.4441636684678, "battery_export_revenue": 0.0, "total_profits": 21817.880504687633, "irr": 0.03569, "npv": -25458.122}}