{"key_params": {"location": "CA_Salinas.Muni", "customer_type": "Office", "demand_charge": 20, "export_price": 0.0, "export_price_type": "None", "battery_size_kWh": 600, "battery_power_kW": 300.0, "min_soc": 0.05, "max_soc": 1.0, "one_way_efficiency": 0.92, "start_soc": 0.5, "n_horizon": 24, "n_control": 12}, "savings": {"old_energy_charge": -396690.6067616459, "new_energy_charge": -394582.75538045476, "energy_charge_savings": 2107.8513811911107, "old_demand_charge": -223818.01207683753, "new_demand_charge": -183042.25180131206, "demand_charge_savings": 40775.76027552548, "retail_profits": 42883.61165671659, "battery_charge_cost": -24290.52672873335, "battery_discharge_revenues": 26398.37810992451, "battery_retail_profits": 2107.851381191158, "battery_export_revenue": 0.0, "total_profits": 42883.61165671663, "irr": 0.15116, "npv": 107441.51}}