{"key_params": {"location": "CA_Camarillo.AWOS.723926_TMY3", "customer_type": "School", "demand_charge": 20, "export_price": 0.0, "export_price_type": "None", "battery_size_kWh": 600, "battery_power_kW": 300.0, "min_soc": 0.05, "max_soc": 1.0, "one_way_efficiency": 0.92, "start_soc": 0.5, "n_horizon": 24, "n_control": 12}, "savings": {"old_energy_charge": -354052.08823500224, "new_energy_charge": -352218.39076502225, "energy_charge_savings": 1833.6974699799903, "old_demand_charge": -218888.07528933542, "new_demand_charge": -185428.13662206553, "demand_charge_savings": 33459.93866726989, "retail_profits": 35293.63613724988, "battery_charge_cost": -23030.721517810158, "battery_discharge_revenues": 24864.41898779018, "battery_retail_profits": 1833.697469980023, "battery_export_revenue": 0.0, "total_profits": 35293.63613724991, "irr": 0.11221, "npv": 59559.134}}