{"key_params": {"location": "CA_Needles", "customer_type": "Apartment", "demand_charge": 20, "export_price": 0.0, "export_price_type": "None", "battery_size_kWh": 600, "battery_power_kW": 300.0, "min_soc": 0.05, "max_soc": 1.0, "one_way_efficiency": 0.92, "start_soc": 0.5, "n_horizon": 24, "n_control": 12}, "savings": {"old_energy_charge": -319162.80174993555, "new_energy_charge": -314023.3992873608, "energy_charge_savings": 5139.40246257477, "old_demand_charge": -127780.52801052722, "new_demand_charge": -97033.76592824068, "demand_charge_savings": 30746.762082286543, "retail_profits": 35886.16454486131, "battery_charge_cost": -21658.61184551223, "battery_discharge_revenues": 26798.014308086968, "battery_retail_profits": 5139.402462574737, "battery_export_revenue": 0.0, "total_profits": 35886.16454486128, "irr": 0.11533, "npv": 63297.179}}