{"key_params": {"location": "CA_Hawthorne-Jack.Northrop.Field.722956_TMY3", "customer_type": "Office", "demand_charge": 20, "export_price": 0.0, "export_price_type": "None", "battery_size_kWh": 600, "battery_power_kW": 300.0, "min_soc": 0.05, "max_soc": 1.0, "one_way_efficiency": 0.92, "start_soc": 0.5, "n_horizon": 24, "n_control": 12}, "savings": {"old_energy_charge": -303810.06087480526, "new_energy_charge": -303222.63116505987, "energy_charge_savings": 587.4297097453964, "old_demand_charge": -152521.46393969812, "new_demand_charge": -131381.06850512512, "demand_charge_savings": 21140.395434573, "retail_profits": 21727.825144318398, "battery_charge_cost": -23175.913271579862, "battery_discharge_revenues": 23763.3429813253, "battery_retail_profits": 587.4297097454364, "battery_export_revenue": 0.0, "total_profits": 21727.825144318438, "irr": 0.03513, "npv": -26030.825}}