{"key_params": {"location": "CA_Visalia.Muni.AWOS.723896_TMY3", "customer_type": "Office", "demand_charge": 20, "export_price": 0.0, "export_price_type": "None", "battery_size_kWh": 600, "battery_power_kW": 300.0, "min_soc": 0.05, "max_soc": 1.0, "one_way_efficiency": 0.92, "start_soc": 0.5, "n_horizon": 24, "n_control": 12}, "savings": {"old_energy_charge": -412347.74734127, "new_energy_charge": -409855.3046422651, "energy_charge_savings": 2492.442699004896, "old_demand_charge": -253184.4001696548, "new_demand_charge": -211544.17844879426, "demand_charge_savings": 41640.22172086054, "retail_profits": 44132.66441986544, "battery_charge_cost": -23733.88370376915, "battery_discharge_revenues": 26226.32640277408, "battery_retail_profits": 2492.4426990049324, "battery_export_revenue": 0.0, "total_profits": 44132.664419865476, "irr": 0.15739, "npv": 115321.327}}