{"key_params": {"location": "CA_San.Diego-Montgomery.Field.722903_TMY3", "customer_type": "School", "demand_charge": 20, "export_price": 0.0, "export_price_type": "None", "battery_size_kWh": 600, "battery_power_kW": 300.0, "min_soc": 0.05, "max_soc": 1.0, "one_way_efficiency": 0.92, "start_soc": 0.5, "n_horizon": 24, "n_control": 12}, "savings": {"old_energy_charge": -351235.3631410545, "new_energy_charge": -349372.67312493245, "energy_charge_savings": 1862.6900161220692, "old_demand_charge": -204718.5644882361, "new_demand_charge": -176232.328859367, "demand_charge_savings": 28486.235628869093, "retail_profits": 30348.925644991163, "battery_charge_cost": -23015.460222455622, "battery_discharge_revenues": 24878.15023857769, "battery_retail_profits": 1862.6900161220692, "battery_export_revenue": 0.0, "total_profits": 30348.925644991163, "irr": 0.08553, "npv": 28364.766}}