{"key_params": {"location": "CA_Hayward.Air.Terminal.724935_TMY3", "customer_type": "School", "demand_charge": 20, "export_price": 0.0, "export_price_type": "None", "battery_size_kWh": 600, "battery_power_kW": 300.0, "min_soc": 0.05, "max_soc": 1.0, "one_way_efficiency": 0.92, "start_soc": 0.5, "n_horizon": 24, "n_control": 12}, "savings": {"old_energy_charge": -347448.68108169705, "new_energy_charge": -344651.9058540333, "energy_charge_savings": 2796.7752276637475, "old_demand_charge": -214296.05554815618, "new_demand_charge": -179837.7742485911, "demand_charge_savings": 34458.281299565075, "retail_profits": 37255.05652722882, "battery_charge_cost": -22293.46015752678, "battery_discharge_revenues": 25090.235385190506, "battery_retail_profits": 2796.7752276637257, "battery_export_revenue": 0.0, "total_profits": 37255.0565272288, "irr": 0.12247, "npv": 71933.017}}