{"key_params": {"location": "CA_Blythe-Riverside.County", "customer_type": "Market", "demand_charge": 20, "export_price": 0.0, "export_price_type": "None", "battery_size_kWh": 600, "battery_power_kW": 300.0, "min_soc": 0.05, "max_soc": 1.0, "one_way_efficiency": 0.92, "start_soc": 0.5, "n_horizon": 24, "n_control": 12}, "savings": {"old_energy_charge": -401608.169783858, "new_energy_charge": -401033.2661658805, "energy_charge_savings": 574.9036179775139, "old_demand_charge": -157772.09475971138, "new_demand_charge": -137557.9393314364, "demand_charge_savings": 20214.15542827497, "retail_profits": 20789.059046252485, "battery_charge_cost": -23602.785428126048, "battery_discharge_revenues": 24177.689046103627, "battery_retail_profits": 574.9036179775794, "battery_export_revenue": 0.0, "total_profits": 20789.05904625255, "irr": 0.02915, "npv": -32005.574}}