{"key_params": {"location": "CA_Hawthorne-Jack.Northrop.Field.722956_TMY3", "customer_type": "School", "demand_charge": 20, "export_price": 0.0, "export_price_type": "None", "battery_size_kWh": 600, "battery_power_kW": 300.0, "min_soc": 0.05, "max_soc": 1.0, "one_way_efficiency": 0.92, "start_soc": 0.5, "n_horizon": 24, "n_control": 12}, "savings": {"old_energy_charge": -349846.99055915506, "new_energy_charge": -348312.1312320322, "energy_charge_savings": 1534.8593271228601, "old_demand_charge": -202516.14602225577, "new_demand_charge": -173232.8792943391, "demand_charge_savings": 29283.266727916664, "retail_profits": 30818.126055039524, "battery_charge_cost": -23132.09359669768, "battery_discharge_revenues": 24666.95292382052, "battery_retail_profits": 1534.859327122842, "battery_export_revenue": 0.0, "total_profits": 30818.126055039505, "irr": 0.08811, "npv": 31324.78}}