{"key_params": {"location": "CA_Redding.Muni", "customer_type": "Restaurant", "demand_charge": 20, "export_price": 0.0, "export_price_type": "None", "battery_size_kWh": 600, "battery_power_kW": 300.0, "min_soc": 0.05, "max_soc": 1.0, "one_way_efficiency": 0.92, "start_soc": 0.5, "n_horizon": 24, "n_control": 12}, "savings": {"old_energy_charge": -501831.62409122376, "new_energy_charge": -500153.0969135793, "energy_charge_savings": 1678.5271776444279, "old_demand_charge": -189605.93146253974, "new_demand_charge": -158891.32898831257, "demand_charge_savings": 30714.60247422717, "retail_profits": 32393.129651871597, "battery_charge_cost": -26435.001158385126, "battery_discharge_revenues": 28113.52833602955, "battery_retail_profits": 1678.5271776444242, "battery_export_revenue": 0.0, "total_profits": 32393.129651871594, "irr": 0.09671, "npv": 41260.901}}