{"key_params": {"location": "CA_Sacramento.Metro", "customer_type": "Office", "demand_charge": 20, "export_price": 0.0, "export_price_type": "None", "battery_size_kWh": 600, "battery_power_kW": 300.0, "min_soc": 0.05, "max_soc": 1.0, "one_way_efficiency": 0.92, "start_soc": 0.5, "n_horizon": 24, "n_control": 12}, "savings": {"old_energy_charge": -504043.9303722106, "new_energy_charge": -502975.39423924265, "energy_charge_savings": 1068.5361329679727, "old_demand_charge": -256375.9176670038, "new_demand_charge": -228457.95646165378, "demand_charge_savings": 27917.96120535003, "retail_profits": 28986.497338318004, "battery_charge_cost": -23148.63258226951, "battery_discharge_revenues": 24217.168715237545, "battery_retail_profits": 1068.5361329680345, "battery_export_revenue": 0.0, "total_profits": 28986.497338318066, "irr": 0.07794, "npv": 19769.705}}