{"key_params": {"location": "CA_Burbank-Glendale-Passadena.Bob.Hope", "customer_type": "Market", "demand_charge": 20, "export_price": 0.0, "export_price_type": "None", "battery_size_kWh": 600, "battery_power_kW": 300.0, "min_soc": 0.05, "max_soc": 1.0, "one_way_efficiency": 0.92, "start_soc": 0.5, "n_horizon": 24, "n_control": 12}, "savings": {"old_energy_charge": -372073.8117372106, "new_energy_charge": -371637.73409519217, "energy_charge_savings": 436.0776420184411, "old_demand_charge": -147029.67748316555, "new_demand_charge": -126689.58887578979, "demand_charge_savings": 20340.088607375757, "retail_profits": 20776.1662493942, "battery_charge_cost": -23737.171422094936, "battery_discharge_revenues": 24173.24906411336, "battery_retail_profits": 436.0776420184229, "battery_export_revenue": 0.0, "total_profits": 20776.16624939418, "irr": 0.02907, "npv": -32088.296}}