{"key_params": {"location": "CA_Mountain.View-Moffett.Field.NAS.745090_TMY3", "customer_type": "Restaurant", "demand_charge": 20, "export_price": 0.0, "export_price_type": "None", "battery_size_kWh": 600, "battery_power_kW": 300.0, "min_soc": 0.05, "max_soc": 1.0, "one_way_efficiency": 0.92, "start_soc": 0.5, "n_horizon": 24, "n_control": 12}, "savings": {"old_energy_charge": -461478.45277385286, "new_energy_charge": -460488.3384152018, "energy_charge_savings": 990.1143586510443, "old_demand_charge": -166891.36191797923, "new_demand_charge": -136908.31900015243, "demand_charge_savings": 29983.042917826795, "retail_profits": 30973.15727647784, "battery_charge_cost": -27607.27859262412, "battery_discharge_revenues": 28597.392951275157, "battery_retail_profits": 990.114358651037, "battery_export_revenue": 0.0, "total_profits": 30973.157276477832, "irr": 0.08897, "npv": 32302.815}}