{"key_params": {"location": "CA_Long.Beach-Daugherty.Field.722970_TMY3", "customer_type": "Office", "demand_charge": 20, "export_price": 0.0, "export_price_type": "None", "battery_size_kWh": 600, "battery_power_kW": 300.0, "min_soc": 0.05, "max_soc": 1.0, "one_way_efficiency": 0.92, "start_soc": 0.5, "n_horizon": 24, "n_control": 12}, "savings": {"old_energy_charge": -537787.4793405109, "new_energy_charge": -536950.0770858425, "energy_charge_savings": 837.4022546684137, "old_demand_charge": -262276.93191166146, "new_demand_charge": -236144.83794328285, "demand_charge_savings": 26132.093968378613, "retail_profits": 26969.496223047026, "battery_charge_cost": -23106.4693468437, "battery_discharge_revenues": 23943.871601512117, "battery_retail_profits": 837.4022546684173, "battery_export_revenue": 0.0, "total_profits": 26969.49622304703, "irr": 0.06647, "npv": 7045.183}}