{"key_params": {"location": "CA_Beale.AFB.724837_TMY3", "customer_type": "School", "demand_charge": 20, "export_price": 0.0, "export_price_type": "None", "battery_size_kWh": 600, "battery_power_kW": 300.0, "min_soc": 0.05, "max_soc": 1.0, "one_way_efficiency": 0.92, "start_soc": 0.5, "n_horizon": 24, "n_control": 12}, "savings": {"old_energy_charge": -372483.49343931716, "new_energy_charge": -370373.60360987805, "energy_charge_savings": 2109.889829439111, "old_demand_charge": -222358.95856545828, "new_demand_charge": -191703.6178217111, "demand_charge_savings": 30655.34074374719, "retail_profits": 32765.2305731863, "battery_charge_cost": -22672.323197758993, "battery_discharge_revenues": 24782.213027198126, "battery_retail_profits": 2109.889829439133, "battery_export_revenue": 0.0, "total_profits": 32765.230573186323, "irr": 0.09872, "npv": 43608.349}}