{"key_params": {"location": "CA_Mountain.View-Moffett.Field.NAS.745090_TMY3", "customer_type": "Office", "demand_charge": 20, "export_price": 0.0, "export_price_type": "None", "battery_size_kWh": 600, "battery_power_kW": 300.0, "min_soc": 0.05, "max_soc": 1.0, "one_way_efficiency": 0.92, "start_soc": 0.5, "n_horizon": 24, "n_control": 12}, "savings": {"old_energy_charge": -502840.5497832355, "new_energy_charge": -501429.1161207145, "energy_charge_savings": 1411.4336625209544, "old_demand_charge": -257201.02241590884, "new_demand_charge": -229375.71604370777, "demand_charge_savings": 27825.30637220107, "retail_profits": 29236.740034722025, "battery_charge_cost": -23007.570701352823, "battery_discharge_revenues": 24419.004363873806, "battery_retail_profits": 1411.4336625209835, "battery_export_revenue": 0.0, "total_profits": 29236.740034722054, "irr": 0.07934, "npv": 21348.394}}