{"key_params": {"location": "CA_Needles", "customer_type": "Hospital", "demand_charge": 20, "export_price": 0.0, "export_price_type": "None", "battery_size_kWh": 600, "battery_power_kW": 300.0, "min_soc": 0.05, "max_soc": 1.0, "one_way_efficiency": 0.92, "start_soc": 0.5, "n_horizon": 24, "n_control": 12}, "savings": {"old_energy_charge": -245407.5085504948, "new_energy_charge": -245230.47957794767, "energy_charge_savings": 177.02897254712298, "old_demand_charge": -81930.72566802426, "new_demand_charge": -70355.10603094555, "demand_charge_savings": 11575.619637078707, "retail_profits": 11752.64860962583, "battery_charge_cost": -19658.192622733695, "battery_discharge_revenues": 19835.2215952808, "battery_retail_profits": 177.0289725471048, "battery_export_revenue": 0.0, "total_profits": 11752.648609625812, "irr": -0.04607, "npv": -95730.638}}