{"key_params": {"location": "CA_Fairfield-Travis.AFB.745160_TMY3", "customer_type": "Office", "demand_charge": 20, "export_price": 0.0, "export_price_type": "None", "battery_size_kWh": 600, "battery_power_kW": 300.0, "min_soc": 0.05, "max_soc": 1.0, "one_way_efficiency": 0.92, "start_soc": 0.5, "n_horizon": 24, "n_control": 12}, "savings": {"old_energy_charge": -308687.20561858534, "new_energy_charge": -307845.55235166306, "energy_charge_savings": 841.6532669222797, "old_demand_charge": -162946.57291877022, "new_demand_charge": -137982.62590698205, "demand_charge_savings": 24963.947011788172, "retail_profits": 25805.60027871045, "battery_charge_cost": -23094.60467808085, "battery_discharge_revenues": 23936.257945003177, "battery_retail_profits": 841.653266922327, "battery_export_revenue": 0.0, "total_profits": 25805.6002787105, "irr": 0.05972, "npv": -297.41}}