{"key_params": {"location": "CA_Needles", "customer_type": "School", "demand_charge": 20, "export_price": 0.0, "export_price_type": "None", "battery_size_kWh": 600, "battery_power_kW": 300.0, "min_soc": 0.05, "max_soc": 1.0, "one_way_efficiency": 0.92, "start_soc": 0.5, "n_horizon": 24, "n_control": 12}, "savings": {"old_energy_charge": -440087.58384590095, "new_energy_charge": -437171.24121181015, "energy_charge_savings": 2916.3426340908045, "old_demand_charge": -253392.3349230177, "new_demand_charge": -224154.61707925412, "demand_charge_savings": 29237.71784376359, "retail_profits": 32154.060477854393, "battery_charge_cost": -22243.002420242865, "battery_discharge_revenues": 25159.34505433369, "battery_retail_profits": 2916.3426340908263, "battery_export_revenue": 0.0, "total_profits": 32154.060477854415, "irr": 0.09541, "npv": 39752.701}}