{"key_params": {"location": "CA_Hayward.Air.Terminal.724935_TMY3", "customer_type": "Office", "demand_charge": 20, "export_price": 0.0, "export_price_type": "None", "battery_size_kWh": 600, "battery_power_kW": 300.0, "min_soc": 0.05, "max_soc": 1.0, "one_way_efficiency": 0.92, "start_soc": 0.5, "n_horizon": 24, "n_control": 12}, "savings": {"old_energy_charge": -297103.1177649991, "new_energy_charge": -295487.67135762353, "energy_charge_savings": 1615.4464073755662, "old_demand_charge": -157082.2832322575, "new_demand_charge": -132223.05419212257, "demand_charge_savings": 24859.22904013493, "retail_profits": 26474.675447510497, "battery_charge_cost": -22983.567597408753, "battery_discharge_revenues": 24599.014004784276, "battery_retail_profits": 1615.4464073755225, "battery_export_revenue": 0.0, "total_profits": 26474.675447510454, "irr": 0.06362, "npv": 3923.54}}