{"key_params": {"location": "CA_Salinas.Muni", "customer_type": "Restaurant", "demand_charge": 20, "export_price": 0.0, "export_price_type": "None", "battery_size_kWh": 600, "battery_power_kW": 300.0, "min_soc": 0.05, "max_soc": 1.0, "one_way_efficiency": 0.92, "start_soc": 0.5, "n_horizon": 24, "n_control": 12}, "savings": {"old_energy_charge": -432210.791808981, "new_energy_charge": -432904.10047971574, "energy_charge_savings": -693.3086707347538, "old_demand_charge": -154422.9385566392, "new_demand_charge": -123226.67812532307, "demand_charge_savings": 31196.260431316114, "retail_profits": 30502.95176058136, "battery_charge_cost": -31413.752070540384, "battery_discharge_revenues": 30720.443399805605, "battery_retail_profits": -693.3086707347793, "battery_export_revenue": 0.0, "total_profits": 30502.951760581334, "irr": 0.08638, "npv": 29336.46}}