{"key_params": {"location": "CA_Salinas.Muni", "customer_type": "Hotel", "demand_charge": 20, "export_price": 0.0, "export_price_type": "None", "battery_size_kWh": 600, "battery_power_kW": 300.0, "min_soc": 0.05, "max_soc": 1.0, "one_way_efficiency": 0.92, "start_soc": 0.5, "n_horizon": 24, "n_control": 12}, "savings": {"old_energy_charge": -356819.8513729488, "new_energy_charge": -354219.14430800354, "energy_charge_savings": 2600.7070649452507, "old_demand_charge": -131796.3299861492, "new_demand_charge": -95720.7544829555, "demand_charge_savings": 36075.575503193715, "retail_profits": 38676.282568138966, "battery_charge_cost": -29458.911866238224, "battery_discharge_revenues": 32059.618931183413, "battery_retail_profits": 2600.707064945189, "battery_export_revenue": 0.0, "total_profits": 38676.28256813891, "irr": 0.12982, "npv": 80899.012}}