{"key_params": {"location": "CA_Riverside.Muni", "customer_type": "Restaurant", "demand_charge": 20, "export_price": 0.0, "export_price_type": "None", "battery_size_kWh": 600, "battery_power_kW": 300.0, "min_soc": 0.05, "max_soc": 1.0, "one_way_efficiency": 0.92, "start_soc": 0.5, "n_horizon": 24, "n_control": 12}, "savings": {"old_energy_charge": -490098.69529177627, "new_energy_charge": -487815.0589486234, "energy_charge_savings": 2283.6363431528443, "old_demand_charge": -189960.70285236972, "new_demand_charge": -160179.34556108914, "demand_charge_savings": 29781.357291280583, "retail_profits": 32064.993634433427, "battery_charge_cost": -24875.246631656075, "battery_discharge_revenues": 27158.88297480891, "battery_retail_profits": 2283.6363431528334, "battery_export_revenue": 0.0, "total_profits": 32064.993634433416, "irr": 0.09493, "npv": 39190.811}}