{"key_params": {"location": "CA_Camarillo.AWOS.723926_TMY3", "customer_type": "Hospital", "demand_charge": 20, "export_price": 0.0, "export_price_type": "None", "battery_size_kWh": 600, "battery_power_kW": 300.0, "min_soc": 0.05, "max_soc": 1.0, "one_way_efficiency": 0.92, "start_soc": 0.5, "n_horizon": 24, "n_control": 12}, "savings": {"old_energy_charge": -245596.43335547077, "new_energy_charge": -245578.1062533672, "energy_charge_savings": 18.32710210356163, "old_demand_charge": -81127.90140567983, "new_demand_charge": -70272.75783911938, "demand_charge_savings": 10855.143566560451, "retail_profits": 10873.470668664013, "battery_charge_cost": -19536.461000456016, "battery_discharge_revenues": 19554.788102559614, "battery_retail_profits": 18.32710210359801, "battery_export_revenue": 0.0, "total_profits": 10873.47066866405, "irr": -0.05607, "npv": -102751.412}}