{"key_params": {"location": "CA_Hawthorne-Jack.Northrop.Field.722956_TMY3", "customer_type": "Hospital", "demand_charge": 20, "export_price": 0.0, "export_price_type": "None", "battery_size_kWh": 600, "battery_power_kW": 300.0, "min_soc": 0.05, "max_soc": 1.0, "one_way_efficiency": 0.92, "start_soc": 0.5, "n_horizon": 24, "n_control": 12}, "savings": {"old_energy_charge": -244725.13775108845, "new_energy_charge": -244751.42576403206, "energy_charge_savings": -26.28801294360892, "old_demand_charge": -80212.63516651426, "new_demand_charge": -69557.07947492856, "demand_charge_savings": 10655.555691585701, "retail_profits": 10629.267678642093, "battery_charge_cost": -19229.049812687597, "battery_discharge_revenues": 19202.76179974397, "battery_retail_profits": -26.28801294362711, "battery_export_revenue": 0.0, "total_profits": 10629.267678642074, "irr": -0.05894, "npv": -104701.523}}