{"key_params": {"location": "CA_Hayward.Air.Terminal.724935_TMY3", "customer_type": "School", "demand_charge": 20, "export_price": 0.0, "export_price_type": "None", "battery_size_kWh": 600, "battery_power_kW": 300.0, "min_soc": 0.05, "max_soc": 1.0, "one_way_efficiency": 0.92, "start_soc": 0.5, "n_horizon": 24, "n_control": 12}, "savings": {"old_energy_charge": -564600.9113994373, "new_energy_charge": -561046.3047774098, "energy_charge_savings": 3554.6066220275825, "old_demand_charge": -380315.37899436546, "new_demand_charge": -344651.1401152599, "demand_charge_savings": 35664.23887910554, "retail_profits": 39218.845501133124, "battery_charge_cost": -22050.724411260453, "battery_discharge_revenues": 25605.331033287985, "battery_retail_profits": 3554.6066220275316, "battery_export_revenue": 0.0, "total_profits": 39218.84550113307, "irr": 0.1326, "npv": 84321.843}}