{"key_params": {"location": "CA_Point.Mugu.NAS.723910_TMY3", "customer_type": "Restaurant", "demand_charge": 20, "export_price": 0.0, "export_price_type": "None", "battery_size_kWh": 600, "battery_power_kW": 300.0, "min_soc": 0.05, "max_soc": 1.0, "one_way_efficiency": 0.92, "start_soc": 0.5, "n_horizon": 24, "n_control": 12}, "savings": {"old_energy_charge": -454584.6732611155, "new_energy_charge": -455085.16397864977, "energy_charge_savings": -500.4907175342669, "old_demand_charge": -157519.39471931348, "new_demand_charge": -128005.51968431356, "demand_charge_savings": 29513.875034999917, "retail_profits": 29013.38431746565, "battery_charge_cost": -29949.75867422617, "battery_discharge_revenues": 29449.26795669186, "battery_retail_profits": -500.49071753431053, "battery_export_revenue": 0.0, "total_profits": 29013.384317465607, "irr": 0.07809, "npv": 19939.325}}