{"key_params": {"location": "CA_Needles", "customer_type": "Office", "demand_charge": 20, "export_price": 0.0, "export_price_type": "None", "battery_size_kWh": 600, "battery_power_kW": 300.0, "min_soc": 0.05, "max_soc": 1.0, "one_way_efficiency": 0.92, "start_soc": 0.5, "n_horizon": 24, "n_control": 12}, "savings": {"old_energy_charge": -345907.626079743, "new_energy_charge": -344225.93488255725, "energy_charge_savings": 1681.691197185719, "old_demand_charge": -174882.1562258638, "new_demand_charge": -149576.0779899685, "demand_charge_savings": 25306.078235895286, "retail_profits": 26987.769433081005, "battery_charge_cost": -22972.952342683777, "battery_discharge_revenues": 24654.64353986951, "battery_retail_profits": 1681.6911971857335, "battery_export_revenue": 0.0, "total_profits": 26987.76943308102, "irr": 0.06658, "npv": 7160.462}}