{"key_params": {"location": "CA_Point.Mugu.NAS.723910_TMY3", "customer_type": "Office", "demand_charge": 20, "export_price": 0.0, "export_price_type": "None", "battery_size_kWh": 600, "battery_power_kW": 300.0, "min_soc": 0.05, "max_soc": 1.0, "one_way_efficiency": 0.92, "start_soc": 0.5, "n_horizon": 24, "n_control": 12}, "savings": {"old_energy_charge": -395592.45078815514, "new_energy_charge": -393753.21864349575, "energy_charge_savings": 1839.232144659385, "old_demand_charge": -214151.02026572084, "new_demand_charge": -180141.3152060302, "demand_charge_savings": 34009.705059690634, "retail_profits": 35848.93720435002, "battery_charge_cost": -23303.87855887091, "battery_discharge_revenues": 25143.110703530314, "battery_retail_profits": 1839.2321446594033, "battery_export_revenue": 0.0, "total_profits": 35848.93720435003, "irr": 0.11513, "npv": 63062.325}}