{"key_params": {"location": "CA_Porterville.AWOS.723895_TMY3", "customer_type": "Restaurant", "demand_charge": 20, "export_price": 0.0, "export_price_type": "None", "battery_size_kWh": 600, "battery_power_kW": 300.0, "min_soc": 0.05, "max_soc": 1.0, "one_way_efficiency": 0.92, "start_soc": 0.5, "n_horizon": 24, "n_control": 12}, "savings": {"old_energy_charge": -497022.61582076567, "new_energy_charge": -495080.79119474493, "energy_charge_savings": 1941.824626020738, "old_demand_charge": -185111.63642973578, "new_demand_charge": -155171.64244836074, "demand_charge_savings": 29939.99398137504, "retail_profits": 31881.818607395777, "battery_charge_cost": -25956.87675394655, "battery_discharge_revenues": 27898.701379967304, "battery_retail_profits": 1941.8246260207525, "battery_export_revenue": 0.0, "total_profits": 31881.81860739579, "irr": 0.09393, "npv": 38035.226}}