{"key_params": {"location": "CA_Monterey.NAF.724915_TMY3", "customer_type": "Restaurant", "demand_charge": 20, "export_price": 0.0, "export_price_type": "None", "battery_size_kWh": 600, "battery_power_kW": 300.0, "min_soc": 0.05, "max_soc": 1.0, "one_way_efficiency": 0.92, "start_soc": 0.5, "n_horizon": 24, "n_control": 12}, "savings": {"old_energy_charge": -451896.5005193213, "new_energy_charge": -451906.61925724417, "energy_charge_savings": -10.118737922864966, "old_demand_charge": -158986.14169559412, "new_demand_charge": -129842.99805829031, "demand_charge_savings": 29143.143637303816, "retail_profits": 29133.02489938095, "battery_charge_cost": -29199.659891625604, "battery_discharge_revenues": 29189.541153702692, "battery_retail_profits": -10.11873792291226, "battery_export_revenue": 0.0, "total_profits": 29133.024899380904, "irr": 0.07876, "npv": 20694.093}}