{"key_params": {"location": "CA_Santa.Ana-John.Wayne", "customer_type": "Hotel", "demand_charge": 20, "export_price": 0.0, "export_price_type": "None", "battery_size_kWh": 600, "battery_power_kW": 300.0, "min_soc": 0.05, "max_soc": 1.0, "one_way_efficiency": 0.92, "start_soc": 0.5, "n_horizon": 24, "n_control": 12}, "savings": {"old_energy_charge": -368108.8683981792, "new_energy_charge": -364686.9917284559, "energy_charge_savings": 3421.8766697233077, "old_demand_charge": -142387.77708300995, "new_demand_charge": -104306.51132034993, "demand_charge_savings": 38081.26576266001, "retail_profits": 41503.14243238332, "battery_charge_cost": -27855.522549609894, "battery_discharge_revenues": 31277.39921933323, "battery_retail_profits": 3421.876669723337, "battery_export_revenue": 0.0, "total_profits": 41503.14243238335, "irr": 0.14422, "npv": 98732.635}}