{"key_params": {"location": "CA_Sacramento.Metro", "customer_type": "School", "demand_charge": 20, "export_price": 0.0, "export_price_type": "None", "battery_size_kWh": 600, "battery_power_kW": 300.0, "min_soc": 0.05, "max_soc": 1.0, "one_way_efficiency": 0.92, "start_soc": 0.5, "n_horizon": 24, "n_control": 12}, "savings": {"old_energy_charge": -596423.0342002055, "new_energy_charge": -593324.0275508343, "energy_charge_savings": 3099.00664937112, "old_demand_charge": -383555.31074582296, "new_demand_charge": -341189.179461206, "demand_charge_savings": 42366.131284616946, "retail_profits": 45465.137933988066, "battery_charge_cost": -22161.524882903177, "battery_discharge_revenues": 25260.531532274294, "battery_retail_profits": 3099.0066493711165, "battery_export_revenue": 0.0, "total_profits": 45465.137933988066, "irr": 0.16399, "npv": 123727.414}}