{"key_params": {"location": "CA_Camp.Pendleton.MCAS.722926_TMY3", "customer_type": "Apartment", "demand_charge": 20, "export_price": 0.0, "export_price_type": "None", "battery_size_kWh": 600, "battery_power_kW": 300.0, "min_soc": 0.05, "max_soc": 1.0, "one_way_efficiency": 0.92, "start_soc": 0.5, "n_horizon": 24, "n_control": 12}, "savings": {"old_energy_charge": -343492.19063783635, "new_energy_charge": -338059.48677630094, "energy_charge_savings": 5432.70386153541, "old_demand_charge": -146281.30844817078, "new_demand_charge": -112542.81680439382, "demand_charge_savings": 33738.49164377696, "retail_profits": 39171.19550531237, "battery_charge_cost": -21466.225150636023, "battery_discharge_revenues": 26898.929012171335, "battery_retail_profits": 5432.703861535312, "battery_export_revenue": 0.0, "total_profits": 39171.195505312266, "irr": 0.13236, "npv": 84021.236}}