{"key_params": {"location": "CA_Santa.Barbara.Muni", "customer_type": "School", "demand_charge": 20, "export_price": 0.0, "export_price_type": "None", "battery_size_kWh": 600, "battery_power_kW": 300.0, "min_soc": 0.05, "max_soc": 1.0, "one_way_efficiency": 0.92, "start_soc": 0.5, "n_horizon": 24, "n_control": 12}, "savings": {"old_energy_charge": -591721.4932860973, "new_energy_charge": -588755.415447515, "energy_charge_savings": 2966.077838582336, "old_demand_charge": -379276.6639820306, "new_demand_charge": -350469.91783359076, "demand_charge_savings": 28806.746148439823, "retail_profits": 31772.82398702216, "battery_charge_cost": -22113.301987733594, "battery_discharge_revenues": 25079.37982631599, "battery_retail_profits": 2966.077838582398, "battery_export_revenue": 0.0, "total_profits": 31772.82398702222, "irr": 0.09334, "npv": 37347.619}}