{"key_params": {"location": "CA_Mountain.View-Moffett.Field.NAS.745090_TMY3", "customer_type": "School", "demand_charge": 20, "export_price": 0.0, "export_price_type": "None", "battery_size_kWh": 600, "battery_power_kW": 300.0, "min_soc": 0.05, "max_soc": 1.0, "one_way_efficiency": 0.92, "start_soc": 0.5, "n_horizon": 24, "n_control": 12}, "savings": {"old_energy_charge": -572443.8270069311, "new_energy_charge": -568869.4830510464, "energy_charge_savings": 3574.3439558846876, "old_demand_charge": -384293.9480946814, "new_demand_charge": -349552.0641910285, "demand_charge_savings": 34741.883903652895, "retail_profits": 38316.22785953758, "battery_charge_cost": -21990.54248544725, "battery_discharge_revenues": 25564.886441332128, "battery_retail_profits": 3574.343955884877, "battery_export_revenue": 0.0, "total_profits": 38316.22785953777, "irr": 0.12796, "npv": 78627.558}}