{"key_params": {"location": "CA_Napa.County", "customer_type": "Restaurant", "demand_charge": 20, "export_price": 0.0, "export_price_type": "None", "battery_size_kWh": 600, "battery_power_kW": 300.0, "min_soc": 0.05, "max_soc": 1.0, "one_way_efficiency": 0.92, "start_soc": 0.5, "n_horizon": 24, "n_control": 12}, "savings": {"old_energy_charge": -460398.22507920244, "new_energy_charge": -459464.46304171236, "energy_charge_savings": 933.7620374900871, "old_demand_charge": -168227.67629018356, "new_demand_charge": -138208.33853768161, "demand_charge_savings": 30019.337752501946, "retail_profits": 30953.099789992033, "battery_charge_cost": -27590.38343604353, "battery_discharge_revenues": 28524.14547353364, "battery_retail_profits": 933.7620374901126, "battery_export_revenue": 0.0, "total_profits": 30953.09978999206, "irr": 0.08886, "npv": 32176.279}}