{"key_params": {"location": "CA_Santa.Maria.Public", "customer_type": "Office", "demand_charge": 20, "export_price": 0.0, "export_price_type": "None", "battery_size_kWh": 600, "battery_power_kW": 300.0, "min_soc": 0.05, "max_soc": 1.0, "one_way_efficiency": 0.92, "start_soc": 0.5, "n_horizon": 24, "n_control": 12}, "savings": {"old_energy_charge": -293047.596398109, "new_energy_charge": -292307.1125879928, "energy_charge_savings": 740.4838101161877, "old_demand_charge": -148038.60307758505, "new_demand_charge": -126197.35797273103, "demand_charge_savings": 21841.245104854024, "retail_profits": 22581.728914970212, "battery_charge_cost": -23114.892632219122, "battery_discharge_revenues": 23855.376442335313, "battery_retail_profits": 740.4838101161913, "battery_export_revenue": 0.0, "total_profits": 22581.728914970216, "irr": 0.04042, "npv": -20635.634}}