{"key_params": {"location": "CA_Burbank-Glendale-Passadena.Bob.Hope", "customer_type": "Hotel", "demand_charge": 20, "export_price": 0.0, "export_price_type": "None", "battery_size_kWh": 600, "battery_power_kW": 300.0, "min_soc": 0.05, "max_soc": 1.0, "one_way_efficiency": 0.92, "start_soc": 0.5, "n_horizon": 24, "n_control": 12}, "savings": {"old_energy_charge": -373051.5855620148, "new_energy_charge": -369185.50171029725, "energy_charge_savings": 3866.083851717529, "old_demand_charge": -149810.90850242233, "new_demand_charge": -113638.37209686087, "demand_charge_savings": 36172.53640556146, "retail_profits": 40038.62025727899, "battery_charge_cost": -26019.255081647927, "battery_discharge_revenues": 29885.33893336546, "battery_retail_profits": 3866.0838517175325, "battery_export_revenue": 0.0, "total_profits": 40038.62025727899, "irr": 0.13679, "npv": 89493.501}}