{"key_params": {"location": "CA_Napa.County", "customer_type": "Restaurant", "demand_charge": 20, "export_price": 0.0, "export_price_type": "None", "battery_size_kWh": 600, "battery_power_kW": 300.0, "min_soc": 0.05, "max_soc": 1.0, "one_way_efficiency": 0.92, "start_soc": 0.5, "n_horizon": 24, "n_control": 12}, "savings": {"old_energy_charge": -436333.36040642724, "new_energy_charge": -436632.63274878135, "energy_charge_savings": -299.2723423541174, "old_demand_charge": -153555.17468579815, "new_demand_charge": -126745.83045239343, "demand_charge_savings": 26809.344233404714, "retail_profits": 26510.071891050597, "battery_charge_cost": -30679.928242868482, "battery_discharge_revenues": 30380.65590051443, "battery_retail_profits": -299.27234235405194, "battery_export_revenue": 0.0, "total_profits": 26510.071891050662, "irr": 0.06382, "npv": 4146.843}}