{"key_params": {"location": "CA_Livermore.Muni", "customer_type": "Office", "demand_charge": 20, "export_price": 0.0, "export_price_type": "None", "battery_size_kWh": 600, "battery_power_kW": 300.0, "min_soc": 0.05, "max_soc": 1.0, "one_way_efficiency": 0.92, "start_soc": 0.5, "n_horizon": 24, "n_control": 12}, "savings": {"old_energy_charge": -415365.5568339689, "new_energy_charge": -412138.01766990975, "energy_charge_savings": 3227.539164059155, "old_demand_charge": -256170.05449166085, "new_demand_charge": -208465.97406470522, "demand_charge_savings": 47704.080426955625, "retail_profits": 50931.61959101478, "battery_charge_cost": -23522.530144688, "battery_discharge_revenues": 26750.069308747174, "battery_retail_profits": 3227.5391640591733, "battery_export_revenue": 0.0, "total_profits": 50931.619591014794, "irr": 0.19064, "npv": 158213.445}}