{"key_params": {"location": "CA_Burbank-Glendale-Passadena.Bob.Hope", "customer_type": "School", "demand_charge": 20, "export_price": 0.0, "export_price_type": "None", "battery_size_kWh": 600, "battery_power_kW": 300.0, "min_soc": 0.05, "max_soc": 1.0, "one_way_efficiency": 0.92, "start_soc": 0.5, "n_horizon": 24, "n_control": 12}, "savings": {"old_energy_charge": -624962.913851878, "new_energy_charge": -621539.3955983053, "energy_charge_savings": 3423.518253572751, "old_demand_charge": -394609.3948539841, "new_demand_charge": -365007.184677074, "demand_charge_savings": 29602.2101769101, "retail_profits": 33025.72843048285, "battery_charge_cost": -22082.82311983074, "battery_discharge_revenues": 25506.341373403397, "battery_retail_profits": 3423.5182535726562, "battery_export_revenue": 0.0, "total_profits": 33025.728430482755, "irr": 0.10012, "npv": 45251.735}}