{"key_params": {"location": "CA_Visalia.Muni.AWOS.723896_TMY3", "customer_type": "Restaurant", "demand_charge": 20, "export_price": 0.0, "export_price_type": "None", "battery_size_kWh": 600, "battery_power_kW": 300.0, "min_soc": 0.05, "max_soc": 1.0, "one_way_efficiency": 0.92, "start_soc": 0.5, "n_horizon": 24, "n_control": 12}, "savings": {"old_energy_charge": -457895.34493727103, "new_energy_charge": -457275.3300973119, "energy_charge_savings": 620.0148399591562, "old_demand_charge": -164370.27327060874, "new_demand_charge": -137585.37781366814, "demand_charge_savings": 26784.895456940605, "retail_profits": 27404.91029689976, "battery_charge_cost": -28628.743553172386, "battery_discharge_revenues": 29248.75839313159, "battery_retail_profits": 620.0148399592035, "battery_export_revenue": 0.0, "total_profits": 27404.91029689981, "irr": 0.06897, "npv": 9792.051}}