{"key_params": {"location": "CA_Monterey.NAF.724915_TMY3", "customer_type": "Hotel", "demand_charge": 20, "export_price": 0.0, "export_price_type": "None", "battery_size_kWh": 600, "battery_power_kW": 300.0, "min_soc": 0.05, "max_soc": 1.0, "one_way_efficiency": 0.92, "start_soc": 0.5, "n_horizon": 24, "n_control": 12}, "savings": {"old_energy_charge": -355431.8448893754, "new_energy_charge": -352949.51280552347, "energy_charge_savings": 2482.332083851914, "old_demand_charge": -130513.21323089303, "new_demand_charge": -94931.58007135951, "demand_charge_savings": 35581.63315953352, "retail_profits": 38063.965243385435, "battery_charge_cost": -29787.655467542216, "battery_discharge_revenues": 32269.987551394184, "battery_retail_profits": 2482.3320838519685, "battery_export_revenue": 0.0, "total_profits": 38063.96524338549, "irr": 0.12666, "npv": 77036.126}}