{"key_params": {"location": "CA_Livermore.Muni", "customer_type": "Office", "demand_charge": 20, "export_price": 0.0, "export_price_type": "None", "battery_size_kWh": 600, "battery_power_kW": 300.0, "min_soc": 0.05, "max_soc": 1.0, "one_way_efficiency": 0.92, "start_soc": 0.5, "n_horizon": 24, "n_control": 12}, "savings": {"old_energy_charge": -494629.73324002814, "new_energy_charge": -493057.15226095606, "energy_charge_savings": 1572.5809790720814, "old_demand_charge": -255252.52864064497, "new_demand_charge": -226582.91487591824, "demand_charge_savings": 28669.61376472673, "retail_profits": 30242.194743798813, "battery_charge_cost": -22868.16654110232, "battery_discharge_revenues": 24440.747520174427, "battery_retail_profits": 1572.5809790721069, "battery_export_revenue": 0.0, "total_profits": 30242.19474379884, "irr": 0.08494, "npv": 27691.44}}