{"key_params": {"location": "CA_Fresno.Air.Terminal.723890_TMY3", "customer_type": "Office", "demand_charge": 20, "export_price": 0.0, "export_price_type": "None", "battery_size_kWh": 600, "battery_power_kW": 300.0, "min_soc": 0.05, "max_soc": 1.0, "one_way_efficiency": 0.92, "start_soc": 0.5, "n_horizon": 24, "n_control": 12}, "savings": {"old_energy_charge": -417494.4685071873, "new_energy_charge": -414813.09891499014, "energy_charge_savings": 2681.369592197181, "old_demand_charge": -253342.71021300115, "new_demand_charge": -211627.39412430453, "demand_charge_savings": 41715.31608869662, "retail_profits": 44396.6856808938, "battery_charge_cost": -23240.695051433246, "battery_discharge_revenues": 25922.06464363047, "battery_retail_profits": 2681.369592197225, "battery_export_revenue": 0.0, "total_profits": 44396.68568089385, "irr": 0.1587, "npv": 116986.94}}