{"key_params": {"location": "CA_Lemoore.NAS.747020_TMY3", "customer_type": "Office", "demand_charge": 20, "export_price": 0.0, "export_price_type": "None", "battery_size_kWh": 600, "battery_power_kW": 300.0, "min_soc": 0.05, "max_soc": 1.0, "one_way_efficiency": 0.92, "start_soc": 0.5, "n_horizon": 24, "n_control": 12}, "savings": {"old_energy_charge": -415488.31205600547, "new_energy_charge": -412845.5348473679, "energy_charge_savings": 2642.7772086375626, "old_demand_charge": -257244.6148931091, "new_demand_charge": -213436.44397081935, "demand_charge_savings": 43808.17092228975, "retail_profits": 46450.94813092731, "battery_charge_cost": -23360.17031380257, "battery_discharge_revenues": 26002.947522440096, "battery_retail_profits": 2642.777208637526, "battery_export_revenue": 0.0, "total_profits": 46450.948130927274, "irr": 0.16884, "npv": 129946.53}}