{"key_params": {"location": "CA_Bishop", "customer_type": "School", "demand_charge": 20, "export_price": 0.0, "export_price_type": "None", "battery_size_kWh": 600, "battery_power_kW": 300.0, "min_soc": 0.05, "max_soc": 1.0, "one_way_efficiency": 0.92, "start_soc": 0.5, "n_horizon": 24, "n_control": 12}, "savings": {"old_energy_charge": -374020.2993477505, "new_energy_charge": -371846.77220182284, "energy_charge_savings": 2173.5271459276555, "old_demand_charge": -222241.7078602432, "new_demand_charge": -191519.38890534034, "demand_charge_savings": 30722.318954902847, "retail_profits": 32895.8461008305, "battery_charge_cost": -22355.65641860793, "battery_discharge_revenues": 24529.183564535575, "battery_retail_profits": 2173.5271459276446, "battery_export_revenue": 0.0, "total_profits": 32895.84610083049, "irr": 0.09942, "npv": 44432.355}}