{"key_params": {"location": "CA_Bakersfield-Meadows.Field.723840_TMY3", "customer_type": "Hotel", "demand_charge": 20, "export_price": 0.0, "export_price_type": "None", "battery_size_kWh": 600, "battery_power_kW": 300.0, "min_soc": 0.05, "max_soc": 1.0, "one_way_efficiency": 0.92, "start_soc": 0.5, "n_horizon": 24, "n_control": 12}, "savings": {"old_energy_charge": -377598.80452456477, "new_energy_charge": -373373.31957298843, "energy_charge_savings": 4225.484951576334, "old_demand_charge": -151362.88409263437, "new_demand_charge": -115311.11781107931, "demand_charge_savings": 36051.76628155506, "retail_profits": 40277.25123313139, "battery_charge_cost": -25009.66919298063, "battery_discharge_revenues": 29235.154144556946, "battery_retail_profits": 4225.484951576316, "battery_export_revenue": 0.0, "total_profits": 40277.25123313138, "irr": 0.13801, "npv": 90998.937}}