{"key_params": {"location": "CA_Lompoc.AWOS.722895_TMY3", "customer_type": "Office", "demand_charge": 20, "export_price": 0.0, "export_price_type": "None", "battery_size_kWh": 600, "battery_power_kW": 300.0, "min_soc": 0.05, "max_soc": 1.0, "one_way_efficiency": 0.92, "start_soc": 0.5, "n_horizon": 24, "n_control": 12}, "savings": {"old_energy_charge": -395750.6521597816, "new_energy_charge": -393374.4871546691, "energy_charge_savings": 2376.1650051124743, "old_demand_charge": -227305.17007198246, "new_demand_charge": -185263.43993360864, "demand_charge_savings": 42041.73013837382, "retail_profits": 44417.8951434863, "battery_charge_cost": -23878.77583499672, "battery_discharge_revenues": 26254.9408401092, "battery_retail_profits": 2376.1650051124816, "battery_export_revenue": 0.0, "total_profits": 44417.895143486305, "irr": 0.1588, "npv": 117120.743}}