{"key_params": {"location": "CA_Hayward.Air.Terminal.724935_TMY3", "customer_type": "Hotel", "demand_charge": 20, "export_price": 0.0, "export_price_type": "None", "battery_size_kWh": 600, "battery_power_kW": 300.0, "min_soc": 0.05, "max_soc": 1.0, "one_way_efficiency": 0.92, "start_soc": 0.5, "n_horizon": 24, "n_control": 12}, "savings": {"old_energy_charge": -346258.39827309153, "new_energy_charge": -343896.7157468429, "energy_charge_savings": 2361.6825262486236, "old_demand_charge": -127527.68214605072, "new_demand_charge": -92016.81606510043, "demand_charge_savings": 35510.86608095029, "retail_profits": 37872.548607198914, "battery_charge_cost": -29920.581873131076, "battery_discharge_revenues": 32282.2643993798, "battery_retail_profits": 2361.6825262487255, "battery_export_revenue": 0.0, "total_profits": 37872.548607199016, "irr": 0.12567, "npv": 75828.548}}