{"key_params": {"location": "CA_Red.Bluff.Muni", "customer_type": "Restaurant", "demand_charge": 20, "export_price": 0.0, "export_price_type": "None", "battery_size_kWh": 600, "battery_power_kW": 300.0, "min_soc": 0.05, "max_soc": 1.0, "one_way_efficiency": 0.92, "start_soc": 0.5, "n_horizon": 24, "n_control": 12}, "savings": {"old_energy_charge": -461961.98326655186, "new_energy_charge": -461764.2556023363, "energy_charge_savings": 197.72766421554843, "old_demand_charge": -165421.93619904947, "new_demand_charge": -138752.73823570285, "demand_charge_savings": 26669.19796334661, "retail_profits": 26866.92562756216, "battery_charge_cost": -29122.48810680261, "battery_discharge_revenues": 29320.2157710182, "battery_retail_profits": 197.72766421558845, "battery_export_revenue": 0.0, "total_profits": 26866.9256275622, "irr": 0.06588, "npv": 6398.103}}