{"key_params": {"location": "CA_Visalia.Muni.AWOS.723896_TMY3", "customer_type": "Hotel", "demand_charge": 20, "export_price": 0.0, "export_price_type": "None", "battery_size_kWh": 600, "battery_power_kW": 300.0, "min_soc": 0.05, "max_soc": 1.0, "one_way_efficiency": 0.92, "start_soc": 0.5, "n_horizon": 24, "n_control": 12}, "savings": {"old_energy_charge": -342056.9424102729, "new_energy_charge": -339723.1005261714, "energy_charge_savings": 2333.841884101508, "old_demand_charge": -127087.33000612244, "new_demand_charge": -91381.86915304628, "demand_charge_savings": 35705.46085307616, "retail_profits": 38039.30273717767, "battery_charge_cost": -29293.791547433153, "battery_discharge_revenues": 31627.63343153463, "battery_retail_profits": 2333.8418841014754, "battery_export_revenue": 0.0, "total_profits": 38039.30273717764, "irr": 0.12654, "npv": 76880.539}}