{"key_params": {"location": "CA_Ukiah.Muni", "customer_type": "Market", "demand_charge": 20, "export_price": 0.0, "export_price_type": "None", "battery_size_kWh": 600, "battery_power_kW": 300.0, "min_soc": 0.05, "max_soc": 1.0, "one_way_efficiency": 0.92, "start_soc": 0.5, "n_horizon": 24, "n_control": 12}, "savings": {"old_energy_charge": -391383.9172707338, "new_energy_charge": -390606.9230120693, "energy_charge_savings": 776.9942586644902, "old_demand_charge": -159372.62979258178, "new_demand_charge": -137893.0331490059, "demand_charge_savings": 21479.596643575875, "retail_profits": 22256.590902240365, "battery_charge_cost": -23721.174456551536, "battery_discharge_revenues": 24498.16871521598, "battery_retail_profits": 776.9942586644429, "battery_export_revenue": 0.0, "total_profits": 22256.590902240318, "irr": 0.03842, "npv": -22686.811}}