{"key_params": {"location": "CA_Montague-Siskiyou.County", "customer_type": "Hotel", "demand_charge": 20, "export_price": 0.0, "export_price_type": "None", "battery_size_kWh": 600, "battery_power_kW": 300.0, "min_soc": 0.05, "max_soc": 1.0, "one_way_efficiency": 0.92, "start_soc": 0.5, "n_horizon": 24, "n_control": 12}, "savings": {"old_energy_charge": -369844.6167129071, "new_energy_charge": -365744.73868025996, "energy_charge_savings": 4099.8780326471315, "old_demand_charge": -148469.24216477902, "new_demand_charge": -110738.38747792787, "demand_charge_savings": 37730.85468685115, "retail_profits": 41830.73271949828, "battery_charge_cost": -26498.8063747207, "battery_discharge_revenues": 30598.684407367793, "battery_retail_profits": 4099.8780326470915, "battery_export_revenue": 0.0, "total_profits": 41830.732719498235, "irr": 0.14587, "npv": 100799.283}}