{"key_params": {"location": "CA_Redding.Muni", "customer_type": "Office", "demand_charge": 20, "export_price": 0.0, "export_price_type": "None", "battery_size_kWh": 600, "battery_power_kW": 300.0, "min_soc": 0.05, "max_soc": 1.0, "one_way_efficiency": 0.92, "start_soc": 0.5, "n_horizon": 24, "n_control": 12}, "savings": {"old_energy_charge": -504929.7972836505, "new_energy_charge": -503586.71846928797, "energy_charge_savings": 1343.078814362525, "old_demand_charge": -254506.35173879063, "new_demand_charge": -226295.46193685298, "demand_charge_savings": 28210.88980193765, "retail_profits": 29553.968616300175, "battery_charge_cost": -22921.30758896508, "battery_discharge_revenues": 24264.386403327622, "battery_retail_profits": 1343.0788143625432, "battery_export_revenue": 0.0, "total_profits": 29553.968616300193, "irr": 0.08111, "npv": 23349.673}}