{"key_params": {"location": "CA_Napa.County", "customer_type": "Office", "demand_charge": 20, "export_price": 0.0, "export_price_type": "None", "battery_size_kWh": 600, "battery_power_kW": 300.0, "min_soc": 0.05, "max_soc": 1.0, "one_way_efficiency": 0.92, "start_soc": 0.5, "n_horizon": 24, "n_control": 12}, "savings": {"old_energy_charge": -295716.06032640877, "new_energy_charge": -294761.90173726383, "energy_charge_savings": 954.1585891449358, "old_demand_charge": -152826.5195140188, "new_demand_charge": -127070.23909987681, "demand_charge_savings": 25756.280414141977, "retail_profits": 26710.439003286912, "battery_charge_cost": -23114.254471724445, "battery_discharge_revenues": 24068.413060869363, "battery_retail_profits": 954.1585891449176, "battery_export_revenue": 0.0, "total_profits": 26710.439003286894, "irr": 0.06498, "npv": 5410.886}}