{"key_params": {"location": "CA_Oakland.Intl", "customer_type": "Hospital", "demand_charge": 20, "export_price": 0.0, "export_price_type": "None", "battery_size_kWh": 600, "battery_power_kW": 300.0, "min_soc": 0.05, "max_soc": 1.0, "one_way_efficiency": 0.92, "start_soc": 0.5, "n_horizon": 24, "n_control": 12}, "savings": {"old_energy_charge": -246682.93883843426, "new_energy_charge": -246764.03369428832, "energy_charge_savings": -81.09485585405491, "old_demand_charge": -80836.12871856146, "new_demand_charge": -70126.73642519796, "demand_charge_savings": 10709.392293363504, "retail_profits": 10628.297437509449, "battery_charge_cost": -19539.710909603335, "battery_discharge_revenues": 19458.616053749265, "battery_retail_profits": -81.09485585406946, "battery_export_revenue": 0.0, "total_profits": 10628.297437509435, "irr": -0.05895, "npv": -104709.271}}