{"key_params": {"location": "CA_Yuba.County", "customer_type": "Restaurant", "demand_charge": 20, "export_price": 0.0, "export_price_type": "None", "battery_size_kWh": 600, "battery_power_kW": 300.0, "min_soc": 0.05, "max_soc": 1.0, "one_way_efficiency": 0.92, "start_soc": 0.5, "n_horizon": 24, "n_control": 12}, "savings": {"old_energy_charge": -456552.47254610184, "new_energy_charge": -455606.689360603, "energy_charge_savings": 945.7831854988472, "old_demand_charge": -167084.18635939545, "new_demand_charge": -139646.27124192123, "demand_charge_savings": 27437.915117474215, "retail_profits": 28383.69830297306, "battery_charge_cost": -28274.212832026595, "battery_discharge_revenues": 29219.996017525475, "battery_retail_profits": 945.7831854988799, "battery_export_revenue": 0.0, "total_profits": 28383.698302973095, "irr": 0.07454, "npv": 15966.866}}