{"key_params": {"location": "CA_Palmdale", "customer_type": "Hotel", "demand_charge": 20, "export_price": 0.0, "export_price_type": "None", "battery_size_kWh": 600, "battery_power_kW": 300.0, "min_soc": 0.05, "max_soc": 1.0, "one_way_efficiency": 0.92, "start_soc": 0.5, "n_horizon": 24, "n_control": 12}, "savings": {"old_energy_charge": -377369.1656518091, "new_energy_charge": -373529.6182038843, "energy_charge_savings": 3839.5474479247932, "old_demand_charge": -150500.43052726422, "new_demand_charge": -114056.86171673404, "demand_charge_savings": 36443.56881053018, "retail_profits": 40283.116258454975, "battery_charge_cost": -25957.022060759413, "battery_discharge_revenues": 29796.569508684282, "battery_retail_profits": 3839.5474479248696, "battery_export_revenue": 0.0, "total_profits": 40283.11625845505, "irr": 0.13803, "npv": 91035.937}}