{"key_params": {"location": "CA_Riverside.Muni", "customer_type": "Office", "demand_charge": 20, "export_price": 0.0, "export_price_type": "None", "battery_size_kWh": 600, "battery_power_kW": 300.0, "min_soc": 0.05, "max_soc": 1.0, "one_way_efficiency": 0.92, "start_soc": 0.5, "n_horizon": 24, "n_control": 12}, "savings": {"old_energy_charge": -316573.01814326324, "new_energy_charge": -315141.8477741141, "energy_charge_savings": 1431.1703691491275, "old_demand_charge": -169594.38971470285, "new_demand_charge": -144249.31252394948, "demand_charge_savings": 25345.077190753364, "retail_profits": 26776.24755990249, "battery_charge_cost": -23112.234892410965, "battery_discharge_revenues": 24543.40526156017, "battery_retail_profits": 1431.170369149204, "battery_export_revenue": 0.0, "total_profits": 26776.247559902567, "irr": 0.06536, "npv": 5826.048}}