{"key_params": {"location": "CA_San.Diego-North.Island.NAS.722906_TMY3", "customer_type": "School", "demand_charge": 20, "export_price": 0.0, "export_price_type": "None", "battery_size_kWh": 600, "battery_power_kW": 300.0, "min_soc": 0.05, "max_soc": 1.0, "one_way_efficiency": 0.92, "start_soc": 0.5, "n_horizon": 24, "n_control": 12}, "savings": {"old_energy_charge": -349292.83028320555, "new_energy_charge": -346881.3411420178, "energy_charge_savings": 2411.489141187747, "old_demand_charge": -199754.93563460407, "new_demand_charge": -171095.6146676166, "demand_charge_savings": 28659.320966987463, "retail_profits": 31070.81010817521, "battery_charge_cost": -22899.31892321205, "battery_discharge_revenues": 25310.80806439978, "battery_retail_profits": 2411.489141187729, "battery_export_revenue": 0.0, "total_profits": 31070.810108175192, "irr": 0.0895, "npv": 32918.871}}