{"key_params": {"location": "CA_Modesto.Muni", "customer_type": "Hotel", "demand_charge": 20, "export_price": 0.0, "export_price_type": "None", "battery_size_kWh": 600, "battery_power_kW": 300.0, "min_soc": 0.05, "max_soc": 1.0, "one_way_efficiency": 0.92, "start_soc": 0.5, "n_horizon": 24, "n_control": 12}, "savings": {"old_energy_charge": -343159.7019755598, "new_energy_charge": -340856.7886627242, "energy_charge_savings": 2302.913312835619, "old_demand_charge": -126732.41813475861, "new_demand_charge": -91312.90373520233, "demand_charge_savings": 35419.51439955628, "retail_profits": 37722.4277123919, "battery_charge_cost": -29562.78682340369, "battery_discharge_revenues": 31865.700136239346, "battery_retail_profits": 2302.9133128356552, "battery_export_revenue": 0.0, "total_profits": 37722.42771239194, "irr": 0.1249, "npv": 74881.491}}