{"key_params": {"location": "CA_Oakland.Intl", "customer_type": "Hotel", "demand_charge": 20, "export_price": 0.0, "export_price_type": "None", "battery_size_kWh": 600, "battery_power_kW": 300.0, "min_soc": 0.05, "max_soc": 1.0, "one_way_efficiency": 0.92, "start_soc": 0.5, "n_horizon": 24, "n_control": 12}, "savings": {"old_energy_charge": -354049.9518573913, "new_energy_charge": -351572.59266337275, "energy_charge_savings": 2477.359194018529, "old_demand_charge": -130468.50678358598, "new_demand_charge": -94699.68664529543, "demand_charge_savings": 35768.82013829055, "retail_profits": 38246.17933230908, "battery_charge_cost": -29832.978451736122, "battery_discharge_revenues": 32310.33764575466, "battery_retail_profits": 2477.359194018536, "battery_export_revenue": 0.0, "total_profits": 38246.17933230909, "irr": 0.1276, "npv": 78185.648}}