{"key_params": {"location": "CA_Point.Mugu.NAS.723910_TMY3", "customer_type": "Apartment", "demand_charge": 20, "export_price": 0.0, "export_price_type": "None", "battery_size_kWh": 600, "battery_power_kW": 300.0, "min_soc": 0.05, "max_soc": 1.0, "one_way_efficiency": 0.92, "start_soc": 0.5, "n_horizon": 24, "n_control": 12}, "savings": {"old_energy_charge": -346963.2528446778, "new_energy_charge": -341575.08194388094, "energy_charge_savings": 5388.170900796831, "old_demand_charge": -144916.74948960982, "new_demand_charge": -111250.52130693058, "demand_charge_savings": 33666.228182679246, "retail_profits": 39054.39908347608, "battery_charge_cost": -21485.778637334195, "battery_discharge_revenues": 26873.949538131015, "battery_retail_profits": 5388.17090079682, "battery_export_revenue": 0.0, "total_profits": 39054.39908347606, "irr": 0.13176, "npv": 83284.41}}