{"key_params": {"location": "CA_Lemoore.NAS.747020_TMY3", "customer_type": "Hospital", "demand_charge": 20, "export_price": 0.0, "export_price_type": "None", "battery_size_kWh": 600, "battery_power_kW": 300.0, "min_soc": 0.05, "max_soc": 1.0, "one_way_efficiency": 0.92, "start_soc": 0.5, "n_horizon": 24, "n_control": 12}, "savings": {"old_energy_charge": -247039.71227762103, "new_energy_charge": -246825.18622469157, "energy_charge_savings": 214.526052929461, "old_demand_charge": -82275.87156640735, "new_demand_charge": -70994.71459646992, "demand_charge_savings": 11281.156969937438, "retail_profits": 11495.683022866899, "battery_charge_cost": -19799.850737825418, "battery_discharge_revenues": 20014.37679075489, "battery_retail_profits": 214.52605292947192, "battery_export_revenue": 0.0, "total_profits": 11495.68302286691, "irr": -0.04894, "npv": -97782.665}}