{"key_params": {"location": "CA_March.AFB.722860_TMY3", "customer_type": "Office", "demand_charge": 20, "export_price": 0.0, "export_price_type": "None", "battery_size_kWh": 600, "battery_power_kW": 300.0, "min_soc": 0.05, "max_soc": 1.0, "one_way_efficiency": 0.92, "start_soc": 0.5, "n_horizon": 24, "n_control": 12}, "savings": {"old_energy_charge": -516600.12076999305, "new_energy_charge": -515385.33081114583, "energy_charge_savings": 1214.789958847221, "old_demand_charge": -257600.33930818204, "new_demand_charge": -231801.0877296589, "demand_charge_savings": 25799.251578523137, "retail_profits": 27014.041537370358, "battery_charge_cost": -22943.442887487232, "battery_discharge_revenues": 24158.232846334417, "battery_retail_profits": 1214.7899588471846, "battery_export_revenue": 0.0, "total_profits": 27014.04153737032, "irr": 0.06673, "npv": 7326.203}}