{"key_params": {"location": "CA_San.Diego-Lindbergh.Field.722900_TMY3", "customer_type": "Hotel", "demand_charge": 20, "export_price": 0.0, "export_price_type": "None", "battery_size_kWh": 600, "battery_power_kW": 300.0, "min_soc": 0.05, "max_soc": 1.0, "one_way_efficiency": 0.92, "start_soc": 0.5, "n_horizon": 24, "n_control": 12}, "savings": {"old_energy_charge": -335856.39047469955, "new_energy_charge": -333940.08436907304, "energy_charge_savings": 1916.3061056265142, "old_demand_charge": -120309.03477780688, "new_demand_charge": -86373.49616078183, "demand_charge_savings": 33935.53861702506, "retail_profits": 35851.84472265157, "battery_charge_cost": -30685.508746495987, "battery_discharge_revenues": 32601.814852122407, "battery_retail_profits": 1916.3061056264196, "battery_export_revenue": 0.0, "total_profits": 35851.844722651476, "irr": 0.11515, "npv": 63080.668}}