{"key_params": {"location": "CA_Camp.Pendleton.MCAS.722926_TMY3", "customer_type": "School", "demand_charge": 20, "export_price": 0.0, "export_price_type": "None", "battery_size_kWh": 600, "battery_power_kW": 300.0, "min_soc": 0.05, "max_soc": 1.0, "one_way_efficiency": 0.92, "start_soc": 0.5, "n_horizon": 24, "n_control": 12}, "savings": {"old_energy_charge": -578606.3967097846, "new_energy_charge": -575273.0909785272, "energy_charge_savings": 3333.3057312574238, "old_demand_charge": -371648.26616110257, "new_demand_charge": -343242.40470741806, "demand_charge_savings": 28405.861453684513, "retail_profits": 31739.167184941936, "battery_charge_cost": -22251.958238785697, "battery_discharge_revenues": 25585.26397004316, "battery_retail_profits": 3333.305731257464, "battery_export_revenue": 0.0, "total_profits": 31739.167184941976, "irr": 0.09316, "npv": 37135.291}}