{"key_params": {"location": "CA_Sacramento.Metro", "customer_type": "Market", "demand_charge": 20, "export_price": 0.0, "export_price_type": "None", "battery_size_kWh": 600, "battery_power_kW": 300.0, "min_soc": 0.05, "max_soc": 1.0, "one_way_efficiency": 0.92, "start_soc": 0.5, "n_horizon": 24, "n_control": 12}, "savings": {"old_energy_charge": -383929.58418712637, "new_energy_charge": -383229.571312926, "energy_charge_savings": 700.012874200358, "old_demand_charge": -154340.51583323546, "new_demand_charge": -134592.4646387673, "demand_charge_savings": 19748.051194468164, "retail_profits": 20448.064068668522, "battery_charge_cost": -23693.36302643025, "battery_discharge_revenues": 24393.37590063059, "battery_retail_profits": 700.0128742003435, "battery_export_revenue": 0.0, "total_profits": 20448.064068668507, "irr": 0.02694, "npv": -34193.437}}