{"key_params": {"location": "CA_China.Lake.NAF.746120_TMY3", "customer_type": "Hotel", "demand_charge": 20, "export_price": 0.0, "export_price_type": "None", "battery_size_kWh": 600, "battery_power_kW": 300.0, "min_soc": 0.05, "max_soc": 1.0, "one_way_efficiency": 0.92, "start_soc": 0.5, "n_horizon": 24, "n_control": 12}, "savings": {"old_energy_charge": -381180.6878954031, "new_energy_charge": -377254.2678934493, "energy_charge_savings": 3926.4200019538403, "old_demand_charge": -150879.41999002494, "new_demand_charge": -114772.51158489527, "demand_charge_savings": 36106.90840512967, "retail_profits": 40033.32840708351, "battery_charge_cost": -25535.194172561114, "battery_discharge_revenues": 29461.614174514914, "battery_retail_profits": 3926.4200019538002, "battery_export_revenue": 0.0, "total_profits": 40033.32840708346, "irr": 0.13676, "npv": 89460.117}}