{"key_params": {"location": "CA_Chino", "customer_type": "Office", "demand_charge": 20, "export_price": 0.0, "export_price_type": "None", "battery_size_kWh": 600, "battery_power_kW": 300.0, "min_soc": 0.05, "max_soc": 1.0, "one_way_efficiency": 0.92, "start_soc": 0.5, "n_horizon": 24, "n_control": 12}, "savings": {"old_energy_charge": -314678.7733538882, "new_energy_charge": -313199.29727644974, "energy_charge_savings": 1479.4760774384486, "old_demand_charge": -167968.96750535193, "new_demand_charge": -142854.3383041946, "demand_charge_savings": 25114.62920115734, "retail_profits": 26594.105278595787, "battery_charge_cost": -23113.999241658294, "battery_discharge_revenues": 24593.475319096775, "battery_retail_profits": 1479.4760774384813, "battery_export_revenue": 0.0, "total_profits": 26594.10527859582, "irr": 0.06431, "npv": 4676.979}}