{"key_params": {"location": "CA_Lompoc.AWOS.722895_TMY3", "customer_type": "School", "demand_charge": 20, "export_price": 0.0, "export_price_type": "None", "battery_size_kWh": 600, "battery_power_kW": 300.0, "min_soc": 0.05, "max_soc": 1.0, "one_way_efficiency": 0.92, "start_soc": 0.5, "n_horizon": 24, "n_control": 12}, "savings": {"old_energy_charge": -336252.4257778184, "new_energy_charge": -334213.02008632576, "energy_charge_savings": 2039.4056914926623, "old_demand_charge": -199361.0355756243, "new_demand_charge": -169129.00651725556, "demand_charge_savings": 30232.02905836873, "retail_profits": 32271.434749861393, "battery_charge_cost": -23033.515476141685, "battery_discharge_revenues": 25072.921167634333, "battery_retail_profits": 2039.4056914926477, "battery_export_revenue": 0.0, "total_profits": 32271.43474986138, "irr": 0.09605, "npv": 40493.172}}