{"key_params": {"location": "CA_Imperial.County", "customer_type": "Restaurant", "demand_charge": 20, "export_price": 0.0, "export_price_type": "None", "battery_size_kWh": 600, "battery_power_kW": 300.0, "min_soc": 0.05, "max_soc": 1.0, "one_way_efficiency": 0.92, "start_soc": 0.5, "n_horizon": 24, "n_control": 12}, "savings": {"old_energy_charge": -559735.7245190397, "new_energy_charge": -557839.6313209403, "energy_charge_savings": 1896.0931980994064, "old_demand_charge": -209121.09435388105, "new_demand_charge": -178402.02413073258, "demand_charge_savings": 30719.070223148476, "retail_profits": 32615.163421247882, "battery_charge_cost": -25790.48677556825, "battery_discharge_revenues": 27686.579973667656, "battery_retail_profits": 1896.0931980994064, "battery_export_revenue": 0.0, "total_profits": 32615.163421247882, "irr": 0.09791, "npv": 42661.63}}