{"key_params": {"location": "CA_San.Diego-Miramar.NAS.722930_TMY3", "customer_type": "Office", "demand_charge": 20, "export_price": 0.0, "export_price_type": "None", "battery_size_kWh": 600, "battery_power_kW": 300.0, "min_soc": 0.05, "max_soc": 1.0, "one_way_efficiency": 0.92, "start_soc": 0.5, "n_horizon": 24, "n_control": 12}, "savings": {"old_energy_charge": -386660.18448061927, "new_energy_charge": -384584.11344470776, "energy_charge_savings": 2076.0710359115037, "old_demand_charge": -210189.20858348085, "new_demand_charge": -181920.252947192, "demand_charge_savings": 28268.955636288854, "retail_profits": 30345.026672200358, "battery_charge_cost": -23285.187657112347, "battery_discharge_revenues": 25361.25869302388, "battery_retail_profits": 2076.071035911533, "battery_export_revenue": 0.0, "total_profits": 30345.026672200387, "irr": 0.0855, "npv": 28340.169}}