{"key_params": {"location": "CA_San.Diego-Lindbergh.Field.722900_TMY3", "customer_type": "Apartment", "demand_charge": 20, "export_price": 0.0, "export_price_type": "None", "battery_size_kWh": 600, "battery_power_kW": 300.0, "min_soc": 0.05, "max_soc": 1.0, "one_way_efficiency": 0.92, "start_soc": 0.5, "n_horizon": 24, "n_control": 12}, "savings": {"old_energy_charge": -340387.2717816665, "new_energy_charge": -334947.67534628534, "energy_charge_savings": 5439.596435381158, "old_demand_charge": -145712.3548172659, "new_demand_charge": -111146.12007449046, "demand_charge_savings": 34566.23474277544, "retail_profits": 40005.8311781566, "battery_charge_cost": -21469.9577822835, "battery_discharge_revenues": 26909.55421766459, "battery_retail_profits": 5439.596435381089, "battery_export_revenue": 0.0, "total_profits": 40005.83117815653, "irr": 0.13662, "npv": 89286.647}}