{"key_params": {"location": "CA_Van.Nuys", "customer_type": "Office", "demand_charge": 20, "export_price": 0.0, "export_price_type": "None", "battery_size_kWh": 600, "battery_power_kW": 300.0, "min_soc": 0.05, "max_soc": 1.0, "one_way_efficiency": 0.92, "start_soc": 0.5, "n_horizon": 24, "n_control": 12}, "savings": {"old_energy_charge": -533638.4868966881, "new_energy_charge": -532649.561664318, "energy_charge_savings": 988.9252323701512, "old_demand_charge": -265543.18993761955, "new_demand_charge": -234922.88103186304, "demand_charge_savings": 30620.30890575651, "retail_profits": 31609.23413812666, "battery_charge_cost": -23200.99138722712, "battery_discharge_revenues": 24189.916619597243, "battery_retail_profits": 988.9252323701221, "battery_export_revenue": 0.0, "total_profits": 31609.23413812663, "irr": 0.09245, "npv": 36315.591}}