{"key_params": {"location": "CA_Livermore.Muni", "customer_type": "Apartment", "demand_charge": 20, "export_price": 0.0, "export_price_type": "None", "battery_size_kWh": 600, "battery_power_kW": 300.0, "min_soc": 0.05, "max_soc": 1.0, "one_way_efficiency": 0.92, "start_soc": 0.5, "n_horizon": 24, "n_control": 12}, "savings": {"old_energy_charge": -351273.13265480555, "new_energy_charge": -345948.95567325293, "energy_charge_savings": 5324.17698155262, "old_demand_charge": -155593.60457583648, "new_demand_charge": -123005.9010681299, "demand_charge_savings": 32587.70350770658, "retail_profits": 37911.8804892592, "battery_charge_cost": -21471.089160134445, "battery_discharge_revenues": 26795.26614168702, "battery_retail_profits": 5324.176981552577, "battery_export_revenue": 0.0, "total_profits": 37911.88048925916, "irr": 0.12588, "npv": 76076.679}}