{"key_params": {"location": "CA_Palmdale", "customer_type": "Hospital", "demand_charge": 20, "export_price": 0.0, "export_price_type": "None", "battery_size_kWh": 600, "battery_power_kW": 300.0, "min_soc": 0.05, "max_soc": 1.0, "one_way_efficiency": 0.92, "start_soc": 0.5, "n_horizon": 24, "n_control": 12}, "savings": {"old_energy_charge": -250643.78544239386, "new_energy_charge": -250595.22597633748, "energy_charge_savings": 48.55946605638019, "old_demand_charge": -84657.89964930243, "new_demand_charge": -72051.51653696268, "demand_charge_savings": 12606.383112339754, "retail_profits": 12654.942578396134, "battery_charge_cost": -20378.10427053033, "battery_discharge_revenues": 20426.66373658673, "battery_retail_profits": 48.55946605639838, "battery_export_revenue": 0.0, "total_profits": 12654.942578396152, "irr": -0.03631, "npv": -88525.268}}