{"key_params": {"location": "CA_Carlsbad.722927_TMY3", "customer_type": "School", "demand_charge": 20, "export_price": 0.0, "export_price_type": "None", "battery_size_kWh": 600, "battery_power_kW": 300.0, "min_soc": 0.05, "max_soc": 1.0, "one_way_efficiency": 0.92, "start_soc": 0.5, "n_horizon": 24, "n_control": 12}, "savings": {"old_energy_charge": -554925.0934752364, "new_energy_charge": -552086.0165118261, "energy_charge_savings": 2839.0769634103635, "old_demand_charge": -355274.4898223394, "new_demand_charge": -326017.7600874573, "demand_charge_savings": 29256.729734882072, "retail_profits": 32095.806698292436, "battery_charge_cost": -22243.469883024678, "battery_discharge_revenues": 25082.54684643502, "battery_retail_profits": 2839.0769634103417, "battery_export_revenue": 0.0, "total_profits": 32095.806698292414, "irr": 0.0951, "npv": 39385.199}}