{"key_params": {"location": "CA_Paso.Robles.Muni", "customer_type": "Office", "demand_charge": 20, "export_price": 0.0, "export_price_type": "None", "battery_size_kWh": 600, "battery_power_kW": 300.0, "min_soc": 0.05, "max_soc": 1.0, "one_way_efficiency": 0.92, "start_soc": 0.5, "n_horizon": 24, "n_control": 12}, "savings": {"old_energy_charge": -502239.46740755264, "new_energy_charge": -500153.22694861924, "energy_charge_savings": 2086.2404589334037, "old_demand_charge": -262623.2433638964, "new_demand_charge": -231710.4215178246, "demand_charge_savings": 30912.821846071776, "retail_profits": 32999.06230500518, "battery_charge_cost": -22754.560953891374, "battery_discharge_revenues": 24840.801412824825, "battery_retail_profits": 2086.240458933451, "battery_export_revenue": 0.0, "total_profits": 32999.06230500522, "irr": 0.09998, "npv": 45083.508}}