{"key_params": {"location": "CA_Sacramento.Exec", "customer_type": "Office", "demand_charge": 20, "export_price": 0.0, "export_price_type": "None", "battery_size_kWh": 600, "battery_power_kW": 300.0, "min_soc": 0.05, "max_soc": 1.0, "one_way_efficiency": 0.92, "start_soc": 0.5, "n_horizon": 24, "n_control": 12}, "savings": {"old_energy_charge": -501993.8247779144, "new_energy_charge": -500066.8134377161, "energy_charge_savings": 1927.0113401982817, "old_demand_charge": -259499.99158262758, "new_demand_charge": -228537.6241156376, "demand_charge_savings": 30962.367466989992, "retail_profits": 32889.378807188274, "battery_charge_cost": -22846.876949533704, "battery_discharge_revenues": 24773.88828973195, "battery_retail_profits": 1927.0113401982453, "battery_export_revenue": 0.0, "total_profits": 32889.37880718824, "irr": 0.09939, "npv": 44391.555}}