{"key_params": {"location": "CA_Santa.Rosa.AWOS.724957_TMY3", "customer_type": "Restaurant", "demand_charge": 20, "export_price": 0.0, "export_price_type": "None", "battery_size_kWh": 600, "battery_power_kW": 300.0, "min_soc": 0.05, "max_soc": 1.0, "one_way_efficiency": 0.92, "start_soc": 0.5, "n_horizon": 24, "n_control": 12}, "savings": {"old_energy_charge": -440487.5139526299, "new_energy_charge": -439968.87243162043, "energy_charge_savings": 518.6415210094419, "old_demand_charge": -158488.15677977543, "new_demand_charge": -131669.87678451848, "demand_charge_savings": 26818.279995256948, "retail_profits": 27336.92151626639, "battery_charge_cost": -29558.60607472776, "battery_discharge_revenues": 30077.24759573723, "battery_retail_profits": 518.641521009471, "battery_export_revenue": 0.0, "total_profits": 27336.92151626642, "irr": 0.06858, "npv": 9363.135}}