{"key_params": {"location": "CA_Sacramento.Metro", "customer_type": "Hospital", "demand_charge": 20, "export_price": 0.0, "export_price_type": "None", "battery_size_kWh": 600, "battery_power_kW": 300.0, "min_soc": 0.05, "max_soc": 1.0, "one_way_efficiency": 0.92, "start_soc": 0.5, "n_horizon": 24, "n_control": 12}, "savings": {"old_energy_charge": -246881.82043031888, "new_energy_charge": -246915.9568056501, "energy_charge_savings": -34.13637533120345, "old_demand_charge": -81062.63597091162, "new_demand_charge": -70504.03570719907, "demand_charge_savings": 10558.60026371255, "retail_profits": 10524.463888381346, "battery_charge_cost": -19704.92808107067, "battery_discharge_revenues": 19670.79170573946, "battery_retail_profits": -34.13637533121073, "battery_export_revenue": 0.0, "total_profits": 10524.463888381339, "irr": -0.06019, "npv": -105538.445}}