{"key_params": {"location": "CA_Imperial.County", "customer_type": "Hospital", "demand_charge": 20, "export_price": 0.0, "export_price_type": "None", "battery_size_kWh": 600, "battery_power_kW": 300.0, "min_soc": 0.05, "max_soc": 1.0, "one_way_efficiency": 0.92, "start_soc": 0.5, "n_horizon": 24, "n_control": 12}, "savings": {"old_energy_charge": -240851.13266837262, "new_energy_charge": -240532.4930733056, "energy_charge_savings": 318.6395950670121, "old_demand_charge": -78121.87077412446, "new_demand_charge": -67889.67893456326, "demand_charge_savings": 10232.191839561201, "retail_profits": 10550.831434628213, "battery_charge_cost": -18489.787350361526, "battery_discharge_revenues": 18808.42694542852, "battery_retail_profits": 318.63959506699393, "battery_export_revenue": 0.0, "total_profits": 10550.831434628195, "irr": -0.05988, "npv": -105327.884}}