{"key_params": {"location": "CA_Chino", "customer_type": "Restaurant", "demand_charge": 20, "export_price": 0.0, "export_price_type": "None", "battery_size_kWh": 600, "battery_power_kW": 300.0, "min_soc": 0.05, "max_soc": 1.0, "one_way_efficiency": 0.92, "start_soc": 0.5, "n_horizon": 24, "n_control": 12}, "savings": {"old_energy_charge": -452212.9596708811, "new_energy_charge": -451839.58024805936, "energy_charge_savings": 373.3794228217448, "old_demand_charge": -169177.68643844506, "new_demand_charge": -138968.37747700617, "demand_charge_savings": 30209.30896143889, "retail_profits": 30582.688384260633, "battery_charge_cost": -28668.584960822078, "battery_discharge_revenues": 29041.96438364385, "battery_retail_profits": 373.3794228217739, "battery_export_revenue": 0.0, "total_profits": 30582.688384260662, "irr": 0.08682, "npv": 29839.49}}