{"key_params": {"location": "CA_Oakland.Intl", "customer_type": "Restaurant", "demand_charge": 20, "export_price": 0.0, "export_price_type": "None", "battery_size_kWh": 600, "battery_power_kW": 300.0, "min_soc": 0.05, "max_soc": 1.0, "one_way_efficiency": 0.92, "start_soc": 0.5, "n_horizon": 24, "n_control": 12}, "savings": {"old_energy_charge": -453912.655198229, "new_energy_charge": -452892.3940742286, "energy_charge_savings": 1020.2611240004189, "old_demand_charge": -163612.28574996712, "new_demand_charge": -134878.4000456913, "demand_charge_savings": 28733.88570427583, "retail_profits": 29754.14682827625, "battery_charge_cost": -27509.565667031766, "battery_discharge_revenues": 28529.826791032214, "battery_retail_profits": 1020.261124000448, "battery_export_revenue": 0.0, "total_profits": 29754.14682827628, "irr": 0.08223, "npv": 24612.524}}