{"key_params": {"location": "CA_Blythe-Riverside.County", "customer_type": "Restaurant", "demand_charge": 20, "export_price": 0.0, "export_price_type": "None", "battery_size_kWh": 600, "battery_power_kW": 300.0, "min_soc": 0.05, "max_soc": 1.0, "one_way_efficiency": 0.92, "start_soc": 0.5, "n_horizon": 24, "n_control": 12}, "savings": {"old_energy_charge": -505652.5466856695, "new_energy_charge": -504545.0483327617, "energy_charge_savings": 1107.4983529078308, "old_demand_charge": -183001.16368588182, "new_demand_charge": -155913.79599545183, "demand_charge_savings": 27087.367690429994, "retail_profits": 28194.866043337825, "battery_charge_cost": -27371.95616498193, "battery_discharge_revenues": 28479.454517889695, "battery_retail_profits": 1107.4983529077654, "battery_export_revenue": 0.0, "total_profits": 28194.86604333776, "irr": 0.07347, "npv": 14775.593}}