{"key_params": {"location": "CA_Oakland.Intl", "customer_type": "Market", "demand_charge": 20, "export_price": 0.0, "export_price_type": "None", "battery_size_kWh": 600, "battery_power_kW": 300.0, "min_soc": 0.05, "max_soc": 1.0, "one_way_efficiency": 0.92, "start_soc": 0.5, "n_horizon": 24, "n_control": 12}, "savings": {"old_energy_charge": -367672.4696982428, "new_energy_charge": -367253.28227430384, "energy_charge_savings": 419.18742393894354, "old_demand_charge": -141508.06940314232, "new_demand_charge": -120971.04529515235, "demand_charge_savings": 20537.02410798997, "retail_profits": 20956.211531928915, "battery_charge_cost": -23786.84823266111, "battery_discharge_revenues": 24206.03565659999, "battery_retail_profits": 419.1874239388817, "battery_export_revenue": 0.0, "total_profits": 20956.211531928853, "irr": 0.03023, "npv": -30937.868}}