{"key_params": {"location": "CA_Palm.Springs.Intl", "customer_type": "Office", "demand_charge": 20, "export_price": 0.0, "export_price_type": "None", "battery_size_kWh": 600, "battery_power_kW": 300.0, "min_soc": 0.05, "max_soc": 1.0, "one_way_efficiency": 0.92, "start_soc": 0.5, "n_horizon": 24, "n_control": 12}, "savings": {"old_energy_charge": -446857.60943131713, "new_energy_charge": -443566.09220826044, "energy_charge_savings": 3291.517223056697, "old_demand_charge": -265583.81038467266, "new_demand_charge": -230574.24301939714, "demand_charge_savings": 35009.56736527552, "retail_profits": 38301.08458833222, "battery_charge_cost": -22536.04518014363, "battery_discharge_revenues": 25827.56240320033, "battery_retail_profits": 3291.5172230567005, "battery_export_revenue": 0.0, "total_profits": 38301.08458833222, "irr": 0.12789, "npv": 78532.025}}