{"key_params": {"location": "CA_Oakland.Intl", "customer_type": "Office", "demand_charge": 20, "export_price": 0.0, "export_price_type": "None", "battery_size_kWh": 600, "battery_power_kW": 300.0, "min_soc": 0.05, "max_soc": 1.0, "one_way_efficiency": 0.92, "start_soc": 0.5, "n_horizon": 24, "n_control": 12}, "savings": {"old_energy_charge": -493209.53768861416, "new_energy_charge": -491237.2118910851, "energy_charge_savings": 1972.3257975290762, "old_demand_charge": -254959.60980195046, "new_demand_charge": -227165.80192892894, "demand_charge_savings": 27793.80787302152, "retail_profits": 29766.133670550596, "battery_charge_cost": -22875.213290838736, "battery_discharge_revenues": 24847.539088367852, "battery_retail_profits": 1972.3257975291162, "battery_export_revenue": 0.0, "total_profits": 29766.133670550636, "irr": 0.08229, "npv": 24688.145}}