{"key_params": {"location": "CA_Ukiah.Muni", "customer_type": "Restaurant", "demand_charge": 20, "export_price": 0.0, "export_price_type": "None", "battery_size_kWh": 600, "battery_power_kW": 300.0, "min_soc": 0.05, "max_soc": 1.0, "one_way_efficiency": 0.92, "start_soc": 0.5, "n_horizon": 24, "n_control": 12}, "savings": {"old_energy_charge": -449003.54229885485, "new_energy_charge": -448655.2842940379, "energy_charge_savings": 348.2580048169475, "old_demand_charge": -163520.60135922884, "new_demand_charge": -137032.16354942275, "demand_charge_savings": 26488.437809806084, "retail_profits": 26836.69581462303, "battery_charge_cost": -28613.947570687295, "battery_discharge_revenues": 28962.205575504173, "battery_retail_profits": 348.2580048168784, "battery_export_revenue": 0.0, "total_profits": 26836.695814622963, "irr": 0.06571, "npv": 6207.394}}