{"key_params": {"location": "CA_Monterey.NAF.724915_TMY3", "customer_type": "Market", "demand_charge": 20, "export_price": 0.0, "export_price_type": "None", "battery_size_kWh": 600, "battery_power_kW": 300.0, "min_soc": 0.05, "max_soc": 1.0, "one_way_efficiency": 0.92, "start_soc": 0.5, "n_horizon": 24, "n_control": 12}, "savings": {"old_energy_charge": -372041.1202431756, "new_energy_charge": -372017.2521691199, "energy_charge_savings": 23.86807405570289, "old_demand_charge": -144889.1395242068, "new_demand_charge": -122741.67594978749, "demand_charge_savings": 22147.463574419322, "retail_profits": 22171.331648475025, "battery_charge_cost": -23760.788226529574, "battery_discharge_revenues": 23784.656300585306, "battery_retail_profits": 23.868074055731995, "battery_export_revenue": 0.0, "total_profits": 22171.331648475054, "irr": 0.03789, "npv": -23224.68}}