{"key_params": {"location": "CA_Alturas.725958_TMY3", "customer_type": "Restaurant", "demand_charge": 20, "export_price": 0.0, "export_price_type": "None", "battery_size_kWh": 600, "battery_power_kW": 300.0, "min_soc": 0.05, "max_soc": 1.0, "one_way_efficiency": 0.92, "start_soc": 0.5, "n_horizon": 24, "n_control": 12}, "savings": {"old_energy_charge": -448520.403047115, "new_energy_charge": -449092.93423547375, "energy_charge_savings": -572.5311883587274, "old_demand_charge": -156893.51659590064, "new_demand_charge": -130915.84388403162, "demand_charge_savings": 25977.672711869018, "retail_profits": 25405.14152351029, "battery_charge_cost": -30585.738688733967, "battery_discharge_revenues": 30013.207500375287, "battery_retail_profits": -572.5311883586801, "battery_export_revenue": 0.0, "total_profits": 25405.141523510338, "irr": 0.05738, "npv": -2823.758}}