{"key_params": {"location": "CA_Needles", "customer_type": "Office", "demand_charge": 20, "export_price": 0.0, "export_price_type": "None", "battery_size_kWh": 600, "battery_power_kW": 300.0, "min_soc": 0.05, "max_soc": 1.0, "one_way_efficiency": 0.92, "start_soc": 0.5, "n_horizon": 24, "n_control": 12}, "savings": {"old_energy_charge": -448320.3790319193, "new_energy_charge": -444826.95650937315, "energy_charge_savings": 3493.4225225461414, "old_demand_charge": -255289.405165229, "new_demand_charge": -222646.92586253295, "demand_charge_savings": 32642.47930269604, "retail_profits": 36135.90182524218, "battery_charge_cost": -22403.32590732016, "battery_discharge_revenues": 25896.748429866308, "battery_retail_profits": 3493.4225225461487, "battery_export_revenue": 0.0, "total_profits": 36135.90182524219, "irr": 0.11664, "npv": 64872.68}}