{"key_params": {"location": "CA_Stockton.Metro", "customer_type": "Restaurant", "demand_charge": 20, "export_price": 0.0, "export_price_type": "None", "battery_size_kWh": 600, "battery_power_kW": 300.0, "min_soc": 0.05, "max_soc": 1.0, "one_way_efficiency": 0.92, "start_soc": 0.5, "n_horizon": 24, "n_control": 12}, "savings": {"old_energy_charge": -488761.1441528944, "new_energy_charge": -487248.40682875074, "energy_charge_savings": 1512.7373241436435, "old_demand_charge": -186389.4572929205, "new_demand_charge": -155521.1631931608, "demand_charge_savings": 30868.29409975969, "retail_profits": 32381.031423903332, "battery_charge_cost": -26296.195710925957, "battery_discharge_revenues": 27808.93303506959, "battery_retail_profits": 1512.7373241436326, "battery_export_revenue": 0.0, "total_profits": 32381.03142390332, "irr": 0.09664, "npv": 41184.577}}