{"key_params": {"location": "CA_Edwards.AFB.723810_TMY3", "customer_type": "Restaurant", "demand_charge": 20, "export_price": 0.0, "export_price_type": "None", "battery_size_kWh": 600, "battery_power_kW": 300.0, "min_soc": 0.05, "max_soc": 1.0, "one_way_efficiency": 0.92, "start_soc": 0.5, "n_horizon": 24, "n_control": 12}, "savings": {"old_energy_charge": -504946.86362854677, "new_energy_charge": -503388.40577834554, "energy_charge_savings": 1558.45785020123, "old_demand_charge": -187860.9493434428, "new_demand_charge": -158241.64269105555, "demand_charge_savings": 29619.306652387255, "retail_profits": 31177.764502588485, "battery_charge_cost": -26702.933855483967, "battery_discharge_revenues": 28261.391705685186, "battery_retail_profits": 1558.4578502012191, "battery_export_revenue": 0.0, "total_profits": 31177.764502588474, "irr": 0.09009, "npv": 33593.607}}