{"key_params": {"location": "CA_Barstow.Daggett", "customer_type": "Market", "demand_charge": 20, "export_price": 0.0, "export_price_type": "None", "battery_size_kWh": 600, "battery_power_kW": 300.0, "min_soc": 0.05, "max_soc": 1.0, "one_way_efficiency": 0.92, "start_soc": 0.5, "n_horizon": 24, "n_control": 12}, "savings": {"old_energy_charge": -402936.8809892252, "new_energy_charge": -401805.76522765926, "energy_charge_savings": 1131.1157615659176, "old_demand_charge": -162010.09966210168, "new_demand_charge": -140720.59378018253, "demand_charge_savings": 21289.505881919147, "retail_profits": 22420.621643485065, "battery_charge_cost": -23495.01202770522, "battery_discharge_revenues": 24626.12778927112, "battery_retail_profits": 1131.1157615658994, "battery_export_revenue": 0.0, "total_profits": 22420.621643485047, "irr": 0.03943, "npv": -21652.001}}