{"key_params": {"location": "CA_Bishop", "customer_type": "Office", "demand_charge": 20, "export_price": 0.0, "export_price_type": "None", "battery_size_kWh": 600, "battery_power_kW": 300.0, "min_soc": 0.05, "max_soc": 1.0, "one_way_efficiency": 0.92, "start_soc": 0.5, "n_horizon": 24, "n_control": 12}, "savings": {"old_energy_charge": -422991.8253340033, "new_energy_charge": -420153.4223510381, "energy_charge_savings": 2838.402982965228, "old_demand_charge": -264319.6478984028, "new_demand_charge": -213949.95330299452, "demand_charge_savings": 50369.694595408306, "retail_profits": 53208.097578373534, "battery_charge_cost": -23439.406415939455, "battery_discharge_revenues": 26277.809398904694, "battery_retail_profits": 2838.402982965239, "battery_export_revenue": 0.0, "total_profits": 53208.09757837355, "irr": 0.20157, "npv": 172574.912}}