{"key_params": {"location": "CA_Chula.Vista-Brown.Field.Muni", "customer_type": "School", "demand_charge": 20, "export_price": 0.0, "export_price_type": "None", "battery_size_kWh": 600, "battery_power_kW": 300.0, "min_soc": 0.05, "max_soc": 1.0, "one_way_efficiency": 0.92, "start_soc": 0.5, "n_horizon": 24, "n_control": 12}, "savings": {"old_energy_charge": -571276.4378580748, "new_energy_charge": -568637.6762846295, "energy_charge_savings": 2638.7615734452847, "old_demand_charge": -367011.53009075194, "new_demand_charge": -339058.8498373313, "demand_charge_savings": 27952.680253420665, "retail_profits": 30591.44182686595, "battery_charge_cost": -22416.65814115149, "battery_discharge_revenues": 25055.41971459674, "battery_retail_profits": 2638.761573445252, "battery_export_revenue": 0.0, "total_profits": 30591.441826865917, "irr": 0.08687, "npv": 29894.712}}