{"key_params": {"location": "CA_Red.Bluff.Muni", "customer_type": "Hotel", "demand_charge": 20, "export_price": 0.0, "export_price_type": "None", "battery_size_kWh": 600, "battery_power_kW": 300.0, "min_soc": 0.05, "max_soc": 1.0, "one_way_efficiency": 0.92, "start_soc": 0.5, "n_horizon": 24, "n_control": 12}, "savings": {"old_energy_charge": -376271.7241291669, "new_energy_charge": -372286.240233983, "energy_charge_savings": 3985.4838951839483, "old_demand_charge": -150955.79330429458, "new_demand_charge": -113851.60917995738, "demand_charge_savings": 37104.184124337204, "retail_profits": 41089.66801952115, "battery_charge_cost": -25907.506990571394, "battery_discharge_revenues": 29892.990885755305, "battery_retail_profits": 3985.483895183912, "battery_export_revenue": 0.0, "total_profits": 41089.668019521116, "irr": 0.14213, "npv": 96124.177}}