{"key_params": {"location": "CA_Lancaster-Gen.Wm.Fox.Field.723816_TMY3", "customer_type": "Office", "demand_charge": 20, "export_price": 0.0, "export_price_type": "None", "battery_size_kWh": 600, "battery_power_kW": 300.0, "min_soc": 0.05, "max_soc": 1.0, "one_way_efficiency": 0.92, "start_soc": 0.5, "n_horizon": 24, "n_control": 12}, "savings": {"old_energy_charge": -414443.983399147, "new_energy_charge": -411649.6757947919, "energy_charge_savings": 2794.3076043550973, "old_demand_charge": -256003.7061417503, "new_demand_charge": -214712.5292209782, "demand_charge_savings": 41291.17692077209, "retail_profits": 44085.48452512719, "battery_charge_cost": -23241.394708332646, "battery_discharge_revenues": 26035.702312687765, "battery_retail_profits": 2794.307604355119, "battery_export_revenue": 0.0, "total_profits": 44085.48452512721, "irr": 0.15715, "npv": 115023.686}}