{"key_params": {"location": "CA_Porterville.AWOS.723895_TMY3", "customer_type": "Office", "demand_charge": 20, "export_price": 0.0, "export_price_type": "None", "battery_size_kWh": 600, "battery_power_kW": 300.0, "min_soc": 0.05, "max_soc": 1.0, "one_way_efficiency": 0.92, "start_soc": 0.5, "n_horizon": 24, "n_control": 12}, "savings": {"old_energy_charge": -317252.16524829366, "new_energy_charge": -315861.11975759297, "energy_charge_savings": 1391.0454907006933, "old_demand_charge": -166642.33348976195, "new_demand_charge": -141384.96421076896, "demand_charge_savings": 25257.369278992992, "retail_profits": 26648.414769693685, "battery_charge_cost": -23065.155354020953, "battery_discharge_revenues": 24456.20084472162, "battery_retail_profits": 1391.0454907006679, "battery_export_revenue": 0.0, "total_profits": 26648.41476969366, "irr": 0.06462, "npv": 5019.598}}