{"key_params": {"location": "CA_Palm.Springs.Intl", "customer_type": "Hospital", "demand_charge": 20, "export_price": 0.0, "export_price_type": "None", "battery_size_kWh": 600, "battery_power_kW": 300.0, "min_soc": 0.05, "max_soc": 1.0, "one_way_efficiency": 0.92, "start_soc": 0.5, "n_horizon": 24, "n_control": 12}, "savings": {"old_energy_charge": -246143.88478155844, "new_energy_charge": -245994.44273839364, "energy_charge_savings": 149.44204316480318, "old_demand_charge": -81892.45318673585, "new_demand_charge": -70618.47673074003, "demand_charge_savings": 11273.976455995813, "retail_profits": 11423.418499160616, "battery_charge_cost": -19584.838207943823, "battery_discharge_revenues": 19734.280251108652, "battery_retail_profits": 149.44204316482865, "battery_export_revenue": 0.0, "total_profits": 11423.418499160642, "irr": -0.04975, "npv": -98359.742}}