{"key_params": {"location": "CA_Sandberg.723830_TMY3", "customer_type": "Office", "demand_charge": 20, "export_price": 0.0, "export_price_type": "None", "battery_size_kWh": 600, "battery_power_kW": 300.0, "min_soc": 0.05, "max_soc": 1.0, "one_way_efficiency": 0.92, "start_soc": 0.5, "n_horizon": 24, "n_control": 12}, "savings": {"old_energy_charge": -392668.2031341276, "new_energy_charge": -390135.25891843176, "energy_charge_savings": 2532.9442156958394, "old_demand_charge": -230127.1748814944, "new_demand_charge": -192883.9050015323, "demand_charge_savings": 37243.269879962114, "retail_profits": 39776.21409565795, "battery_charge_cost": -23405.025453907198, "battery_discharge_revenues": 25937.969669603048, "battery_retail_profits": 2532.9442156958503, "battery_export_revenue": 0.0, "total_profits": 39776.21409565797, "irr": 0.13545, "npv": 87838.077}}