{"key_params": {"location": "CA_Alturas.725958_TMY3", "customer_type": "Office", "demand_charge": 20, "export_price": 0.0, "export_price_type": "None", "battery_size_kWh": 600, "battery_power_kW": 300.0, "min_soc": 0.05, "max_soc": 1.0, "one_way_efficiency": 0.92, "start_soc": 0.5, "n_horizon": 24, "n_control": 12}, "savings": {"old_energy_charge": -406879.2444196547, "new_energy_charge": -403340.44262883713, "energy_charge_savings": 3538.8017908175825, "old_demand_charge": -272801.6227643262, "new_demand_charge": -217480.90914974193, "demand_charge_savings": 55320.713614584296, "retail_profits": 58859.51540540188, "battery_charge_cost": -23867.14809729489, "battery_discharge_revenues": 27405.949888112395, "battery_retail_profits": 3538.801790817506, "battery_export_revenue": 0.0, "total_profits": 58859.515405401806, "irr": 0.22833, "npv": 208227.637}}