{"key_params": {"location": "CA_Camarillo.AWOS.723926_TMY3", "customer_type": "School", "demand_charge": 20, "export_price": 0.0, "export_price_type": "None", "battery_size_kWh": 600, "battery_power_kW": 300.0, "min_soc": 0.05, "max_soc": 1.0, "one_way_efficiency": 0.92, "start_soc": 0.5, "n_horizon": 24, "n_control": 12}, "savings": {"old_energy_charge": -608824.0062553595, "new_energy_charge": -606038.8858079644, "energy_charge_savings": 2785.1204473951366, "old_demand_charge": -398836.2382970435, "new_demand_charge": -367625.73912368703, "demand_charge_savings": 31210.499173356453, "retail_profits": 33995.61962075159, "battery_charge_cost": -22467.91502763817, "battery_discharge_revenues": 25253.03547503324, "battery_retail_profits": 2785.120447395071, "battery_export_revenue": 0.0, "total_profits": 33995.619620751524, "irr": 0.10532, "npv": 51370.423}}