{"key_params": {"location": "CA_Redding.Muni", "customer_type": "Office", "demand_charge": 20, "export_price": 0.0, "export_price_type": "None", "battery_size_kWh": 600, "battery_power_kW": 300.0, "min_soc": 0.05, "max_soc": 1.0, "one_way_efficiency": 0.92, "start_soc": 0.5, "n_horizon": 24, "n_control": 12}, "savings": {"old_energy_charge": -318074.74278849585, "new_energy_charge": -316979.84299698676, "energy_charge_savings": 1094.8997915090877, "old_demand_charge": -166291.5228602152, "new_demand_charge": -140502.0465350914, "demand_charge_savings": 25789.476325123804, "retail_profits": 26884.37611663289, "battery_charge_cost": -22969.091090275786, "battery_discharge_revenues": 24063.990881784892, "battery_retail_profits": 1094.8997915091059, "battery_export_revenue": 0.0, "total_profits": 26884.37611663291, "irr": 0.06598, "npv": 6508.192}}