{"key_params": {"location": "CA_Santa.Barbara.Muni", "customer_type": "Office", "demand_charge": 20, "export_price": 0.0, "export_price_type": "None", "battery_size_kWh": 600, "battery_power_kW": 300.0, "min_soc": 0.05, "max_soc": 1.0, "one_way_efficiency": 0.92, "start_soc": 0.5, "n_horizon": 24, "n_control": 12}, "savings": {"old_energy_charge": -519800.996659042, "new_energy_charge": -518880.6637741355, "energy_charge_savings": 920.3328849065001, "old_demand_charge": -259536.89497186837, "new_demand_charge": -234220.71794193657, "demand_charge_savings": 25316.1770299318, "retail_profits": 26236.5099148383, "battery_charge_cost": -23101.17342097863, "battery_discharge_revenues": 24021.506305885043, "battery_retail_profits": 920.3328849064128, "battery_export_revenue": 0.0, "total_profits": 26236.509914838214, "irr": 0.06224, "npv": 2421.041}}