{"key_params": {"location": "CA_Palm.Springs.Intl", "customer_type": "School", "demand_charge": 20, "export_price": 0.0, "export_price_type": "None", "battery_size_kWh": 600, "battery_power_kW": 300.0, "min_soc": 0.05, "max_soc": 1.0, "one_way_efficiency": 0.92, "start_soc": 0.5, "n_horizon": 24, "n_control": 12}, "savings": {"old_energy_charge": -586734.3561397874, "new_energy_charge": -584035.235412196, "energy_charge_savings": 2699.120727591333, "old_demand_charge": -302251.539277078, "new_demand_charge": -277735.77180325525, "demand_charge_savings": 24515.76747382275, "retail_profits": 27214.888201414084, "battery_charge_cost": -22636.20701584067, "battery_discharge_revenues": 25335.327743431968, "battery_retail_profits": 2699.1207275912966, "battery_export_revenue": 0.0, "total_profits": 27214.888201414047, "irr": 0.06788, "npv": 8593.271}}