{"key_params": {"location": "CA_March.AFB.722860_TMY3", "customer_type": "School", "demand_charge": 20, "export_price": 0.0, "export_price_type": "None", "battery_size_kWh": 600, "battery_power_kW": 300.0, "min_soc": 0.05, "max_soc": 1.0, "one_way_efficiency": 0.92, "start_soc": 0.5, "n_horizon": 24, "n_control": 12}, "savings": {"old_energy_charge": -636432.4322359817, "new_energy_charge": -633121.7828075095, "energy_charge_savings": 3310.6494284721557, "old_demand_charge": -402586.2794019936, "new_demand_charge": -373922.8578386526, "demand_charge_savings": 28663.42156334099, "retail_profits": 31974.070991813147, "battery_charge_cost": -21956.736103641146, "battery_discharge_revenues": 25267.38553211325, "battery_retail_profits": 3310.649428472105, "battery_export_revenue": 0.0, "total_profits": 31974.070991813096, "irr": 0.09444, "npv": 38617.213}}