{"key_params": {"location": "CA_Napa.County", "customer_type": "Hotel", "demand_charge": 20, "export_price": 0.0, "export_price_type": "None", "battery_size_kWh": 600, "battery_power_kW": 300.0, "min_soc": 0.05, "max_soc": 1.0, "one_way_efficiency": 0.92, "start_soc": 0.5, "n_horizon": 24, "n_control": 12}, "savings": {"old_energy_charge": -379657.49026692443, "new_energy_charge": -375675.53236427385, "energy_charge_savings": 3981.9579026505817, "old_demand_charge": -152391.4966513343, "new_demand_charge": -115498.42587293312, "demand_charge_savings": 36893.07077840119, "retail_profits": 40875.02868105177, "battery_charge_cost": -26346.410523362167, "battery_discharge_revenues": 30328.36842601273, "battery_retail_profits": 3981.9579026505635, "battery_export_revenue": 0.0, "total_profits": 40875.02868105176, "irr": 0.14104, "npv": 94770.096}}