{"key_params": {"location": "CA_Bishop", "customer_type": "Apartment", "demand_charge": 20, "export_price": 0.0, "export_price_type": "None", "battery_size_kWh": 600, "battery_power_kW": 300.0, "min_soc": 0.05, "max_soc": 1.0, "one_way_efficiency": 0.92, "start_soc": 0.5, "n_horizon": 24, "n_control": 12}, "savings": {"old_energy_charge": -352369.067968025, "new_energy_charge": -347095.5233848891, "energy_charge_savings": 5273.544583135867, "old_demand_charge": -150344.11960556585, "new_demand_charge": -117536.62176726424, "demand_charge_savings": 32807.49783830161, "retail_profits": 38081.04242143748, "battery_charge_cost": -21468.136306416636, "battery_discharge_revenues": 26741.68088955249, "battery_retail_profits": 5273.544583135852, "battery_export_revenue": 0.0, "total_profits": 38081.042421437465, "irr": 0.12675, "npv": 77143.86}}