{"key_params": {"location": "CA_Carlsbad.722927_TMY3", "customer_type": "Hotel", "demand_charge": 20, "export_price": 0.0, "export_price_type": "None", "battery_size_kWh": 600, "battery_power_kW": 300.0, "min_soc": 0.05, "max_soc": 1.0, "one_way_efficiency": 0.92, "start_soc": 0.5, "n_horizon": 24, "n_control": 12}, "savings": {"old_energy_charge": -346336.2787644625, "new_energy_charge": -344179.1111168202, "energy_charge_savings": 2157.1676476423163, "old_demand_charge": -125219.81406356381, "new_demand_charge": -90658.22042265467, "demand_charge_savings": 34561.59364090914, "retail_profits": 36718.76128855145, "battery_charge_cost": -30210.458842910444, "battery_discharge_revenues": 32367.62649055273, "battery_retail_profits": 2157.167647642287, "battery_export_revenue": 0.0, "total_profits": 36718.761288551425, "irr": 0.11968, "npv": 68549.727}}