{"key_params": {"location": "CA_Santa.Maria.Public", "customer_type": "Apartment", "demand_charge": 20, "export_price": 0.0, "export_price_type": "None", "battery_size_kWh": 600, "battery_power_kW": 300.0, "min_soc": 0.05, "max_soc": 1.0, "one_way_efficiency": 0.92, "start_soc": 0.5, "n_horizon": 24, "n_control": 12}, "savings": {"old_energy_charge": -343230.9997137221, "new_energy_charge": -337898.7424770113, "energy_charge_savings": 5332.257236710808, "old_demand_charge": -145897.55531103685, "new_demand_charge": -112247.42684237956, "demand_charge_savings": 33650.12846865729, "retail_profits": 38982.3857053681, "battery_charge_cost": -21525.471216119193, "battery_discharge_revenues": 26857.72845282996, "battery_retail_profits": 5332.257236710768, "battery_export_revenue": 0.0, "total_profits": 38982.385705368055, "irr": 0.13139, "npv": 82830.104}}