{"key_params": {"location": "CA_Porterville.AWOS.723895_TMY3", "customer_type": "School", "demand_charge": 20, "export_price": 0.0, "export_price_type": "None", "battery_size_kWh": 600, "battery_power_kW": 300.0, "min_soc": 0.05, "max_soc": 1.0, "one_way_efficiency": 0.92, "start_soc": 0.5, "n_horizon": 24, "n_control": 12}, "savings": {"old_energy_charge": -372034.90804046055, "new_energy_charge": -369175.57424688287, "energy_charge_savings": 2859.33379357768, "old_demand_charge": -228451.93974093927, "new_demand_charge": -198358.06249468465, "demand_charge_savings": 30093.87724625462, "retail_profits": 32953.2110398323, "battery_charge_cost": -22393.448937178124, "battery_discharge_revenues": 25252.78273075575, "battery_retail_profits": 2859.3337935776253, "battery_export_revenue": 0.0, "total_profits": 32953.21103983224, "irr": 0.09973, "npv": 44794.249}}