{"key_params": {"location": "CA_South.Lake.Tahoe-Lake.Tahoe", "customer_type": "School", "demand_charge": 20, "export_price": 0.0, "export_price_type": "None", "battery_size_kWh": 600, "battery_power_kW": 300.0, "min_soc": 0.05, "max_soc": 1.0, "one_way_efficiency": 0.92, "start_soc": 0.5, "n_horizon": 24, "n_control": 12}, "savings": {"old_energy_charge": -465250.4020275543, "new_energy_charge": -463611.4438560888, "energy_charge_savings": 1638.9581714654923, "old_demand_charge": -273007.57127244107, "new_demand_charge": -245911.43238594872, "demand_charge_savings": 27096.13888649235, "retail_profits": 28735.097057957842, "battery_charge_cost": -22427.09926097296, "battery_discharge_revenues": 24066.057432438436, "battery_retail_profits": 1638.9581714654778, "battery_export_revenue": 0.0, "total_profits": 28735.097057957828, "irr": 0.07652, "npv": 18183.712}}