{"key_params": {"location": "CA_Point.Mugu.NAS.723910_TMY3", "customer_type": "Hospital", "demand_charge": 20, "export_price": 0.0, "export_price_type": "None", "battery_size_kWh": 600, "battery_power_kW": 300.0, "min_soc": 0.05, "max_soc": 1.0, "one_way_efficiency": 0.92, "start_soc": 0.5, "n_horizon": 24, "n_control": 12}, "savings": {"old_energy_charge": -247520.04303791808, "new_energy_charge": -247636.6994968494, "energy_charge_savings": -116.65645893133478, "old_demand_charge": -81383.73524879714, "new_demand_charge": -70647.64018657361, "demand_charge_savings": 10736.095062223525, "retail_profits": 10619.43860329219, "battery_charge_cost": -19502.72962363385, "battery_discharge_revenues": 19386.073164702506, "battery_retail_profits": -116.6564589313457, "battery_export_revenue": 0.0, "total_profits": 10619.43860329218, "irr": -0.05906, "npv": -104780.014}}