{"key_params": {"location": "CA_Porterville.AWOS.723895_TMY3", "customer_type": "Office", "demand_charge": 20, "export_price": 0.0, "export_price_type": "None", "battery_size_kWh": 600, "battery_power_kW": 300.0, "min_soc": 0.05, "max_soc": 1.0, "one_way_efficiency": 0.92, "start_soc": 0.5, "n_horizon": 24, "n_control": 12}, "savings": {"old_energy_charge": -408758.9431657236, "new_energy_charge": -405815.1428800767, "energy_charge_savings": 2943.8002856468665, "old_demand_charge": -250298.25811589666, "new_demand_charge": -208734.22080928122, "demand_charge_savings": 41564.03730661544, "retail_profits": 44507.83759226231, "battery_charge_cost": -23252.29415908662, "battery_discharge_revenues": 26196.094444733513, "battery_retail_profits": 2943.800285646892, "battery_export_revenue": 0.0, "total_profits": 44507.83759226234, "irr": 0.15925, "npv": 117688.157}}