{"key_params": {"location": "CA_Blythe-Riverside.County", "customer_type": "Hospital", "demand_charge": 20, "export_price": 0.0, "export_price_type": "None", "battery_size_kWh": 600, "battery_power_kW": 300.0, "min_soc": 0.05, "max_soc": 1.0, "one_way_efficiency": 0.92, "start_soc": 0.5, "n_horizon": 24, "n_control": 12}, "savings": {"old_energy_charge": -246196.36455199082, "new_energy_charge": -245958.04411964543, "energy_charge_savings": 238.32043234538287, "old_demand_charge": -82092.67670055195, "new_demand_charge": -70533.24017675432, "demand_charge_savings": 11559.43652379763, "retail_profits": 11797.756956143014, "battery_charge_cost": -19641.870676270115, "battery_discharge_revenues": 19880.191108615487, "battery_retail_profits": 238.32043234537196, "battery_export_revenue": 0.0, "total_profits": 11797.756956143003, "irr": -0.04557, "npv": -95370.42}}