{"key_params": {"location": "CA_Alturas.725958_TMY3", "customer_type": "Apartment", "demand_charge": 20, "export_price": 0.0, "export_price_type": "None", "battery_size_kWh": 600, "battery_power_kW": 300.0, "min_soc": 0.05, "max_soc": 1.0, "one_way_efficiency": 0.92, "start_soc": 0.5, "n_horizon": 24, "n_control": 12}, "savings": {"old_energy_charge": -332729.4193569619, "new_energy_charge": -327394.4145001974, "energy_charge_savings": 5335.0048567645135, "old_demand_charge": -146313.31860747535, "new_demand_charge": -112659.44517587042, "demand_charge_savings": 33653.87343160492, "retail_profits": 38988.87828836944, "battery_charge_cost": -21472.556542207472, "battery_discharge_revenues": 26807.56139897198, "battery_retail_profits": 5335.004856764506, "battery_export_revenue": 0.0, "total_profits": 38988.87828836943, "irr": 0.13142, "npv": 82871.064}}