{"key_params": {"location": "CA_Stockton.Metro", "customer_type": "Office", "demand_charge": 20, "export_price": 0.0, "export_price_type": "None", "battery_size_kWh": 600, "battery_power_kW": 300.0, "min_soc": 0.05, "max_soc": 1.0, "one_way_efficiency": 0.92, "start_soc": 0.5, "n_horizon": 24, "n_control": 12}, "savings": {"old_energy_charge": -406319.3313725474, "new_energy_charge": -403786.9526492385, "energy_charge_savings": 2532.3787233089097, "old_demand_charge": -261081.23930298866, "new_demand_charge": -216800.37205282963, "demand_charge_savings": 44280.86725015903, "retail_profits": 46813.24597346794, "battery_charge_cost": -23397.826243141786, "battery_discharge_revenues": 25930.204966450743, "battery_retail_profits": 2532.378723308957, "battery_export_revenue": 0.0, "total_profits": 46813.24597346799, "irr": 0.17062, "npv": 132232.134}}