{"key_params": {"location": "CA_Modesto.Muni", "customer_type": "Hotel", "demand_charge": 20, "export_price": 0.0, "export_price_type": "None", "battery_size_kWh": 600, "battery_power_kW": 300.0, "min_soc": 0.05, "max_soc": 1.0, "one_way_efficiency": 0.92, "start_soc": 0.5, "n_horizon": 24, "n_control": 12}, "savings": {"old_energy_charge": -377335.2072134654, "new_energy_charge": -373259.96871352097, "energy_charge_savings": 4075.2384999444475, "old_demand_charge": -153815.33618550736, "new_demand_charge": -116723.09962654329, "demand_charge_savings": 37092.23655896407, "retail_profits": 41167.475058908516, "battery_charge_cost": -25558.58963682778, "battery_discharge_revenues": 29633.828136772237, "battery_retail_profits": 4075.2384999444585, "battery_export_revenue": 0.0, "total_profits": 41167.47505890853, "irr": 0.14252, "npv": 96615.033}}