{"key_params": {"location": "CA_San.Diego-North.Island.NAS.722906_TMY3", "customer_type": "Restaurant", "demand_charge": 20, "export_price": 0.0, "export_price_type": "None", "battery_size_kWh": 600, "battery_power_kW": 300.0, "min_soc": 0.05, "max_soc": 1.0, "one_way_efficiency": 0.92, "start_soc": 0.5, "n_horizon": 24, "n_control": 12}, "savings": {"old_energy_charge": -463456.9211015099, "new_energy_charge": -462382.8688385813, "energy_charge_savings": 1074.0522629285697, "old_demand_charge": -165486.91408562672, "new_demand_charge": -134696.49467186222, "demand_charge_savings": 30790.419413764495, "retail_profits": 31864.471676693065, "battery_charge_cost": -28855.614271885974, "battery_discharge_revenues": 29929.666534814573, "battery_retail_profits": 1074.0522629285988, "battery_export_revenue": 0.0, "total_profits": 31864.471676693094, "irr": 0.09384, "npv": 37925.791}}