{"key_params": {"location": "CA_Twentynine.Palms.690150_TMY3", "customer_type": "Market", "demand_charge": 20, "export_price": 0.0, "export_price_type": "None", "battery_size_kWh": 600, "battery_power_kW": 300.0, "min_soc": 0.05, "max_soc": 1.0, "one_way_efficiency": 0.92, "start_soc": 0.5, "n_horizon": 24, "n_control": 12}, "savings": {"old_energy_charge": -405831.5256893395, "new_energy_charge": -405379.01624063775, "energy_charge_savings": 452.5094487017486, "old_demand_charge": -165258.22508596064, "new_demand_charge": -144290.25877761486, "demand_charge_savings": 20967.966308345785, "retail_profits": 21420.475757047534, "battery_charge_cost": -23667.613824023167, "battery_discharge_revenues": 24120.123272724963, "battery_retail_profits": 452.5094487017959, "battery_export_revenue": 0.0, "total_profits": 21420.47575704758, "irr": 0.03319, "npv": -27985.4}}