{"key_params": {"location": "CA_Carlsbad.722927_TMY3", "customer_type": "Office", "demand_charge": 20, "export_price": 0.0, "export_price_type": "None", "battery_size_kWh": 600, "battery_power_kW": 300.0, "min_soc": 0.05, "max_soc": 1.0, "one_way_efficiency": 0.92, "start_soc": 0.5, "n_horizon": 24, "n_control": 12}, "savings": {"old_energy_charge": -374230.5837838504, "new_energy_charge": -372659.47252757754, "energy_charge_savings": 1571.1112562728813, "old_demand_charge": -201809.2750951051, "new_demand_charge": -173951.8512854251, "demand_charge_savings": 27857.42380968001, "retail_profits": 29428.535065952892, "battery_charge_cost": -23292.07332546868, "battery_discharge_revenues": 24863.18458174161, "battery_retail_profits": 1571.1112562729322, "battery_export_revenue": 0.0, "total_profits": 29428.535065952943, "irr": 0.08041, "npv": 22558.359}}