{"key_params": {"location": "CA_Chino", "customer_type": "School", "demand_charge": 20, "export_price": 0.0, "export_price_type": "None", "battery_size_kWh": 600, "battery_power_kW": 300.0, "min_soc": 0.05, "max_soc": 1.0, "one_way_efficiency": 0.92, "start_soc": 0.5, "n_horizon": 24, "n_control": 12}, "savings": {"old_energy_charge": -368447.76662237826, "new_energy_charge": -365657.2343307916, "energy_charge_savings": 2790.5322915866855, "old_demand_charge": -238114.40916577826, "new_demand_charge": -205613.06541224523, "demand_charge_savings": 32501.34375353303, "retail_profits": 35291.876045119716, "battery_charge_cost": -22524.213272883644, "battery_discharge_revenues": 25314.745564470395, "battery_retail_profits": 2790.532291586751, "battery_export_revenue": 0.0, "total_profits": 35291.87604511978, "irr": 0.1122, "npv": 59548.03}}