{"key_params": {"location": "CA_Truckee.Tahoe", "customer_type": "Office", "demand_charge": 20, "export_price": 0.0, "export_price_type": "None", "battery_size_kWh": 600, "battery_power_kW": 300.0, "min_soc": 0.05, "max_soc": 1.0, "one_way_efficiency": 0.92, "start_soc": 0.5, "n_horizon": 24, "n_control": 12}, "savings": {"old_energy_charge": -297348.8126340548, "new_energy_charge": -297251.26601465076, "energy_charge_savings": 97.54661940404912, "old_demand_charge": -144814.35293684003, "new_demand_charge": -122110.83599766935, "demand_charge_savings": 22703.516939170688, "retail_profits": 22801.063558574737, "battery_charge_cost": -23151.3957986666, "battery_discharge_revenues": 23248.94241807065, "battery_retail_profits": 97.54661940404912, "battery_export_revenue": 0.0, "total_profits": 22801.063558574737, "irr": 0.04176, "npv": -19251.932}}