{"key_params": {"location": "CA_Sandberg.723830_TMY3", "customer_type": "Hotel", "demand_charge": 20, "export_price": 0.0, "export_price_type": "None", "battery_size_kWh": 600, "battery_power_kW": 300.0, "min_soc": 0.05, "max_soc": 1.0, "one_way_efficiency": 0.92, "start_soc": 0.5, "n_horizon": 24, "n_control": 12}, "savings": {"old_energy_charge": -363717.37642511574, "new_energy_charge": -360225.5908112055, "energy_charge_savings": 3491.785613910237, "old_demand_charge": -143765.1961493214, "new_demand_charge": -105622.3171564068, "demand_charge_savings": 38142.878992914586, "retail_profits": 41634.66460682482, "battery_charge_cost": -27947.820251997582, "battery_discharge_revenues": 31439.60586590782, "battery_retail_profits": 3491.785613910237, "battery_export_revenue": 0.0, "total_profits": 41634.66460682482, "irr": 0.14488, "npv": 99562.361}}