{"key_params": {"location": "CA_San.Diego-Montgomery.Field.722903_TMY3", "customer_type": "Hospital", "demand_charge": 20, "export_price": 0.0, "export_price_type": "None", "battery_size_kWh": 600, "battery_power_kW": 300.0, "min_soc": 0.05, "max_soc": 1.0, "one_way_efficiency": 0.92, "start_soc": 0.5, "n_horizon": 24, "n_control": 12}, "savings": {"old_energy_charge": -245891.06063581715, "new_energy_charge": -245751.53006573708, "energy_charge_savings": 139.53057008006726, "old_demand_charge": -80686.14235553329, "new_demand_charge": -70141.04393039459, "demand_charge_savings": 10545.098425138698, "retail_profits": 10684.628995218765, "battery_charge_cost": -19403.73447960084, "battery_discharge_revenues": 19543.265049680856, "battery_retail_profits": 139.53057008001633, "battery_export_revenue": 0.0, "total_profits": 10684.628995218714, "irr": -0.05829, "npv": -104259.429}}