{"key_params": {"location": "CA_Napa.County", "customer_type": "Office", "demand_charge": 20, "export_price": 0.0, "export_price_type": "None", "battery_size_kWh": 600, "battery_power_kW": 300.0, "min_soc": 0.05, "max_soc": 1.0, "one_way_efficiency": 0.92, "start_soc": 0.5, "n_horizon": 24, "n_control": 12}, "savings": {"old_energy_charge": -488088.49374657194, "new_energy_charge": -486525.579048938, "energy_charge_savings": 1562.9146976339398, "old_demand_charge": -257071.3056913953, "new_demand_charge": -227007.65320027882, "demand_charge_savings": 30063.65249111649, "retail_profits": 31626.56718875043, "battery_charge_cost": -22930.271073457756, "battery_discharge_revenues": 24493.18577109168, "battery_retail_profits": 1562.9146976339252, "battery_export_revenue": 0.0, "total_profits": 31626.567188750414, "irr": 0.09254, "npv": 36424.939}}