{"key_params": {"location": "CA_San.Diego-Montgomery.Field.722903_TMY3", "customer_type": "Hotel", "demand_charge": 20, "export_price": 0.0, "export_price_type": "None", "battery_size_kWh": 600, "battery_power_kW": 300.0, "min_soc": 0.05, "max_soc": 1.0, "one_way_efficiency": 0.92, "start_soc": 0.5, "n_horizon": 24, "n_control": 12}, "savings": {"old_energy_charge": -367837.2243002937, "new_energy_charge": -364344.9674874925, "energy_charge_savings": 3492.2568128012354, "old_demand_charge": -142664.47183718497, "new_demand_charge": -104629.58961562502, "demand_charge_savings": 38034.88222155995, "retail_profits": 41527.139034361186, "battery_charge_cost": -28036.77687750677, "battery_discharge_revenues": 31529.033690307988, "battery_retail_profits": 3492.256812801217, "battery_export_revenue": 0.0, "total_profits": 41527.13903436117, "irr": 0.14434, "npv": 98884.021}}