{"key_params": {"location": "CA_Red.Bluff.Muni", "customer_type": "Office", "demand_charge": 20, "export_price": 0.0, "export_price_type": "None", "battery_size_kWh": 600, "battery_power_kW": 300.0, "min_soc": 0.05, "max_soc": 1.0, "one_way_efficiency": 0.92, "start_soc": 0.5, "n_horizon": 24, "n_control": 12}, "savings": {"old_energy_charge": -319149.4771878997, "new_energy_charge": -318403.2778260984, "energy_charge_savings": 746.1993618013221, "old_demand_charge": -165315.86983480467, "new_demand_charge": -139797.8649048561, "demand_charge_savings": 25518.00492994857, "retail_profits": 26264.20429174989, "battery_charge_cost": -23134.717010543205, "battery_discharge_revenues": 23880.91637234449, "battery_retail_profits": 746.1993618012857, "battery_export_revenue": 0.0, "total_profits": 26264.204291749855, "irr": 0.0624, "npv": 2595.755}}