{"key_params": {"location": "CA_Merced-Macready.Field.724815_TMY3", "customer_type": "Restaurant", "demand_charge": 20, "export_price": 0.0, "export_price_type": "None", "battery_size_kWh": 600, "battery_power_kW": 300.0, "min_soc": 0.05, "max_soc": 1.0, "one_way_efficiency": 0.92, "start_soc": 0.5, "n_horizon": 24, "n_control": 12}, "savings": {"old_energy_charge": -456723.7288346458, "new_energy_charge": -456129.2036120193, "energy_charge_savings": 594.5252226265147, "old_demand_charge": -166942.81265380717, "new_demand_charge": -139928.67145636544, "demand_charge_savings": 27014.141197441728, "retail_profits": 27608.666420068243, "battery_charge_cost": -28336.753258989127, "battery_discharge_revenues": 28931.278481615704, "battery_retail_profits": 594.5252226265766, "battery_export_revenue": 0.0, "total_profits": 27608.666420068304, "irr": 0.07014, "npv": 11077.474}}