{"key_params": {"location": "CA_Bakersfield-Meadows.Field.723840_TMY3", "customer_type": "School", "demand_charge": 20, "export_price": 0.0, "export_price_type": "None", "battery_size_kWh": 600, "battery_power_kW": 300.0, "min_soc": 0.05, "max_soc": 1.0, "one_way_efficiency": 0.92, "start_soc": 0.5, "n_horizon": 24, "n_control": 12}, "savings": {"old_energy_charge": -381295.8942607319, "new_energy_charge": -378030.08599735785, "energy_charge_savings": 3265.808263374027, "old_demand_charge": -229061.69276408735, "new_demand_charge": -200475.39419061868, "demand_charge_savings": 28586.298573468666, "retail_profits": 31852.106836842693, "battery_charge_cost": -21995.42260827179, "battery_discharge_revenues": 25261.230871645832, "battery_retail_profits": 3265.8082633740414, "battery_export_revenue": 0.0, "total_profits": 31852.106836842708, "irr": 0.09377, "npv": 37847.786}}