{"key_params": {"location": "CA_Arcata", "customer_type": "Office", "demand_charge": 20, "export_price": 0.0, "export_price_type": "None", "battery_size_kWh": 600, "battery_power_kW": 300.0, "min_soc": 0.05, "max_soc": 1.0, "one_way_efficiency": 0.92, "start_soc": 0.5, "n_horizon": 24, "n_control": 12}, "savings": {"old_energy_charge": -435361.2560501222, "new_energy_charge": -432510.2485806239, "energy_charge_savings": 2851.0074694983196, "old_demand_charge": -240938.4595781375, "new_demand_charge": -214240.39611918296, "demand_charge_savings": 26698.063458954537, "retail_profits": 29549.070928452857, "battery_charge_cost": -22606.076315399478, "battery_discharge_revenues": 25457.083784897794, "battery_retail_profits": 2851.007469498316, "battery_export_revenue": 0.0, "total_profits": 29549.070928452853, "irr": 0.08108, "npv": 23318.775}}