{"key_params": {"location": "CA_San.Diego-Lindbergh.Field.722900_TMY3", "customer_type": "School", "demand_charge": 20, "export_price": 0.0, "export_price_type": "None", "battery_size_kWh": 600, "battery_power_kW": 300.0, "min_soc": 0.05, "max_soc": 1.0, "one_way_efficiency": 0.92, "start_soc": 0.5, "n_horizon": 24, "n_control": 12}, "savings": {"old_energy_charge": -355603.7366888035, "new_energy_charge": -353191.0286249417, "energy_charge_savings": 2412.7080638617626, "old_demand_charge": -204172.0080219593, "new_demand_charge": -177992.8883707154, "demand_charge_savings": 26179.119651243906, "retail_profits": 28591.827715105668, "battery_charge_cost": -22534.418081394164, "battery_discharge_revenues": 24947.126145255923, "battery_retail_profits": 2412.708063861759, "battery_export_revenue": 0.0, "total_profits": 28591.827715105665, "irr": 0.07572, "npv": 17279.879}}