{"key_params": {"location": "CA_Santa.Rosa.AWOS.724957_TMY3", "customer_type": "Market", "demand_charge": 20, "export_price": 0.0, "export_price_type": "None", "battery_size_kWh": 600, "battery_power_kW": 300.0, "min_soc": 0.05, "max_soc": 1.0, "one_way_efficiency": 0.92, "start_soc": 0.5, "n_horizon": 24, "n_control": 12}, "savings": {"old_energy_charge": -380852.6130751238, "new_energy_charge": -380187.3544759129, "energy_charge_savings": 665.2585992108798, "old_demand_charge": -151810.04205934482, "new_demand_charge": -129904.82949020634, "demand_charge_savings": 21905.212569138486, "retail_profits": 22570.471168349366, "battery_charge_cost": -23644.458890845195, "battery_discharge_revenues": 24309.717490056028, "battery_retail_profits": 665.2585992108325, "battery_export_revenue": 0.0, "total_profits": 22570.47116834932, "irr": 0.04035, "npv": -20706.655}}