{"key_params": {"location": "CA_South.Lake.Tahoe-Lake.Tahoe", "customer_type": "Restaurant", "demand_charge": 20, "export_price": 0.0, "export_price_type": "None", "battery_size_kWh": 600, "battery_power_kW": 300.0, "min_soc": 0.05, "max_soc": 1.0, "one_way_efficiency": 0.92, "start_soc": 0.5, "n_horizon": 24, "n_control": 12}, "savings": {"old_energy_charge": -474523.093008453, "new_energy_charge": -474655.41135328205, "energy_charge_savings": -132.31834482902195, "old_demand_charge": -161432.67108135042, "new_demand_charge": -133864.2215969902, "demand_charge_savings": 27568.44948436023, "retail_profits": 27436.131139531208, "battery_charge_cost": -29100.703071845757, "battery_discharge_revenues": 28968.38472701673, "battery_retail_profits": -132.3183448290256, "battery_export_revenue": 0.0, "total_profits": 27436.131139531204, "irr": 0.06915, "npv": 9989.012}}