{"key_params": {"location": "CA_Arcata", "customer_type": "School", "demand_charge": 20, "export_price": 0.0, "export_price_type": "None", "battery_size_kWh": 600, "battery_power_kW": 300.0, "min_soc": 0.05, "max_soc": 1.0, "one_way_efficiency": 0.92, "start_soc": 0.5, "n_horizon": 24, "n_control": 12}, "savings": {"old_energy_charge": -320278.8002906823, "new_energy_charge": -319498.7203564303, "energy_charge_savings": 780.0799342520186, "old_demand_charge": -166145.6936445358, "new_demand_charge": -142079.14938715153, "demand_charge_savings": 24066.54425738426, "retail_profits": 24846.624191636278, "battery_charge_cost": -23105.64509203791, "battery_discharge_revenues": 23885.725026289896, "battery_retail_profits": 780.0799342519858, "battery_export_revenue": 0.0, "total_profits": 24846.624191636245, "irr": 0.05408, "npv": -6347.239}}