{"key_params": {"location": "CA_Fairfield-Travis.AFB.745160_TMY3", "customer_type": "School", "demand_charge": 20, "export_price": 0.0, "export_price_type": "None", "battery_size_kWh": 600, "battery_power_kW": 300.0, "min_soc": 0.05, "max_soc": 1.0, "one_way_efficiency": 0.92, "start_soc": 0.5, "n_horizon": 24, "n_control": 12}, "savings": {"old_energy_charge": -359087.60036917526, "new_energy_charge": -356961.0158732626, "energy_charge_savings": 2126.5844959126553, "old_demand_charge": -223064.72088113092, "new_demand_charge": -194001.5104894683, "demand_charge_savings": 29063.210391662637, "retail_profits": 31189.79488757529, "battery_charge_cost": -22691.874293151854, "battery_discharge_revenues": 24818.458789064578, "battery_retail_profits": 2126.5844959127244, "battery_export_revenue": 0.0, "total_profits": 31189.79488757536, "irr": 0.09015, "npv": 33669.502}}