{"key_params": {"location": "CA_South.Lake.Tahoe-Lake.Tahoe", "customer_type": "Office", "demand_charge": 20, "export_price": 0.0, "export_price_type": "None", "battery_size_kWh": 600, "battery_power_kW": 300.0, "min_soc": 0.05, "max_soc": 1.0, "one_way_efficiency": 0.92, "start_soc": 0.5, "n_horizon": 24, "n_control": 12}, "savings": {"old_energy_charge": -409975.81929695973, "new_energy_charge": -406726.2964506887, "energy_charge_savings": 3249.522846271051, "old_demand_charge": -256728.021725131, "new_demand_charge": -204837.6200819014, "demand_charge_savings": 51890.40164322959, "retail_profits": 55139.92448950064, "battery_charge_cost": -24503.320560234162, "battery_discharge_revenues": 27752.843406505282, "battery_retail_profits": 3249.52284627112, "battery_export_revenue": 0.0, "total_profits": 55139.924489500714, "irr": 0.21077, "npv": 184762.1}}