{"key_params": {"location": "CA_Palm.Springs.Intl", "customer_type": "Restaurant", "demand_charge": 20, "export_price": 0.0, "export_price_type": "None", "battery_size_kWh": 600, "battery_power_kW": 300.0, "min_soc": 0.05, "max_soc": 1.0, "one_way_efficiency": 0.92, "start_soc": 0.5, "n_horizon": 24, "n_control": 12}, "savings": {"old_energy_charge": -496497.5506152077, "new_energy_charge": -494872.61071765405, "energy_charge_savings": 1624.939897553646, "old_demand_charge": -180135.27407681715, "new_demand_charge": -155728.5642340612, "demand_charge_savings": 24406.709842755954, "retail_profits": 26031.6497403096, "battery_charge_cost": -27046.38606708246, "battery_discharge_revenues": 28671.325964636097, "battery_retail_profits": 1624.939897553635, "battery_export_revenue": 0.0, "total_profits": 26031.64974030959, "irr": 0.06104, "npv": 1128.653}}