{"key_params": {"location": "CA_Santa.Rosa.AWOS.724957_TMY3", "customer_type": "Hotel", "demand_charge": 20, "export_price": 0.0, "export_price_type": "None", "battery_size_kWh": 600, "battery_power_kW": 300.0, "min_soc": 0.05, "max_soc": 1.0, "one_way_efficiency": 0.92, "start_soc": 0.5, "n_horizon": 24, "n_control": 12}, "savings": {"old_energy_charge": -350734.4101420821, "new_energy_charge": -348252.60257552646, "energy_charge_savings": 2481.8075665556244, "old_demand_charge": -131389.87868607038, "new_demand_charge": -94647.21193011821, "demand_charge_savings": 36742.666755952174, "retail_profits": 39224.4743225078, "battery_charge_cost": -29691.696397972373, "battery_discharge_revenues": 32173.503964527994, "battery_retail_profits": 2481.8075665556207, "battery_export_revenue": 0.0, "total_profits": 39224.4743225078, "irr": 0.13263, "npv": 84357.353}}