{"key_params": {"location": "CA_Bishop", "customer_type": "Market", "demand_charge": 20, "export_price": 0.0, "export_price_type": "None", "battery_size_kWh": 600, "battery_power_kW": 300.0, "min_soc": 0.05, "max_soc": 1.0, "one_way_efficiency": 0.92, "start_soc": 0.5, "n_horizon": 24, "n_control": 12}, "savings": {"old_energy_charge": -422755.7013522802, "new_energy_charge": -422301.66133127117, "energy_charge_savings": 454.0400210090447, "old_demand_charge": -168581.34702810395, "new_demand_charge": -146269.1256371004, "demand_charge_savings": 22312.22139100355, "retail_profits": 22766.261412012595, "battery_charge_cost": -23594.663073797117, "battery_discharge_revenues": 24048.70309480624, "battery_retail_profits": 454.0400210091211, "battery_export_revenue": 0.0, "total_profits": 22766.26141201267, "irr": 0.04155, "npv": -19471.486}}