{"key_params": {"location": "CA_Sacramento.Metro", "customer_type": "School", "demand_charge": 20, "export_price": 0.0, "export_price_type": "None", "battery_size_kWh": 600, "battery_power_kW": 300.0, "min_soc": 0.05, "max_soc": 1.0, "one_way_efficiency": 0.92, "start_soc": 0.5, "n_horizon": 24, "n_control": 12}, "savings": {"old_energy_charge": -365495.69464869954, "new_energy_charge": -363441.59175770415, "energy_charge_savings": 2054.1028909953893, "old_demand_charge": -225922.61741109836, "new_demand_charge": -195962.60589922912, "demand_charge_savings": 29960.011511869234, "retail_profits": 32014.114402864623, "battery_charge_cost": -22582.922836311285, "battery_discharge_revenues": 24637.025727306693, "battery_retail_profits": 2054.1028909954075, "battery_export_revenue": 0.0, "total_profits": 32014.11440286464, "irr": 0.09465, "npv": 38869.832}}