{"key_params": {"location": "CA_Modesto.Muni", "customer_type": "Market", "demand_charge": 20, "export_price": 0.0, "export_price_type": "None", "battery_size_kWh": 600, "battery_power_kW": 300.0, "min_soc": 0.05, "max_soc": 1.0, "one_way_efficiency": 0.92, "start_soc": 0.5, "n_horizon": 24, "n_control": 12}, "savings": {"old_energy_charge": -384043.94010240096, "new_energy_charge": -383025.27374925016, "energy_charge_savings": 1018.6663531507947, "old_demand_charge": -153528.49152992494, "new_demand_charge": -133936.62349821228, "demand_charge_savings": 19591.868031712656, "retail_profits": 20610.53438486345, "battery_charge_cost": -23643.660313972236, "battery_discharge_revenues": 24662.326667123056, "battery_retail_profits": 1018.6663531508202, "battery_export_revenue": 0.0, "total_profits": 20610.534384863477, "irr": 0.02799, "npv": -33151.009}}