{"key_params": {"location": "CA_San.Jose.Intl", "customer_type": "School", "demand_charge": 20, "export_price": 0.0, "export_price_type": "None", "battery_size_kWh": 600, "battery_power_kW": 300.0, "min_soc": 0.05, "max_soc": 1.0, "one_way_efficiency": 0.92, "start_soc": 0.5, "n_horizon": 24, "n_control": 12}, "savings": {"old_energy_charge": -349987.8160186495, "new_energy_charge": -347676.5590674279, "energy_charge_savings": 2311.256951221614, "old_demand_charge": -206422.05350779695, "new_demand_charge": -173095.4927075833, "demand_charge_savings": 33326.56080021366, "retail_profits": 35637.81775143527, "battery_charge_cost": -22662.419241023046, "battery_discharge_revenues": 24973.676192244693, "battery_retail_profits": 2311.256951221647, "battery_export_revenue": 0.0, "total_profits": 35637.8177514353, "irr": 0.11402, "npv": 61730.45}}