{"key_params": {"location": "CA_Yuba.County", "customer_type": "School", "demand_charge": 20, "export_price": 0.0, "export_price_type": "None", "battery_size_kWh": 600, "battery_power_kW": 300.0, "min_soc": 0.05, "max_soc": 1.0, "one_way_efficiency": 0.92, "start_soc": 0.5, "n_horizon": 24, "n_control": 12}, "savings": {"old_energy_charge": -368856.2711195836, "new_energy_charge": -366265.54010315076, "energy_charge_savings": 2590.7310164328082, "old_demand_charge": -223354.11974411938, "new_demand_charge": -194350.17986717506, "demand_charge_savings": 29003.93987694432, "retail_profits": 31594.67089337713, "battery_charge_cost": -22338.453140147445, "battery_discharge_revenues": 24929.184156580242, "battery_retail_profits": 2590.7310164327973, "battery_export_revenue": 0.0, "total_profits": 31594.67089337712, "irr": 0.09237, "npv": 36223.717}}