{"key_params": {"location": "CA_San.Diego-Miramar.NAS.722930_TMY3", "customer_type": "School", "demand_charge": 20, "export_price": 0.0, "export_price_type": "None", "battery_size_kWh": 600, "battery_power_kW": 300.0, "min_soc": 0.05, "max_soc": 1.0, "one_way_efficiency": 0.92, "start_soc": 0.5, "n_horizon": 24, "n_control": 12}, "savings": {"old_energy_charge": -355387.5431265327, "new_energy_charge": -353115.10592926154, "energy_charge_savings": 2272.4371972711524, "old_demand_charge": -212512.13812592928, "new_demand_charge": -181849.68751406437, "demand_charge_savings": 30662.450611864915, "retail_profits": 32934.88780913607, "battery_charge_cost": -22759.27239761717, "battery_discharge_revenues": 25031.7095948883, "battery_retail_profits": 2272.4371972711306, "battery_export_revenue": 0.0, "total_profits": 32934.887809136046, "irr": 0.09963, "npv": 44678.654}}