{"key_params": {"location": "CA_Chino", "customer_type": "Office", "demand_charge": 20, "export_price": 0.0, "export_price_type": "None", "battery_size_kWh": 600, "battery_power_kW": 300.0, "min_soc": 0.05, "max_soc": 1.0, "one_way_efficiency": 0.92, "start_soc": 0.5, "n_horizon": 24, "n_control": 12}, "savings": {"old_energy_charge": -525597.4341778146, "new_energy_charge": -524787.6177510407, "energy_charge_savings": 809.8164267739048, "old_demand_charge": -261968.09651767075, "new_demand_charge": -234576.8773427098, "demand_charge_savings": 27391.21917496095, "retail_profits": 28201.035601734853, "battery_charge_cost": -23065.96427532464, "battery_discharge_revenues": 23875.780702098466, "battery_retail_profits": 809.8164267738248, "battery_export_revenue": 0.0, "total_profits": 28201.035601734773, "irr": 0.07351, "npv": 14814.514}}