{"key_params": {"location": "CA_Lemoore.NAS.747020_TMY3", "customer_type": "Hotel", "demand_charge": 20, "export_price": 0.0, "export_price_type": "None", "battery_size_kWh": 600, "battery_power_kW": 300.0, "min_soc": 0.05, "max_soc": 1.0, "one_way_efficiency": 0.92, "start_soc": 0.5, "n_horizon": 24, "n_control": 12}, "savings": {"old_energy_charge": -380844.3869446951, "new_energy_charge": -376701.95286779955, "energy_charge_savings": 4142.43407689553, "old_demand_charge": -155201.95007802703, "new_demand_charge": -117933.16470475569, "demand_charge_savings": 37268.78537327134, "retail_profits": 41411.21945016687, "battery_charge_cost": -25070.006064677622, "battery_discharge_revenues": 29212.44014157322, "battery_retail_profits": 4142.434076895599, "battery_export_revenue": 0.0, "total_profits": 41411.219450166944, "irr": 0.14375, "npv": 98152.727}}