{"key_params": {"location": "CA_Needles", "customer_type": "Restaurant", "demand_charge": 20, "export_price": 0.0, "export_price_type": "None", "battery_size_kWh": 600, "battery_power_kW": 300.0, "min_soc": 0.05, "max_soc": 1.0, "one_way_efficiency": 0.92, "start_soc": 0.5, "n_horizon": 24, "n_control": 12}, "savings": {"old_energy_charge": -555596.7595310353, "new_energy_charge": -553082.192916125, "energy_charge_savings": 2514.566614910378, "old_demand_charge": -199523.926679749, "new_demand_charge": -171524.2542217666, "demand_charge_savings": 27999.672457982408, "retail_profits": 30514.239072892786, "battery_charge_cost": -25409.49311764066, "battery_discharge_revenues": 27924.059732551133, "battery_retail_profits": 2514.5666149104727, "battery_export_revenue": 0.0, "total_profits": 30514.23907289288, "irr": 0.08644, "npv": 29407.668}}