{"key_params": {"location": "CA_Edwards.AFB.723810_TMY3", "customer_type": "Office", "demand_charge": 20, "export_price": 0.0, "export_price_type": "None", "battery_size_kWh": 600, "battery_power_kW": 300.0, "min_soc": 0.05, "max_soc": 1.0, "one_way_efficiency": 0.92, "start_soc": 0.5, "n_horizon": 24, "n_control": 12}, "savings": {"old_energy_charge": -323308.8098083572, "new_energy_charge": -322074.9588078065, "energy_charge_savings": 1233.851000550727, "old_demand_charge": -168278.75184434484, "new_demand_charge": -142652.80881606275, "demand_charge_savings": 25625.943028282083, "retail_profits": 26859.79402883281, "battery_charge_cost": -23006.308848643475, "battery_discharge_revenues": 24240.159849194268, "battery_retail_profits": 1233.8510005507924, "battery_export_revenue": 0.0, "total_profits": 26859.794028832875, "irr": 0.06584, "npv": 6353.112}}