{"key_params": {"location": "CA_Lancaster-Gen.Wm.Fox.Field.723816_TMY3", "customer_type": "Restaurant", "demand_charge": 20, "export_price": 0.0, "export_price_type": "None", "battery_size_kWh": 600, "battery_power_kW": 300.0, "min_soc": 0.05, "max_soc": 1.0, "one_way_efficiency": 0.92, "start_soc": 0.5, "n_horizon": 24, "n_control": 12}, "savings": {"old_energy_charge": -504967.749734893, "new_energy_charge": -503069.4967952718, "energy_charge_savings": 1898.2529396211612, "old_demand_charge": -189853.0705661923, "new_demand_charge": -159776.90104529206, "demand_charge_savings": 30076.169520900236, "retail_profits": 31974.422460521397, "battery_charge_cost": -26177.77033756616, "battery_discharge_revenues": 28076.023277187345, "battery_retail_profits": 1898.2529396211867, "battery_export_revenue": 0.0, "total_profits": 31974.422460521422, "irr": 0.09444, "npv": 38619.43}}