{"key_params": {"location": "CA_Salinas.Muni", "customer_type": "Apartment", "demand_charge": 20, "export_price": 0.0, "export_price_type": "None", "battery_size_kWh": 600, "battery_power_kW": 300.0, "min_soc": 0.05, "max_soc": 1.0, "one_way_efficiency": 0.92, "start_soc": 0.5, "n_horizon": 24, "n_control": 12}, "savings": {"old_energy_charge": -339649.22598842275, "new_energy_charge": -334251.7185970508, "energy_charge_savings": 5397.507391371939, "old_demand_charge": -148372.17809038569, "new_demand_charge": -113601.99762477705, "demand_charge_savings": 34770.18046560863, "retail_profits": 40167.68785698057, "battery_charge_cost": -21480.100736569002, "battery_discharge_revenues": 26877.60812794096, "battery_retail_profits": 5397.507391371957, "battery_export_revenue": 0.0, "total_profits": 40167.687856980585, "irr": 0.13745, "npv": 90307.742}}