{"key_params": {"location": "CA_Truckee.Tahoe", "customer_type": "Office", "demand_charge": 20, "export_price": 0.0, "export_price_type": "None", "battery_size_kWh": 600, "battery_power_kW": 300.0, "min_soc": 0.05, "max_soc": 1.0, "one_way_efficiency": 0.92, "start_soc": 0.5, "n_horizon": 24, "n_control": 12}, "savings": {"old_energy_charge": -439759.5142174573, "new_energy_charge": -438221.45667376654, "energy_charge_savings": 1538.057543690782, "old_demand_charge": -224784.7144875889, "new_demand_charge": -196651.52792639213, "demand_charge_savings": 28133.18656119678, "retail_profits": 29671.244104887563, "battery_charge_cost": -22928.671589621383, "battery_discharge_revenues": 24466.729133312194, "battery_retail_profits": 1538.0575436908111, "battery_export_revenue": 0.0, "total_profits": 29671.24410488759, "irr": 0.08177, "npv": 24089.521}}