{"key_params": {"location": "CA_Blue.Canyon", "customer_type": "School", "demand_charge": 20, "export_price": 0.0, "export_price_type": "None", "battery_size_kWh": 600, "battery_power_kW": 300.0, "min_soc": 0.05, "max_soc": 1.0, "one_way_efficiency": 0.92, "start_soc": 0.5, "n_horizon": 24, "n_control": 12}, "savings": {"old_energy_charge": -335329.9149641015, "new_energy_charge": -334362.6382875863, "energy_charge_savings": 967.2766765152337, "old_demand_charge": -181588.54958913013, "new_demand_charge": -157993.41293063125, "demand_charge_savings": 23595.136658498872, "retail_profits": 24562.413335014106, "battery_charge_cost": -23093.28754637, "battery_discharge_revenues": 24060.564222885263, "battery_retail_profits": 967.2766765152628, "battery_export_revenue": 0.0, "total_profits": 24562.413335014135, "irr": 0.05239, "npv": -8140.221}}