{"key_params": {"location": "CA_Hawthorne-Jack.Northrop.Field.722956_TMY3", "customer_type": "Hotel", "demand_charge": 20, "export_price": 0.0, "export_price_type": "None", "battery_size_kWh": 600, "battery_power_kW": 300.0, "min_soc": 0.05, "max_soc": 1.0, "one_way_efficiency": 0.92, "start_soc": 0.5, "n_horizon": 24, "n_control": 12}, "savings": {"old_energy_charge": -367036.0400757053, "new_energy_charge": -363538.8170812225, "energy_charge_savings": 3497.222994482843, "old_demand_charge": -142973.72073057803, "new_demand_charge": -105066.49981805713, "demand_charge_savings": 37907.220912520905, "retail_profits": 41404.44390700375, "battery_charge_cost": -28006.8453883826, "battery_discharge_revenues": 31504.06838286554, "battery_retail_profits": 3497.222994482938, "battery_export_revenue": 0.0, "total_profits": 41404.44390700384, "irr": 0.14372, "npv": 98109.983}}