{"key_params": {"location": "CA_Santa.Barbara.Muni", "customer_type": "School", "demand_charge": 20, "export_price": 0.0, "export_price_type": "None", "battery_size_kWh": 600, "battery_power_kW": 300.0, "min_soc": 0.05, "max_soc": 1.0, "one_way_efficiency": 0.92, "start_soc": 0.5, "n_horizon": 24, "n_control": 12}, "savings": {"old_energy_charge": -349368.3583503551, "new_energy_charge": -347365.36370033305, "energy_charge_savings": 2002.9946500220685, "old_demand_charge": -197756.53201550274, "new_demand_charge": -168202.65538422015, "demand_charge_savings": 29553.87663128259, "retail_profits": 31556.87128130466, "battery_charge_cost": -22648.525826178386, "battery_discharge_revenues": 24651.520476200512, "battery_retail_profits": 2002.9946500221267, "battery_export_revenue": 0.0, "total_profits": 31556.871281304717, "irr": 0.09216, "npv": 35985.253}}