{"key_params": {"location": "CA_San.Luis.Obispo", "customer_type": "Apartment", "demand_charge": 20, "export_price": 0.0, "export_price_type": "None", "battery_size_kWh": 600, "battery_power_kW": 300.0, "min_soc": 0.05, "max_soc": 1.0, "one_way_efficiency": 0.92, "start_soc": 0.5, "n_horizon": 24, "n_control": 12}, "savings": {"old_energy_charge": -347319.35066509666, "new_energy_charge": -342025.1690687764, "energy_charge_savings": 5294.181596320239, "old_demand_charge": -153664.3246155312, "new_demand_charge": -119035.72072082074, "demand_charge_savings": 34628.60389471045, "retail_profits": 39922.78549103069, "battery_charge_cost": -21543.26848389614, "battery_discharge_revenues": 26837.450080216397, "battery_retail_profits": 5294.181596320257, "battery_export_revenue": 0.0, "total_profits": 39922.78549103071, "irr": 0.1362, "npv": 88762.742}}