{"key_params": {"location": "CA_Palm.Springs.Intl", "customer_type": "Office", "demand_charge": 20, "export_price": 0.0, "export_price_type": "None", "battery_size_kWh": 600, "battery_power_kW": 300.0, "min_soc": 0.05, "max_soc": 1.0, "one_way_efficiency": 0.92, "start_soc": 0.5, "n_horizon": 24, "n_control": 12}, "savings": {"old_energy_charge": -493841.09216227627, "new_energy_charge": -492621.2911022443, "energy_charge_savings": 1219.801060031983, "old_demand_charge": -232145.37122897527, "new_demand_charge": -205104.5404926603, "demand_charge_savings": 27040.830736314965, "retail_profits": 28260.63179634695, "battery_charge_cost": -23341.894289928823, "battery_discharge_revenues": 24561.695349960763, "battery_retail_profits": 1219.8010600319394, "battery_export_revenue": 0.0, "total_profits": 28260.631796346905, "irr": 0.07384, "npv": 15190.485}}