{"key_params": {"location": "CA_Van.Nuys", "customer_type": "Hotel", "demand_charge": 20, "export_price": 0.0, "export_price_type": "None", "battery_size_kWh": 600, "battery_power_kW": 300.0, "min_soc": 0.05, "max_soc": 1.0, "one_way_efficiency": 0.92, "start_soc": 0.5, "n_horizon": 24, "n_control": 12}, "savings": {"old_energy_charge": -331590.53998977033, "new_energy_charge": -329620.40736456716, "energy_charge_savings": 1970.1326252031722, "old_demand_charge": -119862.93260458086, "new_demand_charge": -85712.92622235285, "demand_charge_savings": 34150.006382228006, "retail_profits": 36120.13900743118, "battery_charge_cost": -30334.80634685708, "battery_discharge_revenues": 32304.938972060278, "battery_retail_profits": 1970.1326252031977, "battery_export_revenue": 0.0, "total_profits": 36120.13900743121, "irr": 0.11655, "npv": 64773.238}}