{"key_params": {"location": "CA_Van.Nuys", "customer_type": "Office", "demand_charge": 20, "export_price": 0.0, "export_price_type": "None", "battery_size_kWh": 600, "battery_power_kW": 300.0, "min_soc": 0.05, "max_soc": 1.0, "one_way_efficiency": 0.92, "start_soc": 0.5, "n_horizon": 24, "n_control": 12}, "savings": {"old_energy_charge": -316118.64975213556, "new_energy_charge": -314511.5893683217, "energy_charge_savings": 1607.0603838138632, "old_demand_charge": -171908.734056995, "new_demand_charge": -145484.22227187257, "demand_charge_savings": 26424.51178512242, "retail_profits": 28031.572168936284, "battery_charge_cost": -23103.992323394352, "battery_discharge_revenues": 24711.052707208317, "battery_retail_profits": 1607.060383813965, "battery_export_revenue": 0.0, "total_profits": 28031.572168936385, "irr": 0.07255, "npv": 13745.431}}