{"key_params": {"location": "CA_Stockton.Metro", "customer_type": "Hospital", "demand_charge": 20, "export_price": 0.0, "export_price_type": "None", "battery_size_kWh": 600, "battery_power_kW": 300.0, "min_soc": 0.05, "max_soc": 1.0, "one_way_efficiency": 0.92, "start_soc": 0.5, "n_horizon": 24, "n_control": 12}, "savings": {"old_energy_charge": -246392.78682833505, "new_energy_charge": -246414.37750454852, "energy_charge_savings": -21.590676213469123, "old_demand_charge": -81010.86720611317, "new_demand_charge": -70211.65682982757, "demand_charge_savings": 10799.210376285599, "retail_profits": 10777.61970007213, "battery_charge_cost": -19587.068416184702, "battery_discharge_revenues": 19565.477739971244, "battery_retail_profits": -21.59067621345821, "battery_export_revenue": 0.0, "total_profits": 10777.61970007214, "irr": -0.05719, "npv": -103516.841}}