{"key_params": {"location": "CA_Edwards.AFB.723810_TMY3", "customer_type": "Apartment", "demand_charge": 20, "export_price": 0.0, "export_price_type": "None", "battery_size_kWh": 600, "battery_power_kW": 300.0, "min_soc": 0.05, "max_soc": 1.0, "one_way_efficiency": 0.92, "start_soc": 0.5, "n_horizon": 24, "n_control": 12}, "savings": {"old_energy_charge": -346846.05308451114, "new_energy_charge": -341583.5426342577, "energy_charge_savings": 5262.510450253438, "old_demand_charge": -149772.1348918481, "new_demand_charge": -117141.60013653713, "demand_charge_savings": 32630.534755310975, "retail_profits": 37893.04520556441, "battery_charge_cost": -21520.569428496845, "battery_discharge_revenues": 26783.079878750268, "battery_retail_profits": 5262.510450253423, "battery_export_revenue": 0.0, "total_profits": 37893.0452055644, "irr": 0.12578, "npv": 75957.854}}