{"key_params": {"location": "CA_Bishop", "customer_type": "Office", "demand_charge": 20, "export_price": 0.0, "export_price_type": "None", "battery_size_kWh": 600, "battery_power_kW": 300.0, "min_soc": 0.05, "max_soc": 1.0, "one_way_efficiency": 0.92, "start_soc": 0.5, "n_horizon": 24, "n_control": 12}, "savings": {"old_energy_charge": -486083.66768149263, "new_energy_charge": -484901.41195551795, "energy_charge_savings": 1182.2557259746827, "old_demand_charge": -244356.1348412269, "new_demand_charge": -216106.08837540832, "demand_charge_savings": 28250.046465818596, "retail_profits": 29432.30219179328, "battery_charge_cost": -22979.03562809124, "battery_discharge_revenues": 24161.291354065932, "battery_retail_profits": 1182.2557259746936, "battery_export_revenue": 0.0, "total_profits": 29432.30219179329, "irr": 0.08043, "npv": 22582.124}}