{"key_params": {"location": "CA_Monterey.NAF.724915_TMY3", "customer_type": "Hotel", "demand_charge": 20, "export_price": 0.0, "export_price_type": "None", "battery_size_kWh": 600, "battery_power_kW": 300.0, "min_soc": 0.05, "max_soc": 1.0, "one_way_efficiency": 0.92, "start_soc": 0.5, "n_horizon": 24, "n_control": 12}, "savings": {"old_energy_charge": -373756.693919063, "new_energy_charge": -370086.6719505019, "energy_charge_savings": 3670.021968561108, "old_demand_charge": -148850.53099404206, "new_demand_charge": -110399.7224918794, "demand_charge_savings": 38450.80850216266, "retail_profits": 42120.83047072377, "battery_charge_cost": -27653.361437662716, "battery_discharge_revenues": 31323.383406223897, "battery_retail_profits": 3670.021968561181, "battery_export_revenue": 0.0, "total_profits": 42120.83047072384, "irr": 0.14733, "npv": 102629.403}}