{"key_params": {"location": "CA_Paso.Robles.Muni", "customer_type": "Office", "demand_charge": 20, "export_price": 0.0, "export_price_type": "None", "battery_size_kWh": 600, "battery_power_kW": 300.0, "min_soc": 0.05, "max_soc": 1.0, "one_way_efficiency": 0.92, "start_soc": 0.5, "n_horizon": 24, "n_control": 12}, "savings": {"old_energy_charge": -306935.0425730705, "new_energy_charge": -305125.12671681726, "energy_charge_savings": 1809.9158562532393, "old_demand_charge": -167703.07549568856, "new_demand_charge": -139693.5179457543, "demand_charge_savings": 28009.557549934252, "retail_profits": 29819.47340618749, "battery_charge_cost": -22835.692161842504, "battery_discharge_revenues": 24645.60801809567, "battery_retail_profits": 1809.9158562531666, "battery_export_revenue": 0.0, "total_profits": 29819.47340618742, "irr": 0.08259, "npv": 25024.646}}