{"key_params": {"location": "CA_Paso.Robles.Muni", "customer_type": "Market", "demand_charge": 20, "export_price": 0.0, "export_price_type": "None", "battery_size_kWh": 600, "battery_power_kW": 300.0, "min_soc": 0.05, "max_soc": 1.0, "one_way_efficiency": 0.92, "start_soc": 0.5, "n_horizon": 24, "n_control": 12}, "savings": {"old_energy_charge": -395046.63259059156, "new_energy_charge": -393401.45699326455, "energy_charge_savings": 1645.1755973270047, "old_demand_charge": -161044.9806624928, "new_demand_charge": -139308.4408765822, "demand_charge_savings": 21736.5397859106, "retail_profits": 23381.715383237606, "battery_charge_cost": -23477.546926234558, "battery_discharge_revenues": 25122.7225235616, "battery_retail_profits": 1645.175597327041, "battery_export_revenue": 0.0, "total_profits": 23381.715383237643, "irr": 0.0453, "npv": -15588.812}}