{"key_params": {"location": "CA_Blue.Canyon", "customer_type": "Hotel", "demand_charge": 20, "export_price": 0.0, "export_price_type": "None", "battery_size_kWh": 600, "battery_power_kW": 300.0, "min_soc": 0.05, "max_soc": 1.0, "one_way_efficiency": 0.92, "start_soc": 0.5, "n_horizon": 24, "n_control": 12}, "savings": {"old_energy_charge": -338323.8293521689, "new_energy_charge": -335560.36309825495, "energy_charge_savings": 2763.466253913939, "old_demand_charge": -126314.79621136618, "new_demand_charge": -90309.54765380411, "demand_charge_savings": 36005.24855756207, "retail_profits": 38768.714811476006, "battery_charge_cost": -29820.237645492598, "battery_discharge_revenues": 32583.703899406544, "battery_retail_profits": 2763.4662539139463, "battery_export_revenue": 0.0, "total_profits": 38768.71481147601, "irr": 0.13029, "npv": 81482.133}}