{"key_params": {"location": "CA_Monterey.NAF.724915_TMY3", "customer_type": "School", "demand_charge": 20, "export_price": 0.0, "export_price_type": "None", "battery_size_kWh": 600, "battery_power_kW": 300.0, "min_soc": 0.05, "max_soc": 1.0, "one_way_efficiency": 0.92, "start_soc": 0.5, "n_horizon": 24, "n_control": 12}, "savings": {"old_energy_charge": -334451.05915705557, "new_energy_charge": -332525.638186994, "energy_charge_savings": 1925.420970061561, "old_demand_charge": -182669.912496953, "new_demand_charge": -155564.1383077054, "demand_charge_savings": 27105.774189247604, "retail_profits": 29031.195159309165, "battery_charge_cost": -22843.54312342521, "battery_discharge_revenues": 24768.964093486815, "battery_retail_profits": 1925.4209700616047, "battery_export_revenue": 0.0, "total_profits": 29031.19515930921, "irr": 0.07819, "npv": 20051.687}}