{"key_params": {"location": "CA_Palm.Springs.Intl", "customer_type": "Apartment", "demand_charge": 20, "export_price": 0.0, "export_price_type": "None", "battery_size_kWh": 600, "battery_power_kW": 300.0, "min_soc": 0.05, "max_soc": 1.0, "one_way_efficiency": 0.92, "start_soc": 0.5, "n_horizon": 24, "n_control": 12}, "savings": {"old_energy_charge": -328720.09188165405, "new_energy_charge": -323579.74836931255, "energy_charge_savings": 5140.3435123414965, "old_demand_charge": -133810.82759547952, "new_demand_charge": -102905.55651742515, "demand_charge_savings": 30905.27107805437, "retail_profits": 36045.61459039587, "battery_charge_cost": -21692.45725702765, "battery_discharge_revenues": 26832.800769369125, "battery_retail_profits": 5140.343512341475, "battery_export_revenue": 0.0, "total_profits": 36045.614590395846, "irr": 0.11616, "npv": 64303.091}}