{"key_params": {"location": "CA_Oakland.Intl", "customer_type": "Office", "demand_charge": 20, "export_price": 0.0, "export_price_type": "None", "battery_size_kWh": 600, "battery_power_kW": 300.0, "min_soc": 0.05, "max_soc": 1.0, "one_way_efficiency": 0.92, "start_soc": 0.5, "n_horizon": 24, "n_control": 12}, "savings": {"old_energy_charge": -396889.2699924869, "new_energy_charge": -394711.95243687107, "energy_charge_savings": 2177.317555615853, "old_demand_charge": -224697.6635681179, "new_demand_charge": -182796.74707148422, "demand_charge_savings": 41900.91649663367, "retail_profits": 44078.23405224952, "battery_charge_cost": -24219.381495695397, "battery_discharge_revenues": 26396.699051311218, "battery_retail_profits": 2177.3175556158203, "battery_export_revenue": 0.0, "total_profits": 44078.23405224949, "irr": 0.15712, "npv": 114977.946}}