{"key_params": {"location": "CA_Lancaster-Gen.Wm.Fox.Field.723816_TMY3", "customer_type": "Office", "demand_charge": 20, "export_price": 0.0, "export_price_type": "None", "battery_size_kWh": 600, "battery_power_kW": 300.0, "min_soc": 0.05, "max_soc": 1.0, "one_way_efficiency": 0.92, "start_soc": 0.5, "n_horizon": 24, "n_control": 12}, "savings": {"old_energy_charge": -502898.239532717, "new_energy_charge": -501632.63995297806, "energy_charge_savings": 1265.5995797389187, "old_demand_charge": -252089.62836335314, "new_demand_charge": -225724.56823985514, "demand_charge_savings": 26365.060123498, "retail_profits": 27630.659703236917, "battery_charge_cost": -23001.840348036378, "battery_discharge_revenues": 24267.43992777532, "battery_retail_profits": 1265.5995797389405, "battery_export_revenue": 0.0, "total_profits": 27630.65970323694, "irr": 0.07026, "npv": 11216.222}}