{"key_params": {"location": "CA_Modesto.Muni", "customer_type": "Restaurant", "demand_charge": 20, "export_price": 0.0, "export_price_type": "None", "battery_size_kWh": 600, "battery_power_kW": 300.0, "min_soc": 0.05, "max_soc": 1.0, "one_way_efficiency": 0.92, "start_soc": 0.5, "n_horizon": 24, "n_control": 12}, "savings": {"old_energy_charge": -489951.8530502403, "new_energy_charge": -488304.25733337423, "energy_charge_savings": 1647.5957168660825, "old_demand_charge": -185415.17899246843, "new_demand_charge": -153878.24585882315, "demand_charge_savings": 31536.933133645274, "retail_profits": 33184.52885051136, "battery_charge_cost": -26357.384082229302, "battery_discharge_revenues": 28004.97979909538, "battery_retail_profits": 1647.5957168660789, "battery_export_revenue": 0.0, "total_profits": 33184.52885051136, "irr": 0.10098, "npv": 46253.548}}