{"key_params": {"location": "CA_Riverside.Muni", "customer_type": "Office", "demand_charge": 20, "export_price": 0.0, "export_price_type": "None", "battery_size_kWh": 600, "battery_power_kW": 300.0, "min_soc": 0.05, "max_soc": 1.0, "one_way_efficiency": 0.92, "start_soc": 0.5, "n_horizon": 24, "n_control": 12}, "savings": {"old_energy_charge": -526553.3741235879, "new_energy_charge": -525484.656262547, "energy_charge_savings": 1068.7178610408446, "old_demand_charge": -263113.9964156706, "new_demand_charge": -234665.68671148198, "demand_charge_savings": 28448.309704188636, "retail_profits": 29517.02756522948, "battery_charge_cost": -23073.152693976306, "battery_discharge_revenues": 24141.870555017125, "battery_retail_profits": 1068.7178610408191, "battery_export_revenue": 0.0, "total_profits": 29517.027565229455, "irr": 0.08091, "npv": 23116.626}}