{"key_params": {"location": "CA_Yuba.County", "customer_type": "Hotel", "demand_charge": 20, "export_price": 0.0, "export_price_type": "None", "battery_size_kWh": 600, "battery_power_kW": 300.0, "min_soc": 0.05, "max_soc": 1.0, "one_way_efficiency": 0.92, "start_soc": 0.5, "n_horizon": 24, "n_control": 12}, "savings": {"old_energy_charge": -380353.1169560219, "new_energy_charge": -376161.8693956095, "energy_charge_savings": 4191.247560412448, "old_demand_charge": -155343.04375843864, "new_demand_charge": -118366.4066587461, "demand_charge_savings": 36976.63709969254, "retail_profits": 41167.88466010499, "battery_charge_cost": -25276.300280217183, "battery_discharge_revenues": 29467.5478406296, "battery_retail_profits": 4191.247560412416, "battery_export_revenue": 0.0, "total_profits": 41167.88466010496, "irr": 0.14252, "npv": 96617.617}}