{"key_params": {"location": "CA_Oxnard", "customer_type": "Market", "demand_charge": 20, "export_price": 0.0, "export_price_type": "None", "battery_size_kWh": 600, "battery_power_kW": 300.0, "min_soc": 0.05, "max_soc": 1.0, "one_way_efficiency": 0.92, "start_soc": 0.5, "n_horizon": 24, "n_control": 12}, "savings": {"old_energy_charge": -366251.44940519205, "new_energy_charge": -366770.08517209906, "energy_charge_savings": -518.635766907013, "old_demand_charge": -137867.76952465862, "new_demand_charge": -117020.88977116498, "demand_charge_savings": 20846.879753493646, "retail_profits": 20328.243986586633, "battery_charge_cost": -23752.861178471238, "battery_discharge_revenues": 23234.22541156422, "battery_retail_profits": -518.6357669070167, "battery_export_revenue": 0.0, "total_profits": 20328.24398658663, "irr": 0.02615, "npv": -34962.217}}