{"key_params": {"location": "CA_Oxnard", "customer_type": "Office", "demand_charge": 20, "export_price": 0.0, "export_price_type": "None", "battery_size_kWh": 600, "battery_power_kW": 300.0, "min_soc": 0.05, "max_soc": 1.0, "one_way_efficiency": 0.92, "start_soc": 0.5, "n_horizon": 24, "n_control": 12}, "savings": {"old_energy_charge": -296243.07214250753, "new_energy_charge": -295962.51340685174, "energy_charge_savings": 280.5587356557953, "old_demand_charge": -146242.55185484805, "new_demand_charge": -125877.46833870152, "demand_charge_savings": 20365.083516146522, "retail_profits": 20645.642251802317, "battery_charge_cost": -23131.54663065743, "battery_discharge_revenues": 23412.105366313208, "battery_retail_profits": 280.5587356557771, "battery_export_revenue": 0.0, "total_profits": 20645.6422518023, "irr": 0.02822, "npv": -32925.753}}