{"key_params": {"location": "CA_San.Diego-Lindbergh.Field.722900_TMY3", "customer_type": "Office", "demand_charge": 20, "export_price": 0.0, "export_price_type": "None", "battery_size_kWh": 600, "battery_power_kW": 300.0, "min_soc": 0.05, "max_soc": 1.0, "one_way_efficiency": 0.92, "start_soc": 0.5, "n_horizon": 24, "n_control": 12}, "savings": {"old_energy_charge": -543909.4054728594, "new_energy_charge": -543018.4016203562, "energy_charge_savings": 891.0038525031414, "old_demand_charge": -261853.47475862174, "new_demand_charge": -236470.43533276662, "demand_charge_savings": 25383.039425855124, "retail_profits": 26274.043278358266, "battery_charge_cost": -23263.117476029278, "battery_discharge_revenues": 24154.12132853251, "battery_retail_profits": 891.0038525032323, "battery_export_revenue": 0.0, "total_profits": 26274.043278358356, "irr": 0.06245, "npv": 2657.825}}