{"key_params": {"location": "CA_South.Lake.Tahoe-Lake.Tahoe", "customer_type": "Hotel", "demand_charge": 20, "export_price": 0.0, "export_price_type": "None", "battery_size_kWh": 600, "battery_power_kW": 300.0, "min_soc": 0.05, "max_soc": 1.0, "one_way_efficiency": 0.92, "start_soc": 0.5, "n_horizon": 24, "n_control": 12}, "savings": {"old_energy_charge": -360294.98715194204, "new_energy_charge": -357275.5154126332, "energy_charge_savings": 3019.4717393088504, "old_demand_charge": -136212.54601521193, "new_demand_charge": -98331.95130784936, "demand_charge_savings": 37880.59470736257, "retail_profits": 40900.06644667142, "battery_charge_cost": -29147.753142068526, "battery_discharge_revenues": 32167.224881377362, "battery_retail_profits": 3019.471739308836, "battery_export_revenue": 0.0, "total_profits": 40900.06644667141, "irr": 0.14117, "npv": 94928.05}}