{"key_params": {"location": "CA_Santa.Barbara.Muni", "customer_type": "Office", "demand_charge": 20, "export_price": 0.0, "export_price_type": "None", "battery_size_kWh": 600, "battery_power_kW": 300.0, "min_soc": 0.05, "max_soc": 1.0, "one_way_efficiency": 0.92, "start_soc": 0.5, "n_horizon": 24, "n_control": 12}, "savings": {"old_energy_charge": -295882.54868545, "new_energy_charge": -295097.93490501156, "energy_charge_savings": 784.6137804384343, "old_demand_charge": -150216.96304602356, "new_demand_charge": -127529.33988380725, "demand_charge_savings": 22687.623162216318, "retail_profits": 23472.236942654752, "battery_charge_cost": -23119.90802321978, "battery_discharge_revenues": 23904.521803658245, "battery_retail_profits": 784.6137804384634, "battery_export_revenue": 0.0, "total_profits": 23472.23694265478, "irr": 0.04585, "npv": -15017.745}}