{"key_params": {"location": "CA_San.Diego-Montgomery.Field.722903_TMY3", "customer_type": "Office", "demand_charge": 20, "export_price": 0.0, "export_price_type": "None", "battery_size_kWh": 600, "battery_power_kW": 300.0, "min_soc": 0.05, "max_soc": 1.0, "one_way_efficiency": 0.92, "start_soc": 0.5, "n_horizon": 24, "n_control": 12}, "savings": {"old_energy_charge": -305879.9348711473, "new_energy_charge": -305084.6524095604, "energy_charge_savings": 795.2824615869322, "old_demand_charge": -153746.65411521704, "new_demand_charge": -132838.48979549855, "demand_charge_savings": 20908.16431971849, "retail_profits": 21703.44678130542, "battery_charge_cost": -23159.87639754327, "battery_discharge_revenues": 23955.15885913019, "battery_retail_profits": 795.2824615869213, "battery_export_revenue": 0.0, "total_profits": 21703.44678130541, "irr": 0.03497, "npv": -26185.858}}