{"key_params": {"location": "CA_Carlsbad.722927_TMY3", "customer_type": "Hospital", "demand_charge": 20, "export_price": 0.0, "export_price_type": "None", "battery_size_kWh": 600, "battery_power_kW": 300.0, "min_soc": 0.05, "max_soc": 1.0, "one_way_efficiency": 0.92, "start_soc": 0.5, "n_horizon": 24, "n_control": 12}, "savings": {"old_energy_charge": -245423.28653854228, "new_energy_charge": -245412.70837504015, "energy_charge_savings": 10.5781635021267, "old_demand_charge": -80085.10626419076, "new_demand_charge": -69790.75947667831, "demand_charge_savings": 10294.346787512448, "retail_profits": 10304.924951014575, "battery_charge_cost": -19371.660296826336, "battery_discharge_revenues": 19382.23846032849, "battery_retail_profits": 10.578163502155803, "battery_export_revenue": 0.0, "total_profits": 10304.924951014604, "irr": -0.06283, "npv": -107291.598}}