{"key_params": {"location": "CA_Sacramento.Exec", "customer_type": "Hotel", "demand_charge": 20, "export_price": 0.0, "export_price_type": "None", "battery_size_kWh": 600, "battery_power_kW": 300.0, "min_soc": 0.05, "max_soc": 1.0, "one_way_efficiency": 0.92, "start_soc": 0.5, "n_horizon": 24, "n_control": 12}, "savings": {"old_energy_charge": -379428.1401960868, "new_energy_charge": -375167.9692111336, "energy_charge_savings": 4260.170984953176, "old_demand_charge": -153735.63081138604, "new_demand_charge": -116454.68190161002, "demand_charge_savings": 37280.94890977602, "retail_profits": 41541.1198947292, "battery_charge_cost": -25200.69565651267, "battery_discharge_revenues": 29460.866641465782, "battery_retail_profits": 4260.170984953111, "battery_export_revenue": 0.0, "total_profits": 41541.119894729134, "irr": 0.14441, "npv": 98972.221}}