{"key_params": {"location": "CA_March.AFB.722860_TMY3", "customer_type": "Hotel", "demand_charge": 20, "export_price": 0.0, "export_price_type": "None", "battery_size_kWh": 600, "battery_power_kW": 300.0, "min_soc": 0.05, "max_soc": 1.0, "one_way_efficiency": 0.92, "start_soc": 0.5, "n_horizon": 24, "n_control": 12}, "savings": {"old_energy_charge": -341100.7385090934, "new_energy_charge": -338828.56063184596, "energy_charge_savings": 2272.17787724745, "old_demand_charge": -124328.25967305004, "new_demand_charge": -89738.5565108841, "demand_charge_savings": 34589.70316216594, "retail_profits": 36861.88103941339, "battery_charge_cost": -29968.082090236916, "battery_discharge_revenues": 32240.25996748431, "battery_retail_profits": 2272.1778772473954, "battery_export_revenue": 0.0, "total_profits": 36861.88103941333, "irr": 0.12043, "npv": 69452.617}}