{"key_params": {"location": "CA_Santa.Maria.Public", "customer_type": "Office", "demand_charge": 20, "export_price": 0.0, "export_price_type": "None", "battery_size_kWh": 600, "battery_power_kW": 300.0, "min_soc": 0.05, "max_soc": 1.0, "one_way_efficiency": 0.92, "start_soc": 0.5, "n_horizon": 24, "n_control": 12}, "savings": {"old_energy_charge": -493485.31754656846, "new_energy_charge": -492041.82285319665, "energy_charge_savings": 1443.4946933718165, "old_demand_charge": -255503.96712246875, "new_demand_charge": -231358.98075560227, "demand_charge_savings": 24144.986366866477, "retail_profits": 25588.481060238293, "battery_charge_cost": -22869.71105819005, "battery_discharge_revenues": 24313.20575156188, "battery_retail_profits": 1443.494693371831, "battery_export_revenue": 0.0, "total_profits": 25588.481060238308, "irr": 0.05845, "npv": -1667.136}}