{"key_params": {"location": "CA_Oxnard", "customer_type": "Hospital", "demand_charge": 20, "export_price": 0.0, "export_price_type": "None", "battery_size_kWh": 600, "battery_power_kW": 300.0, "min_soc": 0.05, "max_soc": 1.0, "one_way_efficiency": 0.92, "start_soc": 0.5, "n_horizon": 24, "n_control": 12}, "savings": {"old_energy_charge": -246726.0669147119, "new_energy_charge": -246591.57126123508, "energy_charge_savings": 134.495653476828, "old_demand_charge": -82020.80860256041, "new_demand_charge": -71228.21736828538, "demand_charge_savings": 10792.591234275038, "retail_profits": 10927.086887751866, "battery_charge_cost": -19739.893526140782, "battery_discharge_revenues": 19874.389179617636, "battery_retail_profits": 134.49565347685348, "battery_export_revenue": 0.0, "total_profits": 10927.086887751891, "irr": -0.05544, "npv": -102323.254}}