{"key_params": {"location": "CA_Porterville.AWOS.723895_TMY3", "customer_type": "Restaurant", "demand_charge": 20, "export_price": 0.0, "export_price_type": "None", "battery_size_kWh": 600, "battery_power_kW": 300.0, "min_soc": 0.05, "max_soc": 1.0, "one_way_efficiency": 0.92, "start_soc": 0.5, "n_horizon": 24, "n_control": 12}, "savings": {"old_energy_charge": -459088.2744659102, "new_energy_charge": -458283.32595180697, "energy_charge_savings": 804.9485141032492, "old_demand_charge": -165788.07665474608, "new_demand_charge": -139263.06002631065, "demand_charge_savings": 26525.016628435435, "retail_profits": 27329.965142538684, "battery_charge_cost": -28593.374011837674, "battery_discharge_revenues": 29398.32252594092, "battery_retail_profits": 804.9485141032455, "battery_export_revenue": 0.0, "total_profits": 27329.96514253868, "irr": 0.06854, "npv": 9319.25}}