{"key_params": {"location": "CA_Arcata", "customer_type": "Hotel", "demand_charge": 20, "export_price": 0.0, "export_price_type": "None", "battery_size_kWh": 600, "battery_power_kW": 300.0, "min_soc": 0.05, "max_soc": 1.0, "one_way_efficiency": 0.92, "start_soc": 0.5, "n_horizon": 24, "n_control": 12}, "savings": {"old_energy_charge": -353338.447539644, "new_energy_charge": -350753.5883793874, "energy_charge_savings": 2584.8591602566303, "old_demand_charge": -130659.56180011205, "new_demand_charge": -94323.85546200708, "demand_charge_savings": 36335.70633810497, "retail_profits": 38920.5654983616, "battery_charge_cost": -30185.6643193991, "battery_discharge_revenues": 32770.52347965572, "battery_retail_profits": 2584.8591602566194, "battery_export_revenue": 0.0, "total_profits": 38920.56549836158, "irr": 0.13107, "npv": 82440.103}}