{"key_params": {"location": "CA_Napa.County", "customer_type": "School", "demand_charge": 20, "export_price": 0.0, "export_price_type": "None", "battery_size_kWh": 600, "battery_power_kW": 300.0, "min_soc": 0.05, "max_soc": 1.0, "one_way_efficiency": 0.92, "start_soc": 0.5, "n_horizon": 24, "n_control": 12}, "savings": {"old_energy_charge": -544742.2847492422, "new_energy_charge": -540949.9688248481, "energy_charge_savings": 3792.3159243941773, "old_demand_charge": -383286.58883663994, "new_demand_charge": -344617.2535801587, "demand_charge_savings": 38669.33525648125, "retail_profits": 42461.65118087543, "battery_charge_cost": -21917.564729521022, "battery_discharge_revenues": 25709.880653915257, "battery_retail_profits": 3792.3159243942355, "battery_export_revenue": 0.0, "total_profits": 42461.65118087549, "irr": 0.14904, "npv": 104779.516}}