{"key_params": {"location": "CA_San.Diego-Lindbergh.Field.722900_TMY3", "customer_type": "Restaurant", "demand_charge": 20, "export_price": 0.0, "export_price_type": "None", "battery_size_kWh": 600, "battery_power_kW": 300.0, "min_soc": 0.05, "max_soc": 1.0, "one_way_efficiency": 0.92, "start_soc": 0.5, "n_horizon": 24, "n_control": 12}, "savings": {"old_energy_charge": -470585.52169897145, "new_energy_charge": -469073.3092624317, "energy_charge_savings": 1512.2124365397613, "old_demand_charge": -171726.999252738, "new_demand_charge": -140011.91977256953, "demand_charge_savings": 31715.079480168468, "retail_profits": 33227.29191670823, "battery_charge_cost": -27559.54286152716, "battery_discharge_revenues": 29071.755298066964, "battery_retail_profits": 1512.212436539805, "battery_export_revenue": 0.0, "total_profits": 33227.29191670827, "irr": 0.10121, "npv": 46523.325}}