{"key_params": {"location": "CA_San.Jose.Intl", "customer_type": "Hotel", "demand_charge": 20, "export_price": 0.0, "export_price_type": "None", "battery_size_kWh": 600, "battery_power_kW": 300.0, "min_soc": 0.05, "max_soc": 1.0, "one_way_efficiency": 0.92, "start_soc": 0.5, "n_horizon": 24, "n_control": 12}, "savings": {"old_energy_charge": -377565.5029480038, "new_energy_charge": -373752.57444163185, "energy_charge_savings": 3812.9285063719726, "old_demand_charge": -149908.99272488194, "new_demand_charge": -111559.11637567857, "demand_charge_savings": 38349.876349203376, "retail_profits": 42162.80485557535, "battery_charge_cost": -26851.46295715287, "battery_discharge_revenues": 30664.391463524917, "battery_retail_profits": 3812.9285063720454, "battery_export_revenue": 0.0, "total_profits": 42162.80485557542, "irr": 0.14754, "npv": 102894.204}}