{"key_params": {"location": "CA_Santa.Monica.Muni", "customer_type": "Office", "demand_charge": 20, "export_price": 0.0, "export_price_type": "None", "battery_size_kWh": 600, "battery_power_kW": 300.0, "min_soc": 0.05, "max_soc": 1.0, "one_way_efficiency": 0.92, "start_soc": 0.5, "n_horizon": 24, "n_control": 12}, "savings": {"old_energy_charge": -303535.57041833596, "new_energy_charge": -303155.9331292019, "energy_charge_savings": 379.63728913408704, "old_demand_charge": -150378.90556825855, "new_demand_charge": -130804.62404149372, "demand_charge_savings": 19574.281526764826, "retail_profits": 19953.918815898913, "battery_charge_cost": -23165.7301313965, "battery_discharge_revenues": 23545.367420530565, "battery_retail_profits": 379.6372891340652, "battery_export_revenue": 0.0, "total_profits": 19953.91881589889, "irr": 0.02369, "npv": -37363.93}}