{"key_params": {"location": "CA_Camp.Pendleton.MCAS.722926_TMY3", "customer_type": "School", "demand_charge": 20, "export_price": 0.0, "export_price_type": "None", "battery_size_kWh": 600, "battery_power_kW": 300.0, "min_soc": 0.05, "max_soc": 1.0, "one_way_efficiency": 0.92, "start_soc": 0.5, "n_horizon": 24, "n_control": 12}, "savings": {"old_energy_charge": -351021.94388660137, "new_energy_charge": -348729.9414211863, "energy_charge_savings": 2292.0024654150475, "old_demand_charge": -206865.05159897963, "new_demand_charge": -177800.97922679473, "demand_charge_savings": 29064.07237218489, "retail_profits": 31356.07483759994, "battery_charge_cost": -22857.584708931117, "battery_discharge_revenues": 25149.587174346154, "battery_retail_profits": 2292.0024654150366, "battery_export_revenue": 0.0, "total_profits": 31356.07483759993, "irr": 0.09106, "npv": 34718.502}}