{"key_params": {"location": "CA_Yuba.County", "customer_type": "Office", "demand_charge": 20, "export_price": 0.0, "export_price_type": "None", "battery_size_kWh": 600, "battery_power_kW": 300.0, "min_soc": 0.05, "max_soc": 1.0, "one_way_efficiency": 0.92, "start_soc": 0.5, "n_horizon": 24, "n_control": 12}, "savings": {"old_energy_charge": -507809.8506136903, "new_energy_charge": -506584.189750397, "energy_charge_savings": 1225.6608632932766, "old_demand_charge": -254954.06402587393, "new_demand_charge": -225719.14231591026, "demand_charge_savings": 29234.921709963673, "retail_profits": 30460.58257325695, "battery_charge_cost": -22897.90865099878, "battery_discharge_revenues": 24123.56951429206, "battery_retail_profits": 1225.6608632932803, "battery_export_revenue": 0.0, "total_profits": 30460.582573256954, "irr": 0.08614, "npv": 29069.169}}