{"key_params": {"location": "CA_Fairfield-Travis.AFB.745160_TMY3", "customer_type": "Market", "demand_charge": 20, "export_price": 0.0, "export_price_type": "None", "battery_size_kWh": 600, "battery_power_kW": 300.0, "min_soc": 0.05, "max_soc": 1.0, "one_way_efficiency": 0.92, "start_soc": 0.5, "n_horizon": 24, "n_control": 12}, "savings": {"old_energy_charge": -384230.20746565325, "new_energy_charge": -383516.7768847358, "energy_charge_savings": 713.4305809174548, "old_demand_charge": -153758.91774586143, "new_demand_charge": -133010.45013655908, "demand_charge_savings": 20748.467609302344, "retail_profits": 21461.8981902198, "battery_charge_cost": -23670.516455297766, "battery_discharge_revenues": 24383.947036215275, "battery_retail_profits": 713.4305809175094, "battery_export_revenue": 0.0, "total_profits": 21461.898190219854, "irr": 0.03345, "npv": -27721.976}}