{"key_params": {"location": "CA_Van.Nuys", "customer_type": "Hospital", "demand_charge": 20, "export_price": 0.0, "export_price_type": "None", "battery_size_kWh": 600, "battery_power_kW": 300.0, "min_soc": 0.05, "max_soc": 1.0, "one_way_efficiency": 0.92, "start_soc": 0.5, "n_horizon": 24, "n_control": 12}, "savings": {"old_energy_charge": -244658.98633492473, "new_energy_charge": -244587.32727545733, "energy_charge_savings": 71.65905946740531, "old_demand_charge": -80219.02642917182, "new_demand_charge": -69449.84115204969, "demand_charge_savings": 10769.185277122131, "retail_profits": 10840.844336589536, "battery_charge_cost": -19264.802097714943, "battery_discharge_revenues": 19336.461157182366, "battery_retail_profits": 71.6590594674235, "battery_export_revenue": 0.0, "total_profits": 10840.844336589555, "irr": -0.05645, "npv": -103011.953}}