{"key_params": {"location": "CA_Hayward.Air.Terminal.724935_TMY3", "customer_type": "Hotel", "demand_charge": 20, "export_price": 0.0, "export_price_type": "None", "battery_size_kWh": 600, "battery_power_kW": 300.0, "min_soc": 0.05, "max_soc": 1.0, "one_way_efficiency": 0.92, "start_soc": 0.5, "n_horizon": 24, "n_control": 12}, "savings": {"old_energy_charge": -374917.31828208885, "new_energy_charge": -371008.06015549833, "energy_charge_savings": 3909.2581265905173, "old_demand_charge": -150599.08031248202, "new_demand_charge": -113164.09711527496, "demand_charge_savings": 37434.98319720707, "retail_profits": 41344.241323797585, "battery_charge_cost": -26400.786859563126, "battery_discharge_revenues": 30310.04498615363, "battery_retail_profits": 3909.258126590503, "battery_export_revenue": 0.0, "total_profits": 41344.24132379757, "irr": 0.14341, "npv": 97730.187}}