{"key_params": {"location": "CA_Porterville.AWOS.723895_TMY3", "customer_type": "School", "demand_charge": 20, "export_price": 0.0, "export_price_type": "None", "battery_size_kWh": 600, "battery_power_kW": 300.0, "min_soc": 0.05, "max_soc": 1.0, "one_way_efficiency": 0.92, "start_soc": 0.5, "n_horizon": 24, "n_control": 12}, "savings": {"old_energy_charge": -626705.0153262325, "new_energy_charge": -623297.8038159036, "energy_charge_savings": 3407.211510328925, "old_demand_charge": -393399.0577573451, "new_demand_charge": -358662.98388231517, "demand_charge_savings": 34736.07387502992, "retail_profits": 38143.285385358846, "battery_charge_cost": -22146.237478038704, "battery_discharge_revenues": 25553.44898836767, "battery_retail_profits": 3407.2115103289652, "battery_export_revenue": 0.0, "total_profits": 38143.28538535889, "irr": 0.12707, "npv": 77536.528}}