{"key_params": {"location": "CA_Point.Mugu.NAS.723910_TMY3", "customer_type": "Office", "demand_charge": 20, "export_price": 0.0, "export_price_type": "None", "battery_size_kWh": 600, "battery_power_kW": 300.0, "min_soc": 0.05, "max_soc": 1.0, "one_way_efficiency": 0.92, "start_soc": 0.5, "n_horizon": 24, "n_control": 12}, "savings": {"old_energy_charge": -520487.4968402777, "new_energy_charge": -519789.3649655153, "energy_charge_savings": 698.1318747623591, "old_demand_charge": -256924.67405591812, "new_demand_charge": -232759.11204395146, "demand_charge_savings": 24165.562011966656, "retail_profits": 24863.693886729016, "battery_charge_cost": -23152.84199553001, "battery_discharge_revenues": 23850.97387029236, "battery_retail_profits": 698.1318747623518, "battery_export_revenue": 0.0, "total_profits": 24863.69388672901, "irr": 0.05418, "npv": -6239.553}}