{"key_params": {"location": "CA_Lompoc.AWOS.722895_TMY3", "customer_type": "Hotel", "demand_charge": 20, "export_price": 0.0, "export_price_type": "None", "battery_size_kWh": 600, "battery_power_kW": 300.0, "min_soc": 0.05, "max_soc": 1.0, "one_way_efficiency": 0.92, "start_soc": 0.5, "n_horizon": 24, "n_control": 12}, "savings": {"old_energy_charge": -375746.7753863526, "new_energy_charge": -372048.2210456538, "energy_charge_savings": 3698.5543406988145, "old_demand_charge": -148679.33772335152, "new_demand_charge": -109563.15986531669, "demand_charge_savings": 39116.17785803483, "retail_profits": 42814.73219873365, "battery_charge_cost": -27568.839056875328, "battery_discharge_revenues": 31267.39339757415, "battery_retail_profits": 3698.5543406988218, "battery_export_revenue": 0.0, "total_profits": 42814.732198733655, "irr": 0.15081, "npv": 107006.975}}