{"key_params": {"location": "CA_Santa.Rosa.AWOS.724957_TMY3", "customer_type": "Restaurant", "demand_charge": 20, "export_price": 0.0, "export_price_type": "None", "battery_size_kWh": 600, "battery_power_kW": 300.0, "min_soc": 0.05, "max_soc": 1.0, "one_way_efficiency": 0.92, "start_soc": 0.5, "n_horizon": 24, "n_control": 12}, "savings": {"old_energy_charge": -466248.5124069151, "new_energy_charge": -464254.4929601027, "energy_charge_savings": 1994.0194468123955, "old_demand_charge": -174846.26810303784, "new_demand_charge": -145096.2885140382, "demand_charge_savings": 29749.979588999646, "retail_profits": 31743.99903581204, "battery_charge_cost": -26362.206901509846, "battery_discharge_revenues": 28356.22634832234, "battery_retail_profits": 1994.0194468124937, "battery_export_revenue": 0.0, "total_profits": 31743.99903581214, "irr": 0.09318, "npv": 37165.773}}