{"key_params": {"location": "CA_San.Luis.Obispo", "customer_type": "Hotel", "demand_charge": 20, "export_price": 0.0, "export_price_type": "None", "battery_size_kWh": 600, "battery_power_kW": 300.0, "min_soc": 0.05, "max_soc": 1.0, "one_way_efficiency": 0.92, "start_soc": 0.5, "n_horizon": 24, "n_control": 12}, "savings": {"old_energy_charge": -353406.16530267004, "new_energy_charge": -350993.71230436506, "energy_charge_savings": 2412.4529983049724, "old_demand_charge": -129999.16251725738, "new_demand_charge": -94077.81469545465, "demand_charge_savings": 35921.34782180273, "retail_profits": 38333.8008201077, "battery_charge_cost": -29832.49748243118, "battery_discharge_revenues": 32244.950480736137, "battery_retail_profits": 2412.452998304958, "battery_export_revenue": 0.0, "total_profits": 38333.80082010769, "irr": 0.12806, "npv": 78738.42}}