{"key_params": {"location": "CA_Santa.Rosa.AWOS.724957_TMY3", "customer_type": "School", "demand_charge": 20, "export_price": 0.0, "export_price_type": "None", "battery_size_kWh": 600, "battery_power_kW": 300.0, "min_soc": 0.05, "max_soc": 1.0, "one_way_efficiency": 0.92, "start_soc": 0.5, "n_horizon": 24, "n_control": 12}, "savings": {"old_energy_charge": -352283.83859577304, "new_energy_charge": -349972.97171187587, "energy_charge_savings": 2310.8668838971644, "old_demand_charge": -224651.69453678135, "new_demand_charge": -190945.6447193484, "demand_charge_savings": 33706.04981743294, "retail_profits": 36016.916701330105, "battery_charge_cost": -22614.933115450007, "battery_discharge_revenues": 24925.799999347222, "battery_retail_profits": 2310.8668838972153, "battery_export_revenue": 0.0, "total_profits": 36016.916701330156, "irr": 0.11601, "npv": 64122.046}}