{"key_params": {"location": "CA_Bishop", "customer_type": "Hotel", "demand_charge": 20, "export_price": 0.0, "export_price_type": "None", "battery_size_kWh": 600, "battery_power_kW": 300.0, "min_soc": 0.05, "max_soc": 1.0, "one_way_efficiency": 0.92, "start_soc": 0.5, "n_horizon": 24, "n_control": 12}, "savings": {"old_energy_charge": -338850.0368012335, "new_energy_charge": -336641.7229931425, "energy_charge_savings": 2208.313808090985, "old_demand_charge": -124923.22805787233, "new_demand_charge": -89137.24610012735, "demand_charge_savings": 35785.98195774498, "retail_profits": 37994.29576583597, "battery_charge_cost": -30276.06606942401, "battery_discharge_revenues": 32484.379877515064, "battery_retail_profits": 2208.313808091054, "battery_export_revenue": 0.0, "total_profits": 37994.29576583604, "irr": 0.1263, "npv": 76596.607}}