{"key_params": {"location": "CA_China.Lake.NAF.746120_TMY3", "customer_type": "Office", "demand_charge": 20, "export_price": 0.0, "export_price_type": "None", "battery_size_kWh": 600, "battery_power_kW": 300.0, "min_soc": 0.05, "max_soc": 1.0, "one_way_efficiency": 0.92, "start_soc": 0.5, "n_horizon": 24, "n_control": 12}, "savings": {"old_energy_charge": -504644.29422759026, "new_energy_charge": -503429.41406203, "energy_charge_savings": 1214.8801655602874, "old_demand_charge": -249086.75086153956, "new_demand_charge": -221636.15857906744, "demand_charge_savings": 27450.59228247212, "retail_profits": 28665.472448032408, "battery_charge_cost": -23117.078270951068, "battery_discharge_revenues": 24331.95843651134, "battery_retail_profits": 1214.8801655602729, "battery_export_revenue": 0.0, "total_profits": 28665.472448032393, "irr": 0.07613, "npv": 17744.476}}