{"key_params": {"location": "CA_Porterville.AWOS.723895_TMY3", "customer_type": "Market", "demand_charge": 20, "export_price": 0.0, "export_price_type": "None", "battery_size_kWh": 600, "battery_power_kW": 300.0, "min_soc": 0.05, "max_soc": 1.0, "one_way_efficiency": 0.92, "start_soc": 0.5, "n_horizon": 24, "n_control": 12}, "savings": {"old_energy_charge": -396232.8302221638, "new_energy_charge": -394845.05857942486, "energy_charge_savings": 1387.7716427389532, "old_demand_charge": -159333.2184962009, "new_demand_charge": -139160.87511998642, "demand_charge_savings": 20172.34337621447, "retail_profits": 21560.115018953424, "battery_charge_cost": -23498.34357685135, "battery_discharge_revenues": 24886.115219590265, "battery_retail_profits": 1387.7716427389169, "battery_export_revenue": 0.0, "total_profits": 21560.115018953387, "irr": 0.03407, "npv": -27097.37}}