{"key_params": {"location": "CA_Montague-Siskiyou.County", "customer_type": "School", "demand_charge": 20, "export_price": 0.0, "export_price_type": "None", "battery_size_kWh": 600, "battery_power_kW": 300.0, "min_soc": 0.05, "max_soc": 1.0, "one_way_efficiency": 0.92, "start_soc": 0.5, "n_horizon": 24, "n_control": 12}, "savings": {"old_energy_charge": -510076.5051150405, "new_energy_charge": -506454.19569186785, "energy_charge_savings": 3622.309423172672, "old_demand_charge": -317259.582196969, "new_demand_charge": -280266.3518739081, "demand_charge_savings": 36993.23032306094, "retail_profits": 40615.53974623361, "battery_charge_cost": -21693.7341960823, "battery_discharge_revenues": 25316.043619254935, "battery_retail_profits": 3622.3094231726354, "battery_export_revenue": 0.0, "total_profits": 40615.539746233575, "irr": 0.13972, "npv": 93133.075}}