{"key_params": {"location": "CA_Red.Bluff.Muni", "customer_type": "Office", "demand_charge": 20, "export_price": 0.0, "export_price_type": "None", "battery_size_kWh": 600, "battery_power_kW": 300.0, "min_soc": 0.05, "max_soc": 1.0, "one_way_efficiency": 0.92, "start_soc": 0.5, "n_horizon": 24, "n_control": 12}, "savings": {"old_energy_charge": -501120.60740980424, "new_energy_charge": -499410.85321731516, "energy_charge_savings": 1709.754192489083, "old_demand_charge": -255376.8047419937, "new_demand_charge": -225211.36271334812, "demand_charge_savings": 30165.44202864557, "retail_profits": 31875.196221134654, "battery_charge_cost": -22712.556241178045, "battery_discharge_revenues": 24422.31043366721, "battery_retail_profits": 1709.7541924891666, "battery_export_revenue": 0.0, "total_profits": 31875.196221134738, "irr": 0.0939, "npv": 37993.448}}