{"key_params": {"location": "CA_Livermore.Muni", "customer_type": "Hotel", "demand_charge": 20, "export_price": 0.0, "export_price_type": "None", "battery_size_kWh": 600, "battery_power_kW": 300.0, "min_soc": 0.05, "max_soc": 1.0, "one_way_efficiency": 0.92, "start_soc": 0.5, "n_horizon": 24, "n_control": 12}, "savings": {"old_energy_charge": -381046.05545346945, "new_energy_charge": -376945.8344892924, "energy_charge_savings": 4100.220964177046, "old_demand_charge": -152921.87996031274, "new_demand_charge": -115562.0232654754, "demand_charge_savings": 37359.85669483733, "retail_profits": 41460.07765901438, "battery_charge_cost": -25704.842273383547, "battery_discharge_revenues": 29805.063237560607, "battery_retail_profits": 4100.2209641770605, "battery_export_revenue": 0.0, "total_profits": 41460.077659014394, "irr": 0.144, "npv": 98460.956}}