{"key_params": {"location": "CA_Hawthorne-Jack.Northrop.Field.722956_TMY3", "customer_type": "Apartment", "demand_charge": 20, "export_price": 0.0, "export_price_type": "None", "battery_size_kWh": 600, "battery_power_kW": 300.0, "min_soc": 0.05, "max_soc": 1.0, "one_way_efficiency": 0.92, "start_soc": 0.5, "n_horizon": 24, "n_control": 12}, "savings": {"old_energy_charge": -342671.124666165, "new_energy_charge": -337234.6559159897, "energy_charge_savings": 5436.468750175263, "old_demand_charge": -147287.8763009312, "new_demand_charge": -113208.14004877173, "demand_charge_savings": 34079.73625215948, "retail_profits": 39516.20500233474, "battery_charge_cost": -21467.701355554822, "battery_discharge_revenues": 26904.17010573002, "battery_retail_profits": 5436.468750175198, "battery_export_revenue": 0.0, "total_profits": 39516.205002334675, "irr": 0.13412, "npv": 86197.775}}