{"key_params": {"location": "CA_San.Francisco.Intl", "customer_type": "Restaurant", "demand_charge": 20, "export_price": 0.0, "export_price_type": "None", "battery_size_kWh": 600, "battery_power_kW": 300.0, "min_soc": 0.05, "max_soc": 1.0, "one_way_efficiency": 0.92, "start_soc": 0.5, "n_horizon": 24, "n_control": 12}, "savings": {"old_energy_charge": -452836.4386771456, "new_energy_charge": -451619.7552257789, "energy_charge_savings": 1216.683451366669, "old_demand_charge": -159380.0012031252, "new_demand_charge": -130058.77716376842, "demand_charge_savings": 29321.224039356777, "retail_profits": 30537.907490723446, "battery_charge_cost": -28165.954145484455, "battery_discharge_revenues": 29382.637596851164, "battery_retail_profits": 1216.683451366709, "battery_export_revenue": 0.0, "total_profits": 30537.907490723486, "irr": 0.08657, "npv": 29556.983}}