{"key_params": {"location": "CA_Van.Nuys", "customer_type": "Market", "demand_charge": 20, "export_price": 0.0, "export_price_type": "None", "battery_size_kWh": 600, "battery_power_kW": 300.0, "min_soc": 0.05, "max_soc": 1.0, "one_way_efficiency": 0.92, "start_soc": 0.5, "n_horizon": 24, "n_control": 12}, "savings": {"old_energy_charge": -374330.2329824004, "new_energy_charge": -373664.3972940066, "energy_charge_savings": 665.8356883937959, "old_demand_charge": -149942.05982649847, "new_demand_charge": -128412.8230697021, "demand_charge_savings": 21529.236756796367, "retail_profits": 22195.072445190162, "battery_charge_cost": -23707.424248217878, "battery_discharge_revenues": 24373.259936611717, "battery_retail_profits": 665.8356883938395, "battery_export_revenue": 0.0, "total_profits": 22195.072445190206, "irr": 0.03804, "npv": -23074.908}}