{"key_params": {"location": "CA_Monterey.NAF.724915_TMY3", "customer_type": "Hospital", "demand_charge": 20, "export_price": 0.0, "export_price_type": "None", "battery_size_kWh": 600, "battery_power_kW": 300.0, "min_soc": 0.05, "max_soc": 1.0, "one_way_efficiency": 0.92, "start_soc": 0.5, "n_horizon": 24, "n_control": 12}, "savings": {"old_energy_charge": -246304.34970142247, "new_energy_charge": -246443.24816617073, "energy_charge_savings": -138.89846474825754, "old_demand_charge": -80595.25411000056, "new_demand_charge": -70001.67530410044, "demand_charge_savings": 10593.57880590012, "retail_profits": 10454.680341151863, "battery_charge_cost": -19367.787477396814, "battery_discharge_revenues": 19228.88901264854, "battery_retail_profits": -138.89846474827573, "battery_export_revenue": 0.0, "total_profits": 10454.680341151845, "irr": -0.06103, "npv": -106095.709}}