{"key_params": {"location": "CA_Lompoc.AWOS.722895_TMY3", "customer_type": "Restaurant", "demand_charge": 20, "export_price": 0.0, "export_price_type": "None", "battery_size_kWh": 600, "battery_power_kW": 300.0, "min_soc": 0.05, "max_soc": 1.0, "one_way_efficiency": 0.92, "start_soc": 0.5, "n_horizon": 24, "n_control": 12}, "savings": {"old_energy_charge": -432360.91758170247, "new_energy_charge": -433130.43710582546, "energy_charge_savings": -769.5195241229958, "old_demand_charge": -151846.50071321276, "new_demand_charge": -122166.04453617425, "demand_charge_savings": 29680.45617703852, "retail_profits": 28910.936652915523, "battery_charge_cost": -32563.533821709803, "battery_discharge_revenues": 31794.014297586764, "battery_retail_profits": -769.5195241230394, "battery_export_revenue": 0.0, "total_profits": 28910.93665291548, "irr": 0.07751, "npv": 19293.02}}