{"key_params": {"location": "CA_Fullerton.Muni", "customer_type": "Restaurant", "demand_charge": 20, "export_price": 0.0, "export_price_type": "None", "battery_size_kWh": 600, "battery_power_kW": 300.0, "min_soc": 0.05, "max_soc": 1.0, "one_way_efficiency": 0.92, "start_soc": 0.5, "n_horizon": 24, "n_control": 12}, "savings": {"old_energy_charge": -445312.3533568931, "new_energy_charge": -444769.24282994575, "energy_charge_savings": 543.1105269473628, "old_demand_charge": -160519.47983948924, "new_demand_charge": -132843.00613796175, "demand_charge_savings": 27676.473701527488, "retail_profits": 28219.58422847485, "battery_charge_cost": -29779.680481461055, "battery_discharge_revenues": 30322.791008408392, "battery_retail_profits": 543.1105269473373, "battery_export_revenue": 0.0, "total_profits": 28219.584228474825, "irr": 0.07361, "npv": 14931.531}}