{"key_params": {"location": "CA_South.Lake.Tahoe-Lake.Tahoe", "customer_type": "Restaurant", "demand_charge": 20, "export_price": 0.0, "export_price_type": "None", "battery_size_kWh": 600, "battery_power_kW": 300.0, "min_soc": 0.05, "max_soc": 1.0, "one_way_efficiency": 0.92, "start_soc": 0.5, "n_horizon": 24, "n_control": 12}, "savings": {"old_energy_charge": -443022.37586493726, "new_energy_charge": -444459.1578672149, "energy_charge_savings": -1436.782002277614, "old_demand_charge": -147630.77563250338, "new_demand_charge": -122180.22287803105, "demand_charge_savings": 25450.55275447233, "retail_profits": 24013.770752194716, "battery_charge_cost": -32238.492014679578, "battery_discharge_revenues": 30801.710012401978, "battery_retail_profits": -1436.7820022775995, "battery_export_revenue": 0.0, "total_profits": 24013.77075219473, "irr": 0.04911, "npv": -11601.406}}