{"key_params": {"location": "CA_Riverside.Muni", "customer_type": "School", "demand_charge": 20, "export_price": 0.0, "export_price_type": "None", "battery_size_kWh": 600, "battery_power_kW": 300.0, "min_soc": 0.05, "max_soc": 1.0, "one_way_efficiency": 0.92, "start_soc": 0.5, "n_horizon": 24, "n_control": 12}, "savings": {"old_energy_charge": -626231.697501889, "new_energy_charge": -622527.7185181022, "energy_charge_savings": 3703.978983786772, "old_demand_charge": -401181.2152774052, "new_demand_charge": -371216.3321972976, "demand_charge_savings": 29964.883080107626, "retail_profits": 33668.8620638944, "battery_charge_cost": -21935.158584986664, "battery_discharge_revenues": 25639.137568773567, "battery_retail_profits": 3703.978983786903, "battery_export_revenue": 0.0, "total_profits": 33668.86206389453, "irr": 0.10358, "npv": 49309.029}}