{"key_params": {"location": "CA_Palmdale", "customer_type": "Office", "demand_charge": 20, "export_price": 0.0, "export_price_type": "None", "battery_size_kWh": 600, "battery_power_kW": 300.0, "min_soc": 0.05, "max_soc": 1.0, "one_way_efficiency": 0.92, "start_soc": 0.5, "n_horizon": 24, "n_control": 12}, "savings": {"old_energy_charge": -505601.5678379465, "new_energy_charge": -504055.01699838473, "energy_charge_savings": 1546.5508395617944, "old_demand_charge": -259080.7273327359, "new_demand_charge": -232230.52803296698, "demand_charge_savings": 26850.199299768923, "retail_profits": 28396.750139330718, "battery_charge_cost": -23016.013223766804, "battery_discharge_revenues": 24562.56406332859, "battery_retail_profits": 1546.5508395617871, "battery_export_revenue": 0.0, "total_profits": 28396.75013933071, "irr": 0.07461, "npv": 16049.206}}