{"key_params": {"location": "CA_Blythe-Riverside.County", "customer_type": "Office", "demand_charge": 20, "export_price": 0.0, "export_price_type": "None", "battery_size_kWh": 600, "battery_power_kW": 300.0, "min_soc": 0.05, "max_soc": 1.0, "one_way_efficiency": 0.92, "start_soc": 0.5, "n_horizon": 24, "n_control": 12}, "savings": {"old_energy_charge": -473416.11866187, "new_energy_charge": -472223.98173990124, "energy_charge_savings": 1192.1369219687767, "old_demand_charge": -225073.49323451112, "new_demand_charge": -196060.5839898596, "demand_charge_savings": 29012.909244651528, "retail_profits": 30205.046166620305, "battery_charge_cost": -23339.641830465564, "battery_discharge_revenues": 24531.77875243426, "battery_retail_profits": 1192.1369219686967, "battery_export_revenue": 0.0, "total_profits": 30205.046166620225, "irr": 0.08473, "npv": 27457.083}}