{"key_params": {"location": "CA_Merced-Macready.Field.724815_TMY3", "customer_type": "Office", "demand_charge": 20, "export_price": 0.0, "export_price_type": "None", "battery_size_kWh": 600, "battery_power_kW": 300.0, "min_soc": 0.05, "max_soc": 1.0, "one_way_efficiency": 0.92, "start_soc": 0.5, "n_horizon": 24, "n_control": 12}, "savings": {"old_energy_charge": -407202.11586010153, "new_energy_charge": -404760.5548547384, "energy_charge_savings": 2441.5610053631244, "old_demand_charge": -253299.34084872063, "new_demand_charge": -212364.22748300649, "demand_charge_savings": 40935.11336571415, "retail_profits": 43376.67437107727, "battery_charge_cost": -23375.99108437975, "battery_discharge_revenues": 25817.55208974297, "battery_retail_profits": 2441.561005363219, "battery_export_revenue": 0.0, "total_profits": 43376.674371077366, "irr": 0.15362, "npv": 110552.062}}