{"key_params": {"location": "CA_Burbank-Glendale-Passadena.Bob.Hope", "customer_type": "School", "demand_charge": 20, "export_price": 0.0, "export_price_type": "None", "battery_size_kWh": 600, "battery_power_kW": 300.0, "min_soc": 0.05, "max_soc": 1.0, "one_way_efficiency": 0.92, "start_soc": 0.5, "n_horizon": 24, "n_control": 12}, "savings": {"old_energy_charge": -367823.562695828, "new_energy_charge": -365349.4552986799, "energy_charge_savings": 2474.1073971480946, "old_demand_charge": -235844.3461075789, "new_demand_charge": -205814.3305885048, "demand_charge_savings": 30030.015519074106, "retail_profits": 32504.1229162222, "battery_charge_cost": -22624.978428703816, "battery_discharge_revenues": 25099.085825851922, "battery_retail_profits": 2474.1073971481055, "battery_export_revenue": 0.0, "total_profits": 32504.12291622221, "irr": 0.09731, "npv": 41961.116}}