{"key_params": {"location": "CA_Merced-Macready.Field.724815_TMY3", "customer_type": "Apartment", "demand_charge": 20, "export_price": 0.0, "export_price_type": "None", "battery_size_kWh": 600, "battery_power_kW": 300.0, "min_soc": 0.05, "max_soc": 1.0, "one_way_efficiency": 0.92, "start_soc": 0.5, "n_horizon": 24, "n_control": 12}, "savings": {"old_energy_charge": -356242.39023636427, "new_energy_charge": -350914.9513742733, "energy_charge_savings": 5327.438862090989, "old_demand_charge": -156894.42154916702, "new_demand_charge": -124487.60332605969, "demand_charge_savings": 32406.81822310733, "retail_profits": 37734.25708519832, "battery_charge_cost": -21470.526936687816, "battery_discharge_revenues": 26797.965798778747, "battery_retail_profits": 5327.43886209093, "battery_export_revenue": 0.0, "total_profits": 37734.25708519826, "irr": 0.12496, "npv": 74956.118}}