{"key_params": {"location": "CA_San.Diego-North.Island.NAS.722906_TMY3", "customer_type": "Hotel", "demand_charge": 20, "export_price": 0.0, "export_price_type": "None", "battery_size_kWh": 600, "battery_power_kW": 300.0, "min_soc": 0.05, "max_soc": 1.0, "one_way_efficiency": 0.92, "start_soc": 0.5, "n_horizon": 24, "n_control": 12}, "savings": {"old_energy_charge": -338972.1870552227, "new_energy_charge": -336939.8711982303, "energy_charge_savings": 2032.3158569923835, "old_demand_charge": -122125.97296436659, "new_demand_charge": -87854.44155826262, "demand_charge_savings": 34271.53140610397, "retail_profits": 36303.84726309635, "battery_charge_cost": -30469.828955579644, "battery_discharge_revenues": 32502.14481257201, "battery_retail_profits": 2032.3158569923653, "battery_export_revenue": 0.0, "total_profits": 36303.84726309634, "irr": 0.11751, "npv": 65932.186}}