{"key_params": {"location": "CA_Palm.Springs-Thermal", "customer_type": "Office", "demand_charge": 20, "export_price": 0.0, "export_price_type": "None", "battery_size_kWh": 600, "battery_power_kW": 300.0, "min_soc": 0.05, "max_soc": 1.0, "one_way_efficiency": 0.92, "start_soc": 0.5, "n_horizon": 24, "n_control": 12}, "savings": {"old_energy_charge": -347795.4473080564, "new_energy_charge": -346570.8508763137, "energy_charge_savings": 1224.5964317427133, "old_demand_charge": -179637.44187511335, "new_demand_charge": -156441.0495388547, "demand_charge_savings": 23196.392336258636, "retail_profits": 24420.98876800135, "battery_charge_cost": -23081.630267051412, "battery_discharge_revenues": 24306.2266987941, "battery_retail_profits": 1224.5964317426879, "battery_export_revenue": 0.0, "total_profits": 24420.988768001323, "irr": 0.05155, "npv": -9032.417}}