{"key_params": {"location": "CA_San.Francisco.Intl", "customer_type": "Market", "demand_charge": 20, "export_price": 0.0, "export_price_type": "None", "battery_size_kWh": 600, "battery_power_kW": 300.0, "min_soc": 0.05, "max_soc": 1.0, "one_way_efficiency": 0.92, "start_soc": 0.5, "n_horizon": 24, "n_control": 12}, "savings": {"old_energy_charge": -370425.9158970291, "new_energy_charge": -370079.9445722221, "energy_charge_savings": 345.97132480697474, "old_demand_charge": -142720.20394562418, "new_demand_charge": -121638.95652599685, "demand_charge_savings": 21081.247419627325, "retail_profits": 21427.2187444343, "battery_charge_cost": -23810.88912819828, "battery_discharge_revenues": 24156.86045300533, "battery_retail_profits": 345.97132480705113, "battery_export_revenue": 0.0, "total_profits": 21427.218744434376, "irr": 0.03323, "npv": -27942.518}}