{"key_params": {"location": "CA_China.Lake.NAF.746120_TMY3", "customer_type": "Office", "demand_charge": 20, "export_price": 0.0, "export_price_type": "None", "battery_size_kWh": 600, "battery_power_kW": 300.0, "min_soc": 0.05, "max_soc": 1.0, "one_way_efficiency": 0.92, "start_soc": 0.5, "n_horizon": 24, "n_control": 12}, "savings": {"old_energy_charge": -432398.664679102, "new_energy_charge": -429622.8265720406, "energy_charge_savings": 2775.8381070613977, "old_demand_charge": -271722.4419762602, "new_demand_charge": -230250.47981459316, "demand_charge_savings": 41471.96216166706, "retail_profits": 44247.80026872846, "battery_charge_cost": -23349.202639403586, "battery_discharge_revenues": 26125.04074646501, "battery_retail_profits": 2775.838107061423, "battery_export_revenue": 0.0, "total_profits": 44247.80026872849, "irr": 0.15796, "npv": 116047.677}}