{"key_params": {"location": "CA_Stockton.Metro", "customer_type": "Hotel", "demand_charge": 20, "export_price": 0.0, "export_price_type": "None", "battery_size_kWh": 600, "battery_power_kW": 300.0, "min_soc": 0.05, "max_soc": 1.0, "one_way_efficiency": 0.92, "start_soc": 0.5, "n_horizon": 24, "n_control": 12}, "savings": {"old_energy_charge": -348092.4487085659, "new_energy_charge": -345799.3759695991, "energy_charge_savings": 2293.072738966788, "old_demand_charge": -128698.79591069651, "new_demand_charge": -93095.85411514834, "demand_charge_savings": 35602.94179554818, "retail_profits": 37896.014534514965, "battery_charge_cost": -29622.456368149014, "battery_discharge_revenues": 31915.52910711582, "battery_retail_profits": 2293.0727389668064, "battery_export_revenue": 0.0, "total_profits": 37896.01453451498, "irr": 0.1258, "npv": 75976.586}}