{"key_params": {"location": "CA_San.Diego-Miramar.NAS.722930_TMY3", "customer_type": "Hotel", "demand_charge": 20, "export_price": 0.0, "export_price_type": "None", "battery_size_kWh": 600, "battery_power_kW": 300.0, "min_soc": 0.05, "max_soc": 1.0, "one_way_efficiency": 0.92, "start_soc": 0.5, "n_horizon": 24, "n_control": 12}, "savings": {"old_energy_charge": -337399.4984729225, "new_energy_charge": -335377.9234308421, "energy_charge_savings": 2021.575042080367, "old_demand_charge": -122274.29867899737, "new_demand_charge": -87726.72847380966, "demand_charge_savings": 34547.5702051877, "retail_profits": 36569.14524726807, "battery_charge_cost": -30439.558866518102, "battery_discharge_revenues": 32461.13390859848, "battery_retail_profits": 2021.575042080378, "battery_export_revenue": 0.0, "total_profits": 36569.14524726808, "irr": 0.1189, "npv": 67605.854}}