{"key_params": {"location": "CA_Red.Bluff.Muni", "customer_type": "Apartment", "demand_charge": 20, "export_price": 0.0, "export_price_type": "None", "battery_size_kWh": 600, "battery_power_kW": 300.0, "min_soc": 0.05, "max_soc": 1.0, "one_way_efficiency": 0.92, "start_soc": 0.5, "n_horizon": 24, "n_control": 12}, "savings": {"old_energy_charge": -345243.258179698, "new_energy_charge": -339943.8069281602, "energy_charge_savings": 5299.45125153783, "old_demand_charge": -145933.92922442782, "new_demand_charge": -113870.04016523424, "demand_charge_savings": 32063.889059193578, "retail_profits": 37363.34031073141, "battery_charge_cost": -21490.13496146691, "battery_discharge_revenues": 26789.586213004775, "battery_retail_profits": 5299.4512515378665, "battery_export_revenue": 0.0, "total_profits": 37363.340310731444, "irr": 0.12304, "npv": 72616.14}}