{"key_params": {"location": "CA_March.AFB.722860_TMY3", "customer_type": "Restaurant", "demand_charge": 20, "export_price": 0.0, "export_price_type": "None", "battery_size_kWh": 600, "battery_power_kW": 300.0, "min_soc": 0.05, "max_soc": 1.0, "one_way_efficiency": 0.92, "start_soc": 0.5, "n_horizon": 24, "n_control": 12}, "savings": {"old_energy_charge": -499368.3526725134, "new_energy_charge": -497295.15133779193, "energy_charge_savings": 2073.201334721467, "old_demand_charge": -197329.12139758538, "new_demand_charge": -164494.08932065507, "demand_charge_savings": 32835.03207693031, "retail_profits": 34908.233411651774, "battery_charge_cost": -24909.229452757, "battery_discharge_revenues": 26982.43078747846, "battery_retail_profits": 2073.2013347214597, "battery_export_revenue": 0.0, "total_profits": 34908.23341165177, "irr": 0.11017, "npv": 57127.769}}