{"key_params": {"location": "CA_Bakersfield-Meadows.Field.723840_TMY3", "customer_type": "Market", "demand_charge": 20, "export_price": 0.0, "export_price_type": "None", "battery_size_kWh": 600, "battery_power_kW": 300.0, "min_soc": 0.05, "max_soc": 1.0, "one_way_efficiency": 0.92, "start_soc": 0.5, "n_horizon": 24, "n_control": 12}, "savings": {"old_energy_charge": -387398.0880969804, "new_energy_charge": -386011.15756635444, "energy_charge_savings": 1386.9305306259776, "old_demand_charge": -153104.8763101109, "new_demand_charge": -133206.67007642772, "demand_charge_savings": 19898.206233683188, "retail_profits": 21285.136764309165, "battery_charge_cost": -23566.388141692925, "battery_discharge_revenues": 24953.318672318936, "battery_retail_profits": 1386.9305306260103, "battery_export_revenue": 0.0, "total_profits": 21285.136764309198, "irr": 0.03233, "npv": -28846.083}}