{"key_params": {"location": "CA_Stockton.Metro", "customer_type": "Apartment", "demand_charge": 20, "export_price": 0.0, "export_price_type": "None", "battery_size_kWh": 600, "battery_power_kW": 300.0, "min_soc": 0.05, "max_soc": 1.0, "one_way_efficiency": 0.92, "start_soc": 0.5, "n_horizon": 24, "n_control": 12}, "savings": {"old_energy_charge": -354154.9990866502, "new_energy_charge": -348860.0029544191, "energy_charge_savings": 5294.996132231085, "old_demand_charge": -157951.8825325986, "new_demand_charge": -125096.6639967727, "demand_charge_savings": 32855.2185358259, "retail_profits": 38150.214668056986, "battery_charge_cost": -21469.263853105796, "battery_discharge_revenues": 26764.259985336816, "battery_retail_profits": 5294.996132231019, "battery_export_revenue": 0.0, "total_profits": 38150.21466805692, "irr": 0.12711, "npv": 77580.242}}