{"key_params": {"location": "CA_Yuba.County", "customer_type": "Market", "demand_charge": 20, "export_price": 0.0, "export_price_type": "None", "battery_size_kWh": 600, "battery_power_kW": 300.0, "min_soc": 0.05, "max_soc": 1.0, "one_way_efficiency": 0.92, "start_soc": 0.5, "n_horizon": 24, "n_control": 12}, "savings": {"old_energy_charge": -385376.00257925474, "new_energy_charge": -384114.9303866405, "energy_charge_savings": 1261.0721926142578, "old_demand_charge": -153820.5509885082, "new_demand_charge": -133602.58564904946, "demand_charge_savings": 20217.96533945875, "retail_profits": 21479.03753207301, "battery_charge_cost": -23617.484143931488, "battery_discharge_revenues": 24878.55633654573, "battery_retail_profits": 1261.0721926142432, "battery_export_revenue": 0.0, "total_profits": 21479.037532072995, "irr": 0.03356, "npv": -27612.979}}