{"key_params": {"location": "CA_Salinas.Muni", "customer_type": "Hotel", "demand_charge": 20, "export_price": 0.0, "export_price_type": "None", "battery_size_kWh": 600, "battery_power_kW": 300.0, "min_soc": 0.05, "max_soc": 1.0, "one_way_efficiency": 0.92, "start_soc": 0.5, "n_horizon": 24, "n_control": 12}, "savings": {"old_energy_charge": -375379.78748374834, "new_energy_charge": -371660.9178149791, "energy_charge_savings": 3718.8696687692427, "old_demand_charge": -148128.94171638487, "new_demand_charge": -109682.77065292736, "demand_charge_savings": 38446.171063457514, "retail_profits": 42165.04073222676, "battery_charge_cost": -27406.965232337112, "battery_discharge_revenues": 31125.834901106347, "battery_retail_profits": 3718.8696687692354, "battery_export_revenue": 0.0, "total_profits": 42165.04073222675, "irr": 0.14755, "npv": 102908.309}}