{"key_params": {"location": "CA_Truckee.Tahoe", "customer_type": "Restaurant", "demand_charge": 20, "export_price": 0.0, "export_price_type": "None", "battery_size_kWh": 600, "battery_power_kW": 300.0, "min_soc": 0.05, "max_soc": 1.0, "one_way_efficiency": 0.92, "start_soc": 0.5, "n_horizon": 24, "n_control": 12}, "savings": {"old_energy_charge": -444378.68860237213, "new_energy_charge": -445430.9881606918, "energy_charge_savings": -1052.2995583196753, "old_demand_charge": -151435.01426454025, "new_demand_charge": -124897.13929999822, "demand_charge_savings": 26537.874964542032, "retail_profits": 25485.575406222357, "battery_charge_cost": -31547.499376844844, "battery_discharge_revenues": 30495.1998185252, "battery_retail_profits": -1052.2995583196425, "battery_export_revenue": 0.0, "total_profits": 25485.57540622239, "irr": 0.05785, "npv": -2316.33}}