{"key_params": {"location": "CA_San.Diego-Montgomery.Field.722903_TMY3", "customer_type": "Market", "demand_charge": 20, "export_price": 0.0, "export_price_type": "None", "battery_size_kWh": 600, "battery_power_kW": 300.0, "min_soc": 0.05, "max_soc": 1.0, "one_way_efficiency": 0.92, "start_soc": 0.5, "n_horizon": 24, "n_control": 12}, "savings": {"old_energy_charge": -361746.014078583, "new_energy_charge": -361887.16387452447, "energy_charge_savings": -141.14979594148463, "old_demand_charge": -138258.69831596033, "new_demand_charge": -117335.68687390213, "demand_charge_savings": 20923.011442058196, "retail_profits": 20781.86164611671, "battery_charge_cost": -23750.103954360744, "battery_discharge_revenues": 23608.954158419296, "battery_retail_profits": -141.14979594144825, "battery_export_revenue": 0.0, "total_profits": 20781.861646116748, "irr": 0.02911, "npv": -32051.753}}