{"key_params": {"location": "CA_Burbank-Glendale-Passadena.Bob.Hope", "customer_type": "Apartment", "demand_charge": 20, "export_price": 0.0, "export_price_type": "None", "battery_size_kWh": 600, "battery_power_kW": 300.0, "min_soc": 0.05, "max_soc": 1.0, "one_way_efficiency": 0.92, "start_soc": 0.5, "n_horizon": 24, "n_control": 12}, "savings": {"old_energy_charge": -351218.1872937991, "new_energy_charge": -345826.83527254005, "energy_charge_savings": 5391.352021259081, "old_demand_charge": -157605.20463164605, "new_demand_charge": -123829.76595310497, "demand_charge_savings": 33775.438678541075, "retail_profits": 39166.790699800156, "battery_charge_cost": -21469.641526521216, "battery_discharge_revenues": 26860.993547780254, "battery_retail_profits": 5391.352021259037, "battery_export_revenue": 0.0, "total_profits": 39166.79069980011, "irr": 0.13234, "npv": 83993.448}}