{"key_params": {"location": "CA_Alturas.725958_TMY3", "customer_type": "Restaurant", "demand_charge": 20, "export_price": 0.0, "export_price_type": "None", "battery_size_kWh": 600, "battery_power_kW": 300.0, "min_soc": 0.05, "max_soc": 1.0, "one_way_efficiency": 0.92, "start_soc": 0.5, "n_horizon": 24, "n_control": 12}, "savings": {"old_energy_charge": -480992.98896600766, "new_energy_charge": -480548.32361070474, "energy_charge_savings": 444.6653553029173, "old_demand_charge": -174309.8711527881, "new_demand_charge": -144368.8058935192, "demand_charge_savings": 29941.065259268915, "retail_profits": 30385.730614571832, "battery_charge_cost": -28464.146705102903, "battery_discharge_revenues": 28908.812060405762, "battery_retail_profits": 444.6653553028591, "battery_export_revenue": 0.0, "total_profits": 30385.730614571774, "irr": 0.08573, "npv": 28596.955}}