{"key_params": {"location": "CA_Mountain.View-Moffett.Field.NAS.745090_TMY3", "customer_type": "School", "demand_charge": 20, "export_price": 0.0, "export_price_type": "None", "battery_size_kWh": 600, "battery_power_kW": 300.0, "min_soc": 0.05, "max_soc": 1.0, "one_way_efficiency": 0.92, "start_soc": 0.5, "n_horizon": 24, "n_control": 12}, "savings": {"old_energy_charge": -349432.1077994296, "new_energy_charge": -347149.29272042844, "energy_charge_savings": 2282.815079001186, "old_demand_charge": -203230.0641977033, "new_demand_charge": -173092.19936803813, "demand_charge_savings": 30137.864829665166, "retail_profits": 32420.679908666352, "battery_charge_cost": -22670.63738413872, "battery_discharge_revenues": 24953.452463139958, "battery_retail_profits": 2282.815079001237, "battery_export_revenue": 0.0, "total_profits": 32420.679908666403, "irr": 0.09686, "npv": 41434.705}}