{"key_params": {"location": "CA_Stockton.Metro", "customer_type": "School", "demand_charge": 20, "export_price": 0.0, "export_price_type": "None", "battery_size_kWh": 600, "battery_power_kW": 300.0, "min_soc": 0.05, "max_soc": 1.0, "one_way_efficiency": 0.92, "start_soc": 0.5, "n_horizon": 24, "n_control": 12}, "savings": {"old_energy_charge": -604447.9433027173, "new_energy_charge": -601275.2996014836, "energy_charge_savings": 3172.6437012336683, "old_demand_charge": -385350.7233428737, "new_demand_charge": -346212.52074796415, "demand_charge_savings": 39138.202594909526, "retail_profits": 42310.846296143194, "battery_charge_cost": -22174.599147198423, "battery_discharge_revenues": 25347.242848432066, "battery_retail_profits": 3172.643701233643, "battery_export_revenue": 0.0, "total_profits": 42310.846296143165, "irr": 0.14828, "npv": 103828.143}}