{"key_params": {"location": "CA_Chino", "customer_type": "Market", "demand_charge": 20, "export_price": 0.0, "export_price_type": "None", "battery_size_kWh": 600, "battery_power_kW": 300.0, "min_soc": 0.05, "max_soc": 1.0, "one_way_efficiency": 0.92, "start_soc": 0.5, "n_horizon": 24, "n_control": 12}, "savings": {"old_energy_charge": -379684.034647426, "new_energy_charge": -379252.8530934526, "energy_charge_savings": 431.1815539734089, "old_demand_charge": -151243.92325606977, "new_demand_charge": -129647.1516566749, "demand_charge_savings": 21596.771599394866, "retail_profits": 22027.953153368275, "battery_charge_cost": -23741.36057454487, "battery_discharge_revenues": 24172.542128518293, "battery_retail_profits": 431.18155397342343, "battery_export_revenue": 0.0, "total_profits": 22027.95315336829, "irr": 0.037, "npv": -24129.203}}