{"key_params": {"location": "CA_Montague-Siskiyou.County", "customer_type": "Restaurant", "demand_charge": 20, "export_price": 0.0, "export_price_type": "None", "battery_size_kWh": 600, "battery_power_kW": 300.0, "min_soc": 0.05, "max_soc": 1.0, "one_way_efficiency": 0.92, "start_soc": 0.5, "n_horizon": 24, "n_control": 12}, "savings": {"old_energy_charge": -478088.53628630436, "new_energy_charge": -476800.4804500901, "energy_charge_savings": 1288.0558362142765, "old_demand_charge": -174616.74720615533, "new_demand_charge": -141426.12575611455, "demand_charge_savings": 33190.62145004078, "retail_profits": 34478.67728625506, "battery_charge_cost": -27221.700427357937, "battery_discharge_revenues": 28509.756263572144, "battery_retail_profits": 1288.0558362142074, "battery_export_revenue": 0.0, "total_profits": 34478.677286254984, "irr": 0.10789, "npv": 54417.857}}