{"key_params": {"location": "CA_Beale.AFB.724837_TMY3", "customer_type": "Hotel", "demand_charge": 20, "export_price": 0.0, "export_price_type": "None", "battery_size_kWh": 600, "battery_power_kW": 300.0, "min_soc": 0.05, "max_soc": 1.0, "one_way_efficiency": 0.92, "start_soc": 0.5, "n_horizon": 24, "n_control": 12}, "savings": {"old_energy_charge": -340210.10868187476, "new_energy_charge": -337883.37546710233, "energy_charge_savings": 2326.733214772423, "old_demand_charge": -125996.25318565844, "new_demand_charge": -91340.40639306232, "demand_charge_savings": 34655.846792596116, "retail_profits": 36982.58000736854, "battery_charge_cost": -29437.805006956965, "battery_discharge_revenues": 31764.5382217294, "battery_retail_profits": 2326.7332147724337, "battery_export_revenue": 0.0, "total_profits": 36982.58000736855, "irr": 0.12106, "npv": 70214.062}}