{"key_params": {"location": "CA_San.Diego-Lindbergh.Field.722900_TMY3", "customer_type": "Hospital", "demand_charge": 20, "export_price": 0.0, "export_price_type": "None", "battery_size_kWh": 600, "battery_power_kW": 300.0, "min_soc": 0.05, "max_soc": 1.0, "one_way_efficiency": 0.92, "start_soc": 0.5, "n_horizon": 24, "n_control": 12}, "savings": {"old_energy_charge": -245996.13657411374, "new_energy_charge": -245940.07189798792, "energy_charge_savings": 56.06467612582492, "old_demand_charge": -80502.41873571013, "new_demand_charge": -70149.65504184208, "demand_charge_savings": 10352.763693868052, "retail_profits": 10408.828369993877, "battery_charge_cost": -19445.434898921194, "battery_discharge_revenues": 19501.49957504704, "battery_retail_profits": 56.064676125846745, "battery_export_revenue": 0.0, "total_profits": 10408.828369993898, "irr": -0.06158, "npv": -106461.866}}