{"key_params": {"location": "CA_Santa.Ana-John.Wayne", "customer_type": "School", "demand_charge": 20, "export_price": 0.0, "export_price_type": "None", "battery_size_kWh": 600, "battery_power_kW": 300.0, "min_soc": 0.05, "max_soc": 1.0, "one_way_efficiency": 0.92, "start_soc": 0.5, "n_horizon": 24, "n_control": 12}, "savings": {"old_energy_charge": -355035.5686857825, "new_energy_charge": -352051.25649107737, "energy_charge_savings": 2984.312194705126, "old_demand_charge": -211023.74258913446, "new_demand_charge": -181100.68347334297, "demand_charge_savings": 29923.05911579149, "retail_profits": 32907.371310496615, "battery_charge_cost": -22380.729025718785, "battery_discharge_revenues": 25365.041220423955, "battery_retail_profits": 2984.3121947051695, "battery_export_revenue": 0.0, "total_profits": 32907.37131049666, "irr": 0.09949, "npv": 44505.063}}