{"key_params": {"location": "CA_Hawthorne-Jack.Northrop.Field.722956_TMY3", "customer_type": "Restaurant", "demand_charge": 20, "export_price": 0.0, "export_price_type": "None", "battery_size_kWh": 600, "battery_power_kW": 300.0, "min_soc": 0.05, "max_soc": 1.0, "one_way_efficiency": 0.92, "start_soc": 0.5, "n_horizon": 24, "n_control": 12}, "savings": {"old_energy_charge": -465966.40066724265, "new_energy_charge": -465007.7675535116, "energy_charge_savings": 958.6331137310481, "old_demand_charge": -169633.84686523132, "new_demand_charge": -139125.05180103867, "demand_charge_savings": 30508.795064192644, "retail_profits": 31467.42817792369, "battery_charge_cost": -28145.18099860186, "battery_discharge_revenues": 29103.81411233296, "battery_retail_profits": 958.633113731099, "battery_export_revenue": 0.0, "total_profits": 31467.428177923743, "irr": 0.09167, "npv": 35420.989}}