{"key_params": {"location": "CA_Long.Beach-Daugherty.Field.722970_TMY3", "customer_type": "Hotel", "demand_charge": 20, "export_price": 0.0, "export_price_type": "None", "battery_size_kWh": 600, "battery_power_kW": 300.0, "min_soc": 0.05, "max_soc": 1.0, "one_way_efficiency": 0.92, "start_soc": 0.5, "n_horizon": 24, "n_control": 12}, "savings": {"old_energy_charge": -370258.8113607659, "new_energy_charge": -366703.672043676, "energy_charge_savings": 3555.1393170898664, "old_demand_charge": -142947.0801953748, "new_demand_charge": -105669.38256971326, "demand_charge_savings": 37277.69762566153, "retail_profits": 40832.8369427514, "battery_charge_cost": -27618.041853278857, "battery_discharge_revenues": 31173.18117036867, "battery_retail_profits": 3555.139317089812, "battery_export_revenue": 0.0, "total_profits": 40832.83694275134, "irr": 0.14083, "npv": 94503.924}}