{"key_params": {"location": "CA_Merced-Macready.Field.724815_TMY3", "customer_type": "Hospital", "demand_charge": 20, "export_price": 0.0, "export_price_type": "None", "battery_size_kWh": 600, "battery_power_kW": 300.0, "min_soc": 0.05, "max_soc": 1.0, "one_way_efficiency": 0.92, "start_soc": 0.5, "n_horizon": 24, "n_control": 12}, "savings": {"old_energy_charge": -246177.9204226883, "new_energy_charge": -246269.26066164306, "energy_charge_savings": -91.34023895475548, "old_demand_charge": -80988.20137887515, "new_demand_charge": -69932.70116716473, "demand_charge_savings": 11055.500211710416, "retail_profits": 10964.15997275566, "battery_charge_cost": -19570.281235916307, "battery_discharge_revenues": 19478.940996961577, "battery_retail_profits": -91.34023895473001, "battery_export_revenue": 0.0, "total_profits": 10964.159972755686, "irr": -0.05501, "npv": -102027.203}}