{"key_params": {"location": "CA_Palmdale", "customer_type": "Office", "demand_charge": 20, "export_price": 0.0, "export_price_type": "None", "battery_size_kWh": 600, "battery_power_kW": 300.0, "min_soc": 0.05, "max_soc": 1.0, "one_way_efficiency": 0.92, "start_soc": 0.5, "n_horizon": 24, "n_control": 12}, "savings": {"old_energy_charge": -416307.72705349885, "new_energy_charge": -413661.1146487397, "energy_charge_savings": 2646.6124047591584, "old_demand_charge": -257173.2978828842, "new_demand_charge": -214317.38366273104, "demand_charge_savings": 42855.91422015315, "retail_profits": 45502.52662491231, "battery_charge_cost": -23444.566211426492, "battery_discharge_revenues": 26091.17861618569, "battery_retail_profits": 2646.6124047591984, "battery_export_revenue": 0.0, "total_profits": 45502.52662491235, "irr": 0.16417, "npv": 123963.286}}