{"key_params": {"location": "CA_Truckee.Tahoe", "customer_type": "School", "demand_charge": 20, "export_price": 0.0, "export_price_type": "None", "battery_size_kWh": 600, "battery_power_kW": 300.0, "min_soc": 0.05, "max_soc": 1.0, "one_way_efficiency": 0.92, "start_soc": 0.5, "n_horizon": 24, "n_control": 12}, "savings": {"old_energy_charge": -455657.38418267464, "new_energy_charge": -454005.6537015805, "energy_charge_savings": 1651.7304810941569, "old_demand_charge": -275753.5815369151, "new_demand_charge": -246600.8482521698, "demand_charge_savings": 29152.733284745307, "retail_profits": 30804.463765839464, "battery_charge_cost": -22580.407659515713, "battery_discharge_revenues": 24232.138140609957, "battery_retail_profits": 1651.7304810942442, "battery_export_revenue": 0.0, "total_profits": 30804.46376583955, "irr": 0.08804, "npv": 31238.589}}