{"key_params": {"location": "CA_Palmdale", "customer_type": "School", "demand_charge": 20, "export_price": 0.0, "export_price_type": "None", "battery_size_kWh": 600, "battery_power_kW": 300.0, "min_soc": 0.05, "max_soc": 1.0, "one_way_efficiency": 0.92, "start_soc": 0.5, "n_horizon": 24, "n_control": 12}, "savings": {"old_energy_charge": -377542.74714993883, "new_energy_charge": -375192.7655700605, "energy_charge_savings": 2349.9815798783093, "old_demand_charge": -233883.30737558365, "new_demand_charge": -203307.02663143966, "demand_charge_savings": 30576.280744143995, "retail_profits": 32926.262324022304, "battery_charge_cost": -22549.033850440665, "battery_discharge_revenues": 24899.01543031899, "battery_retail_profits": 2349.981579878324, "battery_export_revenue": 0.0, "total_profits": 32926.26232402232, "irr": 0.09959, "npv": 44624.239}}