{"key_params": {"location": "CA_Lompoc.AWOS.722895_TMY3", "customer_type": "School", "demand_charge": 20, "export_price": 0.0, "export_price_type": "None", "battery_size_kWh": 600, "battery_power_kW": 300.0, "min_soc": 0.05, "max_soc": 1.0, "one_way_efficiency": 0.92, "start_soc": 0.5, "n_horizon": 24, "n_control": 12}, "savings": {"old_energy_charge": -509656.2140362675, "new_energy_charge": -505719.9094116106, "energy_charge_savings": 3936.3046246568556, "old_demand_charge": -389187.37129752885, "new_demand_charge": -357197.41935280827, "demand_charge_savings": 31989.951944720582, "retail_profits": 35926.25656937744, "battery_charge_cost": -22251.84288377916, "battery_discharge_revenues": 26188.147508436057, "battery_retail_profits": 3936.3046246568956, "battery_export_revenue": 0.0, "total_profits": 35926.25656937748, "irr": 0.11554, "npv": 63550.105}}