{"key_params": {"location": "CA_Red.Bluff.Muni", "customer_type": "Hotel", "demand_charge": 20, "export_price": 0.0, "export_price_type": "None", "battery_size_kWh": 600, "battery_power_kW": 300.0, "min_soc": 0.05, "max_soc": 1.0, "one_way_efficiency": 0.92, "start_soc": 0.5, "n_horizon": 24, "n_control": 12}, "savings": {"old_energy_charge": -335635.63508787245, "new_energy_charge": -333185.8033857967, "energy_charge_savings": 2449.831702075724, "old_demand_charge": -124691.45503641016, "new_demand_charge": -89682.31560353836, "demand_charge_savings": 35009.1394328718, "retail_profits": 37458.971134947526, "battery_charge_cost": -29171.082049614095, "battery_discharge_revenues": 31620.913751689804, "battery_retail_profits": 2449.8317020757095, "battery_export_revenue": 0.0, "total_profits": 37458.97113494751, "irr": 0.12353, "npv": 73219.44}}