{"key_params": {"location": "CA_San.Diego-North.Island.NAS.722906_TMY3", "customer_type": "Office", "demand_charge": 20, "export_price": 0.0, "export_price_type": "None", "battery_size_kWh": 600, "battery_power_kW": 300.0, "min_soc": 0.05, "max_soc": 1.0, "one_way_efficiency": 0.92, "start_soc": 0.5, "n_horizon": 24, "n_control": 12}, "savings": {"old_energy_charge": -535066.4279885952, "new_energy_charge": -533535.2198144712, "energy_charge_savings": 1531.2081741240108, "old_demand_charge": -267214.831148993, "new_demand_charge": -238765.01685664247, "demand_charge_savings": 28449.814292350522, "retail_profits": 29981.022466474533, "battery_charge_cost": -23261.338427345145, "battery_discharge_revenues": 24792.54660146919, "battery_retail_profits": 1531.2081741240436, "battery_export_revenue": 0.0, "total_profits": 29981.022466474566, "irr": 0.08349, "npv": 26043.8}}