{"key_params": {"location": "CA_Visalia.Muni.AWOS.723896_TMY3", "customer_type": "School", "demand_charge": 20, "export_price": 0.0, "export_price_type": "None", "battery_size_kWh": 600, "battery_power_kW": 300.0, "min_soc": 0.05, "max_soc": 1.0, "one_way_efficiency": 0.92, "start_soc": 0.5, "n_horizon": 24, "n_control": 12}, "savings": {"old_energy_charge": -370088.9420093004, "new_energy_charge": -367579.16102024895, "energy_charge_savings": 2509.7809890514472, "old_demand_charge": -220711.15467893286, "new_demand_charge": -191249.16743157254, "demand_charge_savings": 29461.987247360317, "retail_profits": 31971.768236411765, "battery_charge_cost": -22453.33844997034, "battery_discharge_revenues": 24963.11943902182, "battery_retail_profits": 2509.78098905148, "battery_export_revenue": 0.0, "total_profits": 31971.768236411797, "irr": 0.09442, "npv": 38602.686}}