{"key_params": {"location": "CA_Livermore.Muni", "customer_type": "School", "demand_charge": 20, "export_price": 0.0, "export_price_type": "None", "battery_size_kWh": 600, "battery_power_kW": 300.0, "min_soc": 0.05, "max_soc": 1.0, "one_way_efficiency": 0.92, "start_soc": 0.5, "n_horizon": 24, "n_control": 12}, "savings": {"old_energy_charge": -352944.15521348844, "new_energy_charge": -350264.68303289346, "energy_charge_savings": 2679.472180594981, "old_demand_charge": -218120.97117903573, "new_demand_charge": -182991.51603459858, "demand_charge_savings": 35129.45514443715, "retail_profits": 37808.92732503213, "battery_charge_cost": -22540.197960874284, "battery_discharge_revenues": 25219.670141469258, "battery_retail_profits": 2679.472180594974, "battery_export_revenue": 0.0, "total_profits": 37808.92732503212, "irr": 0.12535, "npv": 75427.185}}