{"key_params": {"location": "CA_Long.Beach-Daugherty.Field.722970_TMY3", "customer_type": "Restaurant", "demand_charge": 20, "export_price": 0.0, "export_price_type": "None", "battery_size_kWh": 600, "battery_power_kW": 300.0, "min_soc": 0.05, "max_soc": 1.0, "one_way_efficiency": 0.92, "start_soc": 0.5, "n_horizon": 24, "n_control": 12}, "savings": {"old_energy_charge": -440063.1958108717, "new_energy_charge": -439439.5455887127, "energy_charge_savings": 623.650222159049, "old_demand_charge": -160329.95497057465, "new_demand_charge": -131189.21232608345, "demand_charge_savings": 29140.742644491198, "retail_profits": 29764.392866650247, "battery_charge_cost": -29267.186190411474, "battery_discharge_revenues": 29890.83641257047, "battery_retail_profits": 623.6502221589944, "battery_export_revenue": 0.0, "total_profits": 29764.392866650192, "irr": 0.08228, "npv": 24677.163}}