{"key_params": {"location": "CA_Santa.Monica.Muni", "customer_type": "Hotel", "demand_charge": 20, "export_price": 0.0, "export_price_type": "None", "battery_size_kWh": 600, "battery_power_kW": 300.0, "min_soc": 0.05, "max_soc": 1.0, "one_way_efficiency": 0.92, "start_soc": 0.5, "n_horizon": 24, "n_control": 12}, "savings": {"old_energy_charge": -367348.2466009089, "new_energy_charge": -363890.2480353333, "energy_charge_savings": 3457.998565575632, "old_demand_charge": -142853.44452958606, "new_demand_charge": -104223.22213242829, "demand_charge_savings": 38630.22239715778, "retail_profits": 42088.22096273341, "battery_charge_cost": -28396.897652398806, "battery_discharge_revenues": 31854.89621797451, "battery_retail_profits": 3457.9985655757046, "battery_export_revenue": 0.0, "total_profits": 42088.22096273348, "irr": 0.14716, "npv": 102423.682}}