{"key_params": {"location": "CA_Merced-Macready.Field.724815_TMY3", "customer_type": "Office", "demand_charge": 20, "export_price": 0.0, "export_price_type": "None", "battery_size_kWh": 600, "battery_power_kW": 300.0, "min_soc": 0.05, "max_soc": 1.0, "one_way_efficiency": 0.92, "start_soc": 0.5, "n_horizon": 24, "n_control": 12}, "savings": {"old_energy_charge": -513076.39611469983, "new_energy_charge": -512355.5738207027, "energy_charge_savings": 720.8222939971602, "old_demand_charge": -257708.557504152, "new_demand_charge": -229894.24701134293, "demand_charge_savings": 27814.310492809076, "retail_profits": 28535.132786806236, "battery_charge_cost": -23179.730293200682, "battery_discharge_revenues": 23900.552587197773, "battery_retail_profits": 720.822293997091, "battery_export_revenue": 0.0, "total_profits": 28535.132786806167, "irr": 0.0754, "npv": 16922.211}}