{"key_params": {"location": "CA_Visalia.Muni.AWOS.723896_TMY3", "customer_type": "Restaurant", "demand_charge": 20, "export_price": 0.0, "export_price_type": "None", "battery_size_kWh": 600, "battery_power_kW": 300.0, "min_soc": 0.05, "max_soc": 1.0, "one_way_efficiency": 0.92, "start_soc": 0.5, "n_horizon": 24, "n_control": 12}, "savings": {"old_energy_charge": -495269.8568099972, "new_energy_charge": -493551.0812596013, "energy_charge_savings": 1718.7755503958906, "old_demand_charge": -184859.45645903, "new_demand_charge": -153201.9446789252, "demand_charge_savings": 31657.511780104804, "retail_profits": 33376.287330500694, "battery_charge_cost": -26667.709145881778, "battery_discharge_revenues": 28386.484696277683, "battery_retail_profits": 1718.7755503959052, "battery_export_revenue": 0.0, "total_profits": 33376.28733050071, "irr": 0.10201, "npv": 47463.282}}