{"key_params": {"location": "CA_Fresno.Air.Terminal.723890_TMY3", "customer_type": "School", "demand_charge": 20, "export_price": 0.0, "export_price_type": "None", "battery_size_kWh": 600, "battery_power_kW": 300.0, "min_soc": 0.05, "max_soc": 1.0, "one_way_efficiency": 0.92, "start_soc": 0.5, "n_horizon": 24, "n_control": 12}, "savings": {"old_energy_charge": -656889.6089334664, "new_energy_charge": -653416.7799608627, "energy_charge_savings": 3472.82897260366, "old_demand_charge": -386450.90361008275, "new_demand_charge": -349061.1180843839, "demand_charge_savings": 37389.785525698855, "retail_profits": 40862.614498302515, "battery_charge_cost": -22015.135127941932, "battery_discharge_revenues": 25487.96410054554, "battery_retail_profits": 3472.828972603609, "battery_export_revenue": 0.0, "total_profits": 40862.614498302464, "irr": 0.14098, "npv": 94691.779}}