{"key_params": {"location": "CA_Palm.Springs-Thermal", "customer_type": "Market", "demand_charge": 20, "export_price": 0.0, "export_price_type": "None", "battery_size_kWh": 600, "battery_power_kW": 300.0, "min_soc": 0.05, "max_soc": 1.0, "one_way_efficiency": 0.92, "start_soc": 0.5, "n_horizon": 24, "n_control": 12}, "savings": {"old_energy_charge": -394637.8087275995, "new_energy_charge": -394145.89176793024, "energy_charge_savings": 491.91695966926636, "old_demand_charge": -156802.842058566, "new_demand_charge": -136416.7453153422, "demand_charge_savings": 20386.09674322378, "retail_profits": 20878.013702893048, "battery_charge_cost": -23712.624821254067, "battery_discharge_revenues": 24204.54178092337, "battery_retail_profits": 491.91695966930274, "battery_export_revenue": 0.0, "total_profits": 20878.013702893084, "irr": 0.02973, "npv": -31435.164}}