{"key_params": {"location": "CA_Point.Mugu.NAS.723910_TMY3", "customer_type": "Restaurant", "demand_charge": 20, "export_price": 0.0, "export_price_type": "None", "battery_size_kWh": 600, "battery_power_kW": 300.0, "min_soc": 0.05, "max_soc": 1.0, "one_way_efficiency": 0.92, "start_soc": 0.5, "n_horizon": 24, "n_control": 12}, "savings": {"old_energy_charge": -431473.16611508804, "new_energy_charge": -433241.02145857585, "energy_charge_savings": -1767.8553434878122, "old_demand_charge": -144664.98442905268, "new_demand_charge": -118400.34274195736, "demand_charge_savings": 26264.641687095325, "retail_profits": 24496.786343607513, "battery_charge_cost": -33105.35699240547, "battery_discharge_revenues": 31337.501648917725, "battery_retail_profits": -1767.855343487743, "battery_export_revenue": 0.0, "total_profits": 24496.786343607582, "irr": 0.052, "npv": -8554.238}}