{"key_params": {"location": "CA_Oxnard", "customer_type": "School", "demand_charge": 20, "export_price": 0.0, "export_price_type": "None", "battery_size_kWh": 600, "battery_power_kW": 300.0, "min_soc": 0.05, "max_soc": 1.0, "one_way_efficiency": 0.92, "start_soc": 0.5, "n_horizon": 24, "n_control": 12}, "savings": {"old_energy_charge": -594672.5902804319, "new_energy_charge": -592637.8328476765, "energy_charge_savings": 2034.757432755432, "old_demand_charge": -369084.92268375424, "new_demand_charge": -340318.5347097314, "demand_charge_savings": 28766.38797402283, "retail_profits": 30801.14540677826, "battery_charge_cost": -22778.43899489422, "battery_discharge_revenues": 24813.19642764976, "battery_retail_profits": 2034.7574327555412, "battery_export_revenue": 0.0, "total_profits": 30801.14540677837, "irr": 0.08802, "npv": 31217.655}}