{"key_params": {"location": "CA_Mountain.View-Moffett.Field.NAS.745090_TMY3", "customer_type": "Office", "demand_charge": 20, "export_price": 0.0, "export_price_type": "None", "battery_size_kWh": 600, "battery_power_kW": 300.0, "min_soc": 0.05, "max_soc": 1.0, "one_way_efficiency": 0.92, "start_soc": 0.5, "n_horizon": 24, "n_control": 12}, "savings": {"old_energy_charge": -298321.54052534443, "new_energy_charge": -297449.4024673152, "energy_charge_savings": 872.1380580292316, "old_demand_charge": -152878.5968516819, "new_demand_charge": -129794.64068670104, "demand_charge_savings": 23083.956164980875, "retail_profits": 23956.094223010106, "battery_charge_cost": -23131.615190150675, "battery_discharge_revenues": 24003.7532481799, "battery_retail_profits": 872.1380580292243, "battery_export_revenue": 0.0, "total_profits": 23956.0942230101, "irr": 0.04877, "npv": -11965.267}}