{"key_params": {"location": "CA_Sandberg.723830_TMY3", "customer_type": "Office", "demand_charge": 20, "export_price": 0.0, "export_price_type": "None", "battery_size_kWh": 600, "battery_power_kW": 300.0, "min_soc": 0.05, "max_soc": 1.0, "one_way_efficiency": 0.92, "start_soc": 0.5, "n_horizon": 24, "n_control": 12}, "savings": {"old_energy_charge": -480100.5074608093, "new_energy_charge": -478718.8076201151, "energy_charge_savings": 1381.6998406942002, "old_demand_charge": -250293.09890879903, "new_demand_charge": -223905.7624205039, "demand_charge_savings": 26387.336488295143, "retail_profits": 27769.036328989343, "battery_charge_cost": -23022.155846113765, "battery_discharge_revenues": 24403.855686807947, "battery_retail_profits": 1381.699840694182, "battery_export_revenue": 0.0, "total_profits": 27769.036328989325, "irr": 0.07105, "npv": 12089.189}}