{"key_params": {"location": "CA_Hawthorne-Jack.Northrop.Field.722956_TMY3", "customer_type": "School", "demand_charge": 20, "export_price": 0.0, "export_price_type": "None", "battery_size_kWh": 600, "battery_power_kW": 300.0, "min_soc": 0.05, "max_soc": 1.0, "one_way_efficiency": 0.92, "start_soc": 0.5, "n_horizon": 24, "n_control": 12}, "savings": {"old_energy_charge": -583585.4543071233, "new_energy_charge": -580962.4192246367, "energy_charge_savings": 2623.0350824865745, "old_demand_charge": -363779.7326148831, "new_demand_charge": -335586.85314745596, "demand_charge_savings": 28192.87946742715, "retail_profits": 30815.914549913723, "battery_charge_cost": -22359.24070479993, "battery_discharge_revenues": 24982.275787286562, "battery_retail_profits": 2623.0350824866327, "battery_export_revenue": 0.0, "total_profits": 30815.91454991378, "irr": 0.0881, "npv": 31310.828}}