{"key_params": {"location": "CA_Van.Nuys", "customer_type": "Apartment", "demand_charge": 20, "export_price": 0.0, "export_price_type": "None", "battery_size_kWh": 600, "battery_power_kW": 300.0, "min_soc": 0.05, "max_soc": 1.0, "one_way_efficiency": 0.92, "start_soc": 0.5, "n_horizon": 24, "n_control": 12}, "savings": {"old_energy_charge": -357439.4422961749, "new_energy_charge": -352038.3362403137, "energy_charge_savings": 5401.106055861164, "old_demand_charge": -159891.01027074023, "new_demand_charge": -126762.08569541552, "demand_charge_savings": 33128.92457532471, "retail_profits": 38530.03063118587, "battery_charge_cost": -21469.760111435615, "battery_discharge_revenues": 26870.866167296786, "battery_retail_profits": 5401.106055861172, "battery_export_revenue": 0.0, "total_profits": 38530.03063118588, "irr": 0.12907, "npv": 79976.362}}