{"key_params": {"location": "CA_Camp.Pendleton.MCAS.722926_TMY3", "customer_type": "Restaurant", "demand_charge": 20, "export_price": 0.0, "export_price_type": "None", "battery_size_kWh": 600, "battery_power_kW": 300.0, "min_soc": 0.05, "max_soc": 1.0, "one_way_efficiency": 0.92, "start_soc": 0.5, "n_horizon": 24, "n_control": 12}, "savings": {"old_energy_charge": -468766.84616256633, "new_energy_charge": -467664.1299967613, "energy_charge_savings": 1102.7161658050609, "old_demand_charge": -173520.05048078997, "new_demand_charge": -141374.58858171297, "demand_charge_savings": 32145.461899076996, "retail_profits": 33248.17806488206, "battery_charge_cost": -27433.316653921163, "battery_discharge_revenues": 28536.032819726177, "battery_retail_profits": 1102.7161658050136, "battery_export_revenue": 0.0, "total_profits": 33248.17806488201, "irr": 0.10132, "npv": 46655.088}}