{"key_params": {"location": "CA_San.Jose.Intl", "customer_type": "Apartment", "demand_charge": 20, "export_price": 0.0, "export_price_type": "None", "battery_size_kWh": 600, "battery_power_kW": 300.0, "min_soc": 0.05, "max_soc": 1.0, "one_way_efficiency": 0.92, "start_soc": 0.5, "n_horizon": 24, "n_control": 12}, "savings": {"old_energy_charge": -350800.59212033666, "new_energy_charge": -345460.6575596513, "energy_charge_savings": 5339.93456068536, "old_demand_charge": -152333.59301999238, "new_demand_charge": -119863.46699632144, "demand_charge_savings": 32470.126023670935, "retail_profits": 37810.060584356295, "battery_charge_cost": -21461.373045818746, "battery_discharge_revenues": 26801.307606504146, "battery_retail_profits": 5339.9345606854, "battery_export_revenue": 0.0, "total_profits": 37810.06058435634, "irr": 0.12535, "npv": 75434.334}}