{"key_params": {"location": "CA_Lancaster-Gen.Wm.Fox.Field.723816_TMY3", "customer_type": "Hotel", "demand_charge": 20, "export_price": 0.0, "export_price_type": "None", "battery_size_kWh": 600, "battery_power_kW": 300.0, "min_soc": 0.05, "max_soc": 1.0, "one_way_efficiency": 0.92, "start_soc": 0.5, "n_horizon": 24, "n_control": 12}, "savings": {"old_energy_charge": -374247.12039084785, "new_energy_charge": -370453.83850894385, "energy_charge_savings": 3793.2818819039967, "old_demand_charge": -147562.50113016594, "new_demand_charge": -111047.974303382, "demand_charge_savings": 36514.52682678394, "retail_profits": 40307.80870868794, "battery_charge_cost": -26122.113461058852, "battery_discharge_revenues": 29915.39534296287, "battery_retail_profits": 3793.2818819040185, "battery_export_revenue": 0.0, "total_profits": 40307.80870868796, "irr": 0.13816, "npv": 91191.713}}