{"key_params": {"location": "CA_Chula.Vista-Brown.Field.Muni", "customer_type": "Apartment", "demand_charge": 20, "export_price": 0.0, "export_price_type": "None", "battery_size_kWh": 600, "battery_power_kW": 300.0, "min_soc": 0.05, "max_soc": 1.0, "one_way_efficiency": 0.92, "start_soc": 0.5, "n_horizon": 24, "n_control": 12}, "savings": {"old_energy_charge": -343714.0930395636, "new_energy_charge": -338303.303695166, "energy_charge_savings": 5410.789344397606, "old_demand_charge": -147206.27086144142, "new_demand_charge": -113776.98697861796, "demand_charge_savings": 33429.28388282345, "retail_profits": 38840.07322722106, "battery_charge_cost": -21469.31919494119, "battery_discharge_revenues": 26880.10853933884, "battery_retail_profits": 5410.78934439765, "battery_export_revenue": 0.0, "total_profits": 38840.0732272211, "irr": 0.13066, "npv": 81932.307}}