{"key_params": {"location": "CA_Santa.Rosa.AWOS.724957_TMY3", "customer_type": "Hotel", "demand_charge": 20, "export_price": 0.0, "export_price_type": "None", "battery_size_kWh": 600, "battery_power_kW": 300.0, "min_soc": 0.05, "max_soc": 1.0, "one_way_efficiency": 0.92, "start_soc": 0.5, "n_horizon": 24, "n_control": 12}, "savings": {"old_energy_charge": -382453.36666496634, "new_energy_charge": -378254.32572489535, "energy_charge_savings": 4199.0409400709905, "old_demand_charge": -152326.94591103727, "new_demand_charge": -116709.12866586579, "demand_charge_savings": 35617.81724517148, "retail_profits": 39816.85818524247, "battery_charge_cost": -25683.331315257103, "battery_discharge_revenues": 29882.372255328057, "battery_retail_profits": 4199.040940070954, "battery_export_revenue": 0.0, "total_profits": 39816.85818524243, "irr": 0.13566, "npv": 88094.486}}