{"key_params": {"location": "CA_Edwards.AFB.723810_TMY3", "customer_type": "Office", "demand_charge": 20, "export_price": 0.0, "export_price_type": "None", "battery_size_kWh": 600, "battery_power_kW": 300.0, "min_soc": 0.05, "max_soc": 1.0, "one_way_efficiency": 0.92, "start_soc": 0.5, "n_horizon": 24, "n_control": 12}, "savings": {"old_energy_charge": -496368.73721167207, "new_energy_charge": -494582.11750773754, "energy_charge_savings": 1786.619703934528, "old_demand_charge": -253149.86021199008, "new_demand_charge": -224931.56170865244, "demand_charge_savings": 28218.29850333763, "retail_profits": 30004.91820727216, "battery_charge_cost": -22844.243041439022, "battery_discharge_revenues": 24630.862745373593, "battery_retail_profits": 1786.6197039345716, "battery_export_revenue": 0.0, "total_profits": 30004.918207272203, "irr": 0.08362, "npv": 26194.549}}