{"key_params": {"location": "CA_Visalia.Muni.AWOS.723896_TMY3", "customer_type": "Market", "demand_charge": 20, "export_price": 0.0, "export_price_type": "None", "battery_size_kWh": 600, "battery_power_kW": 300.0, "min_soc": 0.05, "max_soc": 1.0, "one_way_efficiency": 0.92, "start_soc": 0.5, "n_horizon": 24, "n_control": 12}, "savings": {"old_energy_charge": -387255.7857427413, "new_energy_charge": -385943.1590456753, "energy_charge_savings": 1312.6266970660072, "old_demand_charge": -154757.41983585202, "new_demand_charge": -134264.34500675314, "demand_charge_savings": 20493.074829098885, "retail_profits": 21805.701526164892, "battery_charge_cost": -23576.94181603732, "battery_discharge_revenues": 24889.568513103415, "battery_retail_profits": 1312.6266970660945, "battery_export_revenue": 0.0, "total_profits": 21805.70152616498, "irr": 0.03562, "npv": -25535.573}}