{"key_params": {"location": "CA_Camarillo.AWOS.723926_TMY3", "customer_type": "Hotel", "demand_charge": 20, "export_price": 0.0, "export_price_type": "None", "battery_size_kWh": 600, "battery_power_kW": 300.0, "min_soc": 0.05, "max_soc": 1.0, "one_way_efficiency": 0.92, "start_soc": 0.5, "n_horizon": 24, "n_control": 12}, "savings": {"old_energy_charge": -346768.71013622516, "new_energy_charge": -344392.7045369298, "energy_charge_savings": 2376.005599295371, "old_demand_charge": -127438.0451702316, "new_demand_charge": -91730.35849216889, "demand_charge_savings": 35707.68667806272, "retail_profits": 38083.69227735809, "battery_charge_cost": -29858.217710772187, "battery_discharge_revenues": 32234.22331006752, "battery_retail_profits": 2376.005599295331, "battery_export_revenue": 0.0, "total_profits": 38083.692277358045, "irr": 0.12677, "npv": 77160.577}}