{"key_params": {"location": "CA_Los.Angeles.Intl", "customer_type": "Office", "demand_charge": 20, "export_price": 0.0, "export_price_type": "None", "battery_size_kWh": 600, "battery_power_kW": 300.0, "min_soc": 0.05, "max_soc": 1.0, "one_way_efficiency": 0.92, "start_soc": 0.5, "n_horizon": 24, "n_control": 12}, "savings": {"old_energy_charge": -380401.910188221, "new_energy_charge": -378589.1224547842, "energy_charge_savings": 1812.787733436795, "old_demand_charge": -200195.49238961982, "new_demand_charge": -175789.82052464268, "demand_charge_savings": 24405.671864977136, "retail_profits": 26218.45959841393, "battery_charge_cost": -23201.52164538626, "battery_discharge_revenues": 25014.30937882308, "battery_retail_profits": 1812.7877334368204, "battery_export_revenue": 0.0, "total_profits": 26218.459598413956, "irr": 0.06213, "npv": 2307.168}}