{"key_params": {"location": "CA_Sacramento.Exec", "customer_type": "Market", "demand_charge": 20, "export_price": 0.0, "export_price_type": "None", "battery_size_kWh": 600, "battery_power_kW": 300.0, "min_soc": 0.05, "max_soc": 1.0, "one_way_efficiency": 0.92, "start_soc": 0.5, "n_horizon": 24, "n_control": 12}, "savings": {"old_energy_charge": -384414.89013597183, "new_energy_charge": -382797.45967351226, "energy_charge_savings": 1617.430462459568, "old_demand_charge": -154330.50616761798, "new_demand_charge": -133050.35147892422, "demand_charge_savings": 21280.154688693758, "retail_profits": 22897.585151153326, "battery_charge_cost": -23377.86297765059, "battery_discharge_revenues": 24995.293440110145, "battery_retail_profits": 1617.4304624595534, "battery_export_revenue": 0.0, "total_profits": 22897.58515115331, "irr": 0.04235, "npv": -18643.013}}