{"key_params": {"location": "CA_Stockton.Metro", "customer_type": "Hotel", "demand_charge": 20, "export_price": 0.0, "export_price_type": "None", "battery_size_kWh": 600, "battery_power_kW": 300.0, "min_soc": 0.05, "max_soc": 1.0, "one_way_efficiency": 0.92, "start_soc": 0.5, "n_horizon": 24, "n_control": 12}, "savings": {"old_energy_charge": -381059.5066968351, "new_energy_charge": -377027.5903696387, "energy_charge_savings": 4031.916327196406, "old_demand_charge": -155575.8510628367, "new_demand_charge": -119292.2031702275, "demand_charge_savings": 36283.64789260921, "retail_profits": 40315.564219805616, "battery_charge_cost": -25569.952221075575, "battery_discharge_revenues": 29601.868548271905, "battery_retail_profits": 4031.91632719633, "battery_export_revenue": 0.0, "total_profits": 40315.56421980554, "irr": 0.1382, "npv": 91240.639}}