{"key_params": {"location": "CA_Beale.AFB.724837_TMY3", "customer_type": "Market", "demand_charge": 20, "export_price": 0.0, "export_price_type": "None", "battery_size_kWh": 600, "battery_power_kW": 300.0, "min_soc": 0.05, "max_soc": 1.0, "one_way_efficiency": 0.92, "start_soc": 0.5, "n_horizon": 24, "n_control": 12}, "savings": {"old_energy_charge": -388476.37120192975, "new_energy_charge": -387319.7589491774, "energy_charge_savings": 1156.6122527523548, "old_demand_charge": -154027.1939144948, "new_demand_charge": -133659.66285364534, "demand_charge_savings": 20367.531060849462, "retail_profits": 21524.143313601817, "battery_charge_cost": -23610.415485148354, "battery_discharge_revenues": 24767.027737900717, "battery_retail_profits": 1156.612252752362, "battery_export_revenue": 0.0, "total_profits": 21524.143313601824, "irr": 0.03384, "npv": -27326.131}}