{"key_params": {"location": "CA_San.Diego-Miramar.NAS.722930_TMY3", "customer_type": "Office", "demand_charge": 20, "export_price": 0.0, "export_price_type": "None", "battery_size_kWh": 600, "battery_power_kW": 300.0, "min_soc": 0.05, "max_soc": 1.0, "one_way_efficiency": 0.92, "start_soc": 0.5, "n_horizon": 24, "n_control": 12}, "savings": {"old_energy_charge": -520013.87581830204, "new_energy_charge": -518761.99895774724, "energy_charge_savings": 1251.8768605547957, "old_demand_charge": -260542.82195622084, "new_demand_charge": -235296.3068701881, "demand_charge_savings": 25246.51508603274, "retail_profits": 26498.391946587537, "battery_charge_cost": -23128.840079221776, "battery_discharge_revenues": 24380.716939776506, "battery_retail_profits": 1251.8768605547302, "battery_export_revenue": 0.0, "total_profits": 26498.39194658747, "irr": 0.06376, "npv": 4073.159}}