{"key_params": {"location": "CA_Needles", "customer_type": "Restaurant", "demand_charge": 20, "export_price": 0.0, "export_price_type": "None", "battery_size_kWh": 600, "battery_power_kW": 300.0, "min_soc": 0.05, "max_soc": 1.0, "one_way_efficiency": 0.92, "start_soc": 0.5, "n_horizon": 24, "n_control": 12}, "savings": {"old_energy_charge": -503430.77529602224, "new_energy_charge": -501858.354401676, "energy_charge_savings": 1572.4208943462581, "old_demand_charge": -179161.4531169057, "new_demand_charge": -153048.72207088553, "demand_charge_savings": 26112.73104602017, "retail_profits": 27685.151940366428, "battery_charge_cost": -27305.931475731282, "battery_discharge_revenues": 28878.352370077493, "battery_retail_profits": 1572.4208943462108, "battery_export_revenue": 0.0, "total_profits": 27685.15194036638, "irr": 0.07057, "npv": 11559.993}}