{"key_params": {"location": "CA_San.Diego-Miramar.NAS.722930_TMY3", "customer_type": "Hotel", "demand_charge": 20, "export_price": 0.0, "export_price_type": "None", "battery_size_kWh": 600, "battery_power_kW": 300.0, "min_soc": 0.05, "max_soc": 1.0, "one_way_efficiency": 0.92, "start_soc": 0.5, "n_horizon": 24, "n_control": 12}, "savings": {"old_energy_charge": -371935.84452503774, "new_energy_charge": -368385.64651971444, "energy_charge_savings": 3550.1980053232983, "old_demand_charge": -144504.2588673388, "new_demand_charge": -106707.93521230042, "demand_charge_savings": 37796.32365503837, "retail_profits": 41346.52166036167, "battery_charge_cost": -27674.38746587153, "battery_discharge_revenues": 31224.58547119486, "battery_retail_profits": 3550.198005323331, "battery_export_revenue": 0.0, "total_profits": 41346.5216603617, "irr": 0.14343, "npv": 97744.572}}