{"key_params": {"location": "CA_Imperial.County", "customer_type": "School", "demand_charge": 20, "export_price": 0.0, "export_price_type": "None", "battery_size_kWh": 600, "battery_power_kW": 300.0, "min_soc": 0.05, "max_soc": 1.0, "one_way_efficiency": 0.92, "start_soc": 0.5, "n_horizon": 24, "n_control": 12}, "savings": {"old_energy_charge": -457906.20743773837, "new_energy_charge": -455362.57643684285, "energy_charge_savings": 2543.631000895519, "old_demand_charge": -286749.3753668922, "new_demand_charge": -253040.5012700359, "demand_charge_savings": 33708.87409685631, "retail_profits": 36252.505097751826, "battery_charge_cost": -22425.134846300603, "battery_discharge_revenues": 24968.765847196086, "battery_retail_profits": 2543.6310008954824, "battery_export_revenue": 0.0, "total_profits": 36252.50509775179, "irr": 0.11725, "npv": 65608.287}}