{"key_params": {"location": "CA_Monterey.NAF.724915_TMY3", "customer_type": "Office", "demand_charge": 20, "export_price": 0.0, "export_price_type": "None", "battery_size_kWh": 600, "battery_power_kW": 300.0, "min_soc": 0.05, "max_soc": 1.0, "one_way_efficiency": 0.92, "start_soc": 0.5, "n_horizon": 24, "n_control": 12}, "savings": {"old_energy_charge": -290325.27710614423, "new_energy_charge": -289659.3256200077, "energy_charge_savings": 665.9514861365315, "old_demand_charge": -144084.22968960973, "new_demand_charge": -122304.06401274947, "demand_charge_savings": 21780.165676860255, "retail_profits": 22446.117162996787, "battery_charge_cost": -23108.67149503546, "battery_discharge_revenues": 23774.62298117202, "battery_retail_profits": 665.9514861365569, "battery_export_revenue": 0.0, "total_profits": 22446.117162996812, "irr": 0.03959, "npv": -21491.159}}