{"key_params": {"location": "CA_March.AFB.722860_TMY3", "customer_type": "School", "demand_charge": 20, "export_price": 0.0, "export_price_type": "None", "battery_size_kWh": 600, "battery_power_kW": 300.0, "min_soc": 0.05, "max_soc": 1.0, "one_way_efficiency": 0.92, "start_soc": 0.5, "n_horizon": 24, "n_control": 12}, "savings": {"old_energy_charge": -377254.3704837597, "new_energy_charge": -374437.32144110766, "energy_charge_savings": 2817.049042652012, "old_demand_charge": -248038.6698224371, "new_demand_charge": -216589.51127921033, "demand_charge_savings": 31449.158543226775, "retail_profits": 34266.20758587879, "battery_charge_cost": -22282.9024520536, "battery_discharge_revenues": 25099.951494705594, "battery_retail_profits": 2817.0490426519937, "battery_export_revenue": 0.0, "total_profits": 34266.20758587877, "irr": 0.10676, "npv": 53077.463}}