{"key_params": {"location": "CA_Alturas.725958_TMY3", "customer_type": "School", "demand_charge": 20, "export_price": 0.0, "export_price_type": "None", "battery_size_kWh": 600, "battery_power_kW": 300.0, "min_soc": 0.05, "max_soc": 1.0, "one_way_efficiency": 0.92, "start_soc": 0.5, "n_horizon": 24, "n_control": 12}, "savings": {"old_energy_charge": -494757.34540817345, "new_energy_charge": -491878.0755998666, "energy_charge_savings": 2879.2698083068244, "old_demand_charge": -311805.3841091847, "new_demand_charge": -278023.95600612817, "demand_charge_savings": 33781.42810305656, "retail_profits": 36660.697911363386, "battery_charge_cost": -22062.69171988263, "battery_discharge_revenues": 24941.96152818946, "battery_retail_profits": 2879.269808306828, "battery_export_revenue": 0.0, "total_profits": 36660.697911363386, "irr": 0.11938, "npv": 68183.426}}