{"key_params": {"location": "CA_Twentynine.Palms.690150_TMY3", "customer_type": "Office", "demand_charge": 20, "export_price": 0.0, "export_price_type": "None", "battery_size_kWh": 600, "battery_power_kW": 300.0, "min_soc": 0.05, "max_soc": 1.0, "one_way_efficiency": 0.92, "start_soc": 0.5, "n_horizon": 24, "n_control": 12}, "savings": {"old_energy_charge": -341993.1633140986, "new_energy_charge": -341266.8431835409, "energy_charge_savings": 726.3201305576949, "old_demand_charge": -178661.9785990812, "new_demand_charge": -152845.21817018883, "demand_charge_savings": 25816.76042889236, "retail_profits": 26543.080559450056, "battery_charge_cost": -23123.119378858373, "battery_discharge_revenues": 23849.439509416112, "battery_retail_profits": 726.3201305577386, "battery_export_revenue": 0.0, "total_profits": 26543.0805594501, "irr": 0.06401, "npv": 4355.083}}