{"key_params": {"location": "CA_Sandberg.723830_TMY3", "customer_type": "Restaurant", "demand_charge": 20, "export_price": 0.0, "export_price_type": "None", "battery_size_kWh": 600, "battery_power_kW": 300.0, "min_soc": 0.05, "max_soc": 1.0, "one_way_efficiency": 0.92, "start_soc": 0.5, "n_horizon": 24, "n_control": 12}, "savings": {"old_energy_charge": -486694.6413310924, "new_energy_charge": -486556.76359801134, "energy_charge_savings": 137.87773308105534, "old_demand_charge": -175363.47516380722, "new_demand_charge": -145578.5109736277, "demand_charge_savings": 29784.96419017951, "retail_profits": 29922.841923260567, "battery_charge_cost": -28161.27236540866, "battery_discharge_revenues": 28299.15009848972, "battery_retail_profits": 137.87773308106262, "battery_export_revenue": 0.0, "total_profits": 29922.841923260574, "irr": 0.08316, "npv": 25676.76}}