{"key_params": {"location": "CA_Redding.Muni", "customer_type": "Market", "demand_charge": 20, "export_price": 0.0, "export_price_type": "None", "battery_size_kWh": 600, "battery_power_kW": 300.0, "min_soc": 0.05, "max_soc": 1.0, "one_way_efficiency": 0.92, "start_soc": 0.5, "n_horizon": 24, "n_control": 12}, "savings": {"old_energy_charge": -388351.2972869524, "new_energy_charge": -387396.9547504434, "energy_charge_savings": 954.3425365089788, "old_demand_charge": -153244.40142629558, "new_demand_charge": -132814.31799698336, "demand_charge_savings": 20430.083429312217, "retail_profits": 21384.425965821196, "battery_charge_cost": -23530.871385106602, "battery_discharge_revenues": 24485.21392161567, "battery_retail_profits": 954.3425365090661, "battery_export_revenue": 0.0, "total_profits": 21384.425965821283, "irr": 0.03296, "npv": -28214.657}}