{"key_params": {"location": "CA_Burbank-Glendale-Passadena.Bob.Hope", "customer_type": "Restaurant", "demand_charge": 20, "export_price": 0.0, "export_price_type": "None", "battery_size_kWh": 600, "battery_power_kW": 300.0, "min_soc": 0.05, "max_soc": 1.0, "one_way_efficiency": 0.92, "start_soc": 0.5, "n_horizon": 24, "n_control": 12}, "savings": {"old_energy_charge": -450490.70896169473, "new_energy_charge": -449851.65595281153, "energy_charge_savings": 639.053008883202, "old_demand_charge": -168781.18535553874, "new_demand_charge": -140801.5256794599, "demand_charge_savings": 27979.659676078823, "retail_profits": 28618.712684962025, "battery_charge_cost": -28413.397427602045, "battery_discharge_revenues": 29052.450436485236, "battery_retail_profits": 639.0530088831911, "battery_export_revenue": 0.0, "total_profits": 28618.712684962014, "irr": 0.07587, "npv": 17449.486}}