{"key_params": {"location": "CA_Sandberg.723830_TMY3", "customer_type": "School", "demand_charge": 20, "export_price": 0.0, "export_price_type": "None", "battery_size_kWh": 600, "battery_power_kW": 300.0, "min_soc": 0.05, "max_soc": 1.0, "one_way_efficiency": 0.92, "start_soc": 0.5, "n_horizon": 24, "n_control": 12}, "savings": {"old_energy_charge": -553573.3104277612, "new_energy_charge": -551301.2457217913, "energy_charge_savings": 2272.064705969882, "old_demand_charge": -375255.7464801711, "new_demand_charge": -340948.905222932, "demand_charge_savings": 34306.84125723911, "retail_profits": 36578.90596320899, "battery_charge_cost": -22455.46336620931, "battery_discharge_revenues": 24727.528072179022, "battery_retail_profits": 2272.064705969711, "battery_export_revenue": 0.0, "total_profits": 36578.90596320882, "irr": 0.11895, "npv": 67667.431}}