{"key_params": {"location": "CA_Redding.Muni", "customer_type": "Hotel", "demand_charge": 20, "export_price": 0.0, "export_price_type": "None", "battery_size_kWh": 600, "battery_power_kW": 300.0, "min_soc": 0.05, "max_soc": 1.0, "one_way_efficiency": 0.92, "start_soc": 0.5, "n_horizon": 24, "n_control": 12}, "savings": {"old_energy_charge": -339487.17823994055, "new_energy_charge": -337224.9581266869, "energy_charge_savings": 2262.2201132536284, "old_demand_charge": -125803.20448941544, "new_demand_charge": -90774.72922805959, "demand_charge_savings": 35028.47526135585, "retail_profits": 37290.69537460948, "battery_charge_cost": -29679.263716348527, "battery_discharge_revenues": 31941.483829602126, "battery_retail_profits": 2262.2201132535993, "battery_export_revenue": 0.0, "total_profits": 37290.69537460945, "irr": 0.12266, "npv": 72157.849}}