{"key_params": {"location": "CA_Santa.Maria.Public", "customer_type": "Restaurant", "demand_charge": 20, "export_price": 0.0, "export_price_type": "None", "battery_size_kWh": 600, "battery_power_kW": 300.0, "min_soc": 0.05, "max_soc": 1.0, "one_way_efficiency": 0.92, "start_soc": 0.5, "n_horizon": 24, "n_control": 12}, "savings": {"old_energy_charge": -455953.5775776408, "new_energy_charge": -455628.867720381, "energy_charge_savings": 324.7098572598188, "old_demand_charge": -166491.4847205567, "new_demand_charge": -134025.38404693076, "demand_charge_savings": 32466.100673625944, "retail_profits": 32790.81053088576, "battery_charge_cost": -28576.883780163156, "battery_discharge_revenues": 28901.59363742296, "battery_retail_profits": 324.70985725980427, "battery_export_revenue": 0.0, "total_profits": 32790.81053088575, "irr": 0.09886, "npv": 43769.724}}