{"key_params": {"location": "CA_Twentynine.Palms.690150_TMY3", "customer_type": "Restaurant", "demand_charge": 20, "export_price": 0.0, "export_price_type": "None", "battery_size_kWh": 600, "battery_power_kW": 300.0, "min_soc": 0.05, "max_soc": 1.0, "one_way_efficiency": 0.92, "start_soc": 0.5, "n_horizon": 24, "n_control": 12}, "savings": {"old_energy_charge": -529308.4199993038, "new_energy_charge": -528262.4438759449, "energy_charge_savings": 1045.9761233588215, "old_demand_charge": -194232.71345122415, "new_demand_charge": -166741.58684386595, "demand_charge_savings": 27491.126607358194, "retail_profits": 28537.102730717015, "battery_charge_cost": -26806.549753493797, "battery_discharge_revenues": 27852.52587685261, "battery_retail_profits": 1045.9761233588142, "battery_export_revenue": 0.0, "total_profits": 28537.102730717008, "irr": 0.07541, "npv": 16934.639}}