{"key_params": {"location": "CA_San.Jose.Intl", "customer_type": "Office", "demand_charge": 20, "export_price": 0.0, "export_price_type": "None", "battery_size_kWh": 600, "battery_power_kW": 300.0, "min_soc": 0.05, "max_soc": 1.0, "one_way_efficiency": 0.92, "start_soc": 0.5, "n_horizon": 24, "n_control": 12}, "savings": {"old_energy_charge": -298586.39192565065, "new_energy_charge": -297580.30914930045, "energy_charge_savings": 1006.082776350202, "old_demand_charge": -153853.31154591794, "new_demand_charge": -129227.6742763583, "demand_charge_savings": 24625.637269559636, "retail_profits": 25631.72004590984, "battery_charge_cost": -23083.771195011384, "battery_discharge_revenues": 24089.8539713616, "battery_retail_profits": 1006.0827763502166, "battery_export_revenue": 0.0, "total_profits": 25631.720045909853, "irr": 0.05871, "npv": -1394.357}}