{"key_params": {"location": "CA_San.Luis.Obispo", "customer_type": "Office", "demand_charge": 20, "export_price": 0.0, "export_price_type": "None", "battery_size_kWh": 600, "battery_power_kW": 300.0, "min_soc": 0.05, "max_soc": 1.0, "one_way_efficiency": 0.92, "start_soc": 0.5, "n_horizon": 24, "n_control": 12}, "savings": {"old_energy_charge": -400243.33978070813, "new_energy_charge": -398680.05381765554, "energy_charge_savings": 1563.2859630525927, "old_demand_charge": -226678.9278727058, "new_demand_charge": -186516.9910186251, "demand_charge_savings": 40161.936854080705, "retail_profits": 41725.2228171333, "battery_charge_cost": -23930.48534808325, "battery_discharge_revenues": 25493.77131113588, "battery_retail_profits": 1563.285963052629, "battery_export_revenue": 0.0, "total_profits": 41725.22281713333, "irr": 0.14534, "npv": 100133.659}}