{"key_params": {"location": "CA_Modesto.Muni", "customer_type": "Office", "demand_charge": 20, "export_price": 0.0, "export_price_type": "None", "battery_size_kWh": 600, "battery_power_kW": 300.0, "min_soc": 0.05, "max_soc": 1.0, "one_way_efficiency": 0.92, "start_soc": 0.5, "n_horizon": 24, "n_control": 12}, "savings": {"old_energy_charge": -510691.31518570863, "new_energy_charge": -509520.3763178298, "energy_charge_savings": 1170.938867878809, "old_demand_charge": -257099.27872816147, "new_demand_charge": -229251.83010360895, "demand_charge_savings": 27847.44862455252, "retail_profits": 29018.387492431328, "battery_charge_cost": -22893.993704770146, "battery_discharge_revenues": 24064.932572648886, "battery_retail_profits": 1170.93886787874, "battery_export_revenue": 0.0, "total_profits": 29018.38749243126, "irr": 0.07812, "npv": 19970.888}}