{"key_params": {"location": "CA_Red.Bluff.Muni", "customer_type": "Hospital", "demand_charge": 20, "export_price": 0.0, "export_price_type": "None", "battery_size_kWh": 600, "battery_power_kW": 300.0, "min_soc": 0.05, "max_soc": 1.0, "one_way_efficiency": 0.92, "start_soc": 0.5, "n_horizon": 24, "n_control": 12}, "savings": {"old_energy_charge": -247251.96493681413, "new_energy_charge": -247132.15389034117, "energy_charge_savings": 119.81104647295433, "old_demand_charge": -82707.26014443864, "new_demand_charge": -71273.19079990777, "demand_charge_savings": 11434.069344530872, "retail_profits": 11553.880391003826, "battery_charge_cost": -20010.065181445403, "battery_discharge_revenues": 20129.87622791835, "battery_retail_profits": 119.81104647294706, "battery_export_revenue": 0.0, "total_profits": 11553.880391003819, "irr": -0.04828, "npv": -97317.924}}