{"key_params": {"location": "CA_Fullerton.Muni", "customer_type": "Hospital", "demand_charge": 20, "export_price": 0.0, "export_price_type": "None", "battery_size_kWh": 600, "battery_power_kW": 300.0, "min_soc": 0.05, "max_soc": 1.0, "one_way_efficiency": 0.92, "start_soc": 0.5, "n_horizon": 24, "n_control": 12}, "savings": {"old_energy_charge": -246617.72611411556, "new_energy_charge": -246578.51866208029, "energy_charge_savings": 39.20745203527622, "old_demand_charge": -80970.83548582313, "new_demand_charge": -70402.23882595284, "demand_charge_savings": 10568.596659870294, "retail_profits": 10607.80411190557, "battery_charge_cost": -19676.743397731345, "battery_discharge_revenues": 19715.95084976663, "battery_retail_profits": 39.207452035283495, "battery_export_revenue": 0.0, "total_profits": 10607.804111905578, "irr": -0.0592, "npv": -104872.922}}