{"key_params": {"location": "CA_Riverside.Muni", "customer_type": "Hospital", "demand_charge": 20, "export_price": 0.0, "export_price_type": "None", "battery_size_kWh": 600, "battery_power_kW": 300.0, "min_soc": 0.05, "max_soc": 1.0, "one_way_efficiency": 0.92, "start_soc": 0.5, "n_horizon": 24, "n_control": 12}, "savings": {"old_energy_charge": -245471.17060376957, "new_energy_charge": -245408.28774069968, "energy_charge_savings": 62.88286306988448, "old_demand_charge": -81318.29572287566, "new_demand_charge": -70123.25717669194, "demand_charge_savings": 11195.038546183714, "retail_profits": 11257.921409253599, "battery_charge_cost": -19543.25673836536, "battery_discharge_revenues": 19606.139601435243, "battery_retail_profits": 62.88286306988448, "battery_export_revenue": 0.0, "total_profits": 11257.921409253599, "irr": -0.05163, "npv": -99681.338}}