{"key_params": {"location": "CA_Lompoc.AWOS.722895_TMY3", "customer_type": "Hotel", "demand_charge": 20, "export_price": 0.0, "export_price_type": "None", "battery_size_kWh": 600, "battery_power_kW": 300.0, "min_soc": 0.05, "max_soc": 1.0, "one_way_efficiency": 0.92, "start_soc": 0.5, "n_horizon": 24, "n_control": 12}, "savings": {"old_energy_charge": -362613.1419689117, "new_energy_charge": -360028.83116164175, "energy_charge_savings": 2584.3108072699397, "old_demand_charge": -133907.30386675167, "new_demand_charge": -97714.85483421676, "demand_charge_savings": 36192.4490325349, "retail_profits": 38776.75983980484, "battery_charge_cost": -29396.443857793125, "battery_discharge_revenues": 31980.754665063043, "battery_retail_profits": 2584.310807269918, "battery_export_revenue": 0.0, "total_profits": 38776.75983980482, "irr": 0.13033, "npv": 81532.886}}