{"key_params": {"location": "CA_Oakland.Intl", "customer_type": "School", "demand_charge": 20, "export_price": 0.0, "export_price_type": "None", "battery_size_kWh": 600, "battery_power_kW": 300.0, "min_soc": 0.05, "max_soc": 1.0, "one_way_efficiency": 0.92, "start_soc": 0.5, "n_horizon": 24, "n_control": 12}, "savings": {"old_energy_charge": -528205.5448699445, "new_energy_charge": -524615.6875535762, "energy_charge_savings": 3589.8573163682595, "old_demand_charge": -375713.864001607, "new_demand_charge": -339507.51195344096, "demand_charge_savings": 36206.35204816604, "retail_profits": 39796.2093645343, "battery_charge_cost": -21925.41942738498, "battery_discharge_revenues": 25515.27674375321, "battery_retail_profits": 3589.8573163682304, "battery_export_revenue": 0.0, "total_profits": 39796.20936453427, "irr": 0.13555, "npv": 87964.22}}