{"key_params": {"location": "CA_Oakland.Intl", "customer_type": "School", "demand_charge": 20, "export_price": 0.0, "export_price_type": "None", "battery_size_kWh": 600, "battery_power_kW": 300.0, "min_soc": 0.05, "max_soc": 1.0, "one_way_efficiency": 0.92, "start_soc": 0.5, "n_horizon": 24, "n_control": 12}, "savings": {"old_energy_charge": -339108.90495830326, "new_energy_charge": -337564.1349935868, "energy_charge_savings": 1544.7699647164554, "old_demand_charge": -194319.26962515953, "new_demand_charge": -163941.39471444994, "demand_charge_savings": 30377.874910709594, "retail_profits": 31922.64487542605, "battery_charge_cost": -23027.357425972816, "battery_discharge_revenues": 24572.127390689293, "battery_retail_profits": 1544.7699647164773, "battery_export_revenue": 0.0, "total_profits": 31922.64487542607, "irr": 0.09416, "npv": 38292.784}}