{"key_params": {"location": "CA_Ukiah.Muni", "customer_type": "Office", "demand_charge": 20, "export_price": 0.0, "export_price_type": "None", "battery_size_kWh": 600, "battery_power_kW": 300.0, "min_soc": 0.05, "max_soc": 1.0, "one_way_efficiency": 0.92, "start_soc": 0.5, "n_horizon": 24, "n_control": 12}, "savings": {"old_energy_charge": -495713.54300462094, "new_energy_charge": -493678.42457236873, "energy_charge_savings": 2035.1184322522022, "old_demand_charge": -263926.856219504, "new_demand_charge": -231593.69862373167, "demand_charge_savings": 32333.157595772354, "retail_profits": 34368.27602802456, "battery_charge_cost": -22711.723290529313, "battery_discharge_revenues": 24746.8417227815, "battery_retail_profits": 2035.1184322521876, "battery_export_revenue": 0.0, "total_profits": 34368.27602802454, "irr": 0.10731, "npv": 53721.376}}