{"key_params": {"location": "CA_Santa.Ana-John.Wayne", "customer_type": "Office", "demand_charge": 20, "export_price": 0.0, "export_price_type": "None", "battery_size_kWh": 600, "battery_power_kW": 300.0, "min_soc": 0.05, "max_soc": 1.0, "one_way_efficiency": 0.92, "start_soc": 0.5, "n_horizon": 24, "n_control": 12}, "savings": {"old_energy_charge": -306250.7408069425, "new_energy_charge": -305115.90197727503, "energy_charge_savings": 1134.838829667482, "old_demand_charge": -155689.47594177583, "new_demand_charge": -134236.50455149775, "demand_charge_savings": 21452.97139027808, "retail_profits": 22587.81021994556, "battery_charge_cost": -23173.75686022155, "battery_discharge_revenues": 24308.595689888953, "battery_retail_profits": 1134.838829667402, "battery_export_revenue": 0.0, "total_profits": 22587.81021994548, "irr": 0.04046, "npv": -20597.269}}