{"key_params": {"location": "CA_Lemoore.NAS.747020_TMY3", "customer_type": "Restaurant", "demand_charge": 20, "export_price": 0.0, "export_price_type": "None", "battery_size_kWh": 600, "battery_power_kW": 300.0, "min_soc": 0.05, "max_soc": 1.0, "one_way_efficiency": 0.92, "start_soc": 0.5, "n_horizon": 24, "n_control": 12}, "savings": {"old_energy_charge": -500125.2217901509, "new_energy_charge": -498253.6314565135, "energy_charge_savings": 1871.5903336374322, "old_demand_charge": -187782.37230931595, "new_demand_charge": -157320.82218727062, "demand_charge_savings": 30461.55012204533, "retail_profits": 32333.140455682762, "battery_charge_cost": -26197.894475641522, "battery_discharge_revenues": 28069.484809278958, "battery_retail_profits": 1871.5903336374358, "battery_export_revenue": 0.0, "total_profits": 32333.140455682766, "irr": 0.09638, "npv": 40882.451}}