{"key_params": {"location": "CA_Chino", "customer_type": "Office", "demand_charge": 20, "export_price": 0.0, "export_price_type": "None", "battery_size_kWh": 600, "battery_power_kW": 300.0, "min_soc": 0.05, "max_soc": 1.0, "one_way_efficiency": 0.92, "start_soc": 0.5, "n_horizon": 24, "n_control": 12}, "savings": {"old_energy_charge": -398726.73679015716, "new_energy_charge": -396434.2365437082, "energy_charge_savings": 2292.500246448966, "old_demand_charge": -230456.15123303706, "new_demand_charge": -197675.01891466774, "demand_charge_savings": 32781.13231836932, "retail_profits": 35073.63256481828, "battery_charge_cost": -23159.320232083715, "battery_discharge_revenues": 25451.82047853274, "battery_retail_profits": 2292.5002464490244, "battery_export_revenue": 0.0, "total_profits": 35073.63256481834, "irr": 0.11105, "npv": 58171.212}}