{"key_params": {"location": "CA_Beale.AFB.724837_TMY3", "customer_type": "Hotel", "demand_charge": 20, "export_price": 0.0, "export_price_type": "None", "battery_size_kWh": 600, "battery_power_kW": 300.0, "min_soc": 0.05, "max_soc": 1.0, "one_way_efficiency": 0.92, "start_soc": 0.5, "n_horizon": 24, "n_control": 12}, "savings": {"old_energy_charge": -377756.0284625488, "new_energy_charge": -373678.37057726644, "energy_charge_savings": 4077.6578852823586, "old_demand_charge": -152303.68463918637, "new_demand_charge": -115181.17650315064, "demand_charge_savings": 37122.50813603573, "retail_profits": 41200.16602131809, "battery_charge_cost": -25664.18086103261, "battery_discharge_revenues": 29741.838746315, "battery_retail_profits": 4077.6578852823877, "battery_export_revenue": 0.0, "total_profits": 41200.16602131812, "irr": 0.14269, "npv": 96821.268}}