{"key_params": {"location": "CA_Napa.County", "customer_type": "Apartment", "demand_charge": 20, "export_price": 0.0, "export_price_type": "None", "battery_size_kWh": 600, "battery_power_kW": 300.0, "min_soc": 0.05, "max_soc": 1.0, "one_way_efficiency": 0.92, "start_soc": 0.5, "n_horizon": 24, "n_control": 12}, "savings": {"old_energy_charge": -344510.81051688205, "new_energy_charge": -339202.9745420186, "energy_charge_savings": 5307.835974863439, "old_demand_charge": -154424.91936646518, "new_demand_charge": -119971.46271345514, "demand_charge_savings": 34453.45665301004, "retail_profits": 39761.29262787348, "battery_charge_cost": -21472.853009036837, "battery_discharge_revenues": 26780.688983900276, "battery_retail_profits": 5307.835974863439, "battery_export_revenue": 0.0, "total_profits": 39761.29262787348, "irr": 0.13538, "npv": 87743.943}}