{"key_params": {"location": "CA_San.Jose.Intl", "customer_type": "Restaurant", "demand_charge": 20, "export_price": 0.0, "export_price_type": "None", "battery_size_kWh": 600, "battery_power_kW": 300.0, "min_soc": 0.05, "max_soc": 1.0, "one_way_efficiency": 0.92, "start_soc": 0.5, "n_horizon": 24, "n_control": 12}, "savings": {"old_energy_charge": -436567.92324468493, "new_energy_charge": -437070.95318559883, "energy_charge_savings": -503.029940913897, "old_demand_charge": -153250.2761495852, "new_demand_charge": -126582.02955573621, "demand_charge_savings": 26668.24659384899, "retail_profits": 26165.216652935094, "battery_charge_cost": -30431.016138264313, "battery_discharge_revenues": 29927.986197350365, "battery_retail_profits": -503.02994091394794, "battery_export_revenue": 0.0, "total_profits": 26165.216652935043, "irr": 0.06182, "npv": 1971.278}}