{"key_params": {"location": "CA_Fresno.Air.Terminal.723890_TMY3", "customer_type": "Office", "demand_charge": 20, "export_price": 0.0, "export_price_type": "None", "battery_size_kWh": 600, "battery_power_kW": 300.0, "min_soc": 0.05, "max_soc": 1.0, "one_way_efficiency": 0.92, "start_soc": 0.5, "n_horizon": 24, "n_control": 12}, "savings": {"old_energy_charge": -516077.2892837519, "new_energy_charge": -514858.9657750862, "energy_charge_savings": 1218.3235086657223, "old_demand_charge": -256611.35926645133, "new_demand_charge": -228456.8600387249, "demand_charge_savings": 28154.499227726425, "retail_profits": 29372.822736392147, "battery_charge_cost": -22840.78130774433, "battery_discharge_revenues": 24059.1048164101, "battery_retail_profits": 1218.3235086657696, "battery_export_revenue": 0.0, "total_profits": 29372.822736392194, "irr": 0.0801, "npv": 22206.89}}