{"key_params": {"location": "CA_Livermore.Muni", "customer_type": "Hospital", "demand_charge": 20, "export_price": 0.0, "export_price_type": "None", "battery_size_kWh": 600, "battery_power_kW": 300.0, "min_soc": 0.05, "max_soc": 1.0, "one_way_efficiency": 0.92, "start_soc": 0.5, "n_horizon": 24, "n_control": 12}, "savings": {"old_energy_charge": -247203.8210571327, "new_energy_charge": -247298.0436111009, "energy_charge_savings": -94.22255396819673, "old_demand_charge": -82089.7221859153, "new_demand_charge": -70826.84587739623, "demand_charge_savings": 11262.876308519073, "retail_profits": 11168.653754550876, "battery_charge_cost": -19816.066929405315, "battery_discharge_revenues": 19721.844375437133, "battery_retail_profits": -94.22255396818218, "battery_export_revenue": 0.0, "total_profits": 11168.65375455089, "irr": -0.05265, "npv": -100394.194}}