{"key_params": {"location": "CA_Edwards.AFB.723810_TMY3", "customer_type": "Hotel", "demand_charge": 20, "export_price": 0.0, "export_price_type": "None", "battery_size_kWh": 600, "battery_power_kW": 300.0, "min_soc": 0.05, "max_soc": 1.0, "one_way_efficiency": 0.92, "start_soc": 0.5, "n_horizon": 24, "n_control": 12}, "savings": {"old_energy_charge": -377310.8766405983, "new_energy_charge": -373274.1954854877, "energy_charge_savings": 4036.681155110593, "old_demand_charge": -150860.23386478334, "new_demand_charge": -113399.92950029117, "demand_charge_savings": 37460.30436449217, "retail_profits": 41496.985519602764, "battery_charge_cost": -25706.833408559145, "battery_discharge_revenues": 29743.514563669774, "battery_retail_profits": 4036.6811551106293, "battery_export_revenue": 0.0, "total_profits": 41496.9855196028, "irr": 0.14419, "npv": 98693.794}}