{"key_params": {"location": "CA_Stockton.Metro", "customer_type": "Restaurant", "demand_charge": 20, "export_price": 0.0, "export_price_type": "None", "battery_size_kWh": 600, "battery_power_kW": 300.0, "min_soc": 0.05, "max_soc": 1.0, "one_way_efficiency": 0.92, "start_soc": 0.5, "n_horizon": 24, "n_control": 12}, "savings": {"old_energy_charge": -453456.9384294888, "new_energy_charge": -453039.26324780285, "energy_charge_savings": 417.6751816859469, "old_demand_charge": -168140.80719055032, "new_demand_charge": -140148.7527245246, "demand_charge_savings": 27992.05446602573, "retail_profits": 28409.729647711676, "battery_charge_cost": -28386.612983791223, "battery_discharge_revenues": 28804.28816547724, "battery_retail_profits": 417.675181686016, "battery_export_revenue": 0.0, "total_profits": 28409.729647711745, "irr": 0.07469, "npv": 16131.089}}