{"key_params": {"location": "CA_Mountain.View-Moffett.Field.NAS.745090_TMY3", "customer_type": "Office", "demand_charge": 20, "export_price": 0.0, "export_price_type": "None", "battery_size_kWh": 600, "battery_power_kW": 300.0, "min_soc": 0.05, "max_soc": 1.0, "one_way_efficiency": 0.92, "start_soc": 0.5, "n_horizon": 24, "n_control": 12}, "savings": {"old_energy_charge": -405021.2675152352, "new_energy_charge": -402556.5276168409, "energy_charge_savings": 2464.7398983942694, "old_demand_charge": -230194.67468515885, "new_demand_charge": -192228.64389388164, "demand_charge_savings": 37966.03079127721, "retail_profits": 40430.77068967148, "battery_charge_cost": -23553.824031997174, "battery_discharge_revenues": 26018.563930391414, "battery_retail_profits": 2464.7398983942403, "battery_export_revenue": 0.0, "total_profits": 40430.77068967145, "irr": 0.13879, "npv": 91967.435}}