{"key_params": {"location": "CA_Concord-Buchanan.Field.724936_TMY3", "customer_type": "Office", "demand_charge": 20, "export_price": 0.0, "export_price_type": "None", "battery_size_kWh": 600, "battery_power_kW": 300.0, "min_soc": 0.05, "max_soc": 1.0, "one_way_efficiency": 0.92, "start_soc": 0.5, "n_horizon": 24, "n_control": 12}, "savings": {"old_energy_charge": -498720.70568297524, "new_energy_charge": -497047.21165448293, "energy_charge_savings": 1673.4940284923068, "old_demand_charge": -258234.1131372789, "new_demand_charge": -230616.6747091911, "demand_charge_savings": 27617.4384280878, "retail_profits": 29290.932456580107, "battery_charge_cost": -22749.76586059343, "battery_discharge_revenues": 24423.25988908575, "battery_retail_profits": 1673.4940284923214, "battery_export_revenue": 0.0, "total_profits": 29290.93245658012, "irr": 0.07964, "npv": 21690.274}}