{"key_params": {"location": "CA_Beale.AFB.724837_TMY3", "customer_type": "Office", "demand_charge": 20, "export_price": 0.0, "export_price_type": "None", "battery_size_kWh": 600, "battery_power_kW": 300.0, "min_soc": 0.05, "max_soc": 1.0, "one_way_efficiency": 0.92, "start_soc": 0.5, "n_horizon": 24, "n_control": 12}, "savings": {"old_energy_charge": -414773.35947135487, "new_energy_charge": -412411.1143754606, "energy_charge_savings": 2362.2450958942645, "old_demand_charge": -253522.82119372266, "new_demand_charge": -213101.03407066932, "demand_charge_savings": 40421.787123053335, "retail_profits": 42784.0322189476, "battery_charge_cost": -23686.722534233737, "battery_discharge_revenues": 26048.96763012799, "battery_retail_profits": 2362.2450958942536, "battery_export_revenue": 0.0, "total_profits": 42784.032218947585, "irr": 0.15066, "npv": 106813.3}}