{"key_params": {"location": "CA_Sandberg.723830_TMY3", "customer_type": "Office", "demand_charge": 20, "export_price": 0.0, "export_price_type": "None", "battery_size_kWh": 600, "battery_power_kW": 300.0, "min_soc": 0.05, "max_soc": 1.0, "one_way_efficiency": 0.92, "start_soc": 0.5, "n_horizon": 24, "n_control": 12}, "savings": {"old_energy_charge": -313019.1687984825, "new_energy_charge": -312499.1133476944, "energy_charge_savings": 520.055450788117, "old_demand_charge": -156851.91895779574, "new_demand_charge": -136052.00708002382, "demand_charge_savings": 20799.911877771927, "retail_profits": 21319.967328560044, "battery_charge_cost": -23141.273226873906, "battery_discharge_revenues": 23661.328677662063, "battery_retail_profits": 520.055450788157, "battery_export_revenue": 0.0, "total_profits": 21319.967328560084, "irr": 0.03255, "npv": -28624.579}}