{"key_params": {"location": "CA_Oxnard", "customer_type": "Hotel", "demand_charge": 20, "export_price": 0.0, "export_price_type": "None", "battery_size_kWh": 600, "battery_power_kW": 300.0, "min_soc": 0.05, "max_soc": 1.0, "one_way_efficiency": 0.92, "start_soc": 0.5, "n_horizon": 24, "n_control": 12}, "savings": {"old_energy_charge": -374456.86556799256, "new_energy_charge": -371200.2160303746, "energy_charge_savings": 3256.649537617981, "old_demand_charge": -145425.11115587392, "new_demand_charge": -106326.6303928355, "demand_charge_savings": 39098.48076303842, "retail_profits": 42355.1303006564, "battery_charge_cost": -28687.850475586256, "battery_discharge_revenues": 31944.500013204208, "battery_retail_profits": 3256.649537617952, "battery_export_revenue": 0.0, "total_profits": 42355.13030065637, "irr": 0.14851, "npv": 104107.515}}