{"key_params": {"location": "CA_Concord-Buchanan.Field.724936_TMY3", "customer_type": "Hotel", "demand_charge": 20, "export_price": 0.0, "export_price_type": "None", "battery_size_kWh": 600, "battery_power_kW": 300.0, "min_soc": 0.05, "max_soc": 1.0, "one_way_efficiency": 0.92, "start_soc": 0.5, "n_horizon": 24, "n_control": 12}, "savings": {"old_energy_charge": -374448.4550014399, "new_energy_charge": -370149.42846559396, "energy_charge_savings": 4299.026535845944, "old_demand_charge": -153359.23379663329, "new_demand_charge": -115927.60834516867, "demand_charge_savings": 37431.62545146461, "retail_profits": 41730.65198731056, "battery_charge_cost": -25281.1581963727, "battery_discharge_revenues": 29580.18473221863, "battery_retail_profits": 4299.026535845929, "battery_export_revenue": 0.0, "total_profits": 41730.65198731054, "irr": 0.14536, "npv": 100167.91}}