{"key_params": {"location": "CA_Modesto.Muni", "customer_type": "School", "demand_charge": 20, "export_price": 0.0, "export_price_type": "None", "battery_size_kWh": 600, "battery_power_kW": 300.0, "min_soc": 0.05, "max_soc": 1.0, "one_way_efficiency": 0.92, "start_soc": 0.5, "n_horizon": 24, "n_control": 12}, "savings": {"old_energy_charge": -610700.9059195527, "new_energy_charge": -607403.1873450243, "energy_charge_savings": 3297.7185745283496, "old_demand_charge": -376223.43601112405, "new_demand_charge": -337668.73733361927, "demand_charge_savings": 38554.698677504784, "retail_profits": 41852.417252033134, "battery_charge_cost": -22073.291555611133, "battery_discharge_revenues": 25371.01013013953, "battery_retail_profits": 3297.718574528397, "battery_export_revenue": 0.0, "total_profits": 41852.41725203318, "irr": 0.14598, "npv": 100936.082}}