{"key_params": {"location": "CA_Paso.Robles.Muni", "customer_type": "Hotel", "demand_charge": 20, "export_price": 0.0, "export_price_type": "None", "battery_size_kWh": 600, "battery_power_kW": 300.0, "min_soc": 0.05, "max_soc": 1.0, "one_way_efficiency": 0.92, "start_soc": 0.5, "n_horizon": 24, "n_control": 12}, "savings": {"old_energy_charge": -346210.0175900516, "new_energy_charge": -343618.68953300326, "energy_charge_savings": 2591.3280570483184, "old_demand_charge": -128361.57855618247, "new_demand_charge": -92662.97159095271, "demand_charge_savings": 35698.60696522976, "retail_profits": 38289.93502227808, "battery_charge_cost": -28963.034724544534, "battery_discharge_revenues": 31554.362781592878, "battery_retail_profits": 2591.328057048344, "battery_export_revenue": 0.0, "total_profits": 38289.93502227811, "irr": 0.12783, "npv": 78461.686}}