{"key_params": {"location": "CA_Red.Bluff.Muni", "customer_type": "Market", "demand_charge": 20, "export_price": 0.0, "export_price_type": "None", "battery_size_kWh": 600, "battery_power_kW": 300.0, "min_soc": 0.05, "max_soc": 1.0, "one_way_efficiency": 0.92, "start_soc": 0.5, "n_horizon": 24, "n_control": 12}, "savings": {"old_energy_charge": -386159.82433123275, "new_energy_charge": -385528.1706294317, "energy_charge_savings": 631.6537018010276, "old_demand_charge": -152804.49050204072, "new_demand_charge": -131670.73776312283, "demand_charge_savings": 21133.752738917887, "retail_profits": 21765.406440718914, "battery_charge_cost": -23685.711770615104, "battery_discharge_revenues": 24317.36547241607, "battery_retail_profits": 631.6537018009658, "battery_export_revenue": 0.0, "total_profits": 21765.406440718853, "irr": 0.03536, "npv": -25791.828}}