{"key_params": {"location": "CA_Santa.Rosa.AWOS.724957_TMY3", "customer_type": "Hospital", "demand_charge": 20, "export_price": 0.0, "export_price_type": "None", "battery_size_kWh": 600, "battery_power_kW": 300.0, "min_soc": 0.05, "max_soc": 1.0, "one_way_efficiency": 0.92, "start_soc": 0.5, "n_horizon": 24, "n_control": 12}, "savings": {"old_energy_charge": -246159.96837119412, "new_energy_charge": -246250.46266486472, "energy_charge_savings": -90.49429367060657, "old_demand_charge": -81222.09187904425, "new_demand_charge": -70176.02925960871, "demand_charge_savings": 11046.062619435543, "retail_profits": 10955.568325764936, "battery_charge_cost": -19501.099590074657, "battery_discharge_revenues": 19410.605296404065, "battery_retail_profits": -90.49429367059201, "battery_export_revenue": 0.0, "total_profits": 10955.56832576495, "irr": -0.05511, "npv": -102095.812}}