{"key_params": {"location": "CA_March.AFB.722860_TMY3", "customer_type": "Hospital", "demand_charge": 20, "export_price": 0.0, "export_price_type": "None", "battery_size_kWh": 600, "battery_power_kW": 300.0, "min_soc": 0.05, "max_soc": 1.0, "one_way_efficiency": 0.92, "start_soc": 0.5, "n_horizon": 24, "n_control": 12}, "savings": {"old_energy_charge": -248186.37176609627, "new_energy_charge": -248140.20421908604, "energy_charge_savings": 46.16754701023456, "old_demand_charge": -83173.90306829904, "new_demand_charge": -71256.68736105721, "demand_charge_savings": 11917.215707241834, "retail_profits": 11963.383254252069, "battery_charge_cost": -20092.08225256879, "battery_discharge_revenues": 20138.249799579065, "battery_retail_profits": 46.167547010274575, "battery_export_revenue": 0.0, "total_profits": 11963.383254252109, "irr": -0.04375, "npv": -94047.793}}