{"key_params": {"location": "CA_Montague-Siskiyou.County", "customer_type": "Hotel", "demand_charge": 20, "export_price": 0.0, "export_price_type": "None", "battery_size_kWh": 600, "battery_power_kW": 300.0, "min_soc": 0.05, "max_soc": 1.0, "one_way_efficiency": 0.92, "start_soc": 0.5, "n_horizon": 24, "n_control": 12}, "savings": {"old_energy_charge": -349495.35334324004, "new_energy_charge": -346928.57876815216, "energy_charge_savings": 2566.774575087882, "old_demand_charge": -130147.20242939271, "new_demand_charge": -93843.99359952172, "demand_charge_savings": 36303.208829870986, "retail_profits": 38869.98340495887, "battery_charge_cost": -29702.644717760006, "battery_discharge_revenues": 32269.419292847866, "battery_retail_profits": 2566.7745750878603, "battery_export_revenue": 0.0, "total_profits": 38869.983404958846, "irr": 0.13081, "npv": 82120.999}}