{"key_params": {"location": "CA_Fresno.Air.Terminal.723890_TMY3", "customer_type": "Hospital", "demand_charge": 20, "export_price": 0.0, "export_price_type": "None", "battery_size_kWh": 600, "battery_power_kW": 300.0, "min_soc": 0.05, "max_soc": 1.0, "one_way_efficiency": 0.92, "start_soc": 0.5, "n_horizon": 24, "n_control": 12}, "savings": {"old_energy_charge": -247755.8241332405, "new_energy_charge": -247834.98333767886, "energy_charge_savings": -79.15920443835785, "old_demand_charge": -81907.22355582463, "new_demand_charge": -70565.64825414226, "demand_charge_savings": 11341.575301682373, "retail_profits": 11262.416097244015, "battery_charge_cost": -19877.91602077851, "battery_discharge_revenues": 19798.756816340137, "battery_retail_profits": -79.1592044383724, "battery_export_revenue": 0.0, "total_profits": 11262.416097244, "irr": -0.05158, "npv": -99645.445}}