{"key_params": {"location": "CA_Arcata", "customer_type": "Hospital", "demand_charge": 20, "export_price": 0.0, "export_price_type": "None", "battery_size_kWh": 600, "battery_power_kW": 300.0, "min_soc": 0.05, "max_soc": 1.0, "one_way_efficiency": 0.92, "start_soc": 0.5, "n_horizon": 24, "n_control": 12}, "savings": {"old_energy_charge": -251968.0816116774, "new_energy_charge": -252219.9576644237, "energy_charge_savings": -251.87605274631642, "old_demand_charge": -82586.26873920183, "new_demand_charge": -71908.21156634636, "demand_charge_savings": 10678.057172855464, "retail_profits": 10426.181120109148, "battery_charge_cost": -20449.62126936043, "battery_discharge_revenues": 20197.745216614123, "battery_retail_profits": -251.8760527463055, "battery_export_revenue": 0.0, "total_profits": 10426.181120109159, "irr": -0.06137, "npv": -106323.293}}