{"key_params": {"location": "CA_Los.Angeles.Intl", "customer_type": "Office", "demand_charge": 20, "export_price": 0.0, "export_price_type": "None", "battery_size_kWh": 600, "battery_power_kW": 300.0, "min_soc": 0.05, "max_soc": 1.0, "one_way_efficiency": 0.92, "start_soc": 0.5, "n_horizon": 24, "n_control": 12}, "savings": {"old_energy_charge": -535769.8478427007, "new_energy_charge": -535048.5875119672, "energy_charge_savings": 721.2603307334939, "old_demand_charge": -261385.62580947997, "new_demand_charge": -236166.22025641747, "demand_charge_savings": 25219.405553062505, "retail_profits": 25940.665883796, "battery_charge_cost": -23169.97133836861, "battery_discharge_revenues": 23891.231669101944, "battery_retail_profits": 721.2603307333338, "battery_export_revenue": 0.0, "total_profits": 25940.66588379584, "irr": 0.06051, "npv": 554.669}}