{"key_params": {"location": "CA_Twentynine.Palms.690150_TMY3", "customer_type": "Hotel", "demand_charge": 20, "export_price": 0.0, "export_price_type": "None", "battery_size_kWh": 600, "battery_power_kW": 300.0, "min_soc": 0.05, "max_soc": 1.0, "one_way_efficiency": 0.92, "start_soc": 0.5, "n_horizon": 24, "n_control": 12}, "savings": {"old_energy_charge": -373256.61699616053, "new_energy_charge": -369596.23525721725, "energy_charge_savings": 3660.3817389432807, "old_demand_charge": -147636.2866445817, "new_demand_charge": -112213.46203112071, "demand_charge_savings": 35422.824613460994, "retail_profits": 39083.206352404275, "battery_charge_cost": -25773.872034827982, "battery_discharge_revenues": 29434.25377377134, "battery_retail_profits": 3660.381738943357, "battery_export_revenue": 0.0, "total_profits": 39083.20635240435, "irr": 0.13191, "npv": 83466.145}}