{"key_params": {"location": "CA_Lemoore.NAS.747020_TMY3", "customer_type": "Restaurant", "demand_charge": 20, "export_price": 0.0, "export_price_type": "None", "battery_size_kWh": 600, "battery_power_kW": 300.0, "min_soc": 0.05, "max_soc": 1.0, "one_way_efficiency": 0.92, "start_soc": 0.5, "n_horizon": 24, "n_control": 12}, "savings": {"old_energy_charge": -461643.5036420971, "new_energy_charge": -460767.2905219465, "energy_charge_savings": 876.2131201506127, "old_demand_charge": -168012.06916608036, "new_demand_charge": -141443.3135233324, "demand_charge_savings": 26568.755642747943, "retail_profits": 27444.968762898556, "battery_charge_cost": -27999.750381239875, "battery_discharge_revenues": 28875.963501390404, "battery_retail_profits": 876.213120150529, "battery_export_revenue": 0.0, "total_profits": 27444.968762898472, "irr": 0.0692, "npv": 10044.765}}