{"key_params": {"location": "CA_Van.Nuys", "customer_type": "Restaurant", "demand_charge": 20, "export_price": 0.0, "export_price_type": "None", "battery_size_kWh": 600, "battery_power_kW": 300.0, "min_soc": 0.05, "max_soc": 1.0, "one_way_efficiency": 0.92, "start_soc": 0.5, "n_horizon": 24, "n_control": 12}, "savings": {"old_energy_charge": -489060.8916381615, "new_energy_charge": -487043.33925913606, "energy_charge_savings": 2017.5523790254374, "old_demand_charge": -190739.32482763252, "new_demand_charge": -159433.78031367587, "demand_charge_savings": 31305.544513956644, "retail_profits": 33323.09689298208, "battery_charge_cost": -25466.737044169236, "battery_discharge_revenues": 27484.289423194627, "battery_retail_profits": 2017.55237902539, "battery_export_revenue": 0.0, "total_profits": 33323.09689298204, "irr": 0.10172, "npv": 47127.723}}