{"key_params": {"location": "CA_Alturas.725958_TMY3", "customer_type": "Hotel", "demand_charge": 20, "export_price": 0.0, "export_price_type": "None", "battery_size_kWh": 600, "battery_power_kW": 300.0, "min_soc": 0.05, "max_soc": 1.0, "one_way_efficiency": 0.92, "start_soc": 0.5, "n_horizon": 24, "n_control": 12}, "savings": {"old_energy_charge": -365881.9567740401, "new_energy_charge": -361996.95104411326, "energy_charge_savings": 3885.0057299268665, "old_demand_charge": -148229.50923213692, "new_demand_charge": -109573.98759040023, "demand_charge_savings": 38655.52164173669, "retail_profits": 42540.52737166356, "battery_charge_cost": -27009.921082294117, "battery_discharge_revenues": 30894.926812220947, "battery_retail_profits": 3885.00572992683, "battery_export_revenue": 0.0, "total_profits": 42540.52737166352, "irr": 0.14944, "npv": 105277.117}}