{"key_params": {"location": "CA_San.Diego-Lindbergh.Field.722900_TMY3", "customer_type": "Hotel", "demand_charge": 20, "export_price": 0.0, "export_price_type": "None", "battery_size_kWh": 600, "battery_power_kW": 300.0, "min_soc": 0.05, "max_soc": 1.0, "one_way_efficiency": 0.92, "start_soc": 0.5, "n_horizon": 24, "n_control": 12}, "savings": {"old_energy_charge": -364424.0440392023, "new_energy_charge": -361002.34413229936, "energy_charge_savings": 3421.6999069029116, "old_demand_charge": -141176.21396735276, "new_demand_charge": -103324.0358422882, "demand_charge_savings": 37852.17812506456, "retail_profits": 41273.87803196747, "battery_charge_cost": -28058.611619593037, "battery_discharge_revenues": 31480.31152649595, "battery_retail_profits": 3421.6999069029116, "battery_export_revenue": 0.0, "total_profits": 41273.87803196747, "irr": 0.14306, "npv": 97286.29}}