{"key_params": {"location": "CA_Edwards.AFB.723810_TMY3", "customer_type": "School", "demand_charge": 20, "export_price": 0.0, "export_price_type": "None", "battery_size_kWh": 600, "battery_power_kW": 300.0, "min_soc": 0.05, "max_soc": 1.0, "one_way_efficiency": 0.92, "start_soc": 0.5, "n_horizon": 24, "n_control": 12}, "savings": {"old_energy_charge": -375865.5020491544, "new_energy_charge": -373553.1297211172, "energy_charge_savings": 2312.3723280372215, "old_demand_charge": -229946.67098164037, "new_demand_charge": -199196.89813546606, "demand_charge_savings": 30749.77284617431, "retail_profits": 33062.14517421153, "battery_charge_cost": -22576.166193957386, "battery_discharge_revenues": 24888.538521994615, "battery_retail_profits": 2312.3723280372287, "battery_export_revenue": 0.0, "total_profits": 33062.14517421154, "irr": 0.10032, "npv": 45481.475}}