{"key_params": {"location": "CA_Arcata", "customer_type": "Office", "demand_charge": 20, "export_price": 0.0, "export_price_type": "None", "battery_size_kWh": 600, "battery_power_kW": 300.0, "min_soc": 0.05, "max_soc": 1.0, "one_way_efficiency": 0.92, "start_soc": 0.5, "n_horizon": 24, "n_control": 12}, "savings": {"old_energy_charge": -284110.67169920827, "new_energy_charge": -284164.5553764554, "energy_charge_savings": -53.88367724715499, "old_demand_charge": -134905.27647030214, "new_demand_charge": -115069.07126313885, "demand_charge_savings": 19836.205207163293, "retail_profits": 19782.32152991614, "battery_charge_cost": -23123.891394542166, "battery_discharge_revenues": 23070.007717295037, "battery_retail_profits": -53.883677247129526, "battery_export_revenue": 0.0, "total_profits": 19782.321529916164, "irr": 0.02254, "npv": -38475.484}}