{"key_params": {"location": "CA_China.Lake.NAF.746120_TMY3", "customer_type": "Hospital", "demand_charge": 20, "export_price": 0.0, "export_price_type": "None", "battery_size_kWh": 600, "battery_power_kW": 300.0, "min_soc": 0.05, "max_soc": 1.0, "one_way_efficiency": 0.92, "start_soc": 0.5, "n_horizon": 24, "n_control": 12}, "savings": {"old_energy_charge": -247439.5980502697, "new_energy_charge": -247131.06935928823, "energy_charge_savings": 308.52869098147494, "old_demand_charge": -83960.44413905765, "new_demand_charge": -71823.03220776704, "demand_charge_savings": 12137.411931290611, "retail_profits": 12445.940622272086, "battery_charge_cost": -20169.587626477158, "battery_discharge_revenues": 20478.116317458615, "battery_retail_profits": 308.52869098145675, "battery_export_revenue": 0.0, "total_profits": 12445.940622272068, "irr": -0.03853, "npv": -90194.277}}