{"key_params": {"location": "CA_Lancaster-Gen.Wm.Fox.Field.723816_TMY3", "customer_type": "Restaurant", "demand_charge": 20, "export_price": 0.0, "export_price_type": "None", "battery_size_kWh": 600, "battery_power_kW": 300.0, "min_soc": 0.05, "max_soc": 1.0, "one_way_efficiency": 0.92, "start_soc": 0.5, "n_horizon": 24, "n_control": 12}, "savings": {"old_energy_charge": -463626.60815302766, "new_energy_charge": -463081.07706815173, "energy_charge_savings": 545.5310848759254, "old_demand_charge": -169564.61253114475, "new_demand_charge": -141549.62008738844, "demand_charge_savings": 28014.992443756317, "retail_profits": 28560.523528632242, "battery_charge_cost": -28889.746496982836, "battery_discharge_revenues": 29435.277581858776, "battery_retail_profits": 545.53108487594, "battery_export_revenue": 0.0, "total_profits": 28560.523528632257, "irr": 0.07554, "npv": 17082.392}}