{"key_params": {"location": "CA_Camp.Pendleton.MCAS.722926_TMY3", "customer_type": "Hotel", "demand_charge": 20, "export_price": 0.0, "export_price_type": "None", "battery_size_kWh": 600, "battery_power_kW": 300.0, "min_soc": 0.05, "max_soc": 1.0, "one_way_efficiency": 0.92, "start_soc": 0.5, "n_horizon": 24, "n_control": 12}, "savings": {"old_energy_charge": -373085.80731947115, "new_energy_charge": -369375.86012144445, "energy_charge_savings": 3709.947198026697, "old_demand_charge": -144594.9016982652, "new_demand_charge": -106575.97283627198, "demand_charge_savings": 38018.92886199322, "retail_profits": 41728.87606001992, "battery_charge_cost": -27441.37110367555, "battery_discharge_revenues": 31151.31830170226, "battery_retail_profits": 3709.9471980267117, "battery_export_revenue": 0.0, "total_profits": 41728.87606001993, "irr": 0.14535, "npv": 100156.706}}