{"key_params": {"location": "CA_Santa.Ana-John.Wayne", "customer_type": "Restaurant", "demand_charge": 20, "export_price": 0.0, "export_price_type": "None", "battery_size_kWh": 600, "battery_power_kW": 300.0, "min_soc": 0.05, "max_soc": 1.0, "one_way_efficiency": 0.92, "start_soc": 0.5, "n_horizon": 24, "n_control": 12}, "savings": {"old_energy_charge": -436572.3985383601, "new_energy_charge": -436228.3621928126, "energy_charge_savings": 344.0363455474726, "old_demand_charge": -154540.69872594136, "new_demand_charge": -127115.25256937428, "demand_charge_savings": 27425.44615656708, "retail_profits": 27769.48250211455, "battery_charge_cost": -30787.01435874751, "battery_discharge_revenues": 31131.050704294994, "battery_retail_profits": 344.0363455474835, "battery_export_revenue": 0.0, "total_profits": 27769.482502114563, "irr": 0.07105, "npv": 12092.004}}