{"key_params": {"location": "CA_Arcata", "customer_type": "School", "demand_charge": 20, "export_price": 0.0, "export_price_type": "None", "battery_size_kWh": 600, "battery_power_kW": 300.0, "min_soc": 0.05, "max_soc": 1.0, "one_way_efficiency": 0.92, "start_soc": 0.5, "n_horizon": 24, "n_control": 12}, "savings": {"old_energy_charge": -416566.2904990864, "new_energy_charge": -413689.0108297761, "energy_charge_savings": 2877.2796693102573, "old_demand_charge": -280782.82621017523, "new_demand_charge": -248357.59377301275, "demand_charge_savings": 32425.232437162485, "retail_profits": 35302.51210647274, "battery_charge_cost": -22512.75955959819, "battery_discharge_revenues": 25390.03922890851, "battery_retail_profits": 2877.279669310319, "battery_export_revenue": 0.0, "total_profits": 35302.5121064728, "irr": 0.11225, "npv": 59615.129}}