{"key_params": {"location": "CA_San.Luis.Obispo", "customer_type": "School", "demand_charge": 20, "export_price": 0.0, "export_price_type": "None", "battery_size_kWh": 600, "battery_power_kW": 300.0, "min_soc": 0.05, "max_soc": 1.0, "one_way_efficiency": 0.92, "start_soc": 0.5, "n_horizon": 24, "n_control": 12}, "savings": {"old_energy_charge": -346825.4994200268, "new_energy_charge": -345283.22111010924, "energy_charge_savings": 1542.278309917543, "old_demand_charge": -211562.16123957752, "new_demand_charge": -180568.26281647547, "demand_charge_savings": 30993.898423102044, "retail_profits": 32536.176733019587, "battery_charge_cost": -22987.22170639597, "battery_discharge_revenues": 24529.50001631343, "battery_retail_profits": 1542.2783099174594, "battery_export_revenue": 0.0, "total_profits": 32536.176733019503, "irr": 0.09748, "npv": 42163.332}}