{"key_params": {"location": "CA_San.Jose.Intl", "customer_type": "School", "demand_charge": 20, "export_price": 0.0, "export_price_type": "None", "battery_size_kWh": 600, "battery_power_kW": 300.0, "min_soc": 0.05, "max_soc": 1.0, "one_way_efficiency": 0.92, "start_soc": 0.5, "n_horizon": 24, "n_control": 12}, "savings": {"old_energy_charge": -581685.9668343902, "new_energy_charge": -578035.3511158561, "energy_charge_savings": 3650.6157185341, "old_demand_charge": -389563.0440879619, "new_demand_charge": -352736.51897973934, "demand_charge_savings": 36826.52510822256, "retail_profits": 40477.14082675666, "battery_charge_cost": -21856.567175762124, "battery_discharge_revenues": 25507.18289429613, "battery_retail_profits": 3650.6157185340053, "battery_export_revenue": 0.0, "total_profits": 40477.140826756564, "irr": 0.13902, "npv": 92259.967}}