{"key_params": {"location": "CA_Lompoc.AWOS.722895_TMY3", "customer_type": "Office", "demand_charge": 20, "export_price": 0.0, "export_price_type": "None", "battery_size_kWh": 600, "battery_power_kW": 300.0, "min_soc": 0.05, "max_soc": 1.0, "one_way_efficiency": 0.92, "start_soc": 0.5, "n_horizon": 24, "n_control": 12}, "savings": {"old_energy_charge": -289724.560982692, "new_energy_charge": -288783.8069113192, "energy_charge_savings": 940.754071372794, "old_demand_charge": -146755.25139124767, "new_demand_charge": -124580.86542642827, "demand_charge_savings": 22174.385964819405, "retail_profits": 23115.1400361922, "battery_charge_cost": -23121.089999032643, "battery_discharge_revenues": 24061.844070405452, "battery_retail_profits": 940.7540713728085, "battery_export_revenue": 0.0, "total_profits": 23115.140036192213, "irr": 0.04368, "npv": -17270.539}}