{"key_params": {"location": "CA_Alturas.725958_TMY3", "customer_type": "Market", "demand_charge": 20, "export_price": 0.0, "export_price_type": "None", "battery_size_kWh": 600, "battery_power_kW": 300.0, "min_soc": 0.05, "max_soc": 1.0, "one_way_efficiency": 0.92, "start_soc": 0.5, "n_horizon": 24, "n_control": 12}, "savings": {"old_energy_charge": -412447.44495062967, "new_energy_charge": -412114.09926314774, "energy_charge_savings": 333.34568748192396, "old_demand_charge": -166173.13566432445, "new_demand_charge": -142896.28992700193, "demand_charge_savings": 23276.845737322525, "retail_profits": 23610.19142480445, "battery_charge_cost": -23680.859320833682, "battery_discharge_revenues": 24014.20500831553, "battery_retail_profits": 333.34568748184756, "battery_export_revenue": 0.0, "total_profits": 23610.191424804372, "irr": 0.04668, "npv": -14147.441}}