{"key_params": {"location": "CA_Blue.Canyon", "customer_type": "School", "demand_charge": 20, "export_price": 0.0, "export_price_type": "None", "battery_size_kWh": 600, "battery_power_kW": 300.0, "min_soc": 0.05, "max_soc": 1.0, "one_way_efficiency": 0.92, "start_soc": 0.5, "n_horizon": 24, "n_control": 12}, "savings": {"old_energy_charge": -488514.52732582175, "new_energy_charge": -486629.02242599963, "energy_charge_savings": 1885.5048998221173, "old_demand_charge": -291152.4106798977, "new_demand_charge": -266634.8177739589, "demand_charge_savings": 24517.5929059388, "retail_profits": 26403.097805760917, "battery_charge_cost": -22595.718149192006, "battery_discharge_revenues": 24481.22304901412, "battery_retail_profits": 1885.5048998221137, "battery_export_revenue": 0.0, "total_profits": 26403.097805760914, "irr": 0.0632, "npv": 3471.983}}