{"key_params": {"location": "CA_Carlsbad.722927_TMY3", "customer_type": "School", "demand_charge": 20, "export_price": 0.0, "export_price_type": "None", "battery_size_kWh": 600, "battery_power_kW": 300.0, "min_soc": 0.05, "max_soc": 1.0, "one_way_efficiency": 0.92, "start_soc": 0.5, "n_horizon": 24, "n_control": 12}, "savings": {"old_energy_charge": -342712.5190147143, "new_energy_charge": -341054.8018467158, "energy_charge_savings": 1657.7171679984895, "old_demand_charge": -198158.59883576143, "new_demand_charge": -170864.75050993526, "demand_charge_savings": 27293.84832582617, "retail_profits": 28951.56549382466, "battery_charge_cost": -22872.66102701718, "battery_discharge_revenues": 24530.378195015615, "battery_retail_profits": 1657.717167998435, "battery_export_revenue": 0.0, "total_profits": 28951.565493824604, "irr": 0.07774, "npv": 19549.332}}