{"key_params": {"location": "CA_Porterville.AWOS.723895_TMY3", "customer_type": "Apartment", "demand_charge": 20, "export_price": 0.0, "export_price_type": "None", "battery_size_kWh": 600, "battery_power_kW": 300.0, "min_soc": 0.05, "max_soc": 1.0, "one_way_efficiency": 0.92, "start_soc": 0.5, "n_horizon": 24, "n_control": 12}, "savings": {"old_energy_charge": -354210.16711268155, "new_energy_charge": -348873.0999146859, "energy_charge_savings": 5337.067197995668, "old_demand_charge": -156177.26435674966, "new_demand_charge": -122482.52196797084, "demand_charge_savings": 33694.74238877882, "retail_profits": 39031.809586774485, "battery_charge_cost": -21483.56838562219, "battery_discharge_revenues": 26820.635583617895, "battery_retail_profits": 5337.067197995704, "battery_export_revenue": 0.0, "total_profits": 39031.80958677452, "irr": 0.13164, "npv": 83141.901}}