{"key_params": {"location": "CA_Camp.Pendleton.MCAS.722926_TMY3", "customer_type": "Office", "demand_charge": 20, "export_price": 0.0, "export_price_type": "None", "battery_size_kWh": 600, "battery_power_kW": 300.0, "min_soc": 0.05, "max_soc": 1.0, "one_way_efficiency": 0.92, "start_soc": 0.5, "n_horizon": 24, "n_control": 12}, "savings": {"old_energy_charge": -521241.26252717944, "new_energy_charge": -520293.63634280994, "energy_charge_savings": 947.6261843694956, "old_demand_charge": -260558.6838673497, "new_demand_charge": -234030.34235962536, "demand_charge_savings": 26528.34150772434, "retail_profits": 27475.967692093836, "battery_charge_cost": -23086.765341712566, "battery_discharge_revenues": 24034.391526082047, "battery_retail_profits": 947.626184369481, "battery_export_revenue": 0.0, "total_profits": 27475.967692093822, "irr": 0.06938, "npv": 10240.326}}