{"key_params": {"location": "CA_San.Francisco.Intl", "customer_type": "Hotel", "demand_charge": 20, "export_price": 0.0, "export_price_type": "None", "battery_size_kWh": 600, "battery_power_kW": 300.0, "min_soc": 0.05, "max_soc": 1.0, "one_way_efficiency": 0.92, "start_soc": 0.5, "n_horizon": 24, "n_control": 12}, "savings": {"old_energy_charge": -373771.9603977304, "new_energy_charge": -369949.8183270531, "energy_charge_savings": 3822.142070677306, "old_demand_charge": -147420.42047542782, "new_demand_charge": -108734.02246470905, "demand_charge_savings": 38686.39801071877, "retail_profits": 42508.54008139607, "battery_charge_cost": -27443.04296796754, "battery_discharge_revenues": 31265.18503864479, "battery_retail_profits": 3822.1420706772515, "battery_export_revenue": 0.0, "total_profits": 42508.540081396015, "irr": 0.14928, "npv": 105075.321}}