{"key_params": {"location": "CA_Camp.Pendleton.MCAS.722926_TMY3", "customer_type": "Restaurant", "demand_charge": 20, "export_price": 0.0, "export_price_type": "None", "battery_size_kWh": 600, "battery_power_kW": 300.0, "min_soc": 0.05, "max_soc": 1.0, "one_way_efficiency": 0.92, "start_soc": 0.5, "n_horizon": 24, "n_control": 12}, "savings": {"old_energy_charge": -437654.92850483744, "new_energy_charge": -438038.5313634124, "energy_charge_savings": -383.60285857494455, "old_demand_charge": -156419.73526327263, "new_demand_charge": -127288.90568679667, "demand_charge_savings": 29130.829576475953, "retail_profits": 28747.22671790101, "battery_charge_cost": -31436.266211930062, "battery_discharge_revenues": 31052.663353355, "battery_retail_profits": -383.60285857506096, "battery_export_revenue": 0.0, "total_profits": 28747.226717900892, "irr": 0.07659, "npv": 18260.234}}