{"key_params": {"location": "CA_Imperial.County", "customer_type": "Office", "demand_charge": 20, "export_price": 0.0, "export_price_type": "None", "battery_size_kWh": 600, "battery_power_kW": 300.0, "min_soc": 0.05, "max_soc": 1.0, "one_way_efficiency": 0.92, "start_soc": 0.5, "n_horizon": 24, "n_control": 12}, "savings": {"old_energy_charge": -478836.95946210535, "new_energy_charge": -476413.8962034051, "energy_charge_savings": 2423.0632587002474, "old_demand_charge": -279322.58387688786, "new_demand_charge": -240305.51379416007, "demand_charge_savings": 39017.07008272779, "retail_profits": 41440.13334142804, "battery_charge_cost": -22923.630399132755, "battery_discharge_revenues": 25346.69365783299, "battery_retail_profits": 2423.0632587002365, "battery_export_revenue": 0.0, "total_profits": 41440.13334142802, "irr": 0.1439, "npv": 98335.134}}