{"key_params": {"location": "CA_Lompoc.AWOS.722895_TMY3", "customer_type": "Restaurant", "demand_charge": 20, "export_price": 0.0, "export_price_type": "None", "battery_size_kWh": 600, "battery_power_kW": 300.0, "min_soc": 0.05, "max_soc": 1.0, "one_way_efficiency": 0.92, "start_soc": 0.5, "n_horizon": 24, "n_control": 12}, "savings": {"old_energy_charge": -453322.5143290106, "new_energy_charge": -452687.4792692548, "energy_charge_savings": 635.0350597558427, "old_demand_charge": -166058.39153243345, "new_demand_charge": -132941.93767962436, "demand_charge_savings": 33116.45385280909, "retail_profits": 33751.488912564935, "battery_charge_cost": -28637.659267930158, "battery_discharge_revenues": 29272.694327685957, "battery_retail_profits": 635.035059755799, "battery_export_revenue": 0.0, "total_profits": 33751.48891256489, "irr": 0.10402, "npv": 49830.292}}