{"key_params": {"location": "CA_Santa.Monica.Muni", "customer_type": "Hospital", "demand_charge": 20, "export_price": 0.0, "export_price_type": "None", "battery_size_kWh": 600, "battery_power_kW": 300.0, "min_soc": 0.05, "max_soc": 1.0, "one_way_efficiency": 0.92, "start_soc": 0.5, "n_horizon": 24, "n_control": 12}, "savings": {"old_energy_charge": -244513.4194632918, "new_energy_charge": -244427.70767306077, "energy_charge_savings": 85.71179023102741, "old_demand_charge": -80285.09759879728, "new_demand_charge": -69685.64145390471, "demand_charge_savings": 10599.456144892567, "retail_profits": 10685.167935123594, "battery_charge_cost": -19294.961740154202, "battery_discharge_revenues": 19380.67353038524, "battery_retail_profits": 85.71179023103832, "battery_export_revenue": 0.0, "total_profits": 10685.167935123605, "irr": -0.05828, "npv": -104255.125}}