{"key_params": {"location": "CA_Red.Bluff.Muni", "customer_type": "School", "demand_charge": 20, "export_price": 0.0, "export_price_type": "None", "battery_size_kWh": 600, "battery_power_kW": 300.0, "min_soc": 0.05, "max_soc": 1.0, "one_way_efficiency": 0.92, "start_soc": 0.5, "n_horizon": 24, "n_control": 12}, "savings": {"old_energy_charge": -622765.706624613, "new_energy_charge": -619394.4019640908, "energy_charge_savings": 3371.3046605222626, "old_demand_charge": -385970.54546811036, "new_demand_charge": -350993.3336410542, "demand_charge_savings": 34977.21182705613, "retail_profits": 38348.516487578396, "battery_charge_cost": -21958.956583039693, "battery_discharge_revenues": 25330.261243562025, "battery_retail_profits": 3371.3046605223317, "battery_export_revenue": 0.0, "total_profits": 38348.51648757847, "irr": 0.12813, "npv": 78831.255}}