{"key_params": {"location": "CA_Crescent.City-Jack.McNamara.Field.725946_TMY3", "customer_type": "Restaurant", "demand_charge": 20, "export_price": 0.0, "export_price_type": "None", "battery_size_kWh": 600, "battery_power_kW": 300.0, "min_soc": 0.05, "max_soc": 1.0, "one_way_efficiency": 0.92, "start_soc": 0.5, "n_horizon": 24, "n_control": 12}, "savings": {"old_energy_charge": -448177.85727683303, "new_energy_charge": -450121.50635571673, "energy_charge_savings": -1943.6490788836963, "old_demand_charge": -144249.67124360875, "new_demand_charge": -120359.57392423916, "demand_charge_savings": 23890.097319369597, "retail_profits": 21946.4482404859, "battery_charge_cost": -29971.3034484407, "battery_discharge_revenues": 28027.654369557018, "battery_retail_profits": -1943.6490788836818, "battery_export_revenue": 0.0, "total_profits": 21946.448240485915, "irr": 0.0365, "npv": -24643.387}}