{"key_params": {"location": "CA_Redding.Muni", "customer_type": "School", "demand_charge": 20, "export_price": 0.0, "export_price_type": "None", "battery_size_kWh": 600, "battery_power_kW": 300.0, "min_soc": 0.05, "max_soc": 1.0, "one_way_efficiency": 0.92, "start_soc": 0.5, "n_horizon": 24, "n_control": 12}, "savings": {"old_energy_charge": -373458.5804060691, "new_energy_charge": -371275.8468740604, "energy_charge_savings": 2182.733532008715, "old_demand_charge": -228219.78830741372, "new_demand_charge": -198096.10802699928, "demand_charge_savings": 30123.68028041444, "retail_profits": 32306.413812423154, "battery_charge_cost": -22643.65581656605, "battery_discharge_revenues": 24826.389348574798, "battery_retail_profits": 2182.7335320087477, "battery_export_revenue": 0.0, "total_profits": 32306.413812423187, "irr": 0.09624, "npv": 40713.842}}