{"key_params": {"location": "CA_Santa.Maria.Public", "customer_type": "Hospital", "demand_charge": 20, "export_price": 0.0, "export_price_type": "None", "battery_size_kWh": 600, "battery_power_kW": 300.0, "min_soc": 0.05, "max_soc": 1.0, "one_way_efficiency": 0.92, "start_soc": 0.5, "n_horizon": 24, "n_control": 12}, "savings": {"old_energy_charge": -246359.644341455, "new_energy_charge": -246468.1838245275, "energy_charge_savings": -108.53948307252722, "old_demand_charge": -80784.26169255581, "new_demand_charge": -69595.32077016753, "demand_charge_savings": 11188.940922388283, "retail_profits": 11080.401439315756, "battery_charge_cost": -19355.519714144575, "battery_discharge_revenues": 19246.980231072048, "battery_retail_profits": -108.53948307252722, "battery_export_revenue": 0.0, "total_profits": 11080.401439315756, "irr": -0.05366, "npv": -101098.943}}