{"key_params": {"location": "CA_Santa.Maria.Public", "customer_type": "School", "demand_charge": 20, "export_price": 0.0, "export_price_type": "None", "battery_size_kWh": 600, "battery_power_kW": 300.0, "min_soc": 0.05, "max_soc": 1.0, "one_way_efficiency": 0.92, "start_soc": 0.5, "n_horizon": 24, "n_control": 12}, "savings": {"old_energy_charge": -539215.4007448963, "new_energy_charge": -536203.5045798969, "energy_charge_savings": 3011.8961649993435, "old_demand_charge": -390783.53244463046, "new_demand_charge": -361218.2276049511, "demand_charge_savings": 29565.30483967933, "retail_profits": 32577.201004678675, "battery_charge_cost": -22563.15502197329, "battery_discharge_revenues": 25575.051186972552, "battery_retail_profits": 3011.8961649992634, "battery_export_revenue": 0.0, "total_profits": 32577.201004678594, "irr": 0.0977, "npv": 42422.139}}