{"key_params": {"location": "CA_Yuba.County", "customer_type": "Restaurant", "demand_charge": 20, "export_price": 0.0, "export_price_type": "None", "battery_size_kWh": 600, "battery_power_kW": 300.0, "min_soc": 0.05, "max_soc": 1.0, "one_way_efficiency": 0.92, "start_soc": 0.5, "n_horizon": 24, "n_control": 12}, "savings": {"old_energy_charge": -494848.2334697839, "new_energy_charge": -492718.1861161269, "energy_charge_savings": 2130.0473536570207, "old_demand_charge": -189694.5041169239, "new_demand_charge": -157474.0246274288, "demand_charge_savings": 32220.479489495105, "retail_profits": 34350.526843152125, "battery_charge_cost": -25923.968586078703, "battery_discharge_revenues": 28054.015939735717, "battery_retail_profits": 2130.0473536570134, "battery_export_revenue": 0.0, "total_profits": 34350.52684315212, "irr": 0.10721, "npv": 53609.403}}