{"key_params": {"location": "CA_Crescent.City-Jack.McNamara.Field.725946_TMY3", "customer_type": "School", "demand_charge": 20, "export_price": 0.0, "export_price_type": "None", "battery_size_kWh": 600, "battery_power_kW": 300.0, "min_soc": 0.05, "max_soc": 1.0, "one_way_efficiency": 0.92, "start_soc": 0.5, "n_horizon": 24, "n_control": 12}, "savings": {"old_energy_charge": -408447.62367559894, "new_energy_charge": -406949.37302217755, "energy_charge_savings": 1498.2506534213899, "old_demand_charge": -265526.3112953206, "new_demand_charge": -236311.45206892554, "demand_charge_savings": 29214.859226395027, "retail_profits": 30713.109879816417, "battery_charge_cost": -23116.79422088255, "battery_discharge_revenues": 24615.044874303967, "battery_retail_profits": 1498.2506534214153, "battery_export_revenue": 0.0, "total_profits": 30713.109879816442, "irr": 0.08754, "npv": 30662.271}}