{"key_params": {"location": "CA_Camp.Pendleton.MCAS.722926_TMY3", "customer_type": "Office", "demand_charge": 20, "export_price": 0.0, "export_price_type": "None", "battery_size_kWh": 600, "battery_power_kW": 300.0, "min_soc": 0.05, "max_soc": 1.0, "one_way_efficiency": 0.92, "start_soc": 0.5, "n_horizon": 24, "n_control": 12}, "savings": {"old_energy_charge": -303986.6572545121, "new_energy_charge": -303214.6929674508, "energy_charge_savings": 771.9642870612442, "old_demand_charge": -153387.94440268158, "new_demand_charge": -131430.1057888474, "demand_charge_savings": 21957.838613834174, "retail_profits": 22729.802900895418, "battery_charge_cost": -23165.97789376012, "battery_discharge_revenues": 23937.94218082141, "battery_retail_profits": 771.9642870612915, "battery_export_revenue": 0.0, "total_profits": 22729.802900895465, "irr": 0.04133, "npv": -19701.49}}