{"key_params": {"location": "CA_Paso.Robles.Muni", "customer_type": "Hospital", "demand_charge": 20, "export_price": 0.0, "export_price_type": "None", "battery_size_kWh": 600, "battery_power_kW": 300.0, "min_soc": 0.05, "max_soc": 1.0, "one_way_efficiency": 0.92, "start_soc": 0.5, "n_horizon": 24, "n_control": 12}, "savings": {"old_energy_charge": -246353.37241094993, "new_energy_charge": -246467.87083507344, "energy_charge_savings": -114.498424123507, "old_demand_charge": -82581.96333457282, "new_demand_charge": -70146.09425509517, "demand_charge_savings": 12435.869079477648, "retail_profits": 12321.370655354141, "battery_charge_cost": -19620.128109306006, "battery_discharge_revenues": 19505.629685182477, "battery_retail_profits": -114.49842412352882, "battery_export_revenue": 0.0, "total_profits": 12321.37065535412, "irr": -0.03986, "npv": -91189.044}}