{"key_params": {"location": "CA_Blue.Canyon", "customer_type": "Office", "demand_charge": 20, "export_price": 0.0, "export_price_type": "None", "battery_size_kWh": 600, "battery_power_kW": 300.0, "min_soc": 0.05, "max_soc": 1.0, "one_way_efficiency": 0.92, "start_soc": 0.5, "n_horizon": 24, "n_control": 12}, "savings": {"old_energy_charge": -464285.41639560886, "new_energy_charge": -463025.8580985344, "energy_charge_savings": 1259.558297074458, "old_demand_charge": -235550.72549580515, "new_demand_charge": -209897.16965513755, "demand_charge_savings": 25653.5558406676, "retail_profits": 26913.114137742057, "battery_charge_cost": -23000.090411256086, "battery_discharge_revenues": 24259.648708330566, "battery_retail_profits": 1259.55829707448, "battery_export_revenue": 0.0, "total_profits": 26913.11413774208, "irr": 0.06615, "npv": 6689.489}}