{"key_params": {"location": "CA_Palm.Springs-Thermal", "customer_type": "School", "demand_charge": 20, "export_price": 0.0, "export_price_type": "None", "battery_size_kWh": 600, "battery_power_kW": 300.0, "min_soc": 0.05, "max_soc": 1.0, "one_way_efficiency": 0.92, "start_soc": 0.5, "n_horizon": 24, "n_control": 12}, "savings": {"old_energy_charge": -435884.4473496333, "new_energy_charge": -433558.7368916292, "energy_charge_savings": 2325.7104580041487, "old_demand_charge": -262931.0784180723, "new_demand_charge": -234643.65370866517, "demand_charge_savings": 28287.424709407147, "retail_profits": 30613.135167411296, "battery_charge_cost": -22538.679830220965, "battery_discharge_revenues": 24864.390288225062, "battery_retail_profits": 2325.7104580040977, "battery_export_revenue": 0.0, "total_profits": 30613.135167411245, "irr": 0.08698, "npv": 30031.567}}