{"key_params": {"location": "CA_Santa.Ana-John.Wayne", "customer_type": "Restaurant", "demand_charge": 20, "export_price": 0.0, "export_price_type": "None", "battery_size_kWh": 600, "battery_power_kW": 300.0, "min_soc": 0.05, "max_soc": 1.0, "one_way_efficiency": 0.92, "start_soc": 0.5, "n_horizon": 24, "n_control": 12}, "savings": {"old_energy_charge": -469443.9914462395, "new_energy_charge": -467414.8429175594, "energy_charge_savings": 2029.1485286801471, "old_demand_charge": -173270.03943342762, "new_demand_charge": -142319.19278329716, "demand_charge_savings": 30950.846650130465, "retail_profits": 32979.99517881061, "battery_charge_cost": -26656.26760999134, "battery_discharge_revenues": 28685.416138671437, "battery_retail_profits": 2029.1485286800962, "battery_export_revenue": 0.0, "total_profits": 32979.99517881056, "irr": 0.09988, "npv": 44963.22}}