{"key_params": {"location": "CA_Santa.Maria.Public", "customer_type": "Market", "demand_charge": 20, "export_price": 0.0, "export_price_type": "None", "battery_size_kWh": 600, "battery_power_kW": 300.0, "min_soc": 0.05, "max_soc": 1.0, "one_way_efficiency": 0.92, "start_soc": 0.5, "n_horizon": 24, "n_control": 12}, "savings": {"old_energy_charge": -378140.0025301742, "new_energy_charge": -378503.79543956515, "energy_charge_savings": -363.79290939093335, "old_demand_charge": -147435.50021379656, "new_demand_charge": -124318.03655048524, "demand_charge_savings": 23117.463663311326, "retail_profits": 22753.670753920393, "battery_charge_cost": -23759.75556528395, "battery_discharge_revenues": 23395.962655893014, "battery_retail_profits": -363.792909390937, "battery_export_revenue": 0.0, "total_profits": 22753.67075392039, "irr": 0.04147, "npv": -19550.916}}