{"key_params": {"location": "CA_Sandberg.723830_TMY3", "customer_type": "Hotel", "demand_charge": 20, "export_price": 0.0, "export_price_type": "None", "battery_size_kWh": 600, "battery_power_kW": 300.0, "min_soc": 0.05, "max_soc": 1.0, "one_way_efficiency": 0.92, "start_soc": 0.5, "n_horizon": 24, "n_control": 12}, "savings": {"old_energy_charge": -346277.1659366367, "new_energy_charge": -343894.59725804057, "energy_charge_savings": 2382.568678596115, "old_demand_charge": -127413.20097085365, "new_demand_charge": -91987.11739995053, "demand_charge_savings": 35426.08357090312, "retail_profits": 37808.65224949924, "battery_charge_cost": -30041.4811110897, "battery_discharge_revenues": 32424.04978968577, "battery_retail_profits": 2382.5686785960715, "battery_export_revenue": 0.0, "total_profits": 37808.652249499195, "irr": 0.12534, "npv": 75425.45}}