{"key_params": {"location": "CA_Blythe-Riverside.County", "customer_type": "School", "demand_charge": 20, "export_price": 0.0, "export_price_type": "None", "battery_size_kWh": 600, "battery_power_kW": 300.0, "min_soc": 0.05, "max_soc": 1.0, "one_way_efficiency": 0.92, "start_soc": 0.5, "n_horizon": 24, "n_control": 12}, "savings": {"old_energy_charge": -541511.6866614419, "new_energy_charge": -539545.2717772987, "energy_charge_savings": 1966.4148841432761, "old_demand_charge": -274033.18830879516, "new_demand_charge": -247910.1139062245, "demand_charge_savings": 26123.074402570666, "retail_profits": 28089.489286713942, "battery_charge_cost": -22839.81966622864, "battery_discharge_revenues": 24806.234550371904, "battery_retail_profits": 1966.4148841432652, "battery_export_revenue": 0.0, "total_profits": 28089.48928671393, "irr": 0.07287, "npv": 14110.809}}