{"key_params": {"location": "CA_Edwards.AFB.723810_TMY3", "customer_type": "School", "demand_charge": 20, "export_price": 0.0, "export_price_type": "None", "battery_size_kWh": 600, "battery_power_kW": 300.0, "min_soc": 0.05, "max_soc": 1.0, "one_way_efficiency": 0.92, "start_soc": 0.5, "n_horizon": 24, "n_control": 12}, "savings": {"old_energy_charge": -612998.3646187165, "new_energy_charge": -609471.6919329064, "energy_charge_savings": 3526.672685810132, "old_demand_charge": -387354.7276765099, "new_demand_charge": -350935.11035805044, "demand_charge_savings": 36419.61731845944, "retail_profits": 39946.29000426957, "battery_charge_cost": -21933.43233138109, "battery_discharge_revenues": 25460.1050171914, "battery_retail_profits": 3526.67268581031, "battery_export_revenue": 0.0, "total_profits": 39946.290004269744, "irr": 0.13632, "npv": 88911.024}}