{"key_params": {"location": "CA_Livermore.Muni", "customer_type": "School", "demand_charge": 20, "export_price": 0.0, "export_price_type": "None", "battery_size_kWh": 600, "battery_power_kW": 300.0, "min_soc": 0.05, "max_soc": 1.0, "one_way_efficiency": 0.92, "start_soc": 0.5, "n_horizon": 24, "n_control": 12}, "savings": {"old_energy_charge": -576231.8032948222, "new_energy_charge": -572490.4729723043, "energy_charge_savings": 3741.330322517897, "old_demand_charge": -387335.890874675, "new_demand_charge": -352713.0547414187, "demand_charge_savings": 34622.83613325632, "retail_profits": 38364.16645577422, "battery_charge_cost": -21864.419536044898, "battery_discharge_revenues": 25605.74985856289, "battery_retail_profits": 3741.3303225179916, "battery_export_revenue": 0.0, "total_profits": 38364.16645577431, "irr": 0.12821, "npv": 78929.985}}