{"key_params": {"location": "CA_Palm.Springs.Intl", "customer_type": "School", "demand_charge": 20, "export_price": 0.0, "export_price_type": "None", "battery_size_kWh": 600, "battery_power_kW": 300.0, "min_soc": 0.05, "max_soc": 1.0, "one_way_efficiency": 0.92, "start_soc": 0.5, "n_horizon": 24, "n_control": 12}, "savings": {"old_energy_charge": -434444.24998715514, "new_energy_charge": -431443.55945935217, "energy_charge_savings": 3000.6905278029735, "old_demand_charge": -259557.50723586287, "new_demand_charge": -233565.6076738684, "demand_charge_savings": 25991.899561994476, "retail_profits": 28992.59008979745, "battery_charge_cost": -22364.370536541483, "battery_discharge_revenues": 25365.061064344412, "battery_retail_profits": 3000.69052780293, "battery_export_revenue": 0.0, "total_profits": 28992.590089797406, "irr": 0.07797, "npv": 19808.142}}