{"key_params": {"location": "CA_Mountain.View-Moffett.Field.NAS.745090_TMY3", "customer_type": "Hotel", "demand_charge": 20, "export_price": 0.0, "export_price_type": "None", "battery_size_kWh": 600, "battery_power_kW": 300.0, "min_soc": 0.05, "max_soc": 1.0, "one_way_efficiency": 0.92, "start_soc": 0.5, "n_horizon": 24, "n_control": 12}, "savings": {"old_energy_charge": -376659.710421607, "new_energy_charge": -372852.99433272454, "energy_charge_savings": 3806.716088882473, "old_demand_charge": -149371.19931840844, "new_demand_charge": -111657.1149120603, "demand_charge_savings": 37714.08440634815, "retail_profits": 41520.80049523062, "battery_charge_cost": -26871.689687310416, "battery_discharge_revenues": 30678.40577619292, "battery_retail_profits": 3806.7160888825056, "battery_export_revenue": 0.0, "total_profits": 41520.80049523065, "irr": 0.14431, "npv": 98844.034}}