{"key_params": {"location": "CA_South.Lake.Tahoe-Lake.Tahoe", "customer_type": "Market", "demand_charge": 20, "export_price": 0.0, "export_price_type": "None", "battery_size_kWh": 600, "battery_power_kW": 300.0, "min_soc": 0.05, "max_soc": 1.0, "one_way_efficiency": 0.92, "start_soc": 0.5, "n_horizon": 24, "n_control": 12}, "savings": {"old_energy_charge": -406354.71162845194, "new_energy_charge": -406500.0982993302, "energy_charge_savings": -145.38667087827343, "old_demand_charge": -159780.66105479305, "new_demand_charge": -135593.58411937242, "demand_charge_savings": 24187.076935420628, "retail_profits": 24041.690264542354, "battery_charge_cost": -23677.49598628593, "battery_discharge_revenues": 23532.109315407644, "battery_retail_profits": -145.38667087828435, "battery_export_revenue": 0.0, "total_profits": 24041.690264542343, "irr": 0.04928, "npv": -11425.272}}