{"key_params": {"location": "CA_Arcata", "customer_type": "Office", "demand_charge": 20, "export_price": 0.0, "export_price_type": "None", "battery_size_kWh": 600, "battery_power_kW": 300.0, "min_soc": 0.05, "max_soc": 1.0, "one_way_efficiency": 0.92, "start_soc": 0.5, "n_horizon": 24, "n_control": 12}, "savings": {"old_energy_charge": -372261.7790527721, "new_energy_charge": -369651.7315727918, "energy_charge_savings": 2610.047479980276, "old_demand_charge": -215986.1778692041, "new_demand_charge": -174635.23700614343, "demand_charge_savings": 41350.94086306068, "retail_profits": 43960.98834304095, "battery_charge_cost": -24255.183305572114, "battery_discharge_revenues": 26865.230785552434, "battery_retail_profits": 2610.0474799803196, "battery_export_revenue": 0.0, "total_profits": 43960.988343041, "irr": 0.15653, "npv": 114238.285}}