{"key_params": {"location": "CA_San.Diego-Lindbergh.Field.722900_TMY3", "customer_type": "Office", "demand_charge": 20, "export_price": 0.0, "export_price_type": "None", "battery_size_kWh": 600, "battery_power_kW": 300.0, "min_soc": 0.05, "max_soc": 1.0, "one_way_efficiency": 0.92, "start_soc": 0.5, "n_horizon": 24, "n_control": 12}, "savings": {"old_energy_charge": -387779.3545748722, "new_energy_charge": -385556.1619334421, "energy_charge_savings": 2223.1926414300688, "old_demand_charge": -206079.26372962707, "new_demand_charge": -180990.28499538463, "demand_charge_savings": 25088.97873424244, "retail_profits": 27312.171375672508, "battery_charge_cost": -22999.038317758575, "battery_discharge_revenues": 25222.230959188695, "battery_retail_profits": 2223.1926414301197, "battery_export_revenue": 0.0, "total_profits": 27312.17137567256, "irr": 0.06844, "npv": 9206.995}}