{"key_params": {"location": "CA_Point.Mugu.NAS.723910_TMY3", "customer_type": "School", "demand_charge": 20, "export_price": 0.0, "export_price_type": "None", "battery_size_kWh": 600, "battery_power_kW": 300.0, "min_soc": 0.05, "max_soc": 1.0, "one_way_efficiency": 0.92, "start_soc": 0.5, "n_horizon": 24, "n_control": 12}, "savings": {"old_energy_charge": -347292.3149308582, "new_energy_charge": -346418.7047338961, "energy_charge_savings": 873.6101969620795, "old_demand_charge": -189609.79240477056, "new_demand_charge": -162874.90160461352, "demand_charge_savings": 26734.890800157038, "retail_profits": 27608.500997119118, "battery_charge_cost": -23149.417497932594, "battery_discharge_revenues": 24023.02769489467, "battery_retail_profits": 873.6101969620759, "battery_export_revenue": 0.0, "total_profits": 27608.500997119114, "irr": 0.07014, "npv": 11076.43}}