{"key_params": {"location": "CA_South.Lake.Tahoe-Lake.Tahoe", "customer_type": "Office", "demand_charge": 20, "export_price": 0.0, "export_price_type": "None", "battery_size_kWh": 600, "battery_power_kW": 300.0, "min_soc": 0.05, "max_soc": 1.0, "one_way_efficiency": 0.92, "start_soc": 0.5, "n_horizon": 24, "n_control": 12}, "savings": {"old_energy_charge": -445142.04047543474, "new_energy_charge": -443752.1070607622, "energy_charge_savings": 1389.9334146725596, "old_demand_charge": -224294.26158837872, "new_demand_charge": -196937.0138425262, "demand_charge_savings": 27357.24774585251, "retail_profits": 28747.18116052507, "battery_charge_cost": -23018.715278680218, "battery_discharge_revenues": 24408.64869335281, "battery_retail_profits": 1389.9334146725923, "battery_export_revenue": 0.0, "total_profits": 28747.181160525102, "irr": 0.07659, "npv": 18259.947}}