{"key_params": {"location": "CA_Fullerton.Muni", "customer_type": "Market", "demand_charge": 20, "export_price": 0.0, "export_price_type": "None", "battery_size_kWh": 600, "battery_power_kW": 300.0, "min_soc": 0.05, "max_soc": 1.0, "one_way_efficiency": 0.92, "start_soc": 0.5, "n_horizon": 24, "n_control": 12}, "savings": {"old_energy_charge": -365569.06829790527, "new_energy_charge": -365312.3616071042, "energy_charge_savings": 256.7066908010747, "old_demand_charge": -140149.96916747486, "new_demand_charge": -119567.2980401234, "demand_charge_savings": 20582.671127351467, "retail_profits": 20839.37781815254, "battery_charge_cost": -23719.693120637512, "battery_discharge_revenues": 23976.39981143858, "battery_retail_profits": 256.70669080106745, "battery_export_revenue": 0.0, "total_profits": 20839.377818152534, "irr": 0.02948, "npv": -31682.723}}