{"key_params": {"location": "CA_Red.Bluff.Muni", "customer_type": "School", "demand_charge": 20, "export_price": 0.0, "export_price_type": "None", "battery_size_kWh": 600, "battery_power_kW": 300.0, "min_soc": 0.05, "max_soc": 1.0, "one_way_efficiency": 0.92, "start_soc": 0.5, "n_horizon": 24, "n_control": 12}, "savings": {"old_energy_charge": -374888.423033057, "new_energy_charge": -373082.89367607026, "energy_charge_savings": 1805.52935698675, "old_demand_charge": -224719.0887316082, "new_demand_charge": -194689.54941294325, "demand_charge_savings": 30029.53931866496, "retail_profits": 31835.06867565171, "battery_charge_cost": -22918.26377061428, "battery_discharge_revenues": 24723.79312760099, "battery_retail_profits": 1805.52935698671, "battery_export_revenue": 0.0, "total_profits": 31835.06867565167, "irr": 0.09368, "npv": 37740.298}}