{"key_params": {"location": "CA_Lompoc.AWOS.722895_TMY3", "customer_type": "Office", "demand_charge": 20, "export_price": 0.0, "export_price_type": "None", "battery_size_kWh": 600, "battery_power_kW": 300.0, "min_soc": 0.05, "max_soc": 1.0, "one_way_efficiency": 0.92, "start_soc": 0.5, "n_horizon": 24, "n_control": 12}, "savings": {"old_energy_charge": -478809.8115038105, "new_energy_charge": -476877.0765592205, "energy_charge_savings": 1932.7349445900181, "old_demand_charge": -256250.75424236173, "new_demand_charge": -230907.07920421974, "demand_charge_savings": 25343.675038141984, "retail_profits": 27276.409982732002, "battery_charge_cost": -22868.569230560504, "battery_discharge_revenues": 24801.304175150544, "battery_retail_profits": 1932.73494459004, "battery_export_revenue": 0.0, "total_profits": 27276.409982732024, "irr": 0.06824, "npv": 8981.39}}