{"key_params": {"location": "CA_Imperial.County", "customer_type": "Market", "demand_charge": 20, "export_price": 0.0, "export_price_type": "None", "battery_size_kWh": 600, "battery_power_kW": 300.0, "min_soc": 0.05, "max_soc": 1.0, "one_way_efficiency": 0.92, "start_soc": 0.5, "n_horizon": 24, "n_control": 12}, "savings": {"old_energy_charge": -412878.82138107927, "new_energy_charge": -411753.468264729, "energy_charge_savings": 1125.3531163502485, "old_demand_charge": -168112.10723900917, "new_demand_charge": -147588.74286959722, "demand_charge_savings": 20523.364369411953, "retail_profits": 21648.7174857622, "battery_charge_cost": -23567.81030806884, "battery_discharge_revenues": 24693.163424419097, "battery_retail_profits": 1125.3531163502557, "battery_export_revenue": 0.0, "total_profits": 21648.71748576221, "irr": 0.03463, "npv": -26533.907}}