{"key_params": {"location": "CA_Imperial.County", "customer_type": "Apartment", "demand_charge": 20, "export_price": 0.0, "export_price_type": "None", "battery_size_kWh": 600, "battery_power_kW": 300.0, "min_soc": 0.05, "max_soc": 1.0, "one_way_efficiency": 0.92, "start_soc": 0.5, "n_horizon": 24, "n_control": 12}, "savings": {"old_energy_charge": -375465.30354888923, "new_energy_charge": -370314.5748963487, "energy_charge_savings": 5150.728652540536, "old_demand_charge": -161932.31408302736, "new_demand_charge": -129166.63868562036, "demand_charge_savings": 32765.675397407, "retail_profits": 37916.40404994754, "battery_charge_cost": -21578.430519310292, "battery_discharge_revenues": 26729.15917185087, "battery_retail_profits": 5150.72865254058, "battery_export_revenue": 0.0, "total_profits": 37916.40404994758, "irr": 0.1259, "npv": 76105.216}}