{"key_params": {"location": "CA_Porterville.AWOS.723895_TMY3", "customer_type": "Hospital", "demand_charge": 20, "export_price": 0.0, "export_price_type": "None", "battery_size_kWh": 600, "battery_power_kW": 300.0, "min_soc": 0.05, "max_soc": 1.0, "one_way_efficiency": 0.92, "start_soc": 0.5, "n_horizon": 24, "n_control": 12}, "savings": {"old_energy_charge": -245120.2120002667, "new_energy_charge": -245173.8983615643, "energy_charge_savings": -53.6863612975867, "old_demand_charge": -80858.44092874596, "new_demand_charge": -69896.39686666004, "demand_charge_savings": 10962.044062085915, "retail_profits": 10908.357700788329, "battery_charge_cost": -19427.811149632173, "battery_discharge_revenues": 19374.124788334564, "battery_retail_profits": -53.68636129760853, "battery_export_revenue": 0.0, "total_profits": 10908.357700788307, "irr": -0.05566, "npv": -102472.818}}