{"key_params": {"location": "CA_Lemoore.NAS.747020_TMY3", "customer_type": "Office", "demand_charge": 20, "export_price": 0.0, "export_price_type": "None", "battery_size_kWh": 600, "battery_power_kW": 300.0, "min_soc": 0.05, "max_soc": 1.0, "one_way_efficiency": 0.92, "start_soc": 0.5, "n_horizon": 24, "n_control": 12}, "savings": {"old_energy_charge": -512811.8095196978, "new_energy_charge": -511370.91662159824, "energy_charge_savings": 1440.8928980995552, "old_demand_charge": -262354.9031569013, "new_demand_charge": -232313.8321652857, "demand_charge_savings": 30041.07099161559, "retail_profits": 31481.963889715145, "battery_charge_cost": -23061.487652535485, "battery_discharge_revenues": 24502.380550635018, "battery_retail_profits": 1440.8928980995333, "battery_export_revenue": 0.0, "total_profits": 31481.963889715124, "irr": 0.09175, "npv": 35512.689}}