{"key_params": {"location": "CA_Fullerton.Muni", "customer_type": "School", "demand_charge": 20, "export_price": 0.0, "export_price_type": "None", "battery_size_kWh": 600, "battery_power_kW": 300.0, "min_soc": 0.05, "max_soc": 1.0, "one_way_efficiency": 0.92, "start_soc": 0.5, "n_horizon": 24, "n_control": 12}, "savings": {"old_energy_charge": -362797.5794474793, "new_energy_charge": -359995.6099895938, "energy_charge_savings": 2801.9694578854833, "old_demand_charge": -220426.37046904664, "new_demand_charge": -190141.03353089202, "demand_charge_savings": 30285.33693815462, "retail_profits": 33087.306396040105, "battery_charge_cost": -22693.265923942716, "battery_discharge_revenues": 25495.235381828203, "battery_retail_profits": 2801.969457885487, "battery_export_revenue": 0.0, "total_profits": 33087.306396040105, "irr": 0.10046, "npv": 45640.207}}