{"key_params": {"location": "CA_Riverside.Muni", "customer_type": "Hotel", "demand_charge": 20, "export_price": 0.0, "export_price_type": "None", "battery_size_kWh": 600, "battery_power_kW": 300.0, "min_soc": 0.05, "max_soc": 1.0, "one_way_efficiency": 0.92, "start_soc": 0.5, "n_horizon": 24, "n_control": 12}, "savings": {"old_energy_charge": -379692.85191839555, "new_energy_charge": -375680.25938628323, "energy_charge_savings": 4012.5925321123214, "old_demand_charge": -150496.66331387855, "new_demand_charge": -114422.75204651614, "demand_charge_savings": 36073.91126736242, "retail_profits": 40086.50379947474, "battery_charge_cost": -25592.88694716173, "battery_discharge_revenues": 29605.47947927406, "battery_retail_profits": 4012.5925321123323, "battery_export_revenue": 0.0, "total_profits": 40086.503799474754, "irr": 0.13703, "npv": 89795.581}}