{"key_params": {"location": "CA_Palm.Springs.Intl", "customer_type": "Restaurant", "demand_charge": 20, "export_price": 0.0, "export_price_type": "None", "battery_size_kWh": 600, "battery_power_kW": 300.0, "min_soc": 0.05, "max_soc": 1.0, "one_way_efficiency": 0.92, "start_soc": 0.5, "n_horizon": 24, "n_control": 12}, "savings": {"old_energy_charge": -547559.0865858505, "new_energy_charge": -544993.5420081435, "energy_charge_savings": 2565.5445777069544, "old_demand_charge": -202566.8827810291, "new_demand_charge": -175278.6420609329, "demand_charge_savings": 27288.24072009619, "retail_profits": 29853.785297803144, "battery_charge_cost": -24918.38788864571, "battery_discharge_revenues": 27483.932466352664, "battery_retail_profits": 2565.5445777069544, "battery_export_revenue": 0.0, "total_profits": 29853.785297803144, "irr": 0.08278, "npv": 25241.107}}