{"key_params": {"location": "CA_Blue.Canyon", "customer_type": "Market", "demand_charge": 20, "export_price": 0.0, "export_price_type": "None", "battery_size_kWh": 600, "battery_power_kW": 300.0, "min_soc": 0.05, "max_soc": 1.0, "one_way_efficiency": 0.92, "start_soc": 0.5, "n_horizon": 24, "n_control": 12}, "savings": {"old_energy_charge": -399681.5786964879, "new_energy_charge": -399436.2716476145, "energy_charge_savings": 245.3070488733938, "old_demand_charge": -156984.63822192576, "new_demand_charge": -134833.06526666044, "demand_charge_savings": 22151.57295526532, "retail_profits": 22396.880004138715, "battery_charge_cost": -23796.20226741738, "battery_discharge_revenues": 24041.509316290892, "battery_retail_profits": 245.30704887351385, "battery_export_revenue": 0.0, "total_profits": 22396.880004138835, "irr": 0.03928, "npv": -21801.778}}