{"key_params": {"location": "CA_Barstow.Daggett", "customer_type": "Apartment", "demand_charge": 20, "export_price": 0.0, "export_price_type": "None", "battery_size_kWh": 600, "battery_power_kW": 300.0, "min_soc": 0.05, "max_soc": 1.0, "one_way_efficiency": 0.92, "start_soc": 0.5, "n_horizon": 24, "n_control": 12}, "savings": {"old_energy_charge": -342046.06575389183, "new_energy_charge": -336804.04827496735, "energy_charge_savings": 5242.0174789244775, "old_demand_charge": -143996.27435486106, "new_demand_charge": -112342.22019684849, "demand_charge_savings": 31654.054158012572, "retail_profits": 36896.07163693705, "battery_charge_cost": -21544.793114284763, "battery_discharge_revenues": 26786.810593209153, "battery_retail_profits": 5242.01747892439, "battery_export_revenue": 0.0, "total_profits": 36896.07163693696, "irr": 0.12061, "npv": 69668.313}}