{"key_params": {"location": "CA_Santa.Barbara.Muni", "customer_type": "Restaurant", "demand_charge": 20, "export_price": 0.0, "export_price_type": "None", "battery_size_kWh": 600, "battery_power_kW": 300.0, "min_soc": 0.05, "max_soc": 1.0, "one_way_efficiency": 0.92, "start_soc": 0.5, "n_horizon": 24, "n_control": 12}, "savings": {"old_energy_charge": -433000.1489209613, "new_energy_charge": -434212.8185311047, "energy_charge_savings": -1212.6696101434063, "old_demand_charge": -145735.5445877397, "new_demand_charge": -120321.60419573443, "demand_charge_savings": 25413.940392005286, "retail_profits": 24201.27078186188, "battery_charge_cost": -32915.09860940548, "battery_discharge_revenues": 31702.428999262018, "battery_retail_profits": -1212.6696101434645, "battery_export_revenue": 0.0, "total_profits": 24201.270781861822, "irr": 0.05024, "npv": -10418.537}}