{"key_params": {"location": "CA_Fullerton.Muni", "customer_type": "Office", "demand_charge": 20, "export_price": 0.0, "export_price_type": "None", "battery_size_kWh": 600, "battery_power_kW": 300.0, "min_soc": 0.05, "max_soc": 1.0, "one_way_efficiency": 0.92, "start_soc": 0.5, "n_horizon": 24, "n_control": 12}, "savings": {"old_energy_charge": -533965.6523432167, "new_energy_charge": -532949.4424593804, "energy_charge_savings": 1016.2098838363308, "old_demand_charge": -261907.4615458975, "new_demand_charge": -235203.74820909696, "demand_charge_savings": 26703.713336800545, "retail_profits": 27719.923220636876, "battery_charge_cost": -22991.86821412739, "battery_discharge_revenues": 24008.0780979636, "battery_retail_profits": 1016.2098838362108, "battery_export_revenue": 0.0, "total_profits": 27719.923220636756, "irr": 0.07077, "npv": 11779.352}}