{"key_params": {"location": "CA_Salinas.Muni", "customer_type": "School", "demand_charge": 20, "export_price": 0.0, "export_price_type": "None", "battery_size_kWh": 600, "battery_power_kW": 300.0, "min_soc": 0.05, "max_soc": 1.0, "one_way_efficiency": 0.92, "start_soc": 0.5, "n_horizon": 24, "n_control": 12}, "savings": {"old_energy_charge": -524864.9761150187, "new_energy_charge": -520861.8820814932, "energy_charge_savings": 4003.0940335255, "old_demand_charge": -389076.54585797404, "new_demand_charge": -352677.6159434697, "demand_charge_savings": 36398.92991450435, "retail_profits": 40402.02394802985, "battery_charge_cost": -22093.708551791045, "battery_discharge_revenues": 26096.802585316498, "battery_retail_profits": 4003.0940335254527, "battery_export_revenue": 0.0, "total_profits": 40402.023948029804, "irr": 0.13864, "npv": 91786.082}}