{"key_params": {"location": "CA_Chino", "customer_type": "Hotel", "demand_charge": 20, "export_price": 0.0, "export_price_type": "None", "battery_size_kWh": 600, "battery_power_kW": 300.0, "min_soc": 0.05, "max_soc": 1.0, "one_way_efficiency": 0.92, "start_soc": 0.5, "n_horizon": 24, "n_control": 12}, "savings": {"old_energy_charge": -381426.29103999375, "new_energy_charge": -377694.7557294683, "energy_charge_savings": 3731.535310525447, "old_demand_charge": -148788.9200149773, "new_demand_charge": -113273.07949438898, "demand_charge_savings": 35515.84052058833, "retail_profits": 39247.37583111378, "battery_charge_cost": -26120.08438987367, "battery_discharge_revenues": 29851.619700399187, "battery_retail_profits": 3731.5353105255163, "battery_export_revenue": 0.0, "total_profits": 39247.37583111385, "irr": 0.13275, "npv": 84501.83}}