{"key_params": {"location": "CA_Alturas.725958_TMY3", "customer_type": "Office", "demand_charge": 20, "export_price": 0.0, "export_price_type": "None", "battery_size_kWh": 600, "battery_power_kW": 300.0, "min_soc": 0.05, "max_soc": 1.0, "one_way_efficiency": 0.92, "start_soc": 0.5, "n_horizon": 24, "n_control": 12}, "savings": {"old_energy_charge": -457038.0489188722, "new_energy_charge": -455150.3641865325, "energy_charge_savings": 1887.6847323396942, "old_demand_charge": -237038.4502731307, "new_demand_charge": -208005.0965956556, "demand_charge_savings": 29033.353677475097, "retail_profits": 30921.03840981479, "battery_charge_cost": -22473.93225398503, "battery_discharge_revenues": 24361.61698632468, "battery_retail_profits": 1887.6847323396505, "battery_export_revenue": 0.0, "total_profits": 30921.038409814748, "irr": 0.08868, "npv": 31974.016}}