{"key_params": {"location": "CA_China.Lake.NAF.746120_TMY3", "customer_type": "School", "demand_charge": 20, "export_price": 0.0, "export_price_type": "None", "battery_size_kWh": 600, "battery_power_kW": 300.0, "min_soc": 0.05, "max_soc": 1.0, "one_way_efficiency": 0.92, "start_soc": 0.5, "n_horizon": 24, "n_control": 12}, "savings": {"old_energy_charge": -655631.5468710271, "new_energy_charge": -652802.9591069643, "energy_charge_savings": 2828.5877640628023, "old_demand_charge": -381149.6007863852, "new_demand_charge": -351519.5269767731, "demand_charge_savings": 29630.073809612077, "retail_profits": 32458.66157367488, "battery_charge_cost": -22322.891600471594, "battery_discharge_revenues": 25151.479364534494, "battery_retail_profits": 2828.5877640629005, "battery_export_revenue": 0.0, "total_profits": 32458.661573674977, "irr": 0.09706, "npv": 41674.317}}