{"key_params": {"location": "CA_Santa.Ana-John.Wayne", "customer_type": "Office", "demand_charge": 20, "export_price": 0.0, "export_price_type": "None", "battery_size_kWh": 600, "battery_power_kW": 300.0, "min_soc": 0.05, "max_soc": 1.0, "one_way_efficiency": 0.92, "start_soc": 0.5, "n_horizon": 24, "n_control": 12}, "savings": {"old_energy_charge": -386152.16989469226, "new_energy_charge": -383802.45305630984, "energy_charge_savings": 2349.7168383824173, "old_demand_charge": -210112.1625312391, "new_demand_charge": -181937.60142437916, "demand_charge_savings": 28174.56110685994, "retail_profits": 30524.277945242357, "battery_charge_cost": -23152.478013555472, "battery_discharge_revenues": 25502.19485193791, "battery_retail_profits": 2349.716838382439, "battery_export_revenue": 0.0, "total_profits": 30524.27794524238, "irr": 0.08649, "npv": 29470.999}}