{"key_params": {"location": "CA_Ukiah.Muni", "customer_type": "School", "demand_charge": 20, "export_price": 0.0, "export_price_type": "None", "battery_size_kWh": 600, "battery_power_kW": 300.0, "min_soc": 0.05, "max_soc": 1.0, "one_way_efficiency": 0.92, "start_soc": 0.5, "n_horizon": 24, "n_control": 12}, "savings": {"old_energy_charge": -599123.9840783604, "new_energy_charge": -595752.1559881147, "energy_charge_savings": 3371.828090245719, "old_demand_charge": -408505.7240129496, "new_demand_charge": -370761.84556605504, "demand_charge_savings": 37743.87844689458, "retail_profits": 41115.7065371403, "battery_charge_cost": -21882.043622792542, "battery_discharge_revenues": 25253.87171303837, "battery_retail_profits": 3371.828090245828, "battery_export_revenue": 0.0, "total_profits": 41115.70653714041, "irr": 0.14226, "npv": 96288.444}}