{"key_params": {"location": "CA_Yuba.County", "customer_type": "Office", "demand_charge": 20, "export_price": 0.0, "export_price_type": "None", "battery_size_kWh": 600, "battery_power_kW": 300.0, "min_soc": 0.05, "max_soc": 1.0, "one_way_efficiency": 0.92, "start_soc": 0.5, "n_horizon": 24, "n_control": 12}, "savings": {"old_energy_charge": -410132.6291092253, "new_energy_charge": -407313.45270755386, "energy_charge_savings": 2819.1764016714296, "old_demand_charge": -254583.59289432454, "new_demand_charge": -212424.58599329088, "demand_charge_savings": 42159.00690103366, "retail_profits": 44978.18330270509, "battery_charge_cost": -23336.477316469325, "battery_discharge_revenues": 26155.653718140762, "battery_retail_profits": 2819.176401671437, "battery_export_revenue": 0.0, "total_profits": 44978.183302705096, "irr": 0.16158, "npv": 120655.396}}