{"key_params": {"location": "CA_Bishop", "customer_type": "Restaurant", "demand_charge": 20, "export_price": 0.0, "export_price_type": "None", "battery_size_kWh": 600, "battery_power_kW": 300.0, "min_soc": 0.05, "max_soc": 1.0, "one_way_efficiency": 0.92, "start_soc": 0.5, "n_horizon": 24, "n_control": 12}, "savings": {"old_energy_charge": -504616.90420684573, "new_energy_charge": -503178.5703062346, "energy_charge_savings": 1438.3339006111491, "old_demand_charge": -184882.51106046996, "new_demand_charge": -154444.0687186255, "demand_charge_savings": 30438.442341844464, "retail_profits": 31876.776242455613, "battery_charge_cost": -26497.35223073451, "battery_discharge_revenues": 27935.686131345603, "battery_retail_profits": 1438.3339006110946, "battery_export_revenue": 0.0, "total_profits": 31876.77624245556, "irr": 0.09391, "npv": 38003.416}}