{"key_params": {"location": "CA_Needles", "customer_type": "Hotel", "demand_charge": 20, "export_price": 0.0, "export_price_type": "None", "battery_size_kWh": 600, "battery_power_kW": 300.0, "min_soc": 0.05, "max_soc": 1.0, "one_way_efficiency": 0.92, "start_soc": 0.5, "n_horizon": 24, "n_control": 12}, "savings": {"old_energy_charge": -364730.0341733376, "new_energy_charge": -360885.22776452044, "energy_charge_savings": 3844.8064088171814, "old_demand_charge": -141527.66561266148, "new_demand_charge": -106415.35794130538, "demand_charge_savings": 35112.3076713561, "retail_profits": 38957.11408017328, "battery_charge_cost": -25366.1724523847, "battery_discharge_revenues": 29210.978861201882, "battery_retail_profits": 3844.8064088171814, "battery_export_revenue": 0.0, "total_profits": 38957.11408017328, "irr": 0.13126, "npv": 82670.675}}