{"key_params": {"location": "CA_Arcata", "customer_type": "Restaurant", "demand_charge": 20, "export_price": 0.0, "export_price_type": "None", "battery_size_kWh": 600, "battery_power_kW": 300.0, "min_soc": 0.05, "max_soc": 1.0, "one_way_efficiency": 0.92, "start_soc": 0.5, "n_horizon": 24, "n_control": 12}, "savings": {"old_energy_charge": -449261.44243122736, "new_energy_charge": -450639.8754999444, "energy_charge_savings": -1378.433068717015, "old_demand_charge": -148848.43009221478, "new_demand_charge": -122479.76611824488, "demand_charge_savings": 26368.663973969902, "retail_profits": 24990.230905252887, "battery_charge_cost": -29882.557678753266, "battery_discharge_revenues": 28504.124610036277, "battery_retail_profits": -1378.4330687169895, "battery_export_revenue": 0.0, "total_profits": 24990.230905252913, "irr": 0.05493, "npv": -5441.277}}