{"key_params": {"location": "CA_Arcata", "customer_type": "Restaurant", "demand_charge": 20, "export_price": 0.0, "export_price_type": "None", "battery_size_kWh": 600, "battery_power_kW": 300.0, "min_soc": 0.05, "max_soc": 1.0, "one_way_efficiency": 0.92, "start_soc": 0.5, "n_horizon": 24, "n_control": 12}, "savings": {"old_energy_charge": -428378.5508889911, "new_energy_charge": -430740.30164318957, "energy_charge_savings": -2361.750754198467, "old_demand_charge": -140697.4539762307, "new_demand_charge": -115154.97882798605, "demand_charge_savings": 25542.475148244645, "retail_profits": 23180.724394046178, "battery_charge_cost": -32796.73310587088, "battery_discharge_revenues": 30434.982351672406, "battery_retail_profits": -2361.750754198474, "battery_export_revenue": 0.0, "total_profits": 23180.72439404617, "irr": 0.04408, "npv": -16856.791}}