{"key_params": {"location": "CA_Santa.Maria.Public", "customer_type": "Hotel", "demand_charge": 20, "export_price": 0.0, "export_price_type": "None", "battery_size_kWh": 600, "battery_power_kW": 300.0, "min_soc": 0.05, "max_soc": 1.0, "one_way_efficiency": 0.92, "start_soc": 0.5, "n_horizon": 24, "n_control": 12}, "savings": {"old_energy_charge": -359671.0409799653, "new_energy_charge": -357187.0252103836, "energy_charge_savings": 2484.015769581718, "old_demand_charge": -132089.79593957544, "new_demand_charge": -96005.6509397959, "demand_charge_savings": 36084.14499977954, "retail_profits": 38568.16076936126, "battery_charge_cost": -29737.534446060607, "battery_discharge_revenues": 32221.550215642354, "battery_retail_profits": 2484.015769581747, "battery_export_revenue": 0.0, "total_profits": 38568.16076936129, "irr": 0.12926, "npv": 80216.911}}