{"key_params": {"location": "CA_China.Lake.NAF.746120_TMY3", "customer_type": "Market", "demand_charge": 20, "export_price": 0.0, "export_price_type": "None", "battery_size_kWh": 600, "battery_power_kW": 300.0, "min_soc": 0.05, "max_soc": 1.0, "one_way_efficiency": 0.92, "start_soc": 0.5, "n_horizon": 24, "n_control": 12}, "savings": {"old_energy_charge": -416973.17364013026, "new_energy_charge": -415935.1256458978, "energy_charge_savings": 1038.0479942324455, "old_demand_charge": -168327.64611057838, "new_demand_charge": -146885.48041405465, "demand_charge_savings": 21442.165696523734, "retail_profits": 22480.21369075618, "battery_charge_cost": -23497.44199684705, "battery_discharge_revenues": 24535.489991079485, "battery_retail_profits": 1038.0479942324346, "battery_export_revenue": 0.0, "total_profits": 22480.21369075617, "irr": 0.0398, "npv": -21276.056}}