{"key_params": {"location": "CA_Santa.Rosa.AWOS.724957_TMY3", "customer_type": "Office", "demand_charge": 20, "export_price": 0.0, "export_price_type": "None", "battery_size_kWh": 600, "battery_power_kW": 300.0, "min_soc": 0.05, "max_soc": 1.0, "one_way_efficiency": 0.92, "start_soc": 0.5, "n_horizon": 24, "n_control": 12}, "savings": {"old_energy_charge": -415864.8211231617, "new_energy_charge": -413377.050424528, "energy_charge_savings": 2487.7706986336852, "old_demand_charge": -256403.4041227526, "new_demand_charge": -211209.59691016073, "demand_charge_savings": 45193.80721259187, "retail_profits": 47681.577911225555, "battery_charge_cost": -24139.18746203031, "battery_discharge_revenues": 26626.958160664013, "battery_retail_profits": 2487.7706986337034, "battery_export_revenue": 0.0, "total_profits": 47681.57791122557, "irr": 0.17487, "npv": 137710.123}}