{"key_params": {"location": "CA_San.Diego-North.Island.NAS.722906_TMY3", "customer_type": "Office", "demand_charge": 20, "export_price": 0.0, "export_price_type": "None", "battery_size_kWh": 600, "battery_power_kW": 300.0, "min_soc": 0.05, "max_soc": 1.0, "one_way_efficiency": 0.92, "start_soc": 0.5, "n_horizon": 24, "n_control": 12}, "savings": {"old_energy_charge": -303580.5715987657, "new_energy_charge": -302631.58799016866, "energy_charge_savings": 948.9836085970164, "old_demand_charge": -151457.18469388687, "new_demand_charge": -130455.7450198462, "demand_charge_savings": 21001.439674040666, "retail_profits": 21950.423282637683, "battery_charge_cost": -23179.706570195056, "battery_discharge_revenues": 24128.690178792098, "battery_retail_profits": 948.9836085970419, "battery_export_revenue": 0.0, "total_profits": 21950.42328263771, "irr": 0.03652, "npv": -24618.31}}