{"key_params": {"location": "CA_Santa.Barbara.Muni", "customer_type": "Hospital", "demand_charge": 20, "export_price": 0.0, "export_price_type": "None", "battery_size_kWh": 600, "battery_power_kW": 300.0, "min_soc": 0.05, "max_soc": 1.0, "one_way_efficiency": 0.92, "start_soc": 0.5, "n_horizon": 24, "n_control": 12}, "savings": {"old_energy_charge": -246991.7091788774, "new_energy_charge": -246966.39496511032, "energy_charge_savings": 25.31421376709477, "old_demand_charge": -81810.5425375528, "new_demand_charge": -70336.42275140199, "demand_charge_savings": 11474.119786150812, "retail_profits": 11499.433999917906, "battery_charge_cost": -19656.935304708546, "battery_discharge_revenues": 19682.249518475674, "battery_retail_profits": 25.314213767127512, "battery_export_revenue": 0.0, "total_profits": 11499.43399991794, "irr": -0.04889, "npv": -97752.712}}