{"key_params": {"location": "CA_Lancaster-Gen.Wm.Fox.Field.723816_TMY3", "customer_type": "School", "demand_charge": 20, "export_price": 0.0, "export_price_type": "None", "battery_size_kWh": 600, "battery_power_kW": 300.0, "min_soc": 0.05, "max_soc": 1.0, "one_way_efficiency": 0.92, "start_soc": 0.5, "n_horizon": 24, "n_control": 12}, "savings": {"old_energy_charge": -375074.6012724997, "new_energy_charge": -372488.70065381005, "energy_charge_savings": 2585.9006186896586, "old_demand_charge": -231803.02277493928, "new_demand_charge": -202679.6951209524, "demand_charge_savings": 29123.327653986868, "retail_profits": 31709.228272676526, "battery_charge_cost": -22396.28693760249, "battery_discharge_revenues": 24982.187556292123, "battery_retail_profits": 2585.900618689633, "battery_export_revenue": 0.0, "total_profits": 31709.2282726765, "irr": 0.09299, "npv": 36946.417}}