{"key_params": {"location": "CA_Crescent.City-Jack.McNamara.Field.725946_TMY3", "customer_type": "Office", "demand_charge": 20, "export_price": 0.0, "export_price_type": "None", "battery_size_kWh": 600, "battery_power_kW": 300.0, "min_soc": 0.05, "max_soc": 1.0, "one_way_efficiency": 0.92, "start_soc": 0.5, "n_horizon": 24, "n_control": 12}, "savings": {"old_energy_charge": -283602.48703402426, "new_energy_charge": -284040.6296332138, "energy_charge_savings": -438.1425991895376, "old_demand_charge": -132677.79032197437, "new_demand_charge": -113750.97193268382, "demand_charge_savings": 18926.81838929055, "retail_profits": 18488.675790101013, "battery_charge_cost": -23122.750449101506, "battery_discharge_revenues": 22684.607849911987, "battery_retail_profits": -438.1425991895194, "battery_export_revenue": 0.0, "total_profits": 18488.67579010103, "irr": 0.01365, "npv": -46900.656}}