{"key_params": {"location": "CA_Merced-Macready.Field.724815_TMY3", "customer_type": "Hotel", "demand_charge": 20, "export_price": 0.0, "export_price_type": "None", "battery_size_kWh": 600, "battery_power_kW": 300.0, "min_soc": 0.05, "max_soc": 1.0, "one_way_efficiency": 0.92, "start_soc": 0.5, "n_horizon": 24, "n_control": 12}, "savings": {"old_energy_charge": -345300.2743630351, "new_energy_charge": -343094.0434826819, "energy_charge_savings": 2206.2308803531923, "old_demand_charge": -126715.54574440912, "new_demand_charge": -91535.46757184093, "demand_charge_savings": 35180.07817256819, "retail_profits": 37386.30905292138, "battery_charge_cost": -29760.58030086265, "battery_discharge_revenues": 31966.811181215795, "battery_retail_profits": 2206.230880353145, "battery_export_revenue": 0.0, "total_profits": 37386.30905292134, "irr": 0.12316, "npv": 72761.041}}