{"key_params": {"location": "CA_Barstow.Daggett", "customer_type": "Office", "demand_charge": 20, "export_price": 0.0, "export_price_type": "None", "battery_size_kWh": 600, "battery_power_kW": 300.0, "min_soc": 0.05, "max_soc": 1.0, "one_way_efficiency": 0.92, "start_soc": 0.5, "n_horizon": 24, "n_control": 12}, "savings": {"old_energy_charge": -507480.46806408325, "new_energy_charge": -506214.9225333764, "energy_charge_savings": 1265.545530706877, "old_demand_charge": -248090.35900782846, "new_demand_charge": -219024.93486115153, "demand_charge_savings": 29065.42414667693, "retail_profits": 30330.969677383808, "battery_charge_cost": -23282.154731828778, "battery_discharge_revenues": 24547.700262535676, "battery_retail_profits": 1265.5455307068987, "battery_export_revenue": 0.0, "total_profits": 30330.96967738383, "irr": 0.08543, "npv": 28251.488}}