{"key_params": {"location": "CA_China.Lake.NAF.746120_TMY3", "customer_type": "School", "demand_charge": 20, "export_price": 0.0, "export_price_type": "None", "battery_size_kWh": 600, "battery_power_kW": 300.0, "min_soc": 0.05, "max_soc": 1.0, "one_way_efficiency": 0.92, "start_soc": 0.5, "n_horizon": 24, "n_control": 12}, "savings": {"old_energy_charge": -398710.2643132976, "new_energy_charge": -396420.55107923126, "energy_charge_savings": 2289.713234066323, "old_demand_charge": -240424.36732926234, "new_demand_charge": -212803.4095977007, "demand_charge_savings": 27620.957731561648, "retail_profits": 29910.67096562797, "battery_charge_cost": -22576.6823926334, "battery_discharge_revenues": 24866.395626699777, "battery_retail_profits": 2289.7132340663775, "battery_export_revenue": 0.0, "total_profits": 29910.670965628025, "irr": 0.0831, "npv": 25599.978}}