{"key_params": {"location": "CA_Alturas.725958_TMY3", "customer_type": "Hospital", "demand_charge": 20, "export_price": 0.0, "export_price_type": "None", "battery_size_kWh": 600, "battery_power_kW": 300.0, "min_soc": 0.05, "max_soc": 1.0, "one_way_efficiency": 0.92, "start_soc": 0.5, "n_horizon": 24, "n_control": 12}, "savings": {"old_energy_charge": -262538.46613753436, "new_energy_charge": -262697.34806928603, "energy_charge_savings": -158.88193175167544, "old_demand_charge": -91205.52536615374, "new_demand_charge": -77046.35806341571, "demand_charge_savings": 14159.167302738031, "retail_profits": 14000.285370986356, "battery_charge_cost": -21946.97284353909, "battery_discharge_revenues": 21788.090911787393, "battery_retail_profits": -158.88193175169727, "battery_export_revenue": 0.0, "total_profits": 14000.285370986334, "irr": -0.02275, "npv": -78023.92}}