{"key_params": {"location": "CA_Palmdale", "customer_type": "Restaurant", "demand_charge": 20, "export_price": 0.0, "export_price_type": "None", "battery_size_kWh": 600, "battery_power_kW": 300.0, "min_soc": 0.05, "max_soc": 1.0, "one_way_efficiency": 0.92, "start_soc": 0.5, "n_horizon": 24, "n_control": 12}, "savings": {"old_energy_charge": -465718.81958783907, "new_energy_charge": -465513.9690084099, "energy_charge_savings": 204.85057942918502, "old_demand_charge": -170369.32447010896, "new_demand_charge": -143199.49481473753, "demand_charge_savings": 27169.82965537143, "retail_profits": 27374.680234800617, "battery_charge_cost": -29224.258664094843, "battery_discharge_revenues": 29429.109243523944, "battery_retail_profits": 204.85057942910134, "battery_export_revenue": 0.0, "total_profits": 27374.680234800533, "irr": 0.0688, "npv": 9601.341}}