{"key_params": {"location": "CA_March.AFB.722860_TMY3", "customer_type": "Market", "demand_charge": 20, "export_price": 0.0, "export_price_type": "None", "battery_size_kWh": 600, "battery_power_kW": 300.0, "min_soc": 0.05, "max_soc": 1.0, "one_way_efficiency": 0.92, "start_soc": 0.5, "n_horizon": 24, "n_control": 12}, "savings": {"old_energy_charge": -386728.013761589, "new_energy_charge": -386266.8955361303, "energy_charge_savings": 461.11822545871837, "old_demand_charge": -155420.44372983504, "new_demand_charge": -133343.01977639904, "demand_charge_savings": 22077.423953435995, "retail_profits": 22538.542178894713, "battery_charge_cost": -23699.45587235124, "battery_discharge_revenues": 24160.57409780998, "battery_retail_profits": 461.1182254587402, "battery_export_revenue": 0.0, "total_profits": 22538.542178894735, "irr": 0.04015, "npv": -20908.083}}