{"key_params": {"location": "CA_Blue.Canyon", "customer_type": "Office", "demand_charge": 20, "export_price": 0.0, "export_price_type": "None", "battery_size_kWh": 600, "battery_power_kW": 300.0, "min_soc": 0.05, "max_soc": 1.0, "one_way_efficiency": 0.92, "start_soc": 0.5, "n_horizon": 24, "n_control": 12}, "savings": {"old_energy_charge": -396196.9043401963, "new_energy_charge": -393258.1260109659, "energy_charge_savings": 2938.7783292303793, "old_demand_charge": -250567.93309833453, "new_demand_charge": -204020.24288385743, "demand_charge_savings": 46547.6902144771, "retail_profits": 49486.46854370748, "battery_charge_cost": -23537.060329849315, "battery_discharge_revenues": 26475.838659079876, "battery_retail_profits": 2938.778329230561, "battery_export_revenue": 0.0, "total_profits": 49486.46854370766, "irr": 0.18366, "npv": 149096.517}}