{"key_params": {"location": "CA_Barstow.Daggett", "customer_type": "Office", "demand_charge": 20, "export_price": 0.0, "export_price_type": "None", "battery_size_kWh": 600, "battery_power_kW": 300.0, "min_soc": 0.05, "max_soc": 1.0, "one_way_efficiency": 0.92, "start_soc": 0.5, "n_horizon": 24, "n_control": 12}, "savings": {"old_energy_charge": -336693.4233999722, "new_energy_charge": -335188.60348302504, "energy_charge_savings": 1504.8199169471627, "old_demand_charge": -175648.77061118765, "new_demand_charge": -149075.9531427445, "demand_charge_savings": 26572.817468443158, "retail_profits": 28077.63738539032, "battery_charge_cost": -22960.24876010937, "battery_discharge_revenues": 24465.068677056523, "battery_retail_profits": 1504.8199169471518, "battery_export_revenue": 0.0, "total_profits": 28077.63738539031, "irr": 0.07281, "npv": 14036.04}}