{"key_params": {"location": "CA_Porterville.AWOS.723895_TMY3", "customer_type": "Hotel", "demand_charge": 20, "export_price": 0.0, "export_price_type": "None", "battery_size_kWh": 600, "battery_power_kW": 300.0, "min_soc": 0.05, "max_soc": 1.0, "one_way_efficiency": 0.92, "start_soc": 0.5, "n_horizon": 24, "n_control": 12}, "savings": {"old_energy_charge": -381361.8568300269, "new_energy_charge": -377201.128963219, "energy_charge_savings": 4160.727866807894, "old_demand_charge": -153863.5176843605, "new_demand_charge": -116455.80579398644, "demand_charge_savings": 37407.71189037406, "retail_profits": 41568.43975718196, "battery_charge_cost": -25300.991679704068, "battery_discharge_revenues": 29461.71954651194, "battery_retail_profits": 4160.7278668078725, "battery_export_revenue": 0.0, "total_profits": 41568.439757181935, "irr": 0.14455, "npv": 99144.572}}