{"key_params": {"location": "CA_San.Diego-Miramar.NAS.722930_TMY3", "customer_type": "Hospital", "demand_charge": 20, "export_price": 0.0, "export_price_type": "None", "battery_size_kWh": 600, "battery_power_kW": 300.0, "min_soc": 0.05, "max_soc": 1.0, "one_way_efficiency": 0.92, "start_soc": 0.5, "n_horizon": 24, "n_control": 12}, "savings": {"old_energy_charge": -247361.34942869714, "new_energy_charge": -247305.43334795925, "energy_charge_savings": 55.916080737893935, "old_demand_charge": -81379.1872697596, "new_demand_charge": -70628.10008596526, "demand_charge_savings": 10751.087183794341, "retail_profits": 10807.003264532235, "battery_charge_cost": -19701.249834084025, "battery_discharge_revenues": 19757.165914821948, "battery_retail_profits": 55.91608073792304, "battery_export_revenue": 0.0, "total_profits": 10807.003264532264, "irr": -0.05684, "npv": -103282.195}}