{"key_params": {"location": "CA_Yuba.County", "customer_type": "Hospital", "demand_charge": 20, "export_price": 0.0, "export_price_type": "None", "battery_size_kWh": 600, "battery_power_kW": 300.0, "min_soc": 0.05, "max_soc": 1.0, "one_way_efficiency": 0.92, "start_soc": 0.5, "n_horizon": 24, "n_control": 12}, "savings": {"old_energy_charge": -245473.06321705226, "new_energy_charge": -245382.12583592802, "energy_charge_savings": 90.93738112424035, "old_demand_charge": -80892.82299548892, "new_demand_charge": -70460.67380008686, "demand_charge_savings": 10432.14919540206, "retail_profits": 10523.0865765263, "battery_charge_cost": -19606.21409545403, "battery_discharge_revenues": 19697.151476578234, "battery_retail_profits": 90.93738112420397, "battery_export_revenue": 0.0, "total_profits": 10523.086576526264, "irr": -0.06021, "npv": -105549.444}}