{"key_params": {"location": "CA_Edwards.AFB.723810_TMY3", "customer_type": "Market", "demand_charge": 20, "export_price": 0.0, "export_price_type": "None", "battery_size_kWh": 600, "battery_power_kW": 300.0, "min_soc": 0.05, "max_soc": 1.0, "one_way_efficiency": 0.92, "start_soc": 0.5, "n_horizon": 24, "n_control": 12}, "savings": {"old_energy_charge": -402915.5548259386, "new_energy_charge": -401812.85363452294, "energy_charge_savings": 1102.701191415661, "old_demand_charge": -164171.37526848871, "new_demand_charge": -141112.77089999663, "demand_charge_savings": 23058.604368492088, "retail_profits": 24161.30555990775, "battery_charge_cost": -23619.5734482098, "battery_discharge_revenues": 24722.27463962543, "battery_retail_profits": 1102.7011914156283, "battery_export_revenue": 0.0, "total_profits": 24161.305559907716, "irr": 0.05, "npv": -10670.663}}