{"key_params": {"location": "CA_Truckee.Tahoe", "customer_type": "Hotel", "demand_charge": 20, "export_price": 0.0, "export_price_type": "None", "battery_size_kWh": 600, "battery_power_kW": 300.0, "min_soc": 0.05, "max_soc": 1.0, "one_way_efficiency": 0.92, "start_soc": 0.5, "n_horizon": 24, "n_control": 12}, "savings": {"old_energy_charge": -359105.4755623068, "new_energy_charge": -355946.4287309359, "energy_charge_savings": 3159.0468313709134, "old_demand_charge": -137092.33594623223, "new_demand_charge": -99035.55676162527, "demand_charge_savings": 38056.77918460696, "retail_profits": 41215.82601597787, "battery_charge_cost": -28728.411890896776, "battery_discharge_revenues": 31887.45872226767, "battery_retail_profits": 3159.0468313708952, "battery_export_revenue": 0.0, "total_profits": 41215.82601597786, "irr": 0.14276, "npv": 96920.061}}