{"key_params": {"location": "CA_Livermore.Muni", "customer_type": "Office", "demand_charge": 20, "export_price": 0.0, "export_price_type": "None", "battery_size_kWh": 600, "battery_power_kW": 300.0, "min_soc": 0.05, "max_soc": 1.0, "one_way_efficiency": 0.92, "start_soc": 0.5, "n_horizon": 24, "n_control": 12}, "savings": {"old_energy_charge": -301231.4674970815, "new_energy_charge": -299828.33067353134, "energy_charge_savings": 1403.1368235501577, "old_demand_charge": -158068.67353657135, "new_demand_charge": -132497.01208679186, "demand_charge_savings": 25571.661449779494, "retail_profits": 26974.798273329652, "battery_charge_cost": -22980.304217649944, "battery_discharge_revenues": 24383.4410412, "battery_retail_profits": 1403.1368235500559, "battery_export_revenue": 0.0, "total_profits": 26974.79827332955, "irr": 0.06651, "npv": 7078.632}}