{"key_params": {"location": "CA_Twentynine.Palms.690150_TMY3", "customer_type": "Hotel", "demand_charge": 20, "export_price": 0.0, "export_price_type": "None", "battery_size_kWh": 600, "battery_power_kW": 300.0, "min_soc": 0.05, "max_soc": 1.0, "one_way_efficiency": 0.92, "start_soc": 0.5, "n_horizon": 24, "n_control": 12}, "savings": {"old_energy_charge": -314616.3265227816, "new_energy_charge": -312703.9253258853, "energy_charge_savings": 1912.4011968962732, "old_demand_charge": -113677.17307331745, "new_demand_charge": -81052.93233506451, "demand_charge_savings": 32624.240738252935, "retail_profits": 34536.64193514921, "battery_charge_cost": -29668.93472613206, "battery_discharge_revenues": 31581.335923028357, "battery_retail_profits": 1912.401196896295, "battery_export_revenue": 0.0, "total_profits": 34536.64193514923, "irr": 0.1082, "npv": 54783.535}}