{"key_params": {"location": "CA_Lancaster-Gen.Wm.Fox.Field.723816_TMY3", "customer_type": "Hotel", "demand_charge": 20, "export_price": 0.0, "export_price_type": "None", "battery_size_kWh": 600, "battery_power_kW": 300.0, "min_soc": 0.05, "max_soc": 1.0, "one_way_efficiency": 0.92, "start_soc": 0.5, "n_horizon": 24, "n_control": 12}, "savings": {"old_energy_charge": -334969.1983602821, "new_energy_charge": -332914.0143084782, "energy_charge_savings": 2055.1840518038953, "old_demand_charge": -122690.52000930773, "new_demand_charge": -87604.61324311091, "demand_charge_savings": 35085.906766196815, "retail_profits": 37141.09081800071, "battery_charge_cost": -30003.51174173258, "battery_discharge_revenues": 32058.695793536426, "battery_retail_profits": 2055.184051803848, "battery_export_revenue": 0.0, "total_profits": 37141.090818000666, "irr": 0.12188, "npv": 71214.049}}