{"key_params": {"location": "CA_Visalia.Muni.AWOS.723896_TMY3", "customer_type": "Office", "demand_charge": 20, "export_price": 0.0, "export_price_type": "None", "battery_size_kWh": 600, "battery_power_kW": 300.0, "min_soc": 0.05, "max_soc": 1.0, "one_way_efficiency": 0.92, "start_soc": 0.5, "n_horizon": 24, "n_control": 12}, "savings": {"old_energy_charge": -316554.7857528606, "new_energy_charge": -315527.12177496665, "energy_charge_savings": 1027.6639778939425, "old_demand_charge": -163571.2925563592, "new_demand_charge": -138215.44463852068, "demand_charge_savings": 25355.847917838517, "retail_profits": 26383.51189573246, "battery_charge_cost": -23099.016618428734, "battery_discharge_revenues": 24126.680596322647, "battery_retail_profits": 1027.6639778939134, "battery_export_revenue": 0.0, "total_profits": 26383.51189573243, "irr": 0.06309, "npv": 3348.423}}