{"key_params": {"location": "CA_Chula.Vista-Brown.Field.Muni", "customer_type": "Office", "demand_charge": 20, "export_price": 0.0, "export_price_type": "None", "battery_size_kWh": 600, "battery_power_kW": 300.0, "min_soc": 0.05, "max_soc": 1.0, "one_way_efficiency": 0.92, "start_soc": 0.5, "n_horizon": 24, "n_control": 12}, "savings": {"old_energy_charge": -304281.47052905307, "new_energy_charge": -303601.82624788623, "energy_charge_savings": 679.6442811668385, "old_demand_charge": -155317.69295108877, "new_demand_charge": -134511.8979895113, "demand_charge_savings": 20805.794961577485, "retail_profits": 21485.439242744324, "battery_charge_cost": -23149.932710090157, "battery_discharge_revenues": 23829.576991257025, "battery_retail_profits": 679.6442811668676, "battery_export_revenue": 0.0, "total_profits": 21485.439242744353, "irr": 0.0336, "npv": -27572.268}}