{"key_params": {"location": "CA_San.Jose.Intl", "customer_type": "Office", "demand_charge": 20, "export_price": 0.0, "export_price_type": "None", "battery_size_kWh": 600, "battery_power_kW": 300.0, "min_soc": 0.05, "max_soc": 1.0, "one_way_efficiency": 0.92, "start_soc": 0.5, "n_horizon": 24, "n_control": 12}, "savings": {"old_energy_charge": -405778.3125767715, "new_energy_charge": -403319.82344394544, "energy_charge_savings": 2458.489132826042, "old_demand_charge": -234372.40462101472, "new_demand_charge": -191594.88047209563, "demand_charge_savings": 42777.524148919096, "retail_profits": 45236.01328174514, "battery_charge_cost": -23706.722570932052, "battery_discharge_revenues": 26165.211703758127, "battery_retail_profits": 2458.4891328260746, "battery_export_revenue": 0.0, "total_profits": 45236.01328174517, "irr": 0.16286, "npv": 122281.951}}