{"key_params": {"location": "CA_Salinas.Muni", "customer_type": "Office", "demand_charge": 20, "export_price": 0.0, "export_price_type": "None", "battery_size_kWh": 600, "battery_power_kW": 300.0, "min_soc": 0.05, "max_soc": 1.0, "one_way_efficiency": 0.92, "start_soc": 0.5, "n_horizon": 24, "n_control": 12}, "savings": {"old_energy_charge": -489597.64748757554, "new_energy_charge": -487534.9415290165, "energy_charge_savings": 2062.7059585590614, "old_demand_charge": -254665.30836364193, "new_demand_charge": -228150.18668786492, "demand_charge_savings": 26515.121675777016, "retail_profits": 28577.827634336078, "battery_charge_cost": -22667.132028012973, "battery_discharge_revenues": 24729.83798657205, "battery_retail_profits": 2062.705958559076, "battery_export_revenue": 0.0, "total_profits": 28577.827634336092, "irr": 0.07564, "npv": 17191.557}}