{"key_params": {"location": "CA_Fairfield-Travis.AFB.745160_TMY3", "customer_type": "School", "demand_charge": 20, "export_price": 0.0, "export_price_type": "None", "battery_size_kWh": 600, "battery_power_kW": 300.0, "min_soc": 0.05, "max_soc": 1.0, "one_way_efficiency": 0.92, "start_soc": 0.5, "n_horizon": 24, "n_control": 12}, "savings": {"old_energy_charge": -582145.7129528106, "new_energy_charge": -578656.5663604588, "energy_charge_savings": 3489.1465923517244, "old_demand_charge": -379393.57390830084, "new_demand_charge": -342388.56372528116, "demand_charge_savings": 37005.01018301968, "retail_profits": 40494.156775371404, "battery_charge_cost": -22115.953100339924, "battery_discharge_revenues": 25605.099692691685, "battery_retail_profits": 3489.146592351761, "battery_export_revenue": 0.0, "total_profits": 40494.15677537144, "irr": 0.13911, "npv": 92367.314}}