{"key_params": {"location": "CA_Sandberg.723830_TMY3", "customer_type": "Restaurant", "demand_charge": 20, "export_price": 0.0, "export_price_type": "None", "battery_size_kWh": 600, "battery_power_kW": 300.0, "min_soc": 0.05, "max_soc": 1.0, "one_way_efficiency": 0.92, "start_soc": 0.5, "n_horizon": 24, "n_control": 12}, "savings": {"old_energy_charge": -447902.4889140646, "new_energy_charge": -448918.5820848949, "energy_charge_savings": -1016.0931708302815, "old_demand_charge": -156839.4122435708, "new_demand_charge": -129494.90208985742, "demand_charge_savings": 27344.51015371339, "retail_profits": 26328.416982883107, "battery_charge_cost": -30886.21339234682, "battery_discharge_revenues": 29870.120221516492, "battery_retail_profits": -1016.0931708303287, "battery_export_revenue": 0.0, "total_profits": 26328.41698288306, "irr": 0.06277, "npv": 3000.849}}