{"key_params": {"location": "CA_Van.Nuys", "customer_type": "Hotel", "demand_charge": 20, "export_price": 0.0, "export_price_type": "None", "battery_size_kWh": 600, "battery_power_kW": 300.0, "min_soc": 0.05, "max_soc": 1.0, "one_way_efficiency": 0.92, "start_soc": 0.5, "n_horizon": 24, "n_control": 12}, "savings": {"old_energy_charge": -376392.82366675534, "new_energy_charge": -372555.49679872487, "energy_charge_savings": 3837.3268680304755, "old_demand_charge": -149796.25240983162, "new_demand_charge": -114158.00788625529, "demand_charge_savings": 35638.24452357633, "retail_profits": 39475.571391606805, "battery_charge_cost": -25840.78892818236, "battery_discharge_revenues": 29678.11579621278, "battery_retail_profits": 3837.326868030421, "battery_export_revenue": 0.0, "total_profits": 39475.57139160675, "irr": 0.13392, "npv": 85941.432}}