{"key_params": {"location": "CA_Hawthorne-Jack.Northrop.Field.722956_TMY3", "customer_type": "Office", "demand_charge": 20, "export_price": 0.0, "export_price_type": "None", "battery_size_kWh": 600, "battery_power_kW": 300.0, "min_soc": 0.05, "max_soc": 1.0, "one_way_efficiency": 0.92, "start_soc": 0.5, "n_horizon": 24, "n_control": 12}, "savings": {"old_energy_charge": -531544.3726506126, "new_energy_charge": -530734.6552270794, "energy_charge_savings": 809.7174235332059, "old_demand_charge": -260599.90036203264, "new_demand_charge": -235443.8116509756, "demand_charge_savings": 25156.088711057033, "retail_profits": 25965.80613459024, "battery_charge_cost": -23153.163485834262, "battery_discharge_revenues": 23962.88090936754, "battery_retail_profits": 809.7174235332786, "battery_export_revenue": 0.0, "total_profits": 25965.80613459031, "irr": 0.06066, "npv": 713.27}}