{"key_params": {"location": "CA_Chula.Vista-Brown.Field.Muni", "customer_type": "Market", "demand_charge": 20, "export_price": 0.0, "export_price_type": "None", "battery_size_kWh": 600, "battery_power_kW": 300.0, "min_soc": 0.05, "max_soc": 1.0, "one_way_efficiency": 0.92, "start_soc": 0.5, "n_horizon": 24, "n_control": 12}, "savings": {"old_energy_charge": -365556.1824430477, "new_energy_charge": -365902.38828567136, "energy_charge_savings": -346.20584262366174, "old_demand_charge": -141274.94178274635, "new_demand_charge": -120096.79273260021, "demand_charge_savings": 21178.149050146138, "retail_profits": 20831.943207522476, "battery_charge_cost": -23742.18748621441, "battery_discharge_revenues": 23395.981643590734, "battery_retail_profits": -346.2058426236763, "battery_export_revenue": 0.0, "total_profits": 20831.94320752246, "irr": 0.02943, "npv": -31730.424}}