{"key_params": {"location": "CA_San.Diego-Miramar.NAS.722930_TMY3", "customer_type": "Apartment", "demand_charge": 20, "export_price": 0.0, "export_price_type": "None", "battery_size_kWh": 600, "battery_power_kW": 300.0, "min_soc": 0.05, "max_soc": 1.0, "one_way_efficiency": 0.92, "start_soc": 0.5, "n_horizon": 24, "n_control": 12}, "savings": {"old_energy_charge": -345832.2641551469, "new_energy_charge": -340463.13591483573, "energy_charge_savings": 5369.128240311169, "old_demand_charge": -145694.86663770286, "new_demand_charge": -111548.3933070584, "demand_charge_savings": 34146.473330644454, "retail_profits": 39515.60157095562, "battery_charge_cost": -21478.10591344822, "battery_discharge_revenues": 26847.234153759437, "battery_retail_profits": 5369.128240311216, "battery_export_revenue": 0.0, "total_profits": 39515.60157095567, "irr": 0.13412, "npv": 86193.968}}