{"key_params": {"location": "CA_Sandberg.723830_TMY3", "customer_type": "Apartment", "demand_charge": 20, "export_price": 0.0, "export_price_type": "None", "battery_size_kWh": 600, "battery_power_kW": 300.0, "min_soc": 0.05, "max_soc": 1.0, "one_way_efficiency": 0.92, "start_soc": 0.5, "n_horizon": 24, "n_control": 12}, "savings": {"old_energy_charge": -331754.36061491753, "new_energy_charge": -326469.37118386757, "energy_charge_savings": 5284.989431049966, "old_demand_charge": -141673.1343460165, "new_demand_charge": -109289.86012809948, "demand_charge_savings": 32383.27421791703, "retail_profits": 37668.263648967, "battery_charge_cost": -21510.783954342125, "battery_discharge_revenues": 26795.77338539222, "battery_retail_profits": 5284.989431050093, "battery_export_revenue": 0.0, "total_profits": 37668.26364896713, "irr": 0.12462, "npv": 74539.789}}