{"key_params": {"location": "CA_Blue.Canyon", "customer_type": "Office", "demand_charge": 20, "export_price": 0.0, "export_price_type": "None", "battery_size_kWh": 600, "battery_power_kW": 300.0, "min_soc": 0.05, "max_soc": 1.0, "one_way_efficiency": 0.92, "start_soc": 0.5, "n_horizon": 24, "n_control": 12}, "savings": {"old_energy_charge": -301538.33486111293, "new_energy_charge": -301049.6490974066, "energy_charge_savings": 488.68576370633673, "old_demand_charge": -148705.79638312853, "new_demand_charge": -128554.88812369751, "demand_charge_savings": 20150.908259431017, "retail_profits": 20639.594023137353, "battery_charge_cost": -23150.167822709383, "battery_discharge_revenues": 23638.85358641575, "battery_retail_profits": 488.68576370636583, "battery_export_revenue": 0.0, "total_profits": 20639.594023137382, "irr": 0.02818, "npv": -32964.559}}