{"key_params": {"location": "CA_Stockton.Metro", "customer_type": "Office", "demand_charge": 20, "export_price": 0.0, "export_price_type": "None", "battery_size_kWh": 600, "battery_power_kW": 300.0, "min_soc": 0.05, "max_soc": 1.0, "one_way_efficiency": 0.92, "start_soc": 0.5, "n_horizon": 24, "n_control": 12}, "savings": {"old_energy_charge": -509167.4583517402, "new_energy_charge": -508077.2329982479, "energy_charge_savings": 1090.2253534923075, "old_demand_charge": -262683.87827486225, "new_demand_charge": -231154.65366433273, "demand_charge_savings": 31529.22461052952, "retail_profits": 32619.449964021827, "battery_charge_cost": -23273.460495262232, "battery_discharge_revenues": 24363.68584875455, "battery_retail_profits": 1090.2253534923184, "battery_export_revenue": 0.0, "total_profits": 32619.44996402184, "irr": 0.09793, "npv": 42688.673}}