{"key_params": {"location": "CA_Carlsbad.722927_TMY3", "customer_type": "Restaurant", "demand_charge": 20, "export_price": 0.0, "export_price_type": "None", "battery_size_kWh": 600, "battery_power_kW": 300.0, "min_soc": 0.05, "max_soc": 1.0, "one_way_efficiency": 0.92, "start_soc": 0.5, "n_horizon": 24, "n_control": 12}, "savings": {"old_energy_charge": -460347.9818095728, "new_energy_charge": -459732.5154621563, "energy_charge_savings": 615.4663474164554, "old_demand_charge": -167473.74546542898, "new_demand_charge": -135558.04587003615, "demand_charge_savings": 31915.699595392827, "retail_profits": 32531.165942809283, "battery_charge_cost": -28481.710186006952, "battery_discharge_revenues": 29097.176533423375, "battery_retail_profits": 615.4663474164226, "battery_export_revenue": 0.0, "total_profits": 32531.16594280925, "irr": 0.09746, "npv": 42131.721}}