{"key_params": {"location": "CA_Mountain.View-Moffett.Field.NAS.745090_TMY3", "customer_type": "Restaurant", "demand_charge": 20, "export_price": 0.0, "export_price_type": "None", "battery_size_kWh": 600, "battery_power_kW": 300.0, "min_soc": 0.05, "max_soc": 1.0, "one_way_efficiency": 0.92, "start_soc": 0.5, "n_horizon": 24, "n_control": 12}, "savings": {"old_energy_charge": -436218.17236675083, "new_energy_charge": -436610.2599430329, "energy_charge_savings": -392.08757628209423, "old_demand_charge": -152280.0581474891, "new_demand_charge": -125320.8965081338, "demand_charge_savings": 26959.161639355298, "retail_profits": 26567.074063073203, "battery_charge_cost": -30901.205736198415, "battery_discharge_revenues": 30509.11815991634, "battery_retail_profits": -392.08757628207604, "battery_export_revenue": 0.0, "total_profits": 26567.07406307322, "irr": 0.06415, "npv": 4506.449}}