{"key_params": {"location": "CA_San.Diego-Montgomery.Field.722903_TMY3", "customer_type": "School", "demand_charge": 20, "export_price": 0.0, "export_price_type": "None", "battery_size_kWh": 600, "battery_power_kW": 300.0, "min_soc": 0.05, "max_soc": 1.0, "one_way_efficiency": 0.92, "start_soc": 0.5, "n_horizon": 24, "n_control": 12}, "savings": {"old_energy_charge": -582166.1111376141, "new_energy_charge": -579363.6486233032, "energy_charge_savings": 2802.462514310959, "old_demand_charge": -360124.2663573916, "new_demand_charge": -334806.7112441757, "demand_charge_savings": 25317.55511321593, "retail_profits": 28120.01762752689, "battery_charge_cost": -22418.885972976263, "battery_discharge_revenues": 25221.348487287145, "battery_retail_profits": 2802.4625143108824, "battery_export_revenue": 0.0, "total_profits": 28120.017627526813, "irr": 0.07305, "npv": 14303.401}}