{"key_params": {"location": "CA_Chino", "customer_type": "Hotel", "demand_charge": 20, "export_price": 0.0, "export_price_type": "None", "battery_size_kWh": 600, "battery_power_kW": 300.0, "min_soc": 0.05, "max_soc": 1.0, "one_way_efficiency": 0.92, "start_soc": 0.5, "n_horizon": 24, "n_control": 12}, "savings": {"old_energy_charge": -340618.6328334939, "new_energy_charge": -338490.8626021956, "energy_charge_savings": 2127.7702312982874, "old_demand_charge": -123837.92151490616, "new_demand_charge": -89241.2648042461, "demand_charge_savings": 34596.65671066007, "retail_profits": 36724.42694195836, "battery_charge_cost": -30038.58093502729, "battery_discharge_revenues": 32166.35116632558, "battery_retail_profits": 2127.770231298291, "battery_export_revenue": 0.0, "total_profits": 36724.42694195836, "irr": 0.11971, "npv": 68585.469}}