{"key_params": {"location": "CA_Los.Angeles.Intl", "customer_type": "Restaurant", "demand_charge": 20, "export_price": 0.0, "export_price_type": "None", "battery_size_kWh": 600, "battery_power_kW": 300.0, "min_soc": 0.05, "max_soc": 1.0, "one_way_efficiency": 0.92, "start_soc": 0.5, "n_horizon": 24, "n_control": 12}, "savings": {"old_energy_charge": -463693.30819729244, "new_energy_charge": -462730.30108017597, "energy_charge_savings": 963.0071171164745, "old_demand_charge": -169234.5647879412, "new_demand_charge": -135415.57236240478, "demand_charge_savings": 33818.99242553642, "retail_profits": 34781.99954265289, "battery_charge_cost": -28589.688795324102, "battery_discharge_revenues": 29552.695912440577, "battery_retail_profits": 963.0071171164745, "battery_export_revenue": 0.0, "total_profits": 34781.99954265289, "irr": 0.1095, "npv": 56331.406}}