{"key_params": {"location": "CA_Montague-Siskiyou.County", "customer_type": "Market", "demand_charge": 20, "export_price": 0.0, "export_price_type": "None", "battery_size_kWh": 600, "battery_power_kW": 300.0, "min_soc": 0.05, "max_soc": 1.0, "one_way_efficiency": 0.92, "start_soc": 0.5, "n_horizon": 24, "n_control": 12}, "savings": {"old_energy_charge": -406855.20365428156, "new_energy_charge": -405714.3541814411, "energy_charge_savings": 1140.8494728404912, "old_demand_charge": -161124.20266746162, "new_demand_charge": -139216.00721305044, "demand_charge_savings": 21908.19545441118, "retail_profits": 23049.04492725167, "battery_charge_cost": -23611.036499706817, "battery_discharge_revenues": 24751.885972547305, "battery_retail_profits": 1140.8494728404876, "battery_export_revenue": 0.0, "total_profits": 23049.044927251667, "irr": 0.04328, "npv": -17687.508}}