{"key_params": {"location": "CA_San.Diego-North.Island.NAS.722906_TMY3", "customer_type": "School", "demand_charge": 20, "export_price": 0.0, "export_price_type": "None", "battery_size_kWh": 600, "battery_power_kW": 300.0, "min_soc": 0.05, "max_soc": 1.0, "one_way_efficiency": 0.92, "start_soc": 0.5, "n_horizon": 24, "n_control": 12}, "savings": {"old_energy_charge": -581533.0537746532, "new_energy_charge": -578264.2161473713, "energy_charge_savings": 3268.8376272819005, "old_demand_charge": -352574.92730392725, "new_demand_charge": -324913.7078775584, "demand_charge_savings": 27661.21942636883, "retail_profits": 30930.05705365073, "battery_charge_cost": -22073.787723876918, "battery_discharge_revenues": 25342.62535115882, "battery_retail_profits": 3268.8376272819005, "battery_export_revenue": 0.0, "total_profits": 30930.05705365073, "irr": 0.08873, "npv": 32030.911}}