{"key_params": {"location": "CA_Carlsbad.722927_TMY3", "customer_type": "Office", "demand_charge": 20, "export_price": 0.0, "export_price_type": "None", "battery_size_kWh": 600, "battery_power_kW": 300.0, "min_soc": 0.05, "max_soc": 1.0, "one_way_efficiency": 0.92, "start_soc": 0.5, "n_horizon": 24, "n_control": 12}, "savings": {"old_energy_charge": -520612.83213871473, "new_energy_charge": -519406.391438216, "energy_charge_savings": 1206.4407004987588, "old_demand_charge": -259984.9576667049, "new_demand_charge": -235161.86029041753, "demand_charge_savings": 24823.097376287362, "retail_profits": 26029.53807678612, "battery_charge_cost": -23154.549992225584, "battery_discharge_revenues": 24360.990692724292, "battery_retail_profits": 1206.4407004987079, "battery_export_revenue": 0.0, "total_profits": 26029.53807678607, "irr": 0.06103, "npv": 1115.331}}