{"key_params": {"location": "CA_Bishop", "customer_type": "Hotel", "demand_charge": 20, "export_price": 0.0, "export_price_type": "None", "battery_size_kWh": 600, "battery_power_kW": 300.0, "min_soc": 0.05, "max_soc": 1.0, "one_way_efficiency": 0.92, "start_soc": 0.5, "n_horizon": 24, "n_control": 12}, "savings": {"old_energy_charge": -378230.13695892534, "new_energy_charge": -374218.3629708604, "energy_charge_savings": 4011.7739880649606, "old_demand_charge": -150095.64326333292, "new_demand_charge": -111948.4796171292, "demand_charge_savings": 38147.16364620373, "retail_profits": 42158.93763426869, "battery_charge_cost": -26086.868211244695, "battery_discharge_revenues": 30098.642199309623, "battery_retail_profits": 4011.773988064928, "battery_export_revenue": 0.0, "total_profits": 42158.93763426866, "irr": 0.14752, "npv": 102869.807}}