{"key_params": {"location": "CA_Palm.Springs-Thermal", "customer_type": "Office", "demand_charge": 20, "export_price": 0.0, "export_price_type": "None", "battery_size_kWh": 600, "battery_power_kW": 300.0, "min_soc": 0.05, "max_soc": 1.0, "one_way_efficiency": 0.92, "start_soc": 0.5, "n_horizon": 24, "n_control": 12}, "savings": {"old_energy_charge": -452413.32403531054, "new_energy_charge": -449849.39218279114, "energy_charge_savings": 2563.9318525193958, "old_demand_charge": -265386.1496599184, "new_demand_charge": -231578.1833029017, "demand_charge_savings": 33807.966357016674, "retail_profits": 36371.89820953607, "battery_charge_cost": -22807.809344760986, "battery_discharge_revenues": 25371.74119728038, "battery_retail_profits": 2563.931852519392, "battery_export_revenue": 0.0, "total_profits": 36371.89820953607, "irr": 0.11787, "npv": 66361.495}}