{"key_params": {"location": "CA_San.Jose.Intl", "customer_type": "Hospital", "demand_charge": 20, "export_price": 0.0, "export_price_type": "None", "battery_size_kWh": 600, "battery_power_kW": 300.0, "min_soc": 0.05, "max_soc": 1.0, "one_way_efficiency": 0.92, "start_soc": 0.5, "n_horizon": 24, "n_control": 12}, "savings": {"old_energy_charge": -246120.36873466749, "new_energy_charge": -246270.91528546056, "energy_charge_savings": -150.5465507930785, "old_demand_charge": -81215.40962431006, "new_demand_charge": -69956.3713166565, "demand_charge_savings": 11259.038307653565, "retail_profits": 11108.491756860487, "battery_charge_cost": -19430.655312948635, "battery_discharge_revenues": 19280.10876215556, "battery_retail_profits": -150.54655079307486, "battery_export_revenue": 0.0, "total_profits": 11108.49175686049, "irr": -0.05334, "npv": -100874.625}}