{"key_params": {"location": "CA_San.Diego-Montgomery.Field.722903_TMY3", "customer_type": "Office", "demand_charge": 20, "export_price": 0.0, "export_price_type": "None", "battery_size_kWh": 600, "battery_power_kW": 300.0, "min_soc": 0.05, "max_soc": 1.0, "one_way_efficiency": 0.92, "start_soc": 0.5, "n_horizon": 24, "n_control": 12}, "savings": {"old_energy_charge": -381898.79826150974, "new_energy_charge": -380117.54224743875, "energy_charge_savings": 1781.2560140709975, "old_demand_charge": -206830.63176461804, "new_demand_charge": -179257.75217079435, "demand_charge_savings": 27572.879593823687, "retail_profits": 29354.135607894685, "battery_charge_cost": -23430.27354359925, "battery_discharge_revenues": 25211.529557670332, "battery_retail_profits": 1781.2560140710812, "battery_export_revenue": 0.0, "total_profits": 29354.13560789477, "irr": 0.08, "npv": 22089.0}}