{"key_params": {"location": "CA_Twentynine.Palms.690150_TMY3", "customer_type": "Office", "demand_charge": 20, "export_price": 0.0, "export_price_type": "None", "battery_size_kWh": 600, "battery_power_kW": 300.0, "min_soc": 0.05, "max_soc": 1.0, "one_way_efficiency": 0.92, "start_soc": 0.5, "n_horizon": 24, "n_control": 12}, "savings": {"old_energy_charge": -499531.0093095976, "new_energy_charge": -498335.60974545404, "energy_charge_savings": 1195.3995641435613, "old_demand_charge": -250299.09864968198, "new_demand_charge": -218991.16602091028, "demand_charge_savings": 31307.932628771698, "retail_profits": 32503.33219291526, "battery_charge_cost": -23231.725166736767, "battery_discharge_revenues": 24427.12473088028, "battery_retail_profits": 1195.399564143514, "battery_export_revenue": 0.0, "total_profits": 32503.33219291521, "irr": 0.09731, "npv": 41956.128}}