{"key_params": {"location": "CA_Santa.Maria.Public", "customer_type": "Restaurant", "demand_charge": 20, "export_price": 0.0, "export_price_type": "None", "battery_size_kWh": 600, "battery_power_kW": 300.0, "min_soc": 0.05, "max_soc": 1.0, "one_way_efficiency": 0.92, "start_soc": 0.5, "n_horizon": 24, "n_control": 12}, "savings": {"old_energy_charge": -433667.0328483766, "new_energy_charge": -434740.2517000497, "energy_charge_savings": -1073.2188516730675, "old_demand_charge": -151821.32054593024, "new_demand_charge": -122586.4954314499, "demand_charge_savings": 29234.825114480336, "retail_profits": 28161.60626280727, "battery_charge_cost": -31928.924846030463, "battery_discharge_revenues": 30855.705994357377, "battery_retail_profits": -1073.2188516730857, "battery_export_revenue": 0.0, "total_profits": 28161.60626280725, "irr": 0.07328, "npv": 14565.769}}