{"key_params": {"location": "CA_Oakland.Intl", "customer_type": "Restaurant", "demand_charge": 20, "export_price": 0.0, "export_price_type": "None", "battery_size_kWh": 600, "battery_power_kW": 300.0, "min_soc": 0.05, "max_soc": 1.0, "one_way_efficiency": 0.92, "start_soc": 0.5, "n_horizon": 24, "n_control": 12}, "savings": {"old_energy_charge": -431797.9307199463, "new_energy_charge": -431953.46920535556, "energy_charge_savings": -155.53848540928448, "old_demand_charge": -150931.78318988724, "new_demand_charge": -123675.11205493432, "demand_charge_savings": 27256.67113495292, "retail_profits": 27101.132649543637, "battery_charge_cost": -30295.767093756473, "battery_discharge_revenues": 30140.228608347206, "battery_retail_profits": -155.5384854092663, "battery_export_revenue": 0.0, "total_profits": 27101.132649543655, "irr": 0.06723, "npv": 7875.629}}