{"key_params": {"location": "CA_Barstow.Daggett", "customer_type": "Restaurant", "demand_charge": 20, "export_price": 0.0, "export_price_type": "None", "battery_size_kWh": 600, "battery_power_kW": 300.0, "min_soc": 0.05, "max_soc": 1.0, "one_way_efficiency": 0.92, "start_soc": 0.5, "n_horizon": 24, "n_control": 12}, "savings": {"old_energy_charge": -525116.9406369933, "new_energy_charge": -522922.6155991377, "energy_charge_savings": 2194.3250378555967, "old_demand_charge": -194456.66210966423, "new_demand_charge": -163957.4335812847, "demand_charge_savings": 30499.22852837952, "retail_profits": 32693.553566235118, "battery_charge_cost": -25546.594103524738, "battery_discharge_revenues": 27740.91914138032, "battery_retail_profits": 2194.325037855582, "battery_export_revenue": 0.0, "total_profits": 32693.553566235103, "irr": 0.09833, "npv": 43156.165}}