{"key_params": {"location": "CA_San.Diego-Miramar.NAS.722930_TMY3", "customer_type": "Restaurant", "demand_charge": 20, "export_price": 0.0, "export_price_type": "None", "battery_size_kWh": 600, "battery_power_kW": 300.0, "min_soc": 0.05, "max_soc": 1.0, "one_way_efficiency": 0.92, "start_soc": 0.5, "n_horizon": 24, "n_control": 12}, "savings": {"old_energy_charge": -440278.6702548114, "new_energy_charge": -440541.7835276861, "energy_charge_savings": -263.1132728746743, "old_demand_charge": -158679.675754957, "new_demand_charge": -128609.3946298732, "demand_charge_savings": 30070.281125083784, "retail_profits": 29807.16785220911, "battery_charge_cost": -30962.312285809454, "battery_discharge_revenues": 30699.199012934798, "battery_retail_profits": -263.1132728746561, "battery_export_revenue": 0.0, "total_profits": 29807.167852209128, "irr": 0.08252, "npv": 24947.014}}