{"key_params": {"location": "CA_Bakersfield-Meadows.Field.723840_TMY3", "customer_type": "Office", "demand_charge": 20, "export_price": 0.0, "export_price_type": "None", "battery_size_kWh": 600, "battery_power_kW": 300.0, "min_soc": 0.05, "max_soc": 1.0, "one_way_efficiency": 0.92, "start_soc": 0.5, "n_horizon": 24, "n_control": 12}, "savings": {"old_energy_charge": -518098.4060754562, "new_energy_charge": -516903.09930544574, "energy_charge_savings": 1195.3067700104439, "old_demand_charge": -258407.9685612423, "new_demand_charge": -228107.49420633534, "demand_charge_savings": 30300.474354906968, "retail_profits": 31495.781124917412, "battery_charge_cost": -23016.824291872832, "battery_discharge_revenues": 24212.131061883283, "battery_retail_profits": 1195.3067700104511, "battery_export_revenue": 0.0, "total_profits": 31495.78112491742, "irr": 0.09183, "npv": 35599.857}}