{"key_params": {"location": "CA_San.Luis.Obispo", "customer_type": "Office", "demand_charge": 20, "export_price": 0.0, "export_price_type": "None", "battery_size_kWh": 600, "battery_power_kW": 300.0, "min_soc": 0.05, "max_soc": 1.0, "one_way_efficiency": 0.92, "start_soc": 0.5, "n_horizon": 24, "n_control": 12}, "savings": {"old_energy_charge": -502660.81295207323, "new_energy_charge": -501678.24708176247, "energy_charge_savings": 982.565870310762, "old_demand_charge": -256442.94075478014, "new_demand_charge": -231618.44376493918, "demand_charge_savings": 24824.49698984096, "retail_profits": 25807.062860151724, "battery_charge_cost": -23087.155883037944, "battery_discharge_revenues": 24069.721753348727, "battery_retail_profits": 982.5658703107838, "battery_export_revenue": 0.0, "total_profits": 25807.062860151746, "irr": 0.05973, "npv": -288.183}}