{"key_params": {"location": "CA_Truckee.Tahoe", "customer_type": "Hotel", "demand_charge": 20, "export_price": 0.0, "export_price_type": "None", "battery_size_kWh": 600, "battery_power_kW": 300.0, "min_soc": 0.05, "max_soc": 1.0, "one_way_efficiency": 0.92, "start_soc": 0.5, "n_horizon": 24, "n_control": 12}, "savings": {"old_energy_charge": -356397.0299923469, "new_energy_charge": -352669.4243623836, "energy_charge_savings": 3727.6056299632764, "old_demand_charge": -146669.02823651023, "new_demand_charge": -105854.87603475284, "demand_charge_savings": 40814.15220175739, "retail_profits": 44541.757831720664, "battery_charge_cost": -27737.16938288191, "battery_discharge_revenues": 31464.77501284521, "battery_retail_profits": 3727.6056299632983, "battery_export_revenue": 0.0, "total_profits": 44541.757831720686, "irr": 0.15942, "npv": 117902.147}}