{"key_params": {"location": "CA_San.Francisco.Intl", "customer_type": "School", "demand_charge": 20, "export_price": 0.0, "export_price_type": "None", "battery_size_kWh": 600, "battery_power_kW": 300.0, "min_soc": 0.05, "max_soc": 1.0, "one_way_efficiency": 0.92, "start_soc": 0.5, "n_horizon": 24, "n_control": 12}, "savings": {"old_energy_charge": -515341.68797076546, "new_energy_charge": -511206.3578825274, "energy_charge_savings": 4135.330088238057, "old_demand_charge": -366583.7396026803, "new_demand_charge": -329485.10666699917, "demand_charge_savings": 37098.63293568115, "retail_profits": 41233.963023919205, "battery_charge_cost": -21887.47735283732, "battery_discharge_revenues": 26022.807441075354, "battery_retail_profits": 4135.330088238035, "battery_export_revenue": 0.0, "total_profits": 41233.96302391918, "irr": 0.14286, "npv": 97034.481}}