{"key_params": {"location": "CA_Beale.AFB.724837_TMY3", "customer_type": "School", "demand_charge": 20, "export_price": 0.0, "export_price_type": "None", "battery_size_kWh": 600, "battery_power_kW": 300.0, "min_soc": 0.05, "max_soc": 1.0, "one_way_efficiency": 0.92, "start_soc": 0.5, "n_horizon": 24, "n_control": 12}, "savings": {"old_energy_charge": -627633.1129460188, "new_energy_charge": -624325.2050638142, "energy_charge_savings": 3307.9078822046285, "old_demand_charge": -385864.786812162, "new_demand_charge": -346067.72403905366, "demand_charge_savings": 39797.062773108366, "retail_profits": 43104.970655312994, "battery_charge_cost": -21968.758852570212, "battery_discharge_revenues": 25276.66673477482, "battery_retail_profits": 3307.9078822046067, "battery_export_revenue": 0.0, "total_profits": 43104.97065531297, "irr": 0.15226, "npv": 108837.983}}