{"key_params": {"location": "CA_Arcata", "customer_type": "Apartment", "demand_charge": 20, "export_price": 0.0, "export_price_type": "None", "battery_size_kWh": 600, "battery_power_kW": 300.0, "min_soc": 0.05, "max_soc": 1.0, "one_way_efficiency": 0.92, "start_soc": 0.5, "n_horizon": 24, "n_control": 12}, "savings": {"old_energy_charge": -315993.1030492557, "new_energy_charge": -310649.1076650317, "energy_charge_savings": 5343.995384223992, "old_demand_charge": -133063.25119060423, "new_demand_charge": -98593.56764930076, "demand_charge_savings": 34469.68354130347, "retail_profits": 39813.67892552746, "battery_charge_cost": -21485.66233694966, "battery_discharge_revenues": 26829.657721173637, "battery_retail_profits": 5343.995384223977, "battery_export_revenue": 0.0, "total_profits": 39813.67892552745, "irr": 0.13564, "npv": 88074.429}}