{"key_params": {"location": "CA_Redding.Muni", "customer_type": "Hotel", "demand_charge": 20, "export_price": 0.0, "export_price_type": "None", "battery_size_kWh": 600, "battery_power_kW": 300.0, "min_soc": 0.05, "max_soc": 1.0, "one_way_efficiency": 0.92, "start_soc": 0.5, "n_horizon": 24, "n_control": 12}, "savings": {"old_energy_charge": -377405.90856616356, "new_energy_charge": -373244.81379184854, "energy_charge_savings": 4161.094774315017, "old_demand_charge": -151651.84658816518, "new_demand_charge": -114492.70749206831, "demand_charge_savings": 37159.13909609687, "retail_profits": 41320.23387041189, "battery_charge_cost": -25543.50165630432, "battery_discharge_revenues": 29704.59643061933, "battery_retail_profits": 4161.09477431501, "battery_export_revenue": 0.0, "total_profits": 41320.23387041188, "irr": 0.14329, "npv": 97578.732}}