{"key_params": {"location": "CA_San.Luis.Obispo", "customer_type": "School", "demand_charge": 20, "export_price": 0.0, "export_price_type": "None", "battery_size_kWh": 600, "battery_power_kW": 300.0, "min_soc": 0.05, "max_soc": 1.0, "one_way_efficiency": 0.92, "start_soc": 0.5, "n_horizon": 24, "n_control": 12}, "savings": {"old_energy_charge": -561571.7240584306, "new_energy_charge": -558861.5943694367, "energy_charge_savings": 2710.1296889939113, "old_demand_charge": -397782.9496307951, "new_demand_charge": -366741.35110113566, "demand_charge_savings": 31041.598529659444, "retail_profits": 33751.728218653356, "battery_charge_cost": -22696.41364245467, "battery_discharge_revenues": 25406.543331448604, "battery_retail_profits": 2710.129688993933, "battery_export_revenue": 0.0, "total_profits": 33751.72821865338, "irr": 0.10402, "npv": 49831.801}}