{"key_params": {"location": "CA_Blythe-Riverside.County", "customer_type": "Restaurant", "demand_charge": 20, "export_price": 0.0, "export_price_type": "None", "battery_size_kWh": 600, "battery_power_kW": 300.0, "min_soc": 0.05, "max_soc": 1.0, "one_way_efficiency": 0.92, "start_soc": 0.5, "n_horizon": 24, "n_control": 12}, "savings": {"old_energy_charge": -557411.0298352358, "new_energy_charge": -555354.5044236173, "energy_charge_savings": 2056.5254116185242, "old_demand_charge": -204176.84810498863, "new_demand_charge": -174751.1242732838, "demand_charge_savings": 29425.723831704818, "retail_profits": 31482.249243323342, "battery_charge_cost": -25507.081963475826, "battery_discharge_revenues": 27563.607375094405, "battery_retail_profits": 2056.525411618579, "battery_export_revenue": 0.0, "total_profits": 31482.249243323397, "irr": 0.09175, "npv": 35514.49}}