{"key_params": {"location": "CA_Point.Mugu.NAS.723910_TMY3", "customer_type": "School", "demand_charge": 20, "export_price": 0.0, "export_price_type": "None", "battery_size_kWh": 600, "battery_power_kW": 300.0, "min_soc": 0.05, "max_soc": 1.0, "one_way_efficiency": 0.92, "start_soc": 0.5, "n_horizon": 24, "n_control": 12}, "savings": {"old_energy_charge": -585050.4194422783, "new_energy_charge": -582844.751780517, "energy_charge_savings": 2205.667661761283, "old_demand_charge": -369179.72865124675, "new_demand_charge": -341211.5327475142, "demand_charge_savings": 27968.195903732558, "retail_profits": 30173.86356549384, "battery_charge_cost": -22714.907111412565, "battery_discharge_revenues": 24920.574773173914, "battery_retail_profits": 2205.6676617613484, "battery_export_revenue": 0.0, "total_profits": 30173.863565493906, "irr": 0.08456, "npv": 27260.363}}