{"key_params": {"location": "CA_Salinas.Muni", "customer_type": "Restaurant", "demand_charge": 20, "export_price": 0.0, "export_price_type": "None", "battery_size_kWh": 600, "battery_power_kW": 300.0, "min_soc": 0.05, "max_soc": 1.0, "one_way_efficiency": 0.92, "start_soc": 0.5, "n_horizon": 24, "n_control": 12}, "savings": {"old_energy_charge": -454002.9622340933, "new_energy_charge": -453611.6078304426, "energy_charge_savings": 391.35440365067916, "old_demand_charge": -167840.074144741, "new_demand_charge": -134128.97167387677, "demand_charge_savings": 33711.10247086422, "retail_profits": 34102.4568745149, "battery_charge_cost": -28515.444407647617, "battery_discharge_revenues": 28906.79881129825, "battery_retail_profits": 391.35440365063187, "battery_export_revenue": 0.0, "total_profits": 34102.45687451486, "irr": 0.10589, "npv": 52044.42}}