{"key_params": {"location": "CA_San.Diego-Lindbergh.Field.722900_TMY3", "customer_type": "Market", "demand_charge": 20, "export_price": 0.0, "export_price_type": "None", "battery_size_kWh": 600, "battery_power_kW": 300.0, "min_soc": 0.05, "max_soc": 1.0, "one_way_efficiency": 0.92, "start_soc": 0.5, "n_horizon": 24, "n_control": 12}, "savings": {"old_energy_charge": -355634.0663292222, "new_energy_charge": -355981.56446160254, "energy_charge_savings": -347.49813238036586, "old_demand_charge": -132545.42453359047, "new_demand_charge": -112842.84509140765, "demand_charge_savings": 19702.579442182818, "retail_profits": 19355.081309802452, "battery_charge_cost": -23757.801179380993, "battery_discharge_revenues": 23410.303047000707, "battery_retail_profits": -347.4981323802858, "battery_export_revenue": 0.0, "total_profits": 19355.081309802532, "irr": 0.01966, "npv": -41243.628}}