{"key_params": {"location": "CA_Paso.Robles.Muni", "customer_type": "Office", "demand_charge": 20, "export_price": 0.0, "export_price_type": "None", "battery_size_kWh": 600, "battery_power_kW": 300.0, "min_soc": 0.05, "max_soc": 1.0, "one_way_efficiency": 0.92, "start_soc": 0.5, "n_horizon": 24, "n_control": 12}, "savings": {"old_energy_charge": -420712.146310122, "new_energy_charge": -417365.1657803595, "energy_charge_savings": 3346.9805297625135, "old_demand_charge": -275219.8196655566, "new_demand_charge": -224098.859943758, "demand_charge_savings": 51120.9597217986, "retail_profits": 54467.940251561115, "battery_charge_cost": -23340.075254458818, "battery_discharge_revenues": 26687.055784221327, "battery_retail_profits": 3346.98052976251, "battery_export_revenue": 0.0, "total_profits": 54467.940251561115, "irr": 0.20757, "npv": 180522.798}}