{"key_params": {"location": "CA_Paso.Robles.Muni", "customer_type": "Hotel", "demand_charge": 20, "export_price": 0.0, "export_price_type": "None", "battery_size_kWh": 600, "battery_power_kW": 300.0, "min_soc": 0.05, "max_soc": 1.0, "one_way_efficiency": 0.92, "start_soc": 0.5, "n_horizon": 24, "n_control": 12}, "savings": {"old_energy_charge": -390007.23597391933, "new_energy_charge": -385707.7816491543, "energy_charge_savings": 4299.4543247650145, "old_demand_charge": -156838.73155875911, "new_demand_charge": -120922.92182891928, "demand_charge_savings": 35915.809729839835, "retail_profits": 40215.26405460485, "battery_charge_cost": -24686.267292657616, "battery_discharge_revenues": 28985.721617422572, "battery_retail_profits": 4299.454324764956, "battery_export_revenue": 0.0, "total_profits": 40215.26405460479, "irr": 0.13769, "npv": 90607.882}}