{"key_params": {"location": "CA_Fullerton.Muni", "customer_type": "Office", "demand_charge": 20, "export_price": 0.0, "export_price_type": "None", "battery_size_kWh": 600, "battery_power_kW": 300.0, "min_soc": 0.05, "max_soc": 1.0, "one_way_efficiency": 0.92, "start_soc": 0.5, "n_horizon": 24, "n_control": 12}, "savings": {"old_energy_charge": -311287.9820685074, "new_energy_charge": -310006.4992005147, "energy_charge_savings": 1281.482867992716, "old_demand_charge": -160078.40291548707, "new_demand_charge": -136804.89625444426, "demand_charge_savings": 23273.506661042804, "retail_profits": 24554.98952903552, "battery_charge_cost": -23212.949418815162, "battery_discharge_revenues": 24494.432286807838, "battery_retail_profits": 1281.482867992676, "battery_export_revenue": 0.0, "total_profits": 24554.98952903548, "irr": 0.05235, "npv": -8187.055}}