{"key_params": {"location": "CA_Long.Beach-Daugherty.Field.722970_TMY3", "customer_type": "Market", "demand_charge": 20, "export_price": 0.0, "export_price_type": "None", "battery_size_kWh": 600, "battery_power_kW": 300.0, "min_soc": 0.05, "max_soc": 1.0, "one_way_efficiency": 0.92, "start_soc": 0.5, "n_horizon": 24, "n_control": 12}, "savings": {"old_energy_charge": -363081.1350578016, "new_energy_charge": -363104.0444345974, "energy_charge_savings": -22.909376795811113, "old_demand_charge": -139282.57307980652, "new_demand_charge": -118398.14928435563, "demand_charge_savings": 20884.423795450886, "retail_profits": 20861.514418655075, "battery_charge_cost": -23756.55409299778, "battery_discharge_revenues": 23733.64471620201, "battery_retail_profits": -22.909376795771095, "battery_export_revenue": 0.0, "total_profits": 20861.514418655115, "irr": 0.02962, "npv": -31540.692}}