{"key_params": {"location": "CA_Twentynine.Palms.690150_TMY3", "customer_type": "Office", "demand_charge": 20, "export_price": 0.0, "export_price_type": "None", "battery_size_kWh": 600, "battery_power_kW": 300.0, "min_soc": 0.05, "max_soc": 1.0, "one_way_efficiency": 0.92, "start_soc": 0.5, "n_horizon": 24, "n_control": 12}, "savings": {"old_energy_charge": -435497.50666504825, "new_energy_charge": -433569.965970563, "energy_charge_savings": 1927.5406944852439, "old_demand_charge": -259193.38846338986, "new_demand_charge": -221283.20664509255, "demand_charge_savings": 37910.18181829731, "retail_profits": 39837.72251278255, "battery_charge_cost": -23310.73610747466, "battery_discharge_revenues": 25238.27680195982, "battery_retail_profits": 1927.5406944851602, "battery_export_revenue": 0.0, "total_profits": 39837.722512782464, "irr": 0.13577, "npv": 88226.111}}