{"key_params": {"location": "CA_Paso.Robles.Muni", "customer_type": "Apartment", "demand_charge": 20, "export_price": 0.0, "export_price_type": "None", "battery_size_kWh": 600, "battery_power_kW": 300.0, "min_soc": 0.05, "max_soc": 1.0, "one_way_efficiency": 0.92, "start_soc": 0.5, "n_horizon": 24, "n_control": 12}, "savings": {"old_energy_charge": -364848.0781418959, "new_energy_charge": -359514.8709430043, "energy_charge_savings": 5333.207198891556, "old_demand_charge": -166603.6118758312, "new_demand_charge": -132271.2573357396, "demand_charge_savings": 34332.35454009162, "retail_profits": 39665.561738983175, "battery_charge_cost": -21460.38637538265, "battery_discharge_revenues": 26793.59357427422, "battery_retail_profits": 5333.207198891567, "battery_export_revenue": 0.0, "total_profits": 39665.56173898319, "irr": 0.13489, "npv": 87140.012}}