{"key_params": {"location": "CA_Sandberg.723830_TMY3", "customer_type": "School", "demand_charge": 20, "export_price": 0.0, "export_price_type": "None", "battery_size_kWh": 600, "battery_power_kW": 300.0, "min_soc": 0.05, "max_soc": 1.0, "one_way_efficiency": 0.92, "start_soc": 0.5, "n_horizon": 24, "n_control": 12}, "savings": {"old_energy_charge": -348187.8057093208, "new_energy_charge": -347038.46358602156, "energy_charge_savings": 1149.342123299255, "old_demand_charge": -202154.07974360476, "new_demand_charge": -175185.94376021042, "demand_charge_savings": 26968.135983394342, "retail_profits": 28117.478106693598, "battery_charge_cost": -23008.04895435683, "battery_discharge_revenues": 24157.39107765615, "battery_retail_profits": 1149.3421232993205, "battery_export_revenue": 0.0, "total_profits": 28117.478106693663, "irr": 0.07303, "npv": 14287.381}}