{"key_params": {"location": "CA_Hawthorne-Jack.Northrop.Field.722956_TMY3", "customer_type": "Restaurant", "demand_charge": 20, "export_price": 0.0, "export_price_type": "None", "battery_size_kWh": 600, "battery_power_kW": 300.0, "min_soc": 0.05, "max_soc": 1.0, "one_way_efficiency": 0.92, "start_soc": 0.5, "n_horizon": 24, "n_control": 12}, "savings": {"old_energy_charge": -434757.5808955277, "new_energy_charge": -435238.49242626555, "energy_charge_savings": -480.91153073788155, "old_demand_charge": -152250.25754626328, "new_demand_charge": -125217.38814165103, "demand_charge_savings": 27032.869404612255, "retail_profits": 26551.957873874373, "battery_charge_cost": -31457.79301106752, "battery_discharge_revenues": 30976.88148032962, "battery_retail_profits": -480.91153073789974, "battery_export_revenue": 0.0, "total_profits": 26551.957873874355, "irr": 0.06407, "npv": 4411.087}}