{"key_params": {"location": "CA_Fairfield-Travis.AFB.745160_TMY3", "customer_type": "Office", "demand_charge": 20, "export_price": 0.0, "export_price_type": "None", "battery_size_kWh": 600, "battery_power_kW": 300.0, "min_soc": 0.05, "max_soc": 1.0, "one_way_efficiency": 0.92, "start_soc": 0.5, "n_horizon": 24, "n_control": 12}, "savings": {"old_energy_charge": -401382.8905423052, "new_energy_charge": -399290.4299710293, "energy_charge_savings": 2092.4605712759076, "old_demand_charge": -248451.67431449282, "new_demand_charge": -207389.4870452263, "demand_charge_savings": 41062.18726926652, "retail_profits": 43154.64784054243, "battery_charge_cost": -23587.125150385058, "battery_discharge_revenues": 25679.58572166098, "battery_retail_profits": 2092.460571275922, "battery_export_revenue": 0.0, "total_profits": 43154.64784054244, "irr": 0.15251, "npv": 109151.378}}