{"key_params": {"location": "CA_Bishop", "customer_type": "Restaurant", "demand_charge": 20, "export_price": 0.0, "export_price_type": "None", "battery_size_kWh": 600, "battery_power_kW": 300.0, "min_soc": 0.05, "max_soc": 1.0, "one_way_efficiency": 0.92, "start_soc": 0.5, "n_horizon": 24, "n_control": 12}, "savings": {"old_energy_charge": -464018.0018004943, "new_energy_charge": -463879.68166333134, "energy_charge_savings": 138.32013716298388, "old_demand_charge": -163420.4923672889, "new_demand_charge": -136833.9749574548, "demand_charge_savings": 26586.51740983411, "retail_profits": 26724.837546997092, "battery_charge_cost": -28975.481733851615, "battery_discharge_revenues": 29113.801871014624, "battery_retail_profits": 138.32013716300935, "battery_export_revenue": 0.0, "total_profits": 26724.837546997118, "irr": 0.06506, "npv": 5501.721}}