{"key_params": {"location": "CA_Palm.Springs-Thermal", "customer_type": "Apartment", "demand_charge": 20, "export_price": 0.0, "export_price_type": "None", "battery_size_kWh": 600, "battery_power_kW": 300.0, "min_soc": 0.05, "max_soc": 1.0, "one_way_efficiency": 0.92, "start_soc": 0.5, "n_horizon": 24, "n_control": 12}, "savings": {"old_energy_charge": -332306.32035473554, "new_energy_charge": -327420.90598150983, "energy_charge_savings": 4885.414373225707, "old_demand_charge": -132696.89184533755, "new_demand_charge": -102450.64862197213, "demand_charge_savings": 30246.243223365425, "retail_profits": 35131.65759659113, "battery_charge_cost": -21835.53767976083, "battery_discharge_revenues": 26720.95205298653, "battery_retail_profits": 4885.4143732257, "battery_export_revenue": 0.0, "total_profits": 35131.657596591125, "irr": 0.11135, "npv": 58537.271}}