{"key_params": {"location": "CA_Ukiah.Muni", "customer_type": "Apartment", "demand_charge": 20, "export_price": 0.0, "export_price_type": "None", "battery_size_kWh": 600, "battery_power_kW": 300.0, "min_soc": 0.05, "max_soc": 1.0, "one_way_efficiency": 0.92, "start_soc": 0.5, "n_horizon": 24, "n_control": 12}, "savings": {"old_energy_charge": -356491.5382548862, "new_energy_charge": -351194.4046037569, "energy_charge_savings": 5297.133651129319, "old_demand_charge": -163758.59357814546, "new_demand_charge": -130087.82860659309, "demand_charge_savings": 33670.76497155237, "retail_profits": 38967.89862268169, "battery_charge_cost": -21478.424962790126, "battery_discharge_revenues": 26775.558613919336, "battery_retail_profits": 5297.13365112921, "battery_export_revenue": 0.0, "total_profits": 38967.89862268158, "irr": 0.13132, "npv": 82738.711}}