{"key_params": {"location": "CA_Sacramento.Metro", "customer_type": "Restaurant", "demand_charge": 20, "export_price": 0.0, "export_price_type": "None", "battery_size_kWh": 600, "battery_power_kW": 300.0, "min_soc": 0.05, "max_soc": 1.0, "one_way_efficiency": 0.92, "start_soc": 0.5, "n_horizon": 24, "n_control": 12}, "savings": {"old_energy_charge": -489313.2550734303, "new_energy_charge": -487856.92960818025, "energy_charge_savings": 1456.3254652500618, "old_demand_charge": -190089.1481384847, "new_demand_charge": -157984.3806624969, "demand_charge_savings": 32104.767475987814, "retail_profits": 33561.092941237875, "battery_charge_cost": -26441.851097870116, "battery_discharge_revenues": 27898.176563120083, "battery_retail_profits": 1456.3254652499672, "battery_export_revenue": 0.0, "total_profits": 33561.09294123778, "irr": 0.103, "npv": 48629.153}}