{"key_params": {"location": "CA_Montague-Siskiyou.County", "customer_type": "Office", "demand_charge": 20, "export_price": 0.0, "export_price_type": "None", "battery_size_kWh": 600, "battery_power_kW": 300.0, "min_soc": 0.05, "max_soc": 1.0, "one_way_efficiency": 0.92, "start_soc": 0.5, "n_horizon": 24, "n_control": 12}, "savings": {"old_energy_charge": -400742.82691815204, "new_energy_charge": -397531.5164596893, "energy_charge_savings": 3211.3104584627436, "old_demand_charge": -255576.5746657415, "new_demand_charge": -204630.08195788314, "demand_charge_savings": 50946.49270785836, "retail_profits": 54157.8031663211, "battery_charge_cost": -23814.63794268255, "battery_discharge_revenues": 27025.948401145357, "battery_retail_profits": 3211.3104584628054, "battery_export_revenue": 0.0, "total_profits": 54157.80316632116, "irr": 0.2061, "npv": 178566.256}}