{"key_params": {"location": "CA_Concord-Buchanan.Field.724936_TMY3", "customer_type": "School", "demand_charge": 20, "export_price": 0.0, "export_price_type": "None", "battery_size_kWh": 600, "battery_power_kW": 300.0, "min_soc": 0.05, "max_soc": 1.0, "one_way_efficiency": 0.92, "start_soc": 0.5, "n_horizon": 24, "n_control": 12}, "savings": {"old_energy_charge": -348568.4111447095, "new_energy_charge": -345873.56839377334, "energy_charge_savings": 2694.8427509361645, "old_demand_charge": -218250.14796034375, "new_demand_charge": -184921.8852933854, "demand_charge_savings": 33328.262666958355, "retail_profits": 36023.10541789452, "battery_charge_cost": -22412.765233407023, "battery_discharge_revenues": 25107.607984343245, "battery_retail_profits": 2694.8427509362227, "battery_export_revenue": 0.0, "total_profits": 36023.10541789458, "irr": 0.11604, "npv": 64161.089}}