{"key_params": {"location": "CA_Truckee.Tahoe", "customer_type": "School", "demand_charge": 20, "export_price": 0.0, "export_price_type": "None", "battery_size_kWh": 600, "battery_power_kW": 300.0, "min_soc": 0.05, "max_soc": 1.0, "one_way_efficiency": 0.92, "start_soc": 0.5, "n_horizon": 24, "n_control": 12}, "savings": {"old_energy_charge": -330890.234438178, "new_energy_charge": -329976.77263008285, "energy_charge_savings": 913.4618080951623, "old_demand_charge": -178492.01241243133, "new_demand_charge": -151698.78820159036, "demand_charge_savings": 26793.22421084097, "retail_profits": 27706.686018936132, "battery_charge_cost": -22835.999948028664, "battery_discharge_revenues": 23749.461756123863, "battery_retail_profits": 913.4618080951986, "battery_export_revenue": 0.0, "total_profits": 27706.68601893617, "irr": 0.0707, "npv": 11695.844}}