{"key_params": {"location": "CA_Camarillo.AWOS.723926_TMY3", "customer_type": "Apartment", "demand_charge": 20, "export_price": 0.0, "export_price_type": "None", "battery_size_kWh": 600, "battery_power_kW": 300.0, "min_soc": 0.05, "max_soc": 1.0, "one_way_efficiency": 0.92, "start_soc": 0.5, "n_horizon": 24, "n_control": 12}, "savings": {"old_energy_charge": -352321.5622344391, "new_energy_charge": -346966.1952849439, "energy_charge_savings": 5355.366949495161, "old_demand_charge": -151861.25574597664, "new_demand_charge": -118740.88750110882, "demand_charge_savings": 33120.368244867816, "retail_profits": 38475.73519436298, "battery_charge_cost": -21494.879825426728, "battery_discharge_revenues": 26850.24677492191, "battery_retail_profits": 5355.366949495183, "battery_export_revenue": 0.0, "total_profits": 38475.735194363, "irr": 0.12879, "npv": 79633.832}}