{"key_params": {"location": "CA_Long.Beach-Daugherty.Field.722970_TMY3", "customer_type": "Restaurant", "demand_charge": 20, "export_price": 0.0, "export_price_type": "None", "battery_size_kWh": 600, "battery_power_kW": 300.0, "min_soc": 0.05, "max_soc": 1.0, "one_way_efficiency": 0.92, "start_soc": 0.5, "n_horizon": 24, "n_control": 12}, "savings": {"old_energy_charge": -473964.27279426664, "new_energy_charge": -471853.53961393714, "energy_charge_savings": 2110.7331803294946, "old_demand_charge": -179854.67923218122, "new_demand_charge": -147556.27811327355, "demand_charge_savings": 32298.40111890767, "retail_profits": 34409.134299237165, "battery_charge_cost": -25928.469487477818, "battery_discharge_revenues": 28039.202667807247, "battery_retail_profits": 2110.733180329429, "battery_export_revenue": 0.0, "total_profits": 34409.1342992371, "irr": 0.10752, "npv": 53979.136}}