{"key_params": {"location": "CA_San.Diego-Lindbergh.Field.722900_TMY3", "customer_type": "Office", "demand_charge": 20, "export_price": 0.0, "export_price_type": "None", "battery_size_kWh": 600, "battery_power_kW": 300.0, "min_soc": 0.05, "max_soc": 1.0, "one_way_efficiency": 0.92, "start_soc": 0.5, "n_horizon": 24, "n_control": 12}, "savings": {"old_energy_charge": -307049.13218614354, "new_energy_charge": -305920.9517109756, "energy_charge_savings": 1128.1804751679301, "old_demand_charge": -154130.3661540282, "new_demand_charge": -133772.3681765424, "demand_charge_savings": 20357.997977485793, "retail_profits": 21486.178452653723, "battery_charge_cost": -23122.278220634038, "battery_discharge_revenues": 24250.458695801954, "battery_retail_profits": 1128.1804751679156, "battery_export_revenue": 0.0, "total_profits": 21486.17845265371, "irr": 0.0336, "npv": -27567.567}}