{"key_params": {"location": "CA_Montague-Siskiyou.County", "customer_type": "Restaurant", "demand_charge": 20, "export_price": 0.0, "export_price_type": "None", "battery_size_kWh": 600, "battery_power_kW": 300.0, "min_soc": 0.05, "max_soc": 1.0, "one_way_efficiency": 0.92, "start_soc": 0.5, "n_horizon": 24, "n_control": 12}, "savings": {"old_energy_charge": -446513.86279793316, "new_energy_charge": -446476.7608829196, "energy_charge_savings": 37.10191501356894, "old_demand_charge": -156344.7006083987, "new_demand_charge": -128467.4887693724, "demand_charge_savings": 27877.211839026306, "retail_profits": 27914.313754039875, "battery_charge_cost": -30430.89752918883, "battery_discharge_revenues": 30467.999444202385, "battery_retail_profits": 37.10191501355439, "battery_export_revenue": 0.0, "total_profits": 27914.31375403986, "irr": 0.07188, "npv": 13005.691}}