{"key_params": {"location": "CA_Concord-Buchanan.Field.724936_TMY3", "customer_type": "Office", "demand_charge": 20, "export_price": 0.0, "export_price_type": "None", "battery_size_kWh": 600, "battery_power_kW": 300.0, "min_soc": 0.05, "max_soc": 1.0, "one_way_efficiency": 0.92, "start_soc": 0.5, "n_horizon": 24, "n_control": 12}, "savings": {"old_energy_charge": -389103.0945900617, "new_energy_charge": -386194.4265389902, "energy_charge_savings": 2908.668051071465, "old_demand_charge": -236475.3251488783, "new_demand_charge": -194553.22053109438, "demand_charge_savings": 41922.104617783916, "retail_profits": 44830.77266885538, "battery_charge_cost": -23334.977166856224, "battery_discharge_revenues": 26243.645217927642, "battery_retail_profits": 2908.6680510714177, "battery_export_revenue": 0.0, "total_profits": 44830.77266885534, "irr": 0.16085, "npv": 119725.436}}