{"key_params": {"location": "CA_Fullerton.Muni", "customer_type": "Office", "demand_charge": 20, "export_price": 0.0, "export_price_type": "None", "battery_size_kWh": 600, "battery_power_kW": 300.0, "min_soc": 0.05, "max_soc": 1.0, "one_way_efficiency": 0.92, "start_soc": 0.5, "n_horizon": 24, "n_control": 12}, "savings": {"old_energy_charge": -394667.7103482876, "new_energy_charge": -392300.70301003574, "energy_charge_savings": 2367.0073382518603, "old_demand_charge": -217407.58938681957, "new_demand_charge": -187597.32698356867, "demand_charge_savings": 29810.262403250905, "retail_profits": 32177.269741502765, "battery_charge_cost": -23248.599256028076, "battery_discharge_revenues": 25615.60659427996, "battery_retail_profits": 2367.007338251886, "battery_export_revenue": 0.0, "total_profits": 32177.26974150279, "irr": 0.09554, "npv": 39899.119}}