{"key_params": {"location": "CA_Concord-Buchanan.Field.724936_TMY3", "customer_type": "School", "demand_charge": 20, "export_price": 0.0, "export_price_type": "None", "battery_size_kWh": 600, "battery_power_kW": 300.0, "min_soc": 0.05, "max_soc": 1.0, "one_way_efficiency": 0.92, "start_soc": 0.5, "n_horizon": 24, "n_control": 12}, "savings": {"old_energy_charge": -554715.6252833332, "new_energy_charge": -550797.5707797917, "energy_charge_savings": 3918.054503541556, "old_demand_charge": -387017.451427737, "new_demand_charge": -347422.44251132675, "demand_charge_savings": 39595.00891641027, "retail_profits": 43513.063419951824, "battery_charge_cost": -21860.595623375473, "battery_discharge_revenues": 25778.65012691692, "battery_retail_profits": 3918.054503541447, "battery_export_revenue": 0.0, "total_profits": 43513.063419951715, "irr": 0.1543, "npv": 111412.491}}