{"key_params": {"location": "CA_South.Lake.Tahoe-Lake.Tahoe", "customer_type": "Hospital", "demand_charge": 20, "export_price": 0.0, "export_price_type": "None", "battery_size_kWh": 600, "battery_power_kW": 300.0, "min_soc": 0.05, "max_soc": 1.0, "one_way_efficiency": 0.92, "start_soc": 0.5, "n_horizon": 24, "n_control": 12}, "savings": {"old_energy_charge": -264784.947812599, "new_energy_charge": -264962.33995919366, "energy_charge_savings": -177.39214659464778, "old_demand_charge": -92097.03445057198, "new_demand_charge": -78435.7159271886, "demand_charge_savings": 13661.31852338338, "retail_profits": 13483.926376788731, "battery_charge_cost": -22455.982694330633, "battery_discharge_revenues": 22278.590547736014, "battery_retail_profits": -177.39214659461868, "battery_export_revenue": 0.0, "total_profits": 13483.92637678876, "irr": -0.02778, "npv": -81961.574}}