{"key_params": {"location": "CA_Palmdale", "customer_type": "Hotel", "demand_charge": 20, "export_price": 0.0, "export_price_type": "None", "battery_size_kWh": 600, "battery_power_kW": 300.0, "min_soc": 0.05, "max_soc": 1.0, "one_way_efficiency": 0.92, "start_soc": 0.5, "n_horizon": 24, "n_control": 12}, "savings": {"old_energy_charge": -335989.0914243511, "new_energy_charge": -334011.1201022489, "energy_charge_savings": 1977.9713221021811, "old_demand_charge": -122549.24038603532, "new_demand_charge": -87475.12619393934, "demand_charge_savings": 35074.11419209598, "retail_profits": 37052.08551419816, "battery_charge_cost": -30417.48671409007, "battery_discharge_revenues": 32395.458036192293, "battery_retail_profits": 1977.9713221022212, "battery_export_revenue": 0.0, "total_profits": 37052.0855141982, "irr": 0.12142, "npv": 70652.547}}