{"key_params": {"location": "CA_March.AFB.722860_TMY3", "customer_type": "Restaurant", "demand_charge": 20, "export_price": 0.0, "export_price_type": "None", "battery_size_kWh": 600, "battery_power_kW": 300.0, "min_soc": 0.05, "max_soc": 1.0, "one_way_efficiency": 0.92, "start_soc": 0.5, "n_horizon": 24, "n_control": 12}, "savings": {"old_energy_charge": -459647.55590246647, "new_energy_charge": -458966.94079635455, "energy_charge_savings": 680.6151061119162, "old_demand_charge": -175784.7443820773, "new_demand_charge": -144214.37897620373, "demand_charge_savings": 31570.36540587357, "retail_profits": 32250.980511985486, "battery_charge_cost": -28361.110532514846, "battery_discharge_revenues": 29041.725638626824, "battery_retail_profits": 680.6151061119781, "battery_export_revenue": 0.0, "total_profits": 32250.98051198555, "irr": 0.09594, "npv": 40364.134}}