{"key_params": {"location": "CA_San.Diego-Montgomery.Field.722903_TMY3", "customer_type": "Office", "demand_charge": 20, "export_price": 0.0, "export_price_type": "None", "battery_size_kWh": 600, "battery_power_kW": 300.0, "min_soc": 0.05, "max_soc": 1.0, "one_way_efficiency": 0.92, "start_soc": 0.5, "n_horizon": 24, "n_control": 12}, "savings": {"old_energy_charge": -526093.8195811497, "new_energy_charge": -525186.6758506785, "energy_charge_savings": 907.1437304712599, "old_demand_charge": -260134.13371100946, "new_demand_charge": -234550.6440049893, "demand_charge_savings": 25583.489706020162, "retail_profits": 26490.633436491422, "battery_charge_cost": -23205.388437708934, "battery_discharge_revenues": 24112.532168180245, "battery_retail_profits": 907.1437304713108, "battery_export_revenue": 0.0, "total_profits": 26490.633436491473, "irr": 0.06371, "npv": 4024.213}}