{"key_params": {"location": "CA_Livermore.Muni", "customer_type": "Restaurant", "demand_charge": 20, "export_price": 0.0, "export_price_type": "None", "battery_size_kWh": 600, "battery_power_kW": 300.0, "min_soc": 0.05, "max_soc": 1.0, "one_way_efficiency": 0.92, "start_soc": 0.5, "n_horizon": 24, "n_control": 12}, "savings": {"old_energy_charge": -469680.0896705197, "new_energy_charge": -468123.7323604701, "energy_charge_savings": 1556.357310049585, "old_demand_charge": -172236.5524469954, "new_demand_charge": -143762.9258544301, "demand_charge_savings": 28473.6265925653, "retail_profits": 30029.983902614884, "battery_charge_cost": -26627.93111881347, "battery_discharge_revenues": 28184.288428863023, "battery_retail_profits": 1556.3573100495523, "battery_export_revenue": 0.0, "total_profits": 30029.98390261485, "irr": 0.08376, "npv": 26352.679}}