{"key_params": {"location": "CA_San.Diego-North.Island.NAS.722906_TMY3", "customer_type": "Market", "demand_charge": 20, "export_price": 0.0, "export_price_type": "None", "battery_size_kWh": 600, "battery_power_kW": 300.0, "min_soc": 0.05, "max_soc": 1.0, "one_way_efficiency": 0.92, "start_soc": 0.5, "n_horizon": 24, "n_control": 12}, "savings": {"old_energy_charge": -352083.42661799636, "new_energy_charge": -352366.017465601, "energy_charge_savings": -282.590847604617, "old_demand_charge": -130403.34470625207, "new_demand_charge": -110828.18113300622, "demand_charge_savings": 19575.163573245853, "retail_profits": 19292.572725641236, "battery_charge_cost": -23712.66693305128, "battery_discharge_revenues": 23430.076085446653, "battery_retail_profits": -282.5908476046279, "battery_export_revenue": 0.0, "total_profits": 19292.572725641225, "irr": 0.01923, "npv": -41648.629}}