{"key_params": {"location": "CA_March.AFB.722860_TMY3", "customer_type": "Office", "demand_charge": 20, "export_price": 0.0, "export_price_type": "None", "battery_size_kWh": 600, "battery_power_kW": 300.0, "min_soc": 0.05, "max_soc": 1.0, "one_way_efficiency": 0.92, "start_soc": 0.5, "n_horizon": 24, "n_control": 12}, "savings": {"old_energy_charge": -409265.5292785437, "new_energy_charge": -406751.48962259194, "energy_charge_savings": 2514.039655951783, "old_demand_charge": -242093.02262239912, "new_demand_charge": -207800.028605719, "demand_charge_savings": 34292.99401668011, "retail_profits": 36807.03367263189, "battery_charge_cost": -23120.465585060403, "battery_discharge_revenues": 25634.505241012215, "battery_retail_profits": 2514.039655951812, "battery_export_revenue": 0.0, "total_profits": 36807.03367263192, "irr": 0.12014, "npv": 69106.605}}