{"key_params": {"location": "CA_Yuba.County", "customer_type": "Hotel", "demand_charge": 20, "export_price": 0.0, "export_price_type": "None", "battery_size_kWh": 600, "battery_power_kW": 300.0, "min_soc": 0.05, "max_soc": 1.0, "one_way_efficiency": 0.92, "start_soc": 0.5, "n_horizon": 24, "n_control": 12}, "savings": {"old_energy_charge": -346909.8196472468, "new_energy_charge": -344554.5810597327, "energy_charge_savings": 2355.23858751409, "old_demand_charge": -128439.07316068959, "new_demand_charge": -92837.78754389923, "demand_charge_savings": 35601.28561679035, "retail_profits": 37956.52420430444, "battery_charge_cost": -29508.099707373683, "battery_discharge_revenues": 31863.33829488779, "battery_retail_profits": 2355.238587514108, "battery_export_revenue": 0.0, "total_profits": 37956.524204304456, "irr": 0.12611, "npv": 76358.32}}