{"key_params": {"location": "CA_China.Lake.NAF.746120_TMY3", "customer_type": "Hotel", "demand_charge": 20, "export_price": 0.0, "export_price_type": "None", "battery_size_kWh": 600, "battery_power_kW": 300.0, "min_soc": 0.05, "max_soc": 1.0, "one_way_efficiency": 0.92, "start_soc": 0.5, "n_horizon": 24, "n_control": 12}, "savings": {"old_energy_charge": -331790.6277109606, "new_energy_charge": -329668.99385785754, "energy_charge_savings": 2121.633853103034, "old_demand_charge": -121691.21211107602, "new_demand_charge": -87016.86308958527, "demand_charge_savings": 34674.34902149075, "retail_profits": 36795.982874593785, "battery_charge_cost": -29908.404228913063, "battery_discharge_revenues": 32030.03808201609, "battery_retail_profits": 2121.633853103027, "battery_export_revenue": 0.0, "total_profits": 36795.98287459378, "irr": 0.12008, "npv": 69036.889}}