{"key_params": {"location": "CA_Napa.County", "customer_type": "Office", "demand_charge": 20, "export_price": 0.0, "export_price_type": "None", "battery_size_kWh": 600, "battery_power_kW": 300.0, "min_soc": 0.05, "max_soc": 1.0, "one_way_efficiency": 0.92, "start_soc": 0.5, "n_horizon": 24, "n_control": 12}, "savings": {"old_energy_charge": -410109.52714452276, "new_energy_charge": -407627.30047365336, "energy_charge_savings": 2482.2266708693933, "old_demand_charge": -245564.50655261285, "new_demand_charge": -202344.05647438776, "demand_charge_savings": 43220.45007822508, "retail_profits": 45702.67674909448, "battery_charge_cost": -24101.854742771066, "battery_discharge_revenues": 26584.08141364054, "battery_retail_profits": 2482.2266708694733, "battery_export_revenue": 0.0, "total_profits": 45702.67674909456, "irr": 0.16516, "npv": 125225.96}}