{"key_params": {"location": "CA_Long.Beach-Daugherty.Field.722970_TMY3", "customer_type": "Hotel", "demand_charge": 20, "export_price": 0.0, "export_price_type": "None", "battery_size_kWh": 600, "battery_power_kW": 300.0, "min_soc": 0.05, "max_soc": 1.0, "one_way_efficiency": 0.92, "start_soc": 0.5, "n_horizon": 24, "n_control": 12}, "savings": {"old_energy_charge": -340831.905679451, "new_energy_charge": -338749.403774123, "energy_charge_savings": 2082.501905328012, "old_demand_charge": -122802.90490094008, "new_demand_charge": -88567.17294997798, "demand_charge_savings": 34235.7319509621, "retail_profits": 36318.23385629011, "battery_charge_cost": -30308.030189552774, "battery_discharge_revenues": 32390.532094880768, "battery_retail_profits": 2082.501905327994, "battery_export_revenue": 0.0, "total_profits": 36318.2338562901, "irr": 0.11759, "npv": 66022.946}}