{"key_params": {"location": "CA_Modesto.Muni", "customer_type": "Hospital", "demand_charge": 20, "export_price": 0.0, "export_price_type": "None", "battery_size_kWh": 600, "battery_power_kW": 300.0, "min_soc": 0.05, "max_soc": 1.0, "one_way_efficiency": 0.92, "start_soc": 0.5, "n_horizon": 24, "n_control": 12}, "savings": {"old_energy_charge": -244763.16451745218, "new_energy_charge": -244800.95665576792, "energy_charge_savings": -37.79213831573725, "old_demand_charge": -80296.52009818767, "new_demand_charge": -69607.08256945838, "demand_charge_savings": 10689.437528729293, "retail_profits": 10651.645390413556, "battery_charge_cost": -19456.243748571564, "battery_discharge_revenues": 19418.451610255863, "battery_retail_profits": -37.79213831570087, "battery_export_revenue": 0.0, "total_profits": 10651.645390413592, "irr": -0.05868, "npv": -104522.823}}