{"key_params": {"location": "CA_Monterey.NAF.724915_TMY3", "customer_type": "Restaurant", "demand_charge": 20, "export_price": 0.0, "export_price_type": "None", "battery_size_kWh": 600, "battery_power_kW": 300.0, "min_soc": 0.05, "max_soc": 1.0, "one_way_efficiency": 0.92, "start_soc": 0.5, "n_horizon": 24, "n_control": 12}, "savings": {"old_energy_charge": -430906.8898749405, "new_energy_charge": -432235.70805754187, "energy_charge_savings": -1328.8181826013606, "old_demand_charge": -147194.13085974148, "new_demand_charge": -120479.02630687683, "demand_charge_savings": 26715.10455286465, "retail_profits": 25386.28637026329, "battery_charge_cost": -32129.00524306626, "battery_discharge_revenues": 30800.18706046496, "battery_retail_profits": -1328.8181826013024, "battery_export_revenue": 0.0, "total_profits": 25386.286370263348, "irr": 0.05727, "npv": -2942.708}}