{"key_params": {"location": "CA_Los.Angeles.Intl", "customer_type": "Apartment", "demand_charge": 20, "export_price": 0.0, "export_price_type": "None", "battery_size_kWh": 600, "battery_power_kW": 300.0, "min_soc": 0.05, "max_soc": 1.0, "one_way_efficiency": 0.92, "start_soc": 0.5, "n_horizon": 24, "n_control": 12}, "savings": {"old_energy_charge": -340522.64180524787, "new_energy_charge": -335105.5589526474, "energy_charge_savings": 5417.082852600492, "old_demand_charge": -143384.6643004395, "new_demand_charge": -109700.89123195357, "demand_charge_savings": 33683.77306848593, "retail_profits": 39100.85592108642, "battery_charge_cost": -21479.05687755644, "battery_discharge_revenues": 26896.13973015695, "battery_retail_profits": 5417.08285260051, "battery_export_revenue": 0.0, "total_profits": 39100.85592108643, "irr": 0.132, "npv": 83577.489}}