{"key_params": {"location": "CA_San.Diego-North.Island.NAS.722906_TMY3", "customer_type": "Apartment", "demand_charge": 20, "export_price": 0.0, "export_price_type": "None", "battery_size_kWh": 600, "battery_power_kW": 300.0, "min_soc": 0.05, "max_soc": 1.0, "one_way_efficiency": 0.92, "start_soc": 0.5, "n_horizon": 24, "n_control": 12}, "savings": {"old_energy_charge": -339178.00428035157, "new_energy_charge": -333721.6721044006, "energy_charge_savings": 5456.332175950985, "old_demand_charge": -144066.37560121427, "new_demand_charge": -109756.87101131101, "demand_charge_savings": 34309.504589903256, "retail_profits": 39765.83676585424, "battery_charge_cost": -21461.830134605574, "battery_discharge_revenues": 26918.16231055653, "battery_retail_profits": 5456.332175950956, "battery_export_revenue": 0.0, "total_profits": 39765.83676585421, "irr": 0.1354, "npv": 87772.61}}