{"key_params": {"location": "CA_Burbank-Glendale-Passadena.Bob.Hope", "customer_type": "Restaurant", "demand_charge": 20, "export_price": 0.0, "export_price_type": "None", "battery_size_kWh": 600, "battery_power_kW": 300.0, "min_soc": 0.05, "max_soc": 1.0, "one_way_efficiency": 0.92, "start_soc": 0.5, "n_horizon": 24, "n_control": 12}, "savings": {"old_energy_charge": -487349.46400140866, "new_energy_charge": -485574.4930941552, "energy_charge_savings": 1774.970907253446, "old_demand_charge": -188439.78961400234, "new_demand_charge": -158575.5106571013, "demand_charge_savings": 29864.27895690105, "retail_profits": 31639.249864154495, "battery_charge_cost": -25708.33915664487, "battery_discharge_revenues": 27483.310063898272, "battery_retail_profits": 1774.9709072534024, "battery_export_revenue": 0.0, "total_profits": 31639.24986415445, "irr": 0.09261, "npv": 36504.949}}