{"key_params": {"location": "CA_Edwards.AFB.723810_TMY3", "customer_type": "Hotel", "demand_charge": 20, "export_price": 0.0, "export_price_type": "None", "battery_size_kWh": 600, "battery_power_kW": 300.0, "min_soc": 0.05, "max_soc": 1.0, "one_way_efficiency": 0.92, "start_soc": 0.5, "n_horizon": 24, "n_control": 12}, "savings": {"old_energy_charge": -342263.47682110703, "new_energy_charge": -339805.39204108075, "energy_charge_savings": 2458.0847800262854, "old_demand_charge": -125840.83577185668, "new_demand_charge": -90835.50237103779, "demand_charge_savings": 35005.3334008189, "retail_profits": 37463.41818084518, "battery_charge_cost": -29528.629008587657, "battery_discharge_revenues": 31986.713788613928, "battery_retail_profits": 2458.084780026271, "battery_export_revenue": 0.0, "total_profits": 37463.41818084517, "irr": 0.12356, "npv": 73247.494}}