{"key_params": {"location": "CA_Monterey.NAF.724915_TMY3", "customer_type": "Apartment", "demand_charge": 20, "export_price": 0.0, "export_price_type": "None", "battery_size_kWh": 600, "battery_power_kW": 300.0, "min_soc": 0.05, "max_soc": 1.0, "one_way_efficiency": 0.92, "start_soc": 0.5, "n_horizon": 24, "n_control": 12}, "savings": {"old_energy_charge": -337303.682563234, "new_energy_charge": -331940.22808316536, "energy_charge_savings": 5363.454480068642, "old_demand_charge": -148528.01533940347, "new_demand_charge": -113922.8807132084, "demand_charge_savings": 34605.13462619507, "retail_profits": 39968.58910626371, "battery_charge_cost": -21502.084188266756, "battery_discharge_revenues": 26865.53866833545, "battery_retail_profits": 5363.454480068696, "battery_export_revenue": 0.0, "total_profits": 39968.58910626377, "irr": 0.13643, "npv": 89051.7}}