{"key_params": {"location": "CA_Lancaster-Gen.Wm.Fox.Field.723816_TMY3", "customer_type": "School", "demand_charge": 20, "export_price": 0.0, "export_price_type": "None", "battery_size_kWh": 600, "battery_power_kW": 300.0, "min_soc": 0.05, "max_soc": 1.0, "one_way_efficiency": 0.92, "start_soc": 0.5, "n_horizon": 24, "n_control": 12}, "savings": {"old_energy_charge": -622526.3002105195, "new_energy_charge": -619511.857398818, "energy_charge_savings": 3014.4428117014468, "old_demand_charge": -384524.00963598216, "new_demand_charge": -350202.74111095734, "demand_charge_savings": 34321.26852502482, "retail_profits": 37335.711336726265, "battery_charge_cost": -22265.298680879852, "battery_discharge_revenues": 25279.74149258133, "battery_retail_profits": 3014.442811701476, "battery_export_revenue": 0.0, "total_profits": 37335.711336726294, "irr": 0.12289, "npv": 72441.839}}