{"key_params": {"location": "CA_Barstow.Daggett", "customer_type": "School", "demand_charge": 20, "export_price": 0.0, "export_price_type": "None", "battery_size_kWh": 600, "battery_power_kW": 300.0, "min_soc": 0.05, "max_soc": 1.0, "one_way_efficiency": 0.92, "start_soc": 0.5, "n_horizon": 24, "n_control": 12}, "savings": {"old_energy_charge": -626813.60614062, "new_energy_charge": -623929.4395511159, "energy_charge_savings": 2884.166589504108, "old_demand_charge": -354642.1977925572, "new_demand_charge": -320059.24772375816, "demand_charge_savings": 34582.95006879902, "retail_profits": 37467.11665830313, "battery_charge_cost": -22219.68386697674, "battery_discharge_revenues": 25103.850456480843, "battery_retail_profits": 2884.166589504104, "battery_export_revenue": 0.0, "total_profits": 37467.11665830313, "irr": 0.12357, "npv": 73270.827}}