{"key_params": {"location": "CA_Chula.Vista-Brown.Field.Muni", "customer_type": "Office", "demand_charge": 20, "export_price": 0.0, "export_price_type": "None", "battery_size_kWh": 600, "battery_power_kW": 300.0, "min_soc": 0.05, "max_soc": 1.0, "one_way_efficiency": 0.92, "start_soc": 0.5, "n_horizon": 24, "n_control": 12}, "savings": {"old_energy_charge": -521506.0226553603, "new_energy_charge": -520158.98655819363, "energy_charge_savings": 1347.0360971666523, "old_demand_charge": -261361.59624472942, "new_demand_charge": -236647.8617731724, "demand_charge_savings": 24713.73447155702, "retail_profits": 26060.770568723674, "battery_charge_cost": -23082.375232940103, "battery_discharge_revenues": 24429.41133010671, "battery_retail_profits": 1347.036097166605, "battery_export_revenue": 0.0, "total_profits": 26060.770568723627, "irr": 0.06121, "npv": 1312.366}}