{"key_params": {"location": "CA_Modesto.Muni", "customer_type": "Office", "demand_charge": 20, "export_price": 0.0, "export_price_type": "None", "battery_size_kWh": 600, "battery_power_kW": 300.0, "min_soc": 0.05, "max_soc": 1.0, "one_way_efficiency": 0.92, "start_soc": 0.5, "n_horizon": 24, "n_control": 12}, "savings": {"old_energy_charge": -313562.5064985595, "new_energy_charge": -312527.731991631, "energy_charge_savings": 1034.7745069285156, "old_demand_charge": -164762.44129858736, "new_demand_charge": -139635.9704908877, "demand_charge_savings": 25126.47080769966, "retail_profits": 26161.245314628177, "battery_charge_cost": -23111.065105066366, "battery_discharge_revenues": 24145.839611994827, "battery_retail_profits": 1034.774506928461, "battery_export_revenue": 0.0, "total_profits": 26161.245314628122, "irr": 0.0618, "npv": 1946.224}}