{"key_params": {"location": "CA_Oxnard", "customer_type": "Restaurant", "demand_charge": 20, "export_price": 0.0, "export_price_type": "None", "battery_size_kWh": 600, "battery_power_kW": 300.0, "min_soc": 0.05, "max_soc": 1.0, "one_way_efficiency": 0.92, "start_soc": 0.5, "n_horizon": 24, "n_control": 12}, "savings": {"old_energy_charge": -432134.72584348975, "new_energy_charge": -433856.2914023177, "energy_charge_savings": -1721.5655588279478, "old_demand_charge": -145975.61409047028, "new_demand_charge": -119179.78585950428, "demand_charge_savings": 26795.828230966, "retail_profits": 25074.26267213805, "battery_charge_cost": -32530.06468285525, "battery_discharge_revenues": 30808.499124027287, "battery_retail_profits": -1721.5655588279624, "battery_export_revenue": 0.0, "total_profits": 25074.262672138037, "irr": 0.05543, "npv": -4911.151}}