{"key_params": {"location": "CA_Needles", "customer_type": "Office", "demand_charge": 20, "export_price": 0.0, "export_price_type": "None", "battery_size_kWh": 600, "battery_power_kW": 300.0, "min_soc": 0.05, "max_soc": 1.0, "one_way_efficiency": 0.92, "start_soc": 0.5, "n_horizon": 24, "n_control": 12}, "savings": {"old_energy_charge": -463958.89637374826, "new_energy_charge": -462745.7870688733, "energy_charge_savings": 1213.1093048749608, "old_demand_charge": -218937.57932151813, "new_demand_charge": -190611.33025790117, "demand_charge_savings": 28326.249063616968, "retail_profits": 29539.35836849193, "battery_charge_cost": -23394.25653853727, "battery_discharge_revenues": 24607.365843412223, "battery_retail_profits": 1213.1093048749535, "battery_export_revenue": 0.0, "total_profits": 29539.35836849192, "irr": 0.08103, "npv": 23257.503}}