{"key_params": {"location": "CA_Santa.Barbara.Muni", "customer_type": "Market", "demand_charge": 20, "export_price": 0.0, "export_price_type": "None", "battery_size_kWh": 600, "battery_power_kW": 300.0, "min_soc": 0.05, "max_soc": 1.0, "one_way_efficiency": 0.92, "start_soc": 0.5, "n_horizon": 24, "n_control": 12}, "savings": {"old_energy_charge": -371503.01976265234, "new_energy_charge": -372028.473983952, "energy_charge_savings": -525.4542212996748, "old_demand_charge": -141542.58296136503, "new_demand_charge": -120271.64478296626, "demand_charge_savings": 21270.938178398763, "retail_profits": 20745.483957099088, "battery_charge_cost": -23702.62456434842, "battery_discharge_revenues": 23177.17034304885, "battery_retail_profits": -525.454221299573, "battery_export_revenue": 0.0, "total_profits": 20745.48395709919, "irr": 0.02887, "npv": -32285.157}}