{"key_params": {"location": "CA_Chula.Vista-Brown.Field.Muni", "customer_type": "School", "demand_charge": 20, "export_price": 0.0, "export_price_type": "None", "battery_size_kWh": 600, "battery_power_kW": 300.0, "min_soc": 0.05, "max_soc": 1.0, "one_way_efficiency": 0.92, "start_soc": 0.5, "n_horizon": 24, "n_control": 12}, "savings": {"old_energy_charge": -348765.8237862813, "new_energy_charge": -346905.81004464603, "energy_charge_savings": 1860.0137416352518, "old_demand_charge": -209927.19222565618, "new_demand_charge": -179170.59076084913, "demand_charge_savings": 30756.601464807056, "retail_profits": 32616.615206442308, "battery_charge_cost": -22894.12034209224, "battery_discharge_revenues": 24754.13408372744, "battery_retail_profits": 1860.0137416352009, "battery_export_revenue": 0.0, "total_profits": 32616.615206442257, "irr": 0.09792, "npv": 42670.789}}