{"key_params": {"location": "CA_Sacramento.Exec", "customer_type": "Office", "demand_charge": 20, "export_price": 0.0, "export_price_type": "None", "battery_size_kWh": 600, "battery_power_kW": 300.0, "min_soc": 0.05, "max_soc": 1.0, "one_way_efficiency": 0.92, "start_soc": 0.5, "n_horizon": 24, "n_control": 12}, "savings": {"old_energy_charge": -400882.1977769956, "new_energy_charge": -397968.3671212223, "energy_charge_savings": 2913.8306557732867, "old_demand_charge": -252620.70710073924, "new_demand_charge": -210183.89415798604, "demand_charge_savings": 42436.8129427532, "retail_profits": 45350.64359852648, "battery_charge_cost": -23061.019188838258, "battery_discharge_revenues": 25974.849844611515, "battery_retail_profits": 2913.8306557732576, "battery_export_revenue": 0.0, "total_profits": 45350.643598526454, "irr": 0.16342, "npv": 123005.111}}