{"key_params": {"location": "CA_Montague-Siskiyou.County", "customer_type": "Hospital", "demand_charge": 20, "export_price": 0.0, "export_price_type": "None", "battery_size_kWh": 600, "battery_power_kW": 300.0, "min_soc": 0.05, "max_soc": 1.0, "one_way_efficiency": 0.92, "start_soc": 0.5, "n_horizon": 24, "n_control": 12}, "savings": {"old_energy_charge": -253841.84158027172, "new_energy_charge": -254042.31871121877, "energy_charge_savings": -200.4771309470525, "old_demand_charge": -86039.60802502927, "new_demand_charge": -73390.44620815293, "demand_charge_savings": 12649.161816876338, "retail_profits": 12448.684685929285, "battery_charge_cost": -20981.271202493568, "battery_discharge_revenues": 20780.794071546465, "battery_retail_profits": -200.47713094710343, "battery_export_revenue": 0.0, "total_profits": 12448.684685929235, "irr": -0.0385, "npv": -90172.364}}