{"key_params": {"location": "CA_Camarillo.AWOS.723926_TMY3", "customer_type": "Restaurant", "demand_charge": 20, "export_price": 0.0, "export_price_type": "None", "battery_size_kWh": 600, "battery_power_kW": 300.0, "min_soc": 0.05, "max_soc": 1.0, "one_way_efficiency": 0.92, "start_soc": 0.5, "n_horizon": 24, "n_control": 12}, "savings": {"old_energy_charge": -436250.61751631444, "new_energy_charge": -437192.38283703383, "energy_charge_savings": -941.7653207193944, "old_demand_charge": -159213.21217479958, "new_demand_charge": -128275.73481111953, "demand_charge_savings": 30937.477363680053, "retail_profits": 29995.71204296066, "battery_charge_cost": -31602.845379946753, "battery_discharge_revenues": 30661.080059227326, "battery_retail_profits": -941.7653207194271, "battery_export_revenue": 0.0, "total_profits": 29995.712042960626, "irr": 0.08357, "npv": 26136.471}}