{"key_params": {"location": "CA_Lancaster-Gen.Wm.Fox.Field.723816_TMY3", "customer_type": "Apartment", "demand_charge": 20, "export_price": 0.0, "export_price_type": "None", "battery_size_kWh": 600, "battery_power_kW": 300.0, "min_soc": 0.05, "max_soc": 1.0, "one_way_efficiency": 0.92, "start_soc": 0.5, "n_horizon": 24, "n_control": 12}, "savings": {"old_energy_charge": -346314.2442845111, "new_energy_charge": -341053.10615628376, "energy_charge_savings": 5261.138128227321, "old_demand_charge": -148651.3909709651, "new_demand_charge": -116170.9949316401, "demand_charge_savings": 32480.396039324987, "retail_profits": 37741.53416755231, "battery_charge_cost": -21511.40687743079, "battery_discharge_revenues": 26772.54500565812, "battery_retail_profits": 5261.138128227332, "battery_export_revenue": 0.0, "total_profits": 37741.53416755232, "irr": 0.125, "npv": 75002.026}}