{"key_params": {"location": "CA_Crescent.City-Jack.McNamara.Field.725946_TMY3", "customer_type": "Office", "demand_charge": 20, "export_price": 0.0, "export_price_type": "None", "battery_size_kWh": 600, "battery_power_kW": 300.0, "min_soc": 0.05, "max_soc": 1.0, "one_way_efficiency": 0.92, "start_soc": 0.5, "n_horizon": 24, "n_control": 12}, "savings": {"old_energy_charge": -426781.64670932305, "new_energy_charge": -425122.28021855035, "energy_charge_savings": 1659.3664907726925, "old_demand_charge": -233645.10730507452, "new_demand_charge": -205066.70065033896, "demand_charge_savings": 28578.40665473556, "retail_profits": 30237.773145508254, "battery_charge_cost": -23261.933118822086, "battery_discharge_revenues": 24921.299609594793, "battery_retail_profits": 1659.366490772707, "battery_export_revenue": 0.0, "total_profits": 30237.77314550827, "irr": 0.08491, "npv": 27663.546}}