{"key_params": {"location": "CA_Blythe-Riverside.County", "customer_type": "Hotel", "demand_charge": 20, "export_price": 0.0, "export_price_type": "None", "battery_size_kWh": 600, "battery_power_kW": 300.0, "min_soc": 0.05, "max_soc": 1.0, "one_way_efficiency": 0.92, "start_soc": 0.5, "n_horizon": 24, "n_control": 12}, "savings": {"old_energy_charge": -369622.7269144674, "new_energy_charge": -365936.9992359543, "energy_charge_savings": 3685.727678513096, "old_demand_charge": -144025.26232519993, "new_demand_charge": -108926.09351234473, "demand_charge_savings": 35099.168812855205, "retail_profits": 38784.8964913683, "battery_charge_cost": -25609.447401851103, "battery_discharge_revenues": 29295.175080364163, "battery_retail_profits": 3685.72767851306, "battery_export_revenue": 0.0, "total_profits": 38784.896491368265, "irr": 0.13038, "npv": 81584.217}}