{"key_params": {"location": "CA_Fullerton.Muni", "customer_type": "School", "demand_charge": 20, "export_price": 0.0, "export_price_type": "None", "battery_size_kWh": 600, "battery_power_kW": 300.0, "min_soc": 0.05, "max_soc": 1.0, "one_way_efficiency": 0.92, "start_soc": 0.5, "n_horizon": 24, "n_control": 12}, "savings": {"old_energy_charge": -618637.035755091, "new_energy_charge": -615218.3342139319, "energy_charge_savings": 3418.701541159069, "old_demand_charge": -376754.7140329097, "new_demand_charge": -347960.8803776653, "demand_charge_savings": 28793.833655244438, "retail_profits": 32212.535196403507, "battery_charge_cost": -22207.246177344427, "battery_discharge_revenues": 25625.947718503594, "battery_retail_profits": 3418.7015411591674, "battery_export_revenue": 0.0, "total_profits": 32212.535196403605, "irr": 0.09573, "npv": 40121.596}}