{"key_params": {"location": "CA_San.Diego-Lindbergh.Field.722900_TMY3", "customer_type": "Restaurant", "demand_charge": 20, "export_price": 0.0, "export_price_type": "None", "battery_size_kWh": 600, "battery_power_kW": 300.0, "min_soc": 0.05, "max_soc": 1.0, "one_way_efficiency": 0.92, "start_soc": 0.5, "n_horizon": 24, "n_control": 12}, "savings": {"old_energy_charge": -436641.73970466526, "new_energy_charge": -436643.8144477712, "energy_charge_savings": -2.0747431059135124, "old_demand_charge": -152160.24526865734, "new_demand_charge": -125526.52905047871, "demand_charge_savings": 26633.716218178626, "retail_profits": 26631.641475072713, "battery_charge_cost": -31130.46914346827, "battery_discharge_revenues": 31128.394400362384, "battery_retail_profits": -2.0747431058880466, "battery_export_revenue": 0.0, "total_profits": 26631.641475072738, "irr": 0.06453, "npv": 4913.781}}