{"key_params": {"location": "CA_Red.Bluff.Muni", "customer_type": "Restaurant", "demand_charge": 20, "export_price": 0.0, "export_price_type": "None", "battery_size_kWh": 600, "battery_power_kW": 300.0, "min_soc": 0.05, "max_soc": 1.0, "one_way_efficiency": 0.92, "start_soc": 0.5, "n_horizon": 24, "n_control": 12}, "savings": {"old_energy_charge": -502432.8942147489, "new_energy_charge": -501212.4611011204, "energy_charge_savings": 1220.4331136285327, "old_demand_charge": -188559.53330806614, "new_demand_charge": -156286.72132872726, "demand_charge_savings": 32272.811979338876, "retail_profits": 33493.24509296741, "battery_charge_cost": -27076.911992624504, "battery_discharge_revenues": 28297.345106253015, "battery_retail_profits": 1220.433113628511, "battery_export_revenue": 0.0, "total_profits": 33493.24509296739, "irr": 0.10263, "npv": 48201.126}}