{"key_params": {"location": "CA_Santa.Monica.Muni", "customer_type": "Office", "demand_charge": 20, "export_price": 0.0, "export_price_type": "None", "battery_size_kWh": 600, "battery_power_kW": 300.0, "min_soc": 0.05, "max_soc": 1.0, "one_way_efficiency": 0.92, "start_soc": 0.5, "n_horizon": 24, "n_control": 12}, "savings": {"old_energy_charge": -381145.83161551505, "new_energy_charge": -379912.7646466998, "energy_charge_savings": 1233.0669688152266, "old_demand_charge": -199660.50824572012, "new_demand_charge": -174794.65504478116, "demand_charge_savings": 24865.85320093896, "retail_profits": 26098.920169754187, "battery_charge_cost": -23411.065866686644, "battery_discharge_revenues": 24644.13283550179, "battery_retail_profits": 1233.0669688151465, "battery_export_revenue": 0.0, "total_profits": 26098.920169754107, "irr": 0.06144, "npv": 1553.038}}