{"key_params": {"location": "CA_Santa.Ana-John.Wayne", "customer_type": "Hotel", "demand_charge": 20, "export_price": 0.0, "export_price_type": "None", "battery_size_kWh": 600, "battery_power_kW": 300.0, "min_soc": 0.05, "max_soc": 1.0, "one_way_efficiency": 0.92, "start_soc": 0.5, "n_horizon": 24, "n_control": 12}, "savings": {"old_energy_charge": -339723.1419872387, "new_energy_charge": -337654.7046915459, "energy_charge_savings": 2068.437295692798, "old_demand_charge": -122212.29801617356, "new_demand_charge": -88187.10995297975, "demand_charge_savings": 34025.18806319381, "retail_profits": 36093.62535888661, "battery_charge_cost": -30350.818919954618, "battery_discharge_revenues": 32419.25621564744, "battery_retail_profits": 2068.4372956928237, "battery_export_revenue": 0.0, "total_profits": 36093.62535888664, "irr": 0.11641, "npv": 64605.973}}