{"key_params": {"location": "CA_Palmdale", "customer_type": "School", "demand_charge": 20, "export_price": 0.0, "export_price_type": "None", "battery_size_kWh": 600, "battery_power_kW": 300.0, "min_soc": 0.05, "max_soc": 1.0, "one_way_efficiency": 0.92, "start_soc": 0.5, "n_horizon": 24, "n_control": 12}, "savings": {"old_energy_charge": -631025.9563287005, "new_energy_charge": -628166.7596023558, "energy_charge_savings": 2859.1967263447586, "old_demand_charge": -387618.6266245004, "new_demand_charge": -354356.08772110427, "demand_charge_savings": 33262.53890339611, "retail_profits": 36121.73562974087, "battery_charge_cost": -22302.88272317007, "battery_discharge_revenues": 25162.079449514786, "battery_retail_profits": 2859.196726344715, "battery_export_revenue": 0.0, "total_profits": 36121.735629740826, "irr": 0.11656, "npv": 64783.31}}