{"key_params": {"location": "CA_Burbank-Glendale-Passadena.Bob.Hope", "customer_type": "Office", "demand_charge": 20, "export_price": 0.0, "export_price_type": "None", "battery_size_kWh": 600, "battery_power_kW": 300.0, "min_soc": 0.05, "max_soc": 1.0, "one_way_efficiency": 0.92, "start_soc": 0.5, "n_horizon": 24, "n_control": 12}, "savings": {"old_energy_charge": -529797.4110274542, "new_energy_charge": -528743.8751552567, "energy_charge_savings": 1053.5358721974771, "old_demand_charge": -263808.75584826083, "new_demand_charge": -235106.81185370288, "demand_charge_savings": 28701.94399455795, "retail_profits": 29755.479866755428, "battery_charge_cost": -23132.522868027365, "battery_discharge_revenues": 24186.058740224882, "battery_retail_profits": 1053.5358721975172, "battery_export_revenue": 0.0, "total_profits": 29755.479866755468, "irr": 0.08223, "npv": 24620.934}}