{"key_params": {"location": "CA_Fairfield-Travis.AFB.745160_TMY3", "customer_type": "Hospital", "demand_charge": 20, "export_price": 0.0, "export_price_type": "None", "battery_size_kWh": 600, "battery_power_kW": 300.0, "min_soc": 0.05, "max_soc": 1.0, "one_way_efficiency": 0.92, "start_soc": 0.5, "n_horizon": 24, "n_control": 12}, "savings": {"old_energy_charge": -245834.05409049641, "new_energy_charge": -245564.39595509466, "energy_charge_savings": 269.6581354017544, "old_demand_charge": -81724.97846652959, "new_demand_charge": -70922.89991026973, "demand_charge_savings": 10802.078556259861, "retail_profits": 11071.736691661616, "battery_charge_cost": -19590.661218371744, "battery_discharge_revenues": 19860.31935377349, "battery_retail_profits": 269.65813540174713, "battery_export_revenue": 0.0, "total_profits": 11071.736691661608, "irr": -0.05376, "npv": -101168.137}}