{"key_params": {"location": "CA_Sandberg.723830_TMY3", "customer_type": "Market", "demand_charge": 20, "export_price": 0.0, "export_price_type": "None", "battery_size_kWh": 600, "battery_power_kW": 300.0, "min_soc": 0.05, "max_soc": 1.0, "one_way_efficiency": 0.92, "start_soc": 0.5, "n_horizon": 24, "n_control": 12}, "savings": {"old_energy_charge": -392363.31771729805, "new_energy_charge": -392421.2343551111, "energy_charge_savings": -57.91663781303214, "old_demand_charge": -156450.52630086427, "new_demand_charge": -133309.83702279208, "demand_charge_savings": 23140.689278072183, "retail_profits": 23082.77264025915, "battery_charge_cost": -23776.911673123046, "battery_discharge_revenues": 23718.995035310036, "battery_retail_profits": -57.91663781301031, "battery_export_revenue": 0.0, "total_profits": 23082.772640259172, "irr": 0.04348, "npv": -17474.733}}