{"key_params": {"location": "CA_Redding.Muni", "customer_type": "School", "demand_charge": 20, "export_price": 0.0, "export_price_type": "None", "battery_size_kWh": 600, "battery_power_kW": 300.0, "min_soc": 0.05, "max_soc": 1.0, "one_way_efficiency": 0.92, "start_soc": 0.5, "n_horizon": 24, "n_control": 12}, "savings": {"old_energy_charge": -626666.5756312531, "new_energy_charge": -623079.4734122783, "energy_charge_savings": 3587.102218974731, "old_demand_charge": -387942.54593623796, "new_demand_charge": -353753.6269800566, "demand_charge_savings": 34188.918956181384, "retail_profits": 37776.021175156115, "battery_charge_cost": -21841.03751904552, "battery_discharge_revenues": 25428.13973802033, "battery_retail_profits": 3587.102218974811, "battery_export_revenue": 0.0, "total_profits": 37776.021175156195, "irr": 0.12517, "npv": 75219.592}}