{"key_params": {"location": "CA_Bakersfield-Meadows.Field.723840_TMY3", "customer_type": "Hotel", "demand_charge": 20, "export_price": 0.0, "export_price_type": "None", "battery_size_kWh": 600, "battery_power_kW": 300.0, "min_soc": 0.05, "max_soc": 1.0, "one_way_efficiency": 0.92, "start_soc": 0.5, "n_horizon": 24, "n_control": 12}, "savings": {"old_energy_charge": -327228.6788342289, "new_energy_charge": -325276.9449848364, "energy_charge_savings": 1951.7338493925054, "old_demand_charge": -119021.36272571934, "new_demand_charge": -84972.80428081709, "demand_charge_savings": 34048.55844490226, "retail_profits": 36000.29229429476, "battery_charge_cost": -29997.771679381854, "battery_discharge_revenues": 31949.505528774316, "battery_retail_profits": 1951.7338493924617, "battery_export_revenue": 0.0, "total_profits": 36000.29229429472, "irr": 0.11592, "npv": 64017.169}}