{"key_params": {"location": "CA_Paso.Robles.Muni", "customer_type": "Restaurant", "demand_charge": 20, "export_price": 0.0, "export_price_type": "None", "battery_size_kWh": 600, "battery_power_kW": 300.0, "min_soc": 0.05, "max_soc": 1.0, "one_way_efficiency": 0.92, "start_soc": 0.5, "n_horizon": 24, "n_control": 12}, "savings": {"old_energy_charge": -481167.20123915933, "new_energy_charge": -478920.9284747863, "energy_charge_savings": 2246.272764373047, "old_demand_charge": -183704.4125027989, "new_demand_charge": -153771.433336936, "demand_charge_savings": 29932.979165862896, "retail_profits": 32179.251930235943, "battery_charge_cost": -25490.433861687343, "battery_discharge_revenues": 27736.706626060422, "battery_retail_profits": 2246.2727643730796, "battery_export_revenue": 0.0, "total_profits": 32179.251930235976, "irr": 0.09555, "npv": 39911.624}}