{"key_params": {"location": "CA_Yuba.County", "customer_type": "Apartment", "demand_charge": 20, "export_price": 0.0, "export_price_type": "None", "battery_size_kWh": 600, "battery_power_kW": 300.0, "min_soc": 0.05, "max_soc": 1.0, "one_way_efficiency": 0.92, "start_soc": 0.5, "n_horizon": 24, "n_control": 12}, "savings": {"old_energy_charge": -355274.3852237203, "new_energy_charge": -349964.4057344016, "energy_charge_savings": 5309.979489318677, "old_demand_charge": -155938.6087741284, "new_demand_charge": -123248.79386877615, "demand_charge_savings": 32689.81490535225, "retail_profits": 37999.79439467093, "battery_charge_cost": -21468.255885492712, "battery_discharge_revenues": 26778.235374811335, "battery_retail_profits": 5309.979489318623, "battery_export_revenue": 0.0, "total_profits": 37999.79439467087, "irr": 0.12633, "npv": 76631.295}}