{"key_params": {"location": "CA_Lemoore.NAS.747020_TMY3", "customer_type": "Hotel", "demand_charge": 20, "export_price": 0.0, "export_price_type": "None", "battery_size_kWh": 600, "battery_power_kW": 300.0, "min_soc": 0.05, "max_soc": 1.0, "one_way_efficiency": 0.92, "start_soc": 0.5, "n_horizon": 24, "n_control": 12}, "savings": {"old_energy_charge": -341637.1644191646, "new_energy_charge": -339372.3242595537, "energy_charge_savings": 2264.8401596109034, "old_demand_charge": -125932.7436365676, "new_demand_charge": -91032.26983449448, "demand_charge_savings": 34900.47380207312, "retail_profits": 37165.31396168402, "battery_charge_cost": -29534.68389646634, "battery_discharge_revenues": 31799.524056077298, "battery_retail_profits": 2264.840159610958, "battery_export_revenue": 0.0, "total_profits": 37165.31396168408, "irr": 0.12201, "npv": 71366.864}}