{"key_params": {"location": "CA_San.Luis.Obispo", "customer_type": "Restaurant", "demand_charge": 20, "export_price": 0.0, "export_price_type": "None", "battery_size_kWh": 600, "battery_power_kW": 300.0, "min_soc": 0.05, "max_soc": 1.0, "one_way_efficiency": 0.92, "start_soc": 0.5, "n_horizon": 24, "n_control": 12}, "savings": {"old_energy_charge": -459555.4487532442, "new_energy_charge": -459302.81243804004, "energy_charge_savings": 252.63631520414492, "old_demand_charge": -173071.4441414174, "new_demand_charge": -139907.6470201588, "demand_charge_savings": 33163.7971212586, "retail_profits": 33416.43343646274, "battery_charge_cost": -28281.897050274823, "battery_discharge_revenues": 28534.53336547894, "battery_retail_profits": 252.63631520411582, "battery_export_revenue": 0.0, "total_profits": 33416.433436462714, "irr": 0.10222, "npv": 47716.549}}