{"key_params": {"location": "CA_Sacramento.Exec", "customer_type": "Restaurant", "demand_charge": 20, "export_price": 0.0, "export_price_type": "None", "battery_size_kWh": 600, "battery_power_kW": 300.0, "min_soc": 0.05, "max_soc": 1.0, "one_way_efficiency": 0.92, "start_soc": 0.5, "n_horizon": 24, "n_control": 12}, "savings": {"old_energy_charge": -483653.642805535, "new_energy_charge": -481838.3981406391, "energy_charge_savings": 1815.2446648958721, "old_demand_charge": -181990.432265541, "new_demand_charge": -149808.76256809954, "demand_charge_savings": 32181.66969744145, "retail_profits": 33996.914362337324, "battery_charge_cost": -26200.848961608775, "battery_discharge_revenues": 28016.093626504673, "battery_retail_profits": 1815.2446648958976, "battery_export_revenue": 0.0, "total_profits": 33996.91436233735, "irr": 0.10533, "npv": 51378.591}}