{"key_params": {"location": "CA_San.Francisco.Intl", "customer_type": "Apartment", "demand_charge": 20, "export_price": 0.0, "export_price_type": "None", "battery_size_kWh": 600, "battery_power_kW": 300.0, "min_soc": 0.05, "max_soc": 1.0, "one_way_efficiency": 0.92, "start_soc": 0.5, "n_horizon": 24, "n_control": 12}, "savings": {"old_energy_charge": -338235.9407498176, "new_energy_charge": -332853.764382747, "energy_charge_savings": 5382.176367070584, "old_demand_charge": -148305.87630596076, "new_demand_charge": -114361.66530329405, "demand_charge_savings": 33944.21100266671, "retail_profits": 39326.38736973729, "battery_charge_cost": -21479.0621727757, "battery_discharge_revenues": 26861.23853984633, "battery_retail_profits": 5382.176367070631, "battery_export_revenue": 0.0, "total_profits": 39326.387369737335, "irr": 0.13315, "npv": 85000.285}}