{"key_params": {"location": "CA_Palm.Springs-Thermal", "customer_type": "Office", "demand_charge": 20, "export_price": 0.0, "export_price_type": "None", "battery_size_kWh": 600, "battery_power_kW": 300.0, "min_soc": 0.05, "max_soc": 1.0, "one_way_efficiency": 0.92, "start_soc": 0.5, "n_horizon": 24, "n_control": 12}, "savings": {"old_energy_charge": -504505.05084905605, "new_energy_charge": -503401.19991659, "energy_charge_savings": 1103.8509324660408, "old_demand_charge": -241290.5240082418, "new_demand_charge": -215472.80110520267, "demand_charge_savings": 25817.72290303913, "retail_profits": 26921.573835505173, "battery_charge_cost": -23285.994472258983, "battery_discharge_revenues": 24389.845404725038, "battery_retail_profits": 1103.8509324660554, "battery_export_revenue": 0.0, "total_profits": 26921.573835505187, "irr": 0.0662, "npv": 6742.858}}