{"key_params": {"location": "CA_Montague-Siskiyou.County", "customer_type": "Office", "demand_charge": 20, "export_price": 0.0, "export_price_type": "None", "battery_size_kWh": 600, "battery_power_kW": 300.0, "min_soc": 0.05, "max_soc": 1.0, "one_way_efficiency": 0.92, "start_soc": 0.5, "n_horizon": 24, "n_control": 12}, "savings": {"old_energy_charge": -464567.88622905046, "new_energy_charge": -462456.96864947263, "energy_charge_savings": 2110.9175795778283, "old_demand_charge": -235198.92389926038, "new_demand_charge": -206779.65355211927, "demand_charge_savings": 28419.270347141108, "retail_profits": 30530.187926718936, "battery_charge_cost": -22478.9922181936, "battery_discharge_revenues": 24589.909797771455, "battery_retail_profits": 2110.9175795778538, "battery_export_revenue": 0.0, "total_profits": 30530.18792671896, "irr": 0.08653, "npv": 29508.283}}