{"key_params": {"location": "CA_San.Luis.Obispo", "customer_type": "Hospital", "demand_charge": 20, "export_price": 0.0, "export_price_type": "None", "battery_size_kWh": 600, "battery_power_kW": 300.0, "min_soc": 0.05, "max_soc": 1.0, "one_way_efficiency": 0.92, "start_soc": 0.5, "n_horizon": 24, "n_control": 12}, "savings": {"old_energy_charge": -245543.60548265625, "new_energy_charge": -245609.2624531135, "energy_charge_savings": -65.6569704572612, "old_demand_charge": -81221.68365049337, "new_demand_charge": -69415.19379150009, "demand_charge_savings": 11806.489858993285, "retail_profits": 11740.832888536024, "battery_charge_cost": -19187.250632644635, "battery_discharge_revenues": 19121.593662187388, "battery_retail_profits": -65.65697045724664, "battery_export_revenue": 0.0, "total_profits": 11740.832888536039, "irr": -0.0462, "npv": -95824.994}}