{"key_params": {"location": "CA_Palm.Springs-Thermal", "customer_type": "Restaurant", "demand_charge": 20, "export_price": 0.0, "export_price_type": "None", "battery_size_kWh": 600, "battery_power_kW": 300.0, "min_soc": 0.05, "max_soc": 1.0, "one_way_efficiency": 0.92, "start_soc": 0.5, "n_horizon": 24, "n_control": 12}, "savings": {"old_energy_charge": -546471.3292505714, "new_energy_charge": -544907.7551178127, "energy_charge_savings": 1563.5741327587748, "old_demand_charge": -203674.86784978397, "new_demand_charge": -173864.62853676267, "demand_charge_savings": 29810.239313021302, "retail_profits": 31373.813445780077, "battery_charge_cost": -26037.805596123857, "battery_discharge_revenues": 27601.379728882614, "battery_retail_profits": 1563.5741327587566, "battery_export_revenue": 0.0, "total_profits": 31373.81344578006, "irr": 0.09116, "npv": 34830.408}}