{"key_params": {"location": "CA_Bakersfield-Meadows.Field.723840_TMY3", "customer_type": "Apartment", "demand_charge": 20, "export_price": 0.0, "export_price_type": "None", "battery_size_kWh": 600, "battery_power_kW": 300.0, "min_soc": 0.05, "max_soc": 1.0, "one_way_efficiency": 0.92, "start_soc": 0.5, "n_horizon": 24, "n_control": 12}, "savings": {"old_energy_charge": -350124.035386028, "new_energy_charge": -344805.342339231, "energy_charge_savings": 5318.693046797009, "old_demand_charge": -150433.93947302902, "new_demand_charge": -117744.79551385826, "demand_charge_savings": 32689.14395917076, "retail_profits": 38007.83700596777, "battery_charge_cost": -21476.665527773657, "battery_discharge_revenues": 26795.358574570604, "battery_retail_profits": 5318.693046796947, "battery_export_revenue": 0.0, "total_profits": 38007.83700596771, "irr": 0.12637, "npv": 76682.033}}