{"key_params": {"location": "CA_Truckee.Tahoe", "customer_type": "Market", "demand_charge": 20, "export_price": 0.0, "export_price_type": "None", "battery_size_kWh": 600, "battery_power_kW": 300.0, "min_soc": 0.05, "max_soc": 1.0, "one_way_efficiency": 0.92, "start_soc": 0.5, "n_horizon": 24, "n_control": 12}, "savings": {"old_energy_charge": -410135.14474256156, "new_energy_charge": -409934.9046373524, "energy_charge_savings": 200.24010520917363, "old_demand_charge": -163370.73234070232, "new_demand_charge": -139390.81188841377, "demand_charge_savings": 23979.920452288556, "retail_profits": 24180.16055749773, "battery_charge_cost": -23750.7715368901, "battery_discharge_revenues": 23951.01164209928, "battery_retail_profits": 200.2401052091809, "battery_export_revenue": 0.0, "total_profits": 24180.160557497737, "irr": 0.05011, "npv": -10551.714}}