{"key_params": {"location": "CA_Lemoore.NAS.747020_TMY3", "customer_type": "Office", "demand_charge": 20, "export_price": 0.0, "export_price_type": "None", "battery_size_kWh": 600, "battery_power_kW": 300.0, "min_soc": 0.05, "max_soc": 1.0, "one_way_efficiency": 0.92, "start_soc": 0.5, "n_horizon": 24, "n_control": 12}, "savings": {"old_energy_charge": -319322.29481898085, "new_energy_charge": -318158.0816827581, "energy_charge_savings": 1164.2131362227374, "old_demand_charge": -169199.620910129, "new_demand_charge": -143144.91348764836, "demand_charge_savings": 26054.707422480627, "retail_profits": 27218.920558703365, "battery_charge_cost": -23052.942236452276, "battery_discharge_revenues": 24217.15537267506, "battery_retail_profits": 1164.2131362227847, "battery_export_revenue": 0.0, "total_profits": 27218.920558703412, "irr": 0.06791, "npv": 8618.71}}