{"key_params": {"location": "CA_San.Francisco.Intl", "customer_type": "Office", "demand_charge": 20, "export_price": 0.0, "export_price_type": "None", "battery_size_kWh": 600, "battery_power_kW": 300.0, "min_soc": 0.05, "max_soc": 1.0, "one_way_efficiency": 0.92, "start_soc": 0.5, "n_horizon": 24, "n_control": 12}, "savings": {"old_energy_charge": -291122.2868505939, "new_energy_charge": -289997.9607992035, "energy_charge_savings": 1124.3260513904388, "old_demand_charge": -146796.38066756993, "new_demand_charge": -123598.17551107623, "demand_charge_savings": 23198.2051564937, "retail_profits": 24322.531207884138, "battery_charge_cost": -23142.696623715474, "battery_discharge_revenues": 24267.022675105894, "battery_retail_profits": 1124.3260513904206, "battery_export_revenue": 0.0, "total_profits": 24322.53120788412, "irr": 0.05096, "npv": -9653.55}}