{"key_params": {"location": "CA_San.Luis.Obispo", "customer_type": "Hotel", "demand_charge": 20, "export_price": 0.0, "export_price_type": "None", "battery_size_kWh": 600, "battery_power_kW": 300.0, "min_soc": 0.05, "max_soc": 1.0, "one_way_efficiency": 0.92, "start_soc": 0.5, "n_horizon": 24, "n_control": 12}, "savings": {"old_energy_charge": -380403.9917264596, "new_energy_charge": -376943.42184058024, "energy_charge_savings": 3460.5698858793476, "old_demand_charge": -150848.40081212024, "new_demand_charge": -112239.21199358074, "demand_charge_savings": 38609.18881853949, "retail_profits": 42069.75870441884, "battery_charge_cost": -27701.087382551086, "battery_discharge_revenues": 31161.657268430474, "battery_retail_profits": 3460.5698858793876, "battery_export_revenue": 0.0, "total_profits": 42069.758704418884, "irr": 0.14707, "npv": 102307.21}}