{"key_params": {"location": "CA_Carlsbad.722927_TMY3", "customer_type": "Office", "demand_charge": 20, "export_price": 0.0, "export_price_type": "None", "battery_size_kWh": 600, "battery_power_kW": 300.0, "min_soc": 0.05, "max_soc": 1.0, "one_way_efficiency": 0.92, "start_soc": 0.5, "n_horizon": 24, "n_control": 12}, "savings": {"old_energy_charge": -301068.4784392764, "new_energy_charge": -300510.03843281174, "energy_charge_savings": 558.4400064646616, "old_demand_charge": -150337.95560326052, "new_demand_charge": -129704.96849751107, "demand_charge_savings": 20632.987105749446, "retail_profits": 21191.427112214107, "battery_charge_cost": -23150.61898053365, "battery_discharge_revenues": 23709.058986998312, "battery_retail_profits": 558.4400064646616, "battery_export_revenue": 0.0, "total_profits": 21191.427112214107, "irr": 0.03173, "npv": -29442.025}}