{"key_params": {"location": "CA_Redding.Muni", "customer_type": "Restaurant", "demand_charge": 20, "export_price": 0.0, "export_price_type": "None", "battery_size_kWh": 600, "battery_power_kW": 300.0, "min_soc": 0.05, "max_soc": 1.0, "one_way_efficiency": 0.92, "start_soc": 0.5, "n_horizon": 24, "n_control": 12}, "savings": {"old_energy_charge": -461453.6908536907, "new_energy_charge": -460796.6981735339, "energy_charge_savings": 656.9926801568363, "old_demand_charge": -167071.82999890708, "new_demand_charge": -140648.39185485936, "demand_charge_savings": 26423.438144047715, "retail_profits": 27080.43082420455, "battery_charge_cost": -28506.44381883904, "battery_discharge_revenues": 29163.436498995845, "battery_retail_profits": 656.9926801568035, "battery_export_revenue": 0.0, "total_profits": 27080.43082420452, "irr": 0.06711, "npv": 7745.029}}