{"key_params": {"location": "CA_Fresno.Air.Terminal.723890_TMY3", "customer_type": "Hotel", "demand_charge": 20, "export_price": 0.0, "export_price_type": "None", "battery_size_kWh": 600, "battery_power_kW": 300.0, "min_soc": 0.05, "max_soc": 1.0, "one_way_efficiency": 0.92, "start_soc": 0.5, "n_horizon": 24, "n_control": 12}, "savings": {"old_energy_charge": -333037.74914809753, "new_energy_charge": -330813.6689567365, "energy_charge_savings": 2224.0801913610194, "old_demand_charge": -121924.41607746805, "new_demand_charge": -87644.55422945318, "demand_charge_savings": 34279.86184801487, "retail_profits": 36503.94203937589, "battery_charge_cost": -29610.789366014837, "battery_discharge_revenues": 31834.869557375823, "battery_retail_profits": 2224.0801913609866, "battery_export_revenue": 0.0, "total_profits": 36503.94203937586, "irr": 0.11856, "npv": 67194.511}}