{"key_params": {"location": "CA_San.Jose.Intl", "customer_type": "Hotel", "demand_charge": 20, "export_price": 0.0, "export_price_type": "None", "battery_size_kWh": 600, "battery_power_kW": 300.0, "min_soc": 0.05, "max_soc": 1.0, "one_way_efficiency": 0.92, "start_soc": 0.5, "n_horizon": 24, "n_control": 12}, "savings": {"old_energy_charge": -348613.89933278284, "new_energy_charge": -346266.7853946318, "energy_charge_savings": 2347.113938151044, "old_demand_charge": -128561.69418005817, "new_demand_charge": -93136.00230412702, "demand_charge_savings": 35425.69187593115, "retail_profits": 37772.805814082196, "battery_charge_cost": -30004.36515053695, "battery_discharge_revenues": 32351.479088687956, "battery_retail_profits": 2347.1139381510075, "battery_export_revenue": 0.0, "total_profits": 37772.80581408216, "irr": 0.12516, "npv": 75199.308}}