{"key_params": {"location": "CA_Point.Mugu.NAS.723910_TMY3", "customer_type": "Market", "demand_charge": 20, "export_price": 0.0, "export_price_type": "None", "battery_size_kWh": 600, "battery_power_kW": 300.0, "min_soc": 0.05, "max_soc": 1.0, "one_way_efficiency": 0.92, "start_soc": 0.5, "n_horizon": 24, "n_control": 12}, "savings": {"old_energy_charge": -365571.19078204787, "new_energy_charge": -366475.9116274019, "energy_charge_savings": -904.7208453540225, "old_demand_charge": -137617.93901019226, "new_demand_charge": -116649.89955841712, "demand_charge_savings": 20968.03945177514, "retail_profits": 20063.31860642112, "battery_charge_cost": -23715.80716179192, "battery_discharge_revenues": 22811.086316437908, "battery_retail_profits": -904.7208453540115, "battery_export_revenue": 0.0, "total_profits": 20063.31860642113, "irr": 0.02441, "npv": -36662.009}}