{"key_params": {"location": "CA_Palm.Springs.Intl", "customer_type": "Office", "demand_charge": 20, "export_price": 0.0, "export_price_type": "None", "battery_size_kWh": 600, "battery_power_kW": 300.0, "min_soc": 0.05, "max_soc": 1.0, "one_way_efficiency": 0.92, "start_soc": 0.5, "n_horizon": 24, "n_control": 12}, "savings": {"old_energy_charge": -343007.3411737801, "new_energy_charge": -341208.3198280639, "energy_charge_savings": 1799.0213457162026, "old_demand_charge": -177072.22953182255, "new_demand_charge": -153547.98774528597, "demand_charge_savings": 23524.241786536586, "retail_profits": 25323.26313225279, "battery_charge_cost": -22998.785032910346, "battery_discharge_revenues": 24797.806378626574, "battery_retail_profits": 1799.021345716228, "battery_export_revenue": 0.0, "total_profits": 25323.263132252814, "irr": 0.0569, "npv": -3340.299}}