{"key_params": {"location": "CA_March.AFB.722860_TMY3", "customer_type": "Hotel", "demand_charge": 20, "export_price": 0.0, "export_price_type": "None", "battery_size_kWh": 600, "battery_power_kW": 300.0, "min_soc": 0.05, "max_soc": 1.0, "one_way_efficiency": 0.92, "start_soc": 0.5, "n_horizon": 24, "n_control": 12}, "savings": {"old_energy_charge": -379929.1671408328, "new_energy_charge": -376137.9994800216, "energy_charge_savings": 3791.1676608112175, "old_demand_charge": -150170.64092594438, "new_demand_charge": -113800.46501070813, "demand_charge_savings": 36370.17591523625, "retail_profits": 40161.34357604747, "battery_charge_cost": -26152.934701337374, "battery_discharge_revenues": 29944.102362148613, "battery_retail_profits": 3791.1676608112393, "battery_export_revenue": 0.0, "total_profits": 40161.34357604749, "irr": 0.13742, "npv": 90267.718}}