{"key_params": {"location": "CA_Santa.Rosa.AWOS.724957_TMY3", "customer_type": "Office", "demand_charge": 20, "export_price": 0.0, "export_price_type": "None", "battery_size_kWh": 600, "battery_power_kW": 300.0, "min_soc": 0.05, "max_soc": 1.0, "one_way_efficiency": 0.92, "start_soc": 0.5, "n_horizon": 24, "n_control": 12}, "savings": {"old_energy_charge": -489051.1255268578, "new_energy_charge": -487261.51485399675, "energy_charge_savings": 1789.6106728610466, "old_demand_charge": -261899.00682107266, "new_demand_charge": -231558.00713522738, "demand_charge_savings": 30340.99968584528, "retail_profits": 32130.610358706326, "battery_charge_cost": -22747.63169793371, "battery_discharge_revenues": 24537.242370794756, "battery_retail_profits": 1789.6106728610466, "battery_export_revenue": 0.0, "total_profits": 32130.610358706326, "irr": 0.09529, "npv": 39604.762}}