{"key_params": {"location": "CA_Chula.Vista-Brown.Field.Muni", "customer_type": "Hotel", "demand_charge": 20, "export_price": 0.0, "export_price_type": "None", "battery_size_kWh": 600, "battery_power_kW": 300.0, "min_soc": 0.05, "max_soc": 1.0, "one_way_efficiency": 0.92, "start_soc": 0.5, "n_horizon": 24, "n_control": 12}, "savings": {"old_energy_charge": -370377.7327450975, "new_energy_charge": -367100.7752136334, "energy_charge_savings": 3276.9575314641115, "old_demand_charge": -144081.30958435114, "new_demand_charge": -105529.7549448431, "demand_charge_savings": 38551.554639508046, "retail_profits": 41828.51217097216, "battery_charge_cost": -28591.38012397389, "battery_discharge_revenues": 31868.337655437863, "battery_retail_profits": 3276.9575314639733, "battery_export_revenue": 0.0, "total_profits": 41828.51217097202, "irr": 0.14586, "npv": 100785.274}}