{"key_params": {"location": "CA_Oxnard", "customer_type": "Hotel", "demand_charge": 20, "export_price": 0.0, "export_price_type": "None", "battery_size_kWh": 600, "battery_power_kW": 300.0, "min_soc": 0.05, "max_soc": 1.0, "one_way_efficiency": 0.92, "start_soc": 0.5, "n_horizon": 24, "n_control": 12}, "savings": {"old_energy_charge": -345193.9336383007, "new_energy_charge": -342894.7774747391, "energy_charge_savings": 2299.1561635615653, "old_demand_charge": -126340.58769930436, "new_demand_charge": -90982.66277161152, "demand_charge_savings": 35357.924927692846, "retail_profits": 37657.08109125441, "battery_charge_cost": -30071.98917590143, "battery_discharge_revenues": 32371.14533946302, "battery_retail_profits": 2299.156163561587, "battery_export_revenue": 0.0, "total_profits": 37657.08109125443, "irr": 0.12456, "npv": 74469.243}}