{"key_params": {"location": "CA_Blythe-Riverside.County", "customer_type": "School", "demand_charge": 20, "export_price": 0.0, "export_price_type": "None", "battery_size_kWh": 600, "battery_power_kW": 300.0, "min_soc": 0.05, "max_soc": 1.0, "one_way_efficiency": 0.92, "start_soc": 0.5, "n_horizon": 24, "n_control": 12}, "savings": {"old_energy_charge": -444103.0942242446, "new_energy_charge": -441773.30995121866, "energy_charge_savings": 2329.784273025929, "old_demand_charge": -259479.89451856175, "new_demand_charge": -229472.8111831838, "demand_charge_savings": 30007.083335377945, "retail_profits": 32336.867608403874, "battery_charge_cost": -22521.886329926536, "battery_discharge_revenues": 24851.670602952487, "battery_retail_profits": 2329.784273025951, "battery_export_revenue": 0.0, "total_profits": 32336.867608403896, "irr": 0.0964, "npv": 40905.964}}