{"key_params": {"location": "CA_Yuba.County", "customer_type": "School", "demand_charge": 20, "export_price": 0.0, "export_price_type": "None", "battery_size_kWh": 600, "battery_power_kW": 300.0, "min_soc": 0.05, "max_soc": 1.0, "one_way_efficiency": 0.92, "start_soc": 0.5, "n_horizon": 24, "n_control": 12}, "savings": {"old_energy_charge": -614260.4236947953, "new_energy_charge": -610910.1833418455, "energy_charge_savings": 3350.240352949826, "old_demand_charge": -381465.97783916316, "new_demand_charge": -339497.96967500215, "demand_charge_savings": 41968.008164161, "retail_profits": 45318.24851711083, "battery_charge_cost": -21951.612941495252, "battery_discharge_revenues": 25301.853294445064, "battery_retail_profits": 3350.2403529498115, "battery_export_revenue": 0.0, "total_profits": 45318.24851711081, "irr": 0.16326, "npv": 122800.743}}