{"key_params": {"location": "CA_Barstow.Daggett", "customer_type": "Restaurant", "demand_charge": 20, "export_price": 0.0, "export_price_type": "None", "battery_size_kWh": 600, "battery_power_kW": 300.0, "min_soc": 0.05, "max_soc": 1.0, "one_way_efficiency": 0.92, "start_soc": 0.5, "n_horizon": 24, "n_control": 12}, "savings": {"old_energy_charge": -478921.1010597941, "new_energy_charge": -477805.1043385059, "energy_charge_savings": 1115.9967212881893, "old_demand_charge": -172342.1112034801, "new_demand_charge": -145856.42372510195, "demand_charge_savings": 26485.687478378153, "retail_profits": 27601.684199666342, "battery_charge_cost": -27724.143327392532, "battery_discharge_revenues": 28840.14004868071, "battery_retail_profits": 1115.9967212881784, "battery_export_revenue": 0.0, "total_profits": 27601.68419966633, "irr": 0.0701, "npv": 11033.426}}