{"key_params": {"location": "CA_Ukiah.Muni", "customer_type": "Restaurant", "demand_charge": 20, "export_price": 0.0, "export_price_type": "None", "battery_size_kWh": 600, "battery_power_kW": 300.0, "min_soc": 0.05, "max_soc": 1.0, "one_way_efficiency": 0.92, "start_soc": 0.5, "n_horizon": 24, "n_control": 12}, "savings": {"old_energy_charge": -478275.79438405024, "new_energy_charge": -476792.05972225836, "energy_charge_savings": 1483.734661791881, "old_demand_charge": -181045.8021178231, "new_demand_charge": -150891.537894452, "demand_charge_savings": 30154.26422337111, "retail_profits": 31637.99888516299, "battery_charge_cost": -26499.587566385944, "battery_discharge_revenues": 27983.322228177778, "battery_retail_profits": 1483.7346617918338, "battery_export_revenue": 0.0, "total_profits": 31637.998885162942, "irr": 0.0926, "npv": 36497.057}}