{"key_params": {"location": "CA_Los.Angeles.Intl", "customer_type": "Hospital", "demand_charge": 20, "export_price": 0.0, "export_price_type": "None", "battery_size_kWh": 600, "battery_power_kW": 300.0, "min_soc": 0.05, "max_soc": 1.0, "one_way_efficiency": 0.92, "start_soc": 0.5, "n_horizon": 24, "n_control": 12}, "savings": {"old_energy_charge": -244663.31417139943, "new_energy_charge": -244623.32155180158, "energy_charge_savings": 39.992619597847806, "old_demand_charge": -79679.27009056778, "new_demand_charge": -69577.94409019426, "demand_charge_savings": 10101.32600037352, "retail_profits": 10141.318619971367, "battery_charge_cost": -19105.734822473565, "battery_discharge_revenues": 19145.727442071446, "battery_retail_profits": 39.99261959788055, "battery_export_revenue": 0.0, "total_profits": 10141.3186199714, "irr": -0.06483, "npv": -108598.095}}