{"key_params": {"location": "CA_Bishop", "customer_type": "School", "demand_charge": 20, "export_price": 0.0, "export_price_type": "None", "battery_size_kWh": 600, "battery_power_kW": 300.0, "min_soc": 0.05, "max_soc": 1.0, "one_way_efficiency": 0.92, "start_soc": 0.5, "n_horizon": 24, "n_control": 12}, "savings": {"old_energy_charge": -586533.3588211343, "new_energy_charge": -583625.4994607373, "energy_charge_savings": 2907.8593603969784, "old_demand_charge": -353897.52772411867, "new_demand_charge": -316808.1673829614, "demand_charge_savings": 37089.3603411573, "retail_profits": 39997.21970155428, "battery_charge_cost": -22208.92118313378, "battery_discharge_revenues": 25116.780543530862, "battery_retail_profits": 2907.8593603970803, "battery_export_revenue": 0.0, "total_profits": 39997.21970155438, "irr": 0.13658, "npv": 89232.32}}