{"key_params": {"location": "CA_Blue.Canyon", "customer_type": "Apartment", "demand_charge": 20, "export_price": 0.0, "export_price_type": "None", "battery_size_kWh": 600, "battery_power_kW": 300.0, "min_soc": 0.05, "max_soc": 1.0, "one_way_efficiency": 0.92, "start_soc": 0.5, "n_horizon": 24, "n_control": 12}, "savings": {"old_energy_charge": -325202.9139844088, "new_energy_charge": -319876.930983902, "energy_charge_savings": 5325.983000506763, "old_demand_charge": -139451.3904088349, "new_demand_charge": -106990.89728329885, "demand_charge_savings": 32460.493125536057, "retail_profits": 37786.47612604282, "battery_charge_cost": -21504.319229182776, "battery_discharge_revenues": 26830.302229689467, "battery_retail_profits": 5325.983000506691, "battery_export_revenue": 0.0, "total_profits": 37786.47612604275, "irr": 0.12523, "npv": 75285.549}}