{"key_params": {"location": "CA_Palm.Springs.Intl", "customer_type": "Hotel", "demand_charge": 20, "export_price": 0.0, "export_price_type": "None", "battery_size_kWh": 600, "battery_power_kW": 300.0, "min_soc": 0.05, "max_soc": 1.0, "one_way_efficiency": 0.92, "start_soc": 0.5, "n_horizon": 24, "n_control": 12}, "savings": {"old_energy_charge": -305068.4811424283, "new_energy_charge": -303023.07315638586, "energy_charge_savings": 2045.407986042439, "old_demand_charge": -109778.29919077503, "new_demand_charge": -77680.57670326233, "demand_charge_savings": 32097.7224875127, "retail_profits": 34143.13047355514, "battery_charge_cost": -29048.552388043714, "battery_discharge_revenues": 31093.960374086142, "battery_retail_profits": 2045.407986042428, "battery_export_revenue": 0.0, "total_profits": 34143.130473555124, "irr": 0.10611, "npv": 52301.015}}