{"key_params": {"location": "CA_Oxnard", "customer_type": "Restaurant", "demand_charge": 20, "export_price": 0.0, "export_price_type": "None", "battery_size_kWh": 600, "battery_power_kW": 300.0, "min_soc": 0.05, "max_soc": 1.0, "one_way_efficiency": 0.92, "start_soc": 0.5, "n_horizon": 24, "n_control": 12}, "savings": {"old_energy_charge": -455692.14340033004, "new_energy_charge": -456245.52470148564, "energy_charge_savings": -553.3813011556049, "old_demand_charge": -158096.82392849203, "new_demand_charge": -129125.74471547018, "demand_charge_savings": 28971.079213021847, "retail_profits": 28417.697911866242, "battery_charge_cost": -29577.626497546513, "battery_discharge_revenues": 29024.245196390948, "battery_retail_profits": -553.3813011555649, "battery_export_revenue": 0.0, "total_profits": 28417.697911866282, "irr": 0.07473, "npv": 16181.357}}