{"key_params": {"location": "CA_Fullerton.Muni", "customer_type": "Hotel", "demand_charge": 20, "export_price": 0.0, "export_price_type": "None", "battery_size_kWh": 600, "battery_power_kW": 300.0, "min_soc": 0.05, "max_soc": 1.0, "one_way_efficiency": 0.92, "start_soc": 0.5, "n_horizon": 24, "n_control": 12}, "savings": {"old_energy_charge": -371825.40686825046, "new_energy_charge": -368085.34760840685, "energy_charge_savings": 3740.059259843605, "old_demand_charge": -144092.340182285, "new_demand_charge": -107466.09471528573, "demand_charge_savings": 36626.24546699927, "retail_profits": 40366.30472684288, "battery_charge_cost": -26812.561709763293, "battery_discharge_revenues": 30552.620969606916, "battery_retail_profits": 3740.0592598436233, "battery_export_revenue": 0.0, "total_profits": 40366.30472684289, "irr": 0.13846, "npv": 91560.743}}