{"key_params": {"location": "CA_Carlsbad.722927_TMY3", "customer_type": "Apartment", "demand_charge": 20, "export_price": 0.0, "export_price_type": "None", "battery_size_kWh": 600, "battery_power_kW": 300.0, "min_soc": 0.05, "max_soc": 1.0, "one_way_efficiency": 0.92, "start_soc": 0.5, "n_horizon": 24, "n_control": 12}, "savings": {"old_energy_charge": -337898.89711308083, "new_energy_charge": -332450.9986202199, "energy_charge_savings": 5447.898492860957, "old_demand_charge": -144533.879017363, "new_demand_charge": -109891.13184147804, "demand_charge_savings": 34642.74717588497, "retail_profits": 40090.64566874593, "battery_charge_cost": -21477.13394997015, "battery_discharge_revenues": 26925.032442831183, "battery_retail_profits": 5447.898492861033, "battery_export_revenue": 0.0, "total_profits": 40090.645668746, "irr": 0.13706, "npv": 89821.711}}