{"key_params": {"location": "CA_Sacramento.Exec", "customer_type": "Office", "demand_charge": 20, "export_price": 0.0, "export_price_type": "None", "battery_size_kWh": 600, "battery_power_kW": 300.0, "min_soc": 0.05, "max_soc": 1.0, "one_way_efficiency": 0.92, "start_soc": 0.5, "n_horizon": 24, "n_control": 12}, "savings": {"old_energy_charge": -309829.6357230231, "new_energy_charge": -308373.66585965664, "energy_charge_savings": 1455.969863366452, "old_demand_charge": -162400.4571524559, "new_demand_charge": -136298.7745453954, "demand_charge_savings": 26101.682607060502, "retail_profits": 27557.652470426954, "battery_charge_cost": -22896.26851254637, "battery_discharge_revenues": 24352.238375912915, "battery_retail_profits": 1455.9698633665466, "battery_export_revenue": 0.0, "total_profits": 27557.65247042705, "irr": 0.06985, "npv": 10755.646}}