{"key_params": {"location": "CA_Sacramento.Metro", "customer_type": "Office", "demand_charge": 20, "export_price": 0.0, "export_price_type": "None", "battery_size_kWh": 600, "battery_power_kW": 300.0, "min_soc": 0.05, "max_soc": 1.0, "one_way_efficiency": 0.92, "start_soc": 0.5, "n_horizon": 24, "n_control": 12}, "savings": {"old_energy_charge": -312267.620832861, "new_energy_charge": -311435.5548358416, "energy_charge_savings": 832.0659970194101, "old_demand_charge": -167515.69957125088, "new_demand_charge": -140512.82627928117, "demand_charge_savings": 27002.873291969707, "retail_profits": 27834.939288989117, "battery_charge_cost": -23099.88042758516, "battery_discharge_revenues": 23931.946424604626, "battery_retail_profits": 832.0659970194647, "battery_export_revenue": 0.0, "total_profits": 27834.93928898917, "irr": 0.07143, "npv": 12504.947}}