{"key_params": {"location": "CA_Los.Angeles.Intl", "customer_type": "Office", "demand_charge": 20, "export_price": 0.0, "export_price_type": "None", "battery_size_kWh": 600, "battery_power_kW": 300.0, "min_soc": 0.05, "max_soc": 1.0, "one_way_efficiency": 0.92, "start_soc": 0.5, "n_horizon": 24, "n_control": 12}, "savings": {"old_energy_charge": -302834.21046715305, "new_energy_charge": -302252.77008085954, "energy_charge_savings": 581.4403862935142, "old_demand_charge": -150166.26498997764, "new_demand_charge": -130267.93034566233, "demand_charge_savings": 19898.334644315313, "retail_profits": 20479.775030608827, "battery_charge_cost": -23128.728475420947, "battery_discharge_revenues": 23710.168861714435, "battery_retail_profits": 581.4403862934887, "battery_export_revenue": 0.0, "total_profits": 20479.775030608802, "irr": 0.02714, "npv": -33989.976}}