{"key_params": {"location": "CA_Crescent.City-Jack.McNamara.Field.725946_TMY3", "customer_type": "Hospital", "demand_charge": 20, "export_price": 0.0, "export_price_type": "None", "battery_size_kWh": 600, "battery_power_kW": 300.0, "min_soc": 0.05, "max_soc": 1.0, "one_way_efficiency": 0.92, "start_soc": 0.5, "n_horizon": 24, "n_control": 12}, "savings": {"old_energy_charge": -250303.05431936483, "new_energy_charge": -250605.72442083302, "energy_charge_savings": -302.6701014681894, "old_demand_charge": -81821.49736226718, "new_demand_charge": -71336.59218194635, "demand_charge_savings": 10484.905180320828, "retail_profits": 10182.235078852638, "battery_charge_cost": -20091.701919176838, "battery_discharge_revenues": 19789.031817708616, "battery_retail_profits": -302.67010146822213, "battery_export_revenue": 0.0, "total_profits": 10182.235078852606, "irr": -0.06433, "npv": -108271.352}}