{"key_params": {"location": "CA_Arcata", "customer_type": "Market", "demand_charge": 20, "export_price": 0.0, "export_price_type": "None", "battery_size_kWh": 600, "battery_power_kW": 300.0, "min_soc": 0.05, "max_soc": 1.0, "one_way_efficiency": 0.92, "start_soc": 0.5, "n_horizon": 24, "n_control": 12}, "savings": {"old_energy_charge": -381717.31916042446, "new_energy_charge": -381929.4737325381, "energy_charge_savings": -212.15457211364992, "old_demand_charge": -147783.72322394862, "new_demand_charge": -125687.48696769711, "demand_charge_savings": 22096.236256251505, "retail_profits": 21884.081684137855, "battery_charge_cost": -23747.642730483156, "battery_discharge_revenues": 23535.488158369586, "battery_retail_profits": -212.15457211356988, "battery_export_revenue": 0.0, "total_profits": 21884.081684137935, "irr": 0.03611, "npv": -25037.118}}