{"key_params": {"location": "CA_Montague-Siskiyou.County", "customer_type": "School", "demand_charge": 20, "export_price": 0.0, "export_price_type": "None", "battery_size_kWh": 600, "battery_power_kW": 300.0, "min_soc": 0.05, "max_soc": 1.0, "one_way_efficiency": 0.92, "start_soc": 0.5, "n_horizon": 24, "n_control": 12}, "savings": {"old_energy_charge": -343207.53615246, "new_energy_charge": -341012.12016408506, "energy_charge_savings": 2195.415988374909, "old_demand_charge": -195232.10832829907, "new_demand_charge": -164086.32471656153, "demand_charge_savings": 31145.78361173754, "retail_profits": 33341.19960011245, "battery_charge_cost": -22651.80708214359, "battery_discharge_revenues": 24847.22307051848, "battery_retail_profits": 2195.4159883748907, "battery_export_revenue": 0.0, "total_profits": 33341.199600112435, "irr": 0.10182, "npv": 47241.927}}