{"key_params": {"location": "CA_Porterville.AWOS.723895_TMY3", "customer_type": "Hotel", "demand_charge": 20, "export_price": 0.0, "export_price_type": "None", "battery_size_kWh": 600, "battery_power_kW": 300.0, "min_soc": 0.05, "max_soc": 1.0, "one_way_efficiency": 0.92, "start_soc": 0.5, "n_horizon": 24, "n_control": 12}, "savings": {"old_energy_charge": -344429.17746318865, "new_energy_charge": -342084.88846882916, "energy_charge_savings": 2344.288994359493, "old_demand_charge": -126709.03324448105, "new_demand_charge": -91781.67290939477, "demand_charge_savings": 34927.36033508628, "retail_profits": 37271.649329445776, "battery_charge_cost": -29543.91835968525, "battery_discharge_revenues": 31888.20735404469, "battery_retail_profits": 2344.288994359442, "battery_export_revenue": 0.0, "total_profits": 37271.649329445725, "irr": 0.12256, "npv": 72037.695}}