{"key_params": {"location": "CA_Bakersfield-Meadows.Field.723840_TMY3", "customer_type": "Restaurant", "demand_charge": 20, "export_price": 0.0, "export_price_type": "None", "battery_size_kWh": 600, "battery_power_kW": 300.0, "min_soc": 0.05, "max_soc": 1.0, "one_way_efficiency": 0.92, "start_soc": 0.5, "n_horizon": 24, "n_control": 12}, "savings": {"old_energy_charge": -504853.0364967853, "new_energy_charge": -502110.1541596243, "energy_charge_savings": 2742.8823371609906, "old_demand_charge": -188636.5406671248, "new_demand_charge": -158873.26400887576, "demand_charge_savings": 29763.27665824903, "retail_profits": 32506.15899541002, "battery_charge_cost": -24922.956342217454, "battery_discharge_revenues": 27665.838679378405, "battery_retail_profits": 2742.8823371609506, "battery_export_revenue": 0.0, "total_profits": 32506.15899540998, "irr": 0.09732, "npv": 41973.961}}