{"key_params": {"location": "CA_Stockton.Metro", "customer_type": "Office", "demand_charge": 20, "export_price": 0.0, "export_price_type": "None", "battery_size_kWh": 600, "battery_power_kW": 300.0, "min_soc": 0.05, "max_soc": 1.0, "one_way_efficiency": 0.92, "start_soc": 0.5, "n_horizon": 24, "n_control": 12}, "savings": {"old_energy_charge": -313121.6121297892, "new_energy_charge": -312076.8874321432, "energy_charge_savings": 1044.7246976459865, "old_demand_charge": -167716.6510152553, "new_demand_charge": -140866.277648125, "demand_charge_savings": 26850.37336713032, "retail_profits": 27895.098064776306, "battery_charge_cost": -23103.192684374226, "battery_discharge_revenues": 24147.917382020223, "battery_retail_profits": 1044.7246976459974, "battery_export_revenue": 0.0, "total_profits": 27895.098064776317, "irr": 0.07177, "npv": 12884.466}}