{"key_params": {"location": "CA_Point.Mugu.NAS.723910_TMY3", "customer_type": "Hotel", "demand_charge": 20, "export_price": 0.0, "export_price_type": "None", "battery_size_kWh": 600, "battery_power_kW": 300.0, "min_soc": 0.05, "max_soc": 1.0, "one_way_efficiency": 0.92, "start_soc": 0.5, "n_horizon": 24, "n_control": 12}, "savings": {"old_energy_charge": -375369.5626036556, "new_energy_charge": -371987.3460959275, "energy_charge_savings": 3382.216507728095, "old_demand_charge": -145216.0105936621, "new_demand_charge": -106285.78703479208, "demand_charge_savings": 38930.22355887001, "retail_profits": 42312.44006659811, "battery_charge_cost": -28431.68197668757, "battery_discharge_revenues": 31813.89848441566, "battery_retail_profits": 3382.216507728088, "battery_export_revenue": 0.0, "total_profits": 42312.4400665981, "irr": 0.14829, "npv": 103838.198}}