{"key_params": {"location": "CA_Palmdale", "customer_type": "Restaurant", "demand_charge": 20, "export_price": 0.0, "export_price_type": "None", "battery_size_kWh": 600, "battery_power_kW": 300.0, "min_soc": 0.05, "max_soc": 1.0, "one_way_efficiency": 0.92, "start_soc": 0.5, "n_horizon": 24, "n_control": 12}, "savings": {"old_energy_charge": -507475.73554708564, "new_energy_charge": -506132.8988563852, "energy_charge_savings": 1342.8366907004383, "old_demand_charge": -188393.41233858853, "new_demand_charge": -160309.73633206254, "demand_charge_savings": 28083.676006525988, "retail_profits": 29426.512697226426, "battery_charge_cost": -27013.19695316187, "battery_discharge_revenues": 28356.033643862338, "battery_retail_profits": 1342.8366907004674, "battery_export_revenue": 0.0, "total_profits": 29426.512697226455, "irr": 0.0804, "npv": 22545.6}}