{"key_params": {"location": "CA_Crescent.City-Jack.McNamara.Field.725946_TMY3", "customer_type": "Office", "demand_charge": 20, "export_price": 0.0, "export_price_type": "None", "battery_size_kWh": 600, "battery_power_kW": 300.0, "min_soc": 0.05, "max_soc": 1.0, "one_way_efficiency": 0.92, "start_soc": 0.5, "n_horizon": 24, "n_control": 12}, "savings": {"old_energy_charge": -369912.59103878983, "new_energy_charge": -368311.2386064122, "energy_charge_savings": 1601.3524323776364, "old_demand_charge": -206189.25122119414, "new_demand_charge": -165961.74941282126, "demand_charge_savings": 40227.50180837288, "retail_profits": 41828.854240750516, "battery_charge_cost": -24143.89802313706, "battery_discharge_revenues": 25745.250455514742, "battery_retail_profits": 1601.3524323776837, "battery_export_revenue": 0.0, "total_profits": 41828.85424075056, "irr": 0.14586, "npv": 100787.432}}