{"key_params": {"location": "CA_Lemoore.NAS.747020_TMY3", "customer_type": "Apartment", "demand_charge": 20, "export_price": 0.0, "export_price_type": "None", "battery_size_kWh": 600, "battery_power_kW": 300.0, "min_soc": 0.05, "max_soc": 1.0, "one_way_efficiency": 0.92, "start_soc": 0.5, "n_horizon": 24, "n_control": 12}, "savings": {"old_energy_charge": -352907.36146186007, "new_energy_charge": -347585.0463707864, "energy_charge_savings": 5322.315091073688, "old_demand_charge": -153440.1708962991, "new_demand_charge": -121604.99974392398, "demand_charge_savings": 31835.171152375115, "retail_profits": 37157.4862434488, "battery_charge_cost": -21470.19684462701, "battery_discharge_revenues": 26792.511935700637, "battery_retail_profits": 5322.315091073626, "battery_export_revenue": 0.0, "total_profits": 37157.486243448744, "irr": 0.12197, "npv": 71317.482}}