{"key_params": {"location": "CA_Salinas.Muni", "customer_type": "Market", "demand_charge": 20, "export_price": 0.0, "export_price_type": "None", "battery_size_kWh": 600, "battery_power_kW": 300.0, "min_soc": 0.05, "max_soc": 1.0, "one_way_efficiency": 0.92, "start_soc": 0.5, "n_horizon": 24, "n_control": 12}, "savings": {"old_energy_charge": -372624.183993982, "new_energy_charge": -372444.9296174868, "energy_charge_savings": 179.2543764951988, "old_demand_charge": -146222.35634210712, "new_demand_charge": -122685.01940165693, "demand_charge_savings": 23537.336940450186, "retail_profits": 23716.591316945385, "battery_charge_cost": -23787.667222875796, "battery_discharge_revenues": 23966.921599370973, "battery_retail_profits": 179.25437649517698, "battery_export_revenue": 0.0, "total_profits": 23716.591316945363, "irr": 0.04733, "npv": -13476.203}}