{"key_params": {"location": "CA_Twentynine.Palms.690150_TMY3", "customer_type": "Restaurant", "demand_charge": 20, "export_price": 0.0, "export_price_type": "None", "battery_size_kWh": 600, "battery_power_kW": 300.0, "min_soc": 0.05, "max_soc": 1.0, "one_way_efficiency": 0.92, "start_soc": 0.5, "n_horizon": 24, "n_control": 12}, "savings": {"old_energy_charge": -482107.6087638631, "new_energy_charge": -482055.7147327101, "energy_charge_savings": 51.89403115300229, "old_demand_charge": -173646.39841232306, "new_demand_charge": -148172.29529585375, "demand_charge_savings": 25474.103116469312, "retail_profits": 25525.997147622315, "battery_charge_cost": -28843.922608351593, "battery_discharge_revenues": 28895.81663950452, "battery_retail_profits": 51.89403115292589, "battery_export_revenue": 0.0, "total_profits": 25525.997147622238, "irr": 0.05809, "npv": -2061.324}}