{"key_params": {"location": "CA_Twentynine.Palms.690150_TMY3", "customer_type": "School", "demand_charge": 20, "export_price": 0.0, "export_price_type": "None", "battery_size_kWh": 600, "battery_power_kW": 300.0, "min_soc": 0.05, "max_soc": 1.0, "one_way_efficiency": 0.92, "start_soc": 0.5, "n_horizon": 24, "n_control": 12}, "savings": {"old_energy_charge": -410619.95491094084, "new_energy_charge": -408948.3656802947, "energy_charge_savings": 1671.5892306461465, "old_demand_charge": -247497.6868081094, "new_demand_charge": -219088.57754100085, "demand_charge_savings": 28409.10926710855, "retail_profits": 30080.698497754696, "battery_charge_cost": -22811.68006914626, "battery_discharge_revenues": 24483.269299792442, "battery_retail_profits": 1671.5892306461828, "battery_export_revenue": 0.0, "total_profits": 30080.698497754733, "irr": 0.08404, "npv": 26672.619}}