{"key_params": {"location": "CA_Sacramento.Metro", "customer_type": "Apartment", "demand_charge": 20, "export_price": 0.0, "export_price_type": "None", "battery_size_kWh": 600, "battery_power_kW": 300.0, "min_soc": 0.05, "max_soc": 1.0, "one_way_efficiency": 0.92, "start_soc": 0.5, "n_horizon": 24, "n_control": 12}, "savings": {"old_energy_charge": -352256.95620486885, "new_energy_charge": -346958.58942150255, "energy_charge_savings": 5298.366783366306, "old_demand_charge": -159219.70599043893, "new_demand_charge": -126656.06712668114, "demand_charge_savings": 32563.63886375779, "retail_profits": 37862.0056471241, "battery_charge_cost": -21465.201371188672, "battery_discharge_revenues": 26763.568154555025, "battery_retail_profits": 5298.366783366353, "battery_export_revenue": 0.0, "total_profits": 37862.00564712414, "irr": 0.12562, "npv": 75762.037}}