{"key_params": {"location": "CA_Point.Mugu.NAS.723910_TMY3", "customer_type": "Office", "demand_charge": 20, "export_price": 0.0, "export_price_type": "None", "battery_size_kWh": 600, "battery_power_kW": 300.0, "min_soc": 0.05, "max_soc": 1.0, "one_way_efficiency": 0.92, "start_soc": 0.5, "n_horizon": 24, "n_control": 12}, "savings": {"old_energy_charge": -294966.93581335346, "new_energy_charge": -294751.025177699, "energy_charge_savings": 215.9106356544653, "old_demand_charge": -145916.68216672743, "new_demand_charge": -125609.69194193611, "demand_charge_savings": 20306.990224791327, "retail_profits": 20522.900860445792, "battery_charge_cost": -23127.71410337827, "battery_discharge_revenues": 23343.624739032733, "battery_retail_profits": 215.9106356544653, "battery_export_revenue": 0.0, "total_profits": 20522.900860445792, "irr": 0.02742, "npv": -33713.276}}