{"key_params": {"location": "CA_Santa.Ana-John.Wayne", "customer_type": "Apartment", "demand_charge": 20, "export_price": 0.0, "export_price_type": "None", "battery_size_kWh": 600, "battery_power_kW": 300.0, "min_soc": 0.05, "max_soc": 1.0, "one_way_efficiency": 0.92, "start_soc": 0.5, "n_horizon": 24, "n_control": 12}, "savings": {"old_energy_charge": -345687.4389607119, "new_energy_charge": -340238.37466322107, "energy_charge_savings": 5449.064297490811, "old_demand_charge": -147967.98903834465, "new_demand_charge": -114276.20909261095, "demand_charge_savings": 33691.779945733695, "retail_profits": 39140.84424322451, "battery_charge_cost": -21463.549657514046, "battery_discharge_revenues": 26912.61395500488, "battery_retail_profits": 5449.064297490833, "battery_export_revenue": 0.0, "total_profits": 39140.84424322453, "irr": 0.1322, "npv": 83829.761}}