{"key_params": {"location": "CA_Alturas.725958_TMY3", "customer_type": "Hotel", "demand_charge": 20, "export_price": 0.0, "export_price_type": "None", "battery_size_kWh": 600, "battery_power_kW": 300.0, "min_soc": 0.05, "max_soc": 1.0, "one_way_efficiency": 0.92, "start_soc": 0.5, "n_horizon": 24, "n_control": 12}, "savings": {"old_energy_charge": -352325.4263100411, "new_energy_charge": -349593.6375769836, "energy_charge_savings": 2731.788733057503, "old_demand_charge": -132208.36910976894, "new_demand_charge": -95406.03073171938, "demand_charge_savings": 36802.338378049564, "retail_profits": 39534.12711110707, "battery_charge_cost": -29629.954864901243, "battery_discharge_revenues": 32361.743597958728, "battery_retail_profits": 2731.788733057485, "battery_export_revenue": 0.0, "total_profits": 39534.12711110705, "irr": 0.13422, "npv": 86310.839}}