{"key_params": {"location": "CA_Sacramento.Exec", "customer_type": "Restaurant", "demand_charge": 20, "export_price": 0.0, "export_price_type": "None", "battery_size_kWh": 600, "battery_power_kW": 300.0, "min_soc": 0.05, "max_soc": 1.0, "one_way_efficiency": 0.92, "start_soc": 0.5, "n_horizon": 24, "n_control": 12}, "savings": {"old_energy_charge": -450032.3302464233, "new_energy_charge": -449293.00041674543, "energy_charge_savings": 739.3298296778812, "old_demand_charge": -163549.8521390608, "new_demand_charge": -135480.58363945456, "demand_charge_savings": 28069.26849960623, "retail_profits": 28808.598329284112, "battery_charge_cost": -28373.70179874732, "battery_discharge_revenues": 29113.031628425157, "battery_retail_profits": 739.3298296778376, "battery_export_revenue": 0.0, "total_profits": 28808.59832928407, "irr": 0.07694, "npv": 18647.405}}