{"key_params": {"location": "CA_Concord-Buchanan.Field.724936_TMY3", "customer_type": "Office", "demand_charge": 20, "export_price": 0.0, "export_price_type": "None", "battery_size_kWh": 600, "battery_power_kW": 300.0, "min_soc": 0.05, "max_soc": 1.0, "one_way_efficiency": 0.92, "start_soc": 0.5, "n_horizon": 24, "n_control": 12}, "savings": {"old_energy_charge": -303272.0446135894, "new_energy_charge": -301853.57757331786, "energy_charge_savings": 1418.4670402715565, "old_demand_charge": -159974.29802569063, "new_demand_charge": -134222.9199009323, "demand_charge_savings": 25751.37812475834, "retail_profits": 27169.845165029896, "battery_charge_cost": -23039.296587503126, "battery_discharge_revenues": 24457.763627774686, "battery_retail_profits": 1418.46704027156, "battery_export_revenue": 0.0, "total_profits": 27169.8451650299, "irr": 0.06763, "npv": 8309.111}}