{"key_params": {"location": "CA_Los.Angeles.Intl", "customer_type": "School", "demand_charge": 20, "export_price": 0.0, "export_price_type": "None", "battery_size_kWh": 600, "battery_power_kW": 300.0, "min_soc": 0.05, "max_soc": 1.0, "one_way_efficiency": 0.92, "start_soc": 0.5, "n_horizon": 24, "n_control": 12}, "savings": {"old_energy_charge": -583886.2363865076, "new_energy_charge": -581077.422448438, "energy_charge_savings": 2808.813938069623, "old_demand_charge": -360207.39483446593, "new_demand_charge": -330788.11598787527, "demand_charge_savings": 29419.278846590663, "retail_profits": 32228.092784660286, "battery_charge_cost": -22444.25425995097, "battery_discharge_revenues": 25253.068198020563, "battery_retail_profits": 2808.813938069594, "battery_export_revenue": 0.0, "total_profits": 32228.092784660257, "irr": 0.09581, "npv": 40219.743}}