{"key_params": {"location": "CA_Barstow.Daggett", "customer_type": "Office", "demand_charge": 20, "export_price": 0.0, "export_price_type": "None", "battery_size_kWh": 600, "battery_power_kW": 300.0, "min_soc": 0.05, "max_soc": 1.0, "one_way_efficiency": 0.92, "start_soc": 0.5, "n_horizon": 24, "n_control": 12}, "savings": {"old_energy_charge": -428681.0498625708, "new_energy_charge": -425636.0851564748, "energy_charge_savings": 3044.9647060960415, "old_demand_charge": -262403.9814496575, "new_demand_charge": -222330.1199622451, "demand_charge_savings": 40073.86148741242, "retail_profits": 43118.82619350846, "battery_charge_cost": -22725.57250236583, "battery_discharge_revenues": 25770.5372084619, "battery_retail_profits": 3044.9647060960706, "battery_export_revenue": 0.0, "total_profits": 43118.82619350849, "irr": 0.15233, "npv": 108925.393}}