{"key_params": {"location": "CA_Visalia.Muni.AWOS.723896_TMY3", "customer_type": "Hotel", "demand_charge": 20, "export_price": 0.0, "export_price_type": "None", "battery_size_kWh": 600, "battery_power_kW": 300.0, "min_soc": 0.05, "max_soc": 1.0, "one_way_efficiency": 0.92, "start_soc": 0.5, "n_horizon": 24, "n_control": 12}, "savings": {"old_energy_charge": -376480.63512240525, "new_energy_charge": -372317.67014549556, "energy_charge_savings": 4162.964976909687, "old_demand_charge": -152775.24710790708, "new_demand_charge": -114996.17801481468, "demand_charge_savings": 37779.0690930924, "retail_profits": 41942.03407000209, "battery_charge_cost": -25269.125838345328, "battery_discharge_revenues": 29432.09081525508, "battery_retail_profits": 4162.964976909752, "battery_export_revenue": 0.0, "total_profits": 41942.034070002155, "irr": 0.14643, "npv": 101501.442}}