{"key_params": {"location": "CA_Ukiah.Muni", "customer_type": "Hotel", "demand_charge": 20, "export_price": 0.0, "export_price_type": "None", "battery_size_kWh": 600, "battery_power_kW": 300.0, "min_soc": 0.05, "max_soc": 1.0, "one_way_efficiency": 0.92, "start_soc": 0.5, "n_horizon": 24, "n_control": 12}, "savings": {"old_energy_charge": -346478.8273841392, "new_energy_charge": -343835.43410973676, "energy_charge_savings": 2643.3932744024205, "old_demand_charge": -129672.44845138122, "new_demand_charge": -93931.99316464963, "demand_charge_savings": 35740.455286731594, "retail_profits": 38383.848561134015, "battery_charge_cost": -28867.793501038534, "battery_discharge_revenues": 31511.186775440878, "battery_retail_profits": 2643.393274402344, "battery_export_revenue": 0.0, "total_profits": 38383.84856113394, "irr": 0.12831, "npv": 79054.153}}