{"key_params": {"location": "CA_Palmdale", "customer_type": "Market", "demand_charge": 20, "export_price": 0.0, "export_price_type": "None", "battery_size_kWh": 600, "battery_power_kW": 300.0, "min_soc": 0.05, "max_soc": 1.0, "one_way_efficiency": 0.92, "start_soc": 0.5, "n_horizon": 24, "n_control": 12}, "savings": {"old_energy_charge": -403076.36836138804, "new_energy_charge": -402421.76496855746, "energy_charge_savings": 654.6033928305842, "old_demand_charge": -163872.7179989516, "new_demand_charge": -141443.61944011707, "demand_charge_savings": 22429.09855883452, "retail_profits": 23083.701951665105, "battery_charge_cost": -23658.84530350482, "battery_discharge_revenues": 24313.448696335327, "battery_retail_profits": 654.6033928305078, "battery_export_revenue": 0.0, "total_profits": 23083.70195166503, "irr": 0.04349, "npv": -17468.87}}