{"key_params": {"location": "CA_Imperial.County", "customer_type": "Office", "demand_charge": 20, "export_price": 0.0, "export_price_type": "None", "battery_size_kWh": 600, "battery_power_kW": 300.0, "min_soc": 0.05, "max_soc": 1.0, "one_way_efficiency": 0.92, "start_soc": 0.5, "n_horizon": 24, "n_control": 12}, "savings": {"old_energy_charge": -510484.70361322357, "new_energy_charge": -509210.38825879426, "energy_charge_savings": 1274.3153544293018, "old_demand_charge": -240907.4275098935, "new_demand_charge": -214235.13570079015, "demand_charge_savings": 26672.291809103335, "retail_profits": 27946.607163532637, "battery_charge_cost": -23382.38435905707, "battery_discharge_revenues": 24656.69971348628, "battery_retail_profits": 1274.3153544292109, "battery_export_revenue": 0.0, "total_profits": 27946.607163532546, "irr": 0.07206, "npv": 13209.418}}