{"key_params": {"location": "CA_Ukiah.Muni", "customer_type": "Office", "demand_charge": 20, "export_price": 0.0, "export_price_type": "None", "battery_size_kWh": 600, "battery_power_kW": 300.0, "min_soc": 0.05, "max_soc": 1.0, "one_way_efficiency": 0.92, "start_soc": 0.5, "n_horizon": 24, "n_control": 12}, "savings": {"old_energy_charge": -428238.7731350089, "new_energy_charge": -425391.9253657336, "energy_charge_savings": 2846.8477692752494, "old_demand_charge": -274441.4059302095, "new_demand_charge": -226041.01071288786, "demand_charge_savings": 48400.39521732164, "retail_profits": 51247.24298659689, "battery_charge_cost": -23886.075693037983, "battery_discharge_revenues": 26732.92346231317, "battery_retail_profits": 2846.8477692751876, "battery_export_revenue": 0.0, "total_profits": 51247.24298659683, "irr": 0.19216, "npv": 160204.598}}