{"key_params": {"location": "CA_Point.Mugu.NAS.723910_TMY3", "customer_type": "Hotel", "demand_charge": 20, "export_price": 0.0, "export_price_type": "None", "battery_size_kWh": 600, "battery_power_kW": 300.0, "min_soc": 0.05, "max_soc": 1.0, "one_way_efficiency": 0.92, "start_soc": 0.5, "n_horizon": 24, "n_control": 12}, "savings": {"old_energy_charge": -350862.8834639209, "new_energy_charge": -348471.68038457993, "energy_charge_savings": 2391.2030793409795, "old_demand_charge": -128307.85714067241, "new_demand_charge": -92751.72059390781, "demand_charge_savings": 35556.136546764596, "retail_profits": 37947.339626105575, "battery_charge_cost": -29912.66747778307, "battery_discharge_revenues": 32303.87055712417, "battery_retail_profits": 2391.2030793410995, "battery_export_revenue": 0.0, "total_profits": 37947.33962610569, "irr": 0.12606, "npv": 76300.378}}