{"key_params": {"location": "CA_Redding.Muni", "customer_type": "Hospital", "demand_charge": 20, "export_price": 0.0, "export_price_type": "None", "battery_size_kWh": 600, "battery_power_kW": 300.0, "min_soc": 0.05, "max_soc": 1.0, "one_way_efficiency": 0.92, "start_soc": 0.5, "n_horizon": 24, "n_control": 12}, "savings": {"old_energy_charge": -247338.96933433134, "new_energy_charge": -247296.74863818786, "energy_charge_savings": 42.22069614348584, "old_demand_charge": -82324.74208606263, "new_demand_charge": -71091.86772166035, "demand_charge_savings": 11232.874364402276, "retail_profits": 11275.095060545762, "battery_charge_cost": -19955.70159302661, "battery_discharge_revenues": 19997.92228917009, "battery_retail_profits": 42.22069614347856, "battery_export_revenue": 0.0, "total_profits": 11275.095060545755, "irr": -0.05143, "npv": -99544.195}}