{"key_params": {"location": "CA_Concord-Buchanan.Field.724936_TMY3", "customer_type": "Hotel", "demand_charge": 20, "export_price": 0.0, "export_price_type": "None", "battery_size_kWh": 600, "battery_power_kW": 300.0, "min_soc": 0.05, "max_soc": 1.0, "one_way_efficiency": 0.92, "start_soc": 0.5, "n_horizon": 24, "n_control": 12}, "savings": {"old_energy_charge": -353194.4755016562, "new_energy_charge": -350658.39321545296, "energy_charge_savings": 2536.082286203222, "old_demand_charge": -130056.33932179512, "new_demand_charge": -94647.62942141143, "demand_charge_savings": 35408.70990038369, "retail_profits": 37944.792186586914, "battery_charge_cost": -29450.854528605778, "battery_discharge_revenues": 31986.936814809007, "battery_retail_profits": 2536.082286203229, "battery_export_revenue": 0.0, "total_profits": 37944.79218658692, "irr": 0.12605, "npv": 76284.307}}