{"key_params": {"location": "CA_Lemoore.NAS.747020_TMY3", "customer_type": "School", "demand_charge": 20, "export_price": 0.0, "export_price_type": "None", "battery_size_kWh": 600, "battery_power_kW": 300.0, "min_soc": 0.05, "max_soc": 1.0, "one_way_efficiency": 0.92, "start_soc": 0.5, "n_horizon": 24, "n_control": 12}, "savings": {"old_energy_charge": -636387.0319816014, "new_energy_charge": -633185.7404811154, "energy_charge_savings": 3201.291500485968, "old_demand_charge": -391506.1778778053, "new_demand_charge": -353693.0389075708, "demand_charge_savings": 37813.13897023449, "retail_profits": 41014.43047072046, "battery_charge_cost": -22175.068015068868, "battery_discharge_revenues": 25376.35951555486, "battery_retail_profits": 3201.2915004859933, "battery_export_revenue": 0.0, "total_profits": 41014.43047072049, "irr": 0.14175, "npv": 95649.531}}