{"key_params": {"location": "CA_Redding.Muni", "customer_type": "Apartment", "demand_charge": 20, "export_price": 0.0, "export_price_type": "None", "battery_size_kWh": 600, "battery_power_kW": 300.0, "min_soc": 0.05, "max_soc": 1.0, "one_way_efficiency": 0.92, "start_soc": 0.5, "n_horizon": 24, "n_control": 12}, "savings": {"old_energy_charge": -349208.8273892767, "new_energy_charge": -343900.70670725126, "energy_charge_savings": 5308.120682025445, "old_demand_charge": -150466.8273186092, "new_demand_charge": -118654.73389261859, "demand_charge_savings": 31812.093425990606, "retail_profits": 37120.21410801605, "battery_charge_cost": -21489.54982106589, "battery_discharge_revenues": 26797.670503091354, "battery_retail_profits": 5308.120682025463, "battery_export_revenue": 0.0, "total_profits": 37120.214108016065, "irr": 0.12177, "npv": 71082.346}}