{"key_params": {"location": "CA_Fairfield-Travis.AFB.745160_TMY3", "customer_type": "Hotel", "demand_charge": 20, "export_price": 0.0, "export_price_type": "None", "battery_size_kWh": 600, "battery_power_kW": 300.0, "min_soc": 0.05, "max_soc": 1.0, "one_way_efficiency": 0.92, "start_soc": 0.5, "n_horizon": 24, "n_control": 12}, "savings": {"old_energy_charge": -376788.62630433333, "new_energy_charge": -372959.0602498116, "energy_charge_savings": 3829.5660545217106, "old_demand_charge": -150624.33013991913, "new_demand_charge": -114030.19656865328, "demand_charge_savings": 36594.13357126585, "retail_profits": 40423.69962578756, "battery_charge_cost": -26269.2728897251, "battery_discharge_revenues": 30098.838944246858, "battery_retail_profits": 3829.566054521758, "battery_export_revenue": 0.0, "total_profits": 40423.6996257876, "irr": 0.13875, "npv": 91922.826}}