{"key_params": {"location": "CA_Fairfield-Travis.AFB.745160_TMY3", "customer_type": "Restaurant", "demand_charge": 20, "export_price": 0.0, "export_price_type": "None", "battery_size_kWh": 600, "battery_power_kW": 300.0, "min_soc": 0.05, "max_soc": 1.0, "one_way_efficiency": 0.92, "start_soc": 0.5, "n_horizon": 24, "n_control": 12}, "savings": {"old_energy_charge": -484711.99584668275, "new_energy_charge": -483523.0701969645, "energy_charge_savings": 1188.925649718265, "old_demand_charge": -187419.20948863265, "new_demand_charge": -156765.96600276345, "demand_charge_savings": 30653.2434858692, "retail_profits": 31842.169135587465, "battery_charge_cost": -26475.73474435311, "battery_discharge_revenues": 27664.660394071412, "battery_retail_profits": 1188.9256497183014, "battery_export_revenue": 0.0, "total_profits": 31842.1691355875, "irr": 0.09372, "npv": 37785.092}}