{"key_params": {"location": "CA_Palmdale", "customer_type": "Office", "demand_charge": 20, "export_price": 0.0, "export_price_type": "None", "battery_size_kWh": 600, "battery_power_kW": 300.0, "min_soc": 0.05, "max_soc": 1.0, "one_way_efficiency": 0.92, "start_soc": 0.5, "n_horizon": 24, "n_control": 12}, "savings": {"old_energy_charge": -325276.5712254855, "new_energy_charge": -324094.3952795536, "energy_charge_savings": 1182.175945931871, "old_demand_charge": -170669.4133559018, "new_demand_charge": -146719.97488919832, "demand_charge_savings": 23949.43846670349, "retail_profits": 25131.61441263536, "battery_charge_cost": -23072.76939798455, "battery_discharge_revenues": 24254.945343916406, "battery_retail_profits": 1182.1759459318564, "battery_export_revenue": 0.0, "total_profits": 25131.614412635347, "irr": 0.05577, "npv": -4549.34}}