{"key_params": {"location": "CA_Oxnard", "customer_type": "Office", "demand_charge": 20, "export_price": 0.0, "export_price_type": "None", "battery_size_kWh": 600, "battery_power_kW": 300.0, "min_soc": 0.05, "max_soc": 1.0, "one_way_efficiency": 0.92, "start_soc": 0.5, "n_horizon": 24, "n_control": 12}, "savings": {"old_energy_charge": -396813.56258895225, "new_energy_charge": -395319.6417838356, "energy_charge_savings": 1493.9208051166497, "old_demand_charge": -203243.29472188844, "new_demand_charge": -175022.3686481779, "demand_charge_savings": 28220.92607371055, "retail_profits": 29714.8468788272, "battery_charge_cost": -23697.925814362603, "battery_discharge_revenues": 25191.846619479144, "battery_retail_profits": 1493.9208051165406, "battery_export_revenue": 0.0, "total_profits": 29714.84687882709, "irr": 0.08201, "npv": 24364.595}}