{"key_params": {"location": "CA_Long.Beach-Daugherty.Field.722970_TMY3", "customer_type": "School", "demand_charge": 20, "export_price": 0.0, "export_price_type": "None", "battery_size_kWh": 600, "battery_power_kW": 300.0, "min_soc": 0.05, "max_soc": 1.0, "one_way_efficiency": 0.92, "start_soc": 0.5, "n_horizon": 24, "n_control": 12}, "savings": {"old_energy_charge": -612373.1601170206, "new_energy_charge": -608940.4353491591, "energy_charge_savings": 3432.7247678615386, "old_demand_charge": -383024.5722102965, "new_demand_charge": -354537.7090625959, "demand_charge_savings": 28486.863147700613, "retail_profits": 31919.58791556215, "battery_charge_cost": -22187.935413009563, "battery_discharge_revenues": 25620.660180871062, "battery_retail_profits": 3432.7247678614985, "battery_export_revenue": 0.0, "total_profits": 31919.58791556211, "irr": 0.09414, "npv": 38273.499}}