{"key_params": {"location": "CA_Paso.Robles.Muni", "customer_type": "School", "demand_charge": 20, "export_price": 0.0, "export_price_type": "None", "battery_size_kWh": 600, "battery_power_kW": 300.0, "min_soc": 0.05, "max_soc": 1.0, "one_way_efficiency": 0.92, "start_soc": 0.5, "n_horizon": 24, "n_control": 12}, "savings": {"old_energy_charge": -365930.3647460534, "new_energy_charge": -362580.7373442001, "energy_charge_savings": 3349.6274018533295, "old_demand_charge": -247324.69960575062, "new_demand_charge": -207298.18142687582, "demand_charge_savings": 40026.5181788748, "retail_profits": 43376.14558072813, "battery_charge_cost": -21997.053226121938, "battery_discharge_revenues": 25346.680627975296, "battery_retail_profits": 3349.6274018533586, "battery_export_revenue": 0.0, "total_profits": 43376.14558072816, "irr": 0.15362, "npv": 110548.726}}