{"key_params": {"location": "CA_Sacramento.Exec", "customer_type": "Apartment", "demand_charge": 20, "export_price": 0.0, "export_price_type": "None", "battery_size_kWh": 600, "battery_power_kW": 300.0, "min_soc": 0.05, "max_soc": 1.0, "one_way_efficiency": 0.92, "start_soc": 0.5, "n_horizon": 24, "n_control": 12}, "savings": {"old_energy_charge": -352380.4735980588, "new_energy_charge": -347043.3480292232, "energy_charge_savings": 5337.125568835589, "old_demand_charge": -156333.0755546542, "new_demand_charge": -123261.71080351173, "demand_charge_savings": 33071.36475114248, "retail_profits": 38408.49031997807, "battery_charge_cost": -21462.62730879769, "battery_discharge_revenues": 26799.75287763328, "battery_retail_profits": 5337.125568835589, "battery_export_revenue": 0.0, "total_profits": 38408.49031997807, "irr": 0.12844, "npv": 79209.608}}