{"key_params": {"location": "CA_Long.Beach-Daugherty.Field.722970_TMY3", "customer_type": "Apartment", "demand_charge": 20, "export_price": 0.0, "export_price_type": "None", "battery_size_kWh": 600, "battery_power_kW": 300.0, "min_soc": 0.05, "max_soc": 1.0, "one_way_efficiency": 0.92, "start_soc": 0.5, "n_horizon": 24, "n_control": 12}, "savings": {"old_energy_charge": -347333.9993861654, "new_energy_charge": -341904.5729134354, "energy_charge_savings": 5429.426472730003, "old_demand_charge": -149865.32885224285, "new_demand_charge": -116637.52564865543, "demand_charge_savings": 33227.80320358742, "retail_profits": 38657.22967631742, "battery_charge_cost": -21464.013423375192, "battery_discharge_revenues": 26893.439896105167, "battery_retail_profits": 5429.426472729974, "battery_export_revenue": 0.0, "total_profits": 38657.229676317394, "irr": 0.12972, "npv": 80778.814}}