{"key_params": {"location": "CA_Beale.AFB.724837_TMY3", "customer_type": "Restaurant", "demand_charge": 20, "export_price": 0.0, "export_price_type": "None", "battery_size_kWh": 600, "battery_power_kW": 300.0, "min_soc": 0.05, "max_soc": 1.0, "one_way_efficiency": 0.92, "start_soc": 0.5, "n_horizon": 24, "n_control": 12}, "savings": {"old_energy_charge": -499842.87580786017, "new_energy_charge": -498497.6339375358, "energy_charge_savings": 1345.2418703243602, "old_demand_charge": -186656.1399959362, "new_demand_charge": -155334.562198947, "demand_charge_savings": 31321.57779698918, "retail_profits": 32666.81966731354, "battery_charge_cost": -26917.50810478422, "battery_discharge_revenues": 28262.74997510855, "battery_retail_profits": 1345.2418703243275, "battery_export_revenue": 0.0, "total_profits": 32666.819667313506, "irr": 0.09819, "npv": 42987.511}}