{"key_params": {"location": "CA_Riverside.Muni", "customer_type": "Office", "demand_charge": 20, "export_price": 0.0, "export_price_type": "None", "battery_size_kWh": 600, "battery_power_kW": 300.0, "min_soc": 0.05, "max_soc": 1.0, "one_way_efficiency": 0.92, "start_soc": 0.5, "n_horizon": 24, "n_control": 12}, "savings": {"old_energy_charge": -399500.194284112, "new_energy_charge": -397115.04514505615, "energy_charge_savings": 2385.149139055866, "old_demand_charge": -234128.9827554092, "new_demand_charge": -201461.31140259188, "demand_charge_savings": 32667.671352817328, "retail_profits": 35052.82049187319, "battery_charge_cost": -23063.27153410837, "battery_discharge_revenues": 25448.42067316423, "battery_retail_profits": 2385.1491390558585, "battery_export_revenue": 0.0, "total_profits": 35052.820491873186, "irr": 0.11094, "npv": 58039.916}}