{"key_params": {"location": "CA_San.Diego-Miramar.NAS.722930_TMY3", "customer_type": "Office", "demand_charge": 20, "export_price": 0.0, "export_price_type": "None", "battery_size_kWh": 600, "battery_power_kW": 300.0, "min_soc": 0.05, "max_soc": 1.0, "one_way_efficiency": 0.92, "start_soc": 0.5, "n_horizon": 24, "n_control": 12}, "savings": {"old_energy_charge": -307962.88569150073, "new_energy_charge": -306957.4346879436, "energy_charge_savings": 1005.4510035571293, "old_demand_charge": -156112.05071035255, "new_demand_charge": -134942.42734270022, "demand_charge_savings": 21169.623367652326, "retail_profits": 22175.074371209455, "battery_charge_cost": -23176.888535498656, "battery_discharge_revenues": 24182.33953905575, "battery_retail_profits": 1005.4510035570929, "battery_export_revenue": 0.0, "total_profits": 22175.07437120942, "irr": 0.03791, "npv": -23201.069}}