{"key_params": {"location": "CA_Concord-Buchanan.Field.724936_TMY3", "customer_type": "Restaurant", "demand_charge": 20, "export_price": 0.0, "export_price_type": "None", "battery_size_kWh": 600, "battery_power_kW": 300.0, "min_soc": 0.05, "max_soc": 1.0, "one_way_efficiency": 0.92, "start_soc": 0.5, "n_horizon": 24, "n_control": 12}, "savings": {"old_energy_charge": -442030.1489416394, "new_energy_charge": -441222.28964388627, "energy_charge_savings": 807.8592977531371, "old_demand_charge": -160711.50616775727, "new_demand_charge": -134166.87211444127, "demand_charge_savings": 26544.634053315996, "retail_profits": 27352.493351069133, "battery_charge_cost": -28363.98515157433, "battery_discharge_revenues": 29171.844449327462, "battery_retail_profits": 807.8592977531334, "battery_export_revenue": 0.0, "total_profits": 27352.49335106913, "irr": 0.06867, "npv": 9461.372}}