{"key_params": {"location": "CA_Imperial.County", "customer_type": "School", "demand_charge": 20, "export_price": 0.0, "export_price_type": "None", "battery_size_kWh": 600, "battery_power_kW": 300.0, "min_soc": 0.05, "max_soc": 1.0, "one_way_efficiency": 0.92, "start_soc": 0.5, "n_horizon": 24, "n_control": 12}, "savings": {"old_energy_charge": -815448.0312249378, "new_energy_charge": -813072.7812138352, "energy_charge_savings": 2375.2500111025292, "old_demand_charge": -432646.0990989372, "new_demand_charge": -403542.85279730137, "demand_charge_savings": 29103.24630163581, "retail_profits": 31478.496312738338, "battery_charge_cost": -22461.216929713246, "battery_discharge_revenues": 24836.46694081583, "battery_retail_profits": 2375.250011102584, "battery_export_revenue": 0.0, "total_profits": 31478.496312738393, "irr": 0.09173, "npv": 35490.814}}