{"key_params": {"location": "CA_Los.Angeles.Intl", "customer_type": "School", "demand_charge": 20, "export_price": 0.0, "export_price_type": "None", "battery_size_kWh": 600, "battery_power_kW": 300.0, "min_soc": 0.05, "max_soc": 1.0, "one_way_efficiency": 0.92, "start_soc": 0.5, "n_horizon": 24, "n_control": 12}, "savings": {"old_energy_charge": -348475.81478978053, "new_energy_charge": -346551.3746391183, "energy_charge_savings": 1924.440150662209, "old_demand_charge": -200492.72631074226, "new_demand_charge": -172117.79658937408, "demand_charge_savings": 28374.929721368186, "retail_profits": 30299.369872030395, "battery_charge_cost": -22776.53607204136, "battery_discharge_revenues": 24700.976222703644, "battery_retail_profits": 1924.4401506622853, "battery_export_revenue": 0.0, "total_profits": 30299.36987203047, "irr": 0.08525, "npv": 28052.137}}