{"key_params": {"location": "CA_Ukiah.Muni", "customer_type": "Hotel", "demand_charge": 20, "export_price": 0.0, "export_price_type": "None", "battery_size_kWh": 600, "battery_power_kW": 300.0, "min_soc": 0.05, "max_soc": 1.0, "one_way_efficiency": 0.92, "start_soc": 0.5, "n_horizon": 24, "n_control": 12}, "savings": {"old_energy_charge": -384889.0566547177, "new_energy_charge": -380769.98929825774, "energy_charge_savings": 4119.067356459971, "old_demand_charge": -156382.87669284476, "new_demand_charge": -121091.91753409815, "demand_charge_savings": 35290.95915874661, "retail_profits": 39410.026515206584, "battery_charge_cost": -25448.048032131323, "battery_discharge_revenues": 29567.1153885913, "battery_retail_profits": 4119.067356459978, "battery_export_revenue": 0.0, "total_profits": 39410.02651520659, "irr": 0.13358, "npv": 85527.934}}