{"key_params": {"location": "CA_Salinas.Muni", "customer_type": "Office", "demand_charge": 20, "export_price": 0.0, "export_price_type": "None", "battery_size_kWh": 600, "battery_power_kW": 300.0, "min_soc": 0.05, "max_soc": 1.0, "one_way_efficiency": 0.92, "start_soc": 0.5, "n_horizon": 24, "n_control": 12}, "savings": {"old_energy_charge": -292183.4281552557, "new_energy_charge": -291230.57498459436, "energy_charge_savings": 952.8531706613139, "old_demand_charge": -149043.32784004815, "new_demand_charge": -125742.87725228452, "demand_charge_savings": 23300.450587763626, "retail_profits": 24253.30375842494, "battery_charge_cost": -23140.91657497104, "battery_discharge_revenues": 24093.769745632373, "battery_retail_profits": 952.8531706613321, "battery_export_revenue": 0.0, "total_profits": 24253.303758424958, "irr": 0.05055, "npv": -10090.28}}