{"key_params": {"location": "CA_Sandberg.723830_TMY3", "customer_type": "Hospital", "demand_charge": 20, "export_price": 0.0, "export_price_type": "None", "battery_size_kWh": 600, "battery_power_kW": 300.0, "min_soc": 0.05, "max_soc": 1.0, "one_way_efficiency": 0.92, "start_soc": 0.5, "n_horizon": 24, "n_control": 12}, "savings": {"old_energy_charge": -247789.04409663426, "new_energy_charge": -247593.16694258677, "energy_charge_savings": 195.8771540474845, "old_demand_charge": -82548.7636013422, "new_demand_charge": -71829.0129337363, "demand_charge_savings": 10719.750667605898, "retail_profits": 10915.627821653383, "battery_charge_cost": -20177.093922910066, "battery_discharge_revenues": 20372.971076957525, "battery_retail_profits": 195.87715404745904, "battery_export_revenue": 0.0, "total_profits": 10915.627821653357, "irr": -0.05557, "npv": -102414.762}}