{"key_params": {"location": "CA_Imperial.County", "customer_type": "Restaurant", "demand_charge": 20, "export_price": 0.0, "export_price_type": "None", "battery_size_kWh": 600, "battery_power_kW": 300.0, "min_soc": 0.05, "max_soc": 1.0, "one_way_efficiency": 0.92, "start_soc": 0.5, "n_horizon": 24, "n_control": 12}, "savings": {"old_energy_charge": -503581.72895007714, "new_energy_charge": -502828.1671516734, "energy_charge_savings": 753.5617984037381, "old_demand_charge": -181851.9926821247, "new_demand_charge": -155601.54817471007, "demand_charge_savings": 26250.44450741462, "retail_profits": 27004.00630581836, "battery_charge_cost": -27477.04818522961, "battery_discharge_revenues": 28230.609983633323, "battery_retail_profits": 753.5617984037126, "battery_export_revenue": 0.0, "total_profits": 27004.006305818333, "irr": 0.06667, "npv": 7262.895}}