{"key_params": {"location": "CA_Mountain.View-Moffett.Field.NAS.745090_TMY3", "customer_type": "Hotel", "demand_charge": 20, "export_price": 0.0, "export_price_type": "None", "battery_size_kWh": 600, "battery_power_kW": 300.0, "min_soc": 0.05, "max_soc": 1.0, "one_way_efficiency": 0.92, "start_soc": 0.5, "n_horizon": 24, "n_control": 12}, "savings": {"old_energy_charge": -347961.25403734704, "new_energy_charge": -345576.1652062295, "energy_charge_savings": 2385.0888311175513, "old_demand_charge": -128248.88772696053, "new_demand_charge": -92625.42548691467, "demand_charge_savings": 35623.46224004586, "retail_profits": 38008.55107116341, "battery_charge_cost": -29941.563028252946, "battery_discharge_revenues": 32326.651859370486, "battery_retail_profits": 2385.0888311175404, "battery_export_revenue": 0.0, "total_profits": 38008.5510711634, "irr": 0.12638, "npv": 76686.538}}