{"key_params": {"location": "CA_Beale.AFB.724837_TMY3", "customer_type": "Restaurant", "demand_charge": 20, "export_price": 0.0, "export_price_type": "None", "battery_size_kWh": 600, "battery_power_kW": 300.0, "min_soc": 0.05, "max_soc": 1.0, "one_way_efficiency": 0.92, "start_soc": 0.5, "n_horizon": 24, "n_control": 12}, "savings": {"old_energy_charge": -460080.44352288166, "new_energy_charge": -459924.94070076, "energy_charge_savings": 155.50282212166348, "old_demand_charge": -164680.53673307138, "new_demand_charge": -138072.0799116428, "demand_charge_savings": 26608.456821428583, "retail_profits": 26763.959643550246, "battery_charge_cost": -29266.04626142922, "battery_discharge_revenues": 29421.549083550857, "battery_retail_profits": 155.50282212163802, "battery_export_revenue": 0.0, "total_profits": 26763.95964355022, "irr": 0.06529, "npv": 5748.528}}