{"key_params": {"location": "CA_China.Lake.NAF.746120_TMY3", "customer_type": "Restaurant", "demand_charge": 20, "export_price": 0.0, "export_price_type": "None", "battery_size_kWh": 600, "battery_power_kW": 300.0, "min_soc": 0.05, "max_soc": 1.0, "one_way_efficiency": 0.92, "start_soc": 0.5, "n_horizon": 24, "n_control": 12}, "savings": {"old_energy_charge": -479134.0173284161, "new_energy_charge": -478500.75849405164, "energy_charge_savings": 633.2588343644748, "old_demand_charge": -173988.25063821103, "new_demand_charge": -147843.08275341833, "demand_charge_savings": 26145.167884792696, "retail_profits": 26778.42671915717, "battery_charge_cost": -28163.831320116104, "battery_discharge_revenues": 28797.0901544806, "battery_retail_profits": 633.2588343644966, "battery_export_revenue": 0.0, "total_profits": 26778.426719157193, "irr": 0.06537, "npv": 5839.796}}