{"key_params": {"location": "CA_Modesto.Muni", "customer_type": "School", "demand_charge": 20, "export_price": 0.0, "export_price_type": "None", "battery_size_kWh": 600, "battery_power_kW": 300.0, "min_soc": 0.05, "max_soc": 1.0, "one_way_efficiency": 0.92, "start_soc": 0.5, "n_horizon": 24, "n_control": 12}, "savings": {"old_energy_charge": -365937.3753521303, "new_energy_charge": -363581.495685871, "energy_charge_savings": 2355.8796662592795, "old_demand_charge": -222220.88266618855, "new_demand_charge": -193446.42740367184, "demand_charge_savings": 28774.455262516713, "retail_profits": 31130.334928775992, "battery_charge_cost": -22479.973857708264, "battery_discharge_revenues": 24835.85352396751, "battery_retail_profits": 2355.8796662592467, "battery_export_revenue": 0.0, "total_profits": 31130.33492877596, "irr": 0.08983, "npv": 33294.391}}