{"key_params": {"location": "CA_Salinas.Muni", "customer_type": "School", "demand_charge": 20, "export_price": 0.0, "export_price_type": "None", "battery_size_kWh": 600, "battery_power_kW": 300.0, "min_soc": 0.05, "max_soc": 1.0, "one_way_efficiency": 0.92, "start_soc": 0.5, "n_horizon": 24, "n_control": 12}, "savings": {"old_energy_charge": -339177.3883491538, "new_energy_charge": -337305.5255913596, "energy_charge_savings": 1871.8627577942098, "old_demand_charge": -199988.02258706285, "new_demand_charge": -166679.21361046654, "demand_charge_savings": 33308.80897659631, "retail_profits": 35180.67173439052, "battery_charge_cost": -23148.96322327892, "battery_discharge_revenues": 25020.825981073085, "battery_retail_profits": 1871.862757794166, "battery_export_revenue": 0.0, "total_profits": 35180.671734390475, "irr": 0.11161, "npv": 58846.483}}