{"key_params": {"location": "CA_Stockton.Metro", "customer_type": "Market", "demand_charge": 20, "export_price": 0.0, "export_price_type": "None", "battery_size_kWh": 600, "battery_power_kW": 300.0, "min_soc": 0.05, "max_soc": 1.0, "one_way_efficiency": 0.92, "start_soc": 0.5, "n_horizon": 24, "n_control": 12}, "savings": {"old_energy_charge": -386992.1829891943, "new_energy_charge": -386081.649155189, "energy_charge_savings": 910.5338340052986, "old_demand_charge": -157233.76792475063, "new_demand_charge": -136439.85415046383, "demand_charge_savings": 20793.913774286804, "retail_profits": 21704.447608292103, "battery_charge_cost": -23660.125764053355, "battery_discharge_revenues": 24570.659598058643, "battery_retail_profits": 910.5338340052876, "battery_export_revenue": 0.0, "total_profits": 21704.447608292092, "irr": 0.03498, "npv": -26179.493}}