{"key_params": {"location": "CA_March.AFB.722860_TMY3", "customer_type": "Apartment", "demand_charge": 20, "export_price": 0.0, "export_price_type": "None", "battery_size_kWh": 600, "battery_power_kW": 300.0, "min_soc": 0.05, "max_soc": 1.0, "one_way_efficiency": 0.92, "start_soc": 0.5, "n_horizon": 24, "n_control": 12}, "savings": {"old_energy_charge": -359000.01052716793, "new_energy_charge": -353658.65635023185, "energy_charge_savings": 5341.354176936089, "old_demand_charge": -157148.35556112128, "new_demand_charge": -123780.25272025555, "demand_charge_savings": 33368.10284086573, "retail_profits": 38709.45701780182, "battery_charge_cost": -21495.764338937515, "battery_discharge_revenues": 26837.118515873586, "battery_retail_profits": 5341.354176936071, "battery_export_revenue": 0.0, "total_profits": 38709.457017801804, "irr": 0.12999, "npv": 81108.297}}