{"key_params": {"location": "CA_Red.Bluff.Muni", "customer_type": "Office", "demand_charge": 20, "export_price": 0.0, "export_price_type": "None", "battery_size_kWh": 600, "battery_power_kW": 300.0, "min_soc": 0.05, "max_soc": 1.0, "one_way_efficiency": 0.92, "start_soc": 0.5, "n_horizon": 24, "n_control": 12}, "savings": {"old_energy_charge": -417449.3991732549, "new_energy_charge": -415044.5322101447, "energy_charge_savings": 2404.866963110224, "old_demand_charge": -259957.89785237823, "new_demand_charge": -216126.09944773442, "demand_charge_savings": 43831.79840464381, "retail_profits": 46236.66536775403, "battery_charge_cost": -23702.308067037684, "battery_discharge_revenues": 26107.175030147973, "battery_retail_profits": 2404.8669631102894, "battery_export_revenue": 0.0, "total_profits": 46236.665367754096, "irr": 0.16779, "npv": 128594.698}}