{"key_params": {"location": "CA_San.Francisco.Intl", "customer_type": "Hospital", "demand_charge": 20, "export_price": 0.0, "export_price_type": "None", "battery_size_kWh": 600, "battery_power_kW": 300.0, "min_soc": 0.05, "max_soc": 1.0, "one_way_efficiency": 0.92, "start_soc": 0.5, "n_horizon": 24, "n_control": 12}, "savings": {"old_energy_charge": -245808.66978393105, "new_energy_charge": -245943.13338009245, "energy_charge_savings": -134.4635961613967, "old_demand_charge": -80384.09853780261, "new_demand_charge": -69798.93680270626, "demand_charge_savings": 10585.16173509635, "retail_profits": 10450.698138934953, "battery_charge_cost": -19189.273749068223, "battery_discharge_revenues": 19054.81015290685, "battery_retail_profits": -134.46359616137124, "battery_export_revenue": 0.0, "total_profits": 10450.698138934978, "irr": -0.06107, "npv": -106127.51}}