{"key_params": {"location": "CA_Ukiah.Muni", "customer_type": "School", "demand_charge": 20, "export_price": 0.0, "export_price_type": "None", "battery_size_kWh": 600, "battery_power_kW": 300.0, "min_soc": 0.05, "max_soc": 1.0, "one_way_efficiency": 0.92, "start_soc": 0.5, "n_horizon": 24, "n_control": 12}, "savings": {"old_energy_charge": -362387.8080462641, "new_energy_charge": -359749.37212083366, "energy_charge_savings": 2638.4359254304436, "old_demand_charge": -240179.96712500651, "new_demand_charge": -202485.37683873717, "demand_charge_savings": 37694.59028626935, "retail_profits": 40333.02621169979, "battery_charge_cost": -22576.236666466666, "battery_discharge_revenues": 25214.67259189714, "battery_retail_profits": 2638.4359254304727, "battery_export_revenue": 0.0, "total_profits": 40333.02621169982, "irr": 0.13829, "npv": 91350.801}}