{"key_params": {"location": "CA_Redding.Muni", "customer_type": "Office", "demand_charge": 20, "export_price": 0.0, "export_price_type": "None", "battery_size_kWh": 600, "battery_power_kW": 300.0, "min_soc": 0.05, "max_soc": 1.0, "one_way_efficiency": 0.92, "start_soc": 0.5, "n_horizon": 24, "n_control": 12}, "savings": {"old_energy_charge": -416862.5302808476, "new_energy_charge": -414371.3464239348, "energy_charge_savings": 2491.1838569128304, "old_demand_charge": -257518.21083715258, "new_demand_charge": -217671.65177798283, "demand_charge_savings": 39846.559059169755, "retail_profits": 42337.742916082585, "battery_charge_cost": -23478.642372738388, "battery_discharge_revenues": 25969.826229651208, "battery_retail_profits": 2491.1838569128195, "battery_export_revenue": 0.0, "total_profits": 42337.74291608257, "irr": 0.14842, "npv": 103997.824}}