{"key_params": {"location": "CA_Palm.Springs-Thermal", "customer_type": "Hotel", "demand_charge": 20, "export_price": 0.0, "export_price_type": "None", "battery_size_kWh": 600, "battery_power_kW": 300.0, "min_soc": 0.05, "max_soc": 1.0, "one_way_efficiency": 0.92, "start_soc": 0.5, "n_horizon": 24, "n_control": 12}, "savings": {"old_energy_charge": -377794.1886773645, "new_energy_charge": -374350.64581009536, "energy_charge_savings": 3443.542867269134, "old_demand_charge": -146648.56754135352, "new_demand_charge": -111646.46189106104, "demand_charge_savings": 35002.10565029248, "retail_profits": 38445.64851756161, "battery_charge_cost": -25964.51761582747, "battery_discharge_revenues": 29408.060483096564, "battery_retail_profits": 3443.542867269094, "battery_export_revenue": 0.0, "total_profits": 38445.64851756157, "irr": 0.12863, "npv": 79444.026}}