{"key_params": {"location": "CA_Los.Angeles.Intl", "customer_type": "Hotel", "demand_charge": 20, "export_price": 0.0, "export_price_type": "None", "battery_size_kWh": 600, "battery_power_kW": 300.0, "min_soc": 0.05, "max_soc": 1.0, "one_way_efficiency": 0.92, "start_soc": 0.5, "n_horizon": 24, "n_control": 12}, "savings": {"old_energy_charge": -345978.295842788, "new_energy_charge": -343858.22522126616, "energy_charge_savings": 2120.0706215218524, "old_demand_charge": -124680.37538801719, "new_demand_charge": -90188.36919644426, "demand_charge_savings": 34492.00619157293, "retail_profits": 36612.07681309478, "battery_charge_cost": -30243.348629244338, "battery_discharge_revenues": 32363.41925076618, "battery_retail_profits": 2120.0706215218415, "battery_export_revenue": 0.0, "total_profits": 36612.07681309477, "irr": 0.11913, "npv": 67876.693}}