{"key_params": {"location": "CA_Hayward.Air.Terminal.724935_TMY3", "customer_type": "Office", "demand_charge": 20, "export_price": 0.0, "export_price_type": "None", "battery_size_kWh": 600, "battery_power_kW": 300.0, "min_soc": 0.05, "max_soc": 1.0, "one_way_efficiency": 0.92, "start_soc": 0.5, "n_horizon": 24, "n_control": 12}, "savings": {"old_energy_charge": -506357.8846726882, "new_energy_charge": -504810.66311391146, "energy_charge_savings": 1547.2215587767423, "old_demand_charge": -256734.6434789528, "new_demand_charge": -230346.50440144847, "demand_charge_savings": 26388.13907750434, "retail_profits": 27935.360636281082, "battery_charge_cost": -22967.27807649521, "battery_discharge_revenues": 24514.499635272026, "battery_retail_profits": 1547.221558776815, "battery_export_revenue": 0.0, "total_profits": 27935.360636281155, "irr": 0.072, "npv": 13138.468}}