{"key_params": {"location": "CA_Hayward.Air.Terminal.724935_TMY3", "customer_type": "Restaurant", "demand_charge": 20, "export_price": 0.0, "export_price_type": "None", "battery_size_kWh": 600, "battery_power_kW": 300.0, "min_soc": 0.05, "max_soc": 1.0, "one_way_efficiency": 0.92, "start_soc": 0.5, "n_horizon": 24, "n_control": 12}, "savings": {"old_energy_charge": -434792.9605228331, "new_energy_charge": -434463.8446130533, "energy_charge_savings": 329.1159097797936, "old_demand_charge": -153833.70312431335, "new_demand_charge": -127072.7305526824, "demand_charge_savings": 26760.972571630948, "retail_profits": 27090.08848141074, "battery_charge_cost": -29483.69708958942, "battery_discharge_revenues": 29812.81299936916, "battery_retail_profits": 329.115909779739, "battery_export_revenue": 0.0, "total_profits": 27090.088481410687, "irr": 0.06717, "npv": 7805.956}}