{"key_params": {"location": "CA_Hayward.Air.Terminal.724935_TMY3", "customer_type": "Market", "demand_charge": 20, "export_price": 0.0, "export_price_type": "None", "battery_size_kWh": 600, "battery_power_kW": 300.0, "min_soc": 0.05, "max_soc": 1.0, "one_way_efficiency": 0.92, "start_soc": 0.5, "n_horizon": 24, "n_control": 12}, "savings": {"old_energy_charge": -369856.20231759176, "new_energy_charge": -369060.2215569309, "energy_charge_savings": 795.9807606608374, "old_demand_charge": -143679.25866453594, "new_demand_charge": -123652.23724656572, "demand_charge_savings": 20027.021417970216, "retail_profits": 20823.002178631054, "battery_charge_cost": -23763.180263553975, "battery_discharge_revenues": 24559.1610242148, "battery_retail_profits": 795.9807606608265, "battery_export_revenue": 0.0, "total_profits": 20823.002178631043, "irr": 0.02937, "npv": -31787.791}}