{"key_params": {"location": "CA_Napa.County", "customer_type": "School", "demand_charge": 20, "export_price": 0.0, "export_price_type": "None", "battery_size_kWh": 600, "battery_power_kW": 300.0, "min_soc": 0.05, "max_soc": 1.0, "one_way_efficiency": 0.92, "start_soc": 0.5, "n_horizon": 24, "n_control": 12}, "savings": {"old_energy_charge": -344984.38975270995, "new_energy_charge": -342583.909540332, "energy_charge_savings": 2400.4802123779664, "old_demand_charge": -205122.41816513008, "new_demand_charge": -170838.06050703523, "demand_charge_savings": 34284.35765809484, "retail_profits": 36684.83787047281, "battery_charge_cost": -22655.224695505323, "battery_discharge_revenues": 25055.704907883322, "battery_retail_profits": 2400.480212377999, "battery_export_revenue": 0.0, "total_profits": 36684.83787047284, "irr": 0.11951, "npv": 68335.716}}