{"key_params": {"location": "CA_Lemoore.NAS.747020_TMY3", "customer_type": "School", "demand_charge": 20, "export_price": 0.0, "export_price_type": "None", "battery_size_kWh": 600, "battery_power_kW": 300.0, "min_soc": 0.05, "max_soc": 1.0, "one_way_efficiency": 0.92, "start_soc": 0.5, "n_horizon": 24, "n_control": 12}, "savings": {"old_energy_charge": -375845.4036551663, "new_energy_charge": -373498.53226542094, "energy_charge_savings": 2346.871389745327, "old_demand_charge": -229711.90601473785, "new_demand_charge": -201031.73787998082, "demand_charge_savings": 28680.168134757027, "retail_profits": 31027.039524502354, "battery_charge_cost": -22591.162108897905, "battery_discharge_revenues": 24938.03349864324, "battery_retail_profits": 2346.8713897453345, "battery_export_revenue": 0.0, "total_profits": 31027.03952450236, "irr": 0.08926, "npv": 32642.738}}