{"key_params": {"location": "CA_San.Jose.Intl", "customer_type": "Office", "demand_charge": 20, "export_price": 0.0, "export_price_type": "None", "battery_size_kWh": 600, "battery_power_kW": 300.0, "min_soc": 0.05, "max_soc": 1.0, "one_way_efficiency": 0.92, "start_soc": 0.5, "n_horizon": 24, "n_control": 12}, "savings": {"old_energy_charge": -507568.56509927986, "new_energy_charge": -506274.2097325965, "energy_charge_savings": 1294.3553666833905, "old_demand_charge": -255722.11611171384, "new_demand_charge": -229001.92523913668, "demand_charge_savings": 26720.190872577165, "retail_profits": 28014.546239260555, "battery_charge_cost": -22949.662155305683, "battery_discharge_revenues": 24244.017521989073, "battery_retail_profits": 1294.3553666833905, "battery_export_revenue": 0.0, "total_profits": 28014.546239260555, "irr": 0.07245, "npv": 13638.021}}