{"key_params": {"location": "CA_Bakersfield-Meadows.Field.723840_TMY3", "customer_type": "Office", "demand_charge": 20, "export_price": 0.0, "export_price_type": "None", "battery_size_kWh": 600, "battery_power_kW": 300.0, "min_soc": 0.05, "max_soc": 1.0, "one_way_efficiency": 0.92, "start_soc": 0.5, "n_horizon": 24, "n_control": 12}, "savings": {"old_energy_charge": -323762.62945619033, "new_energy_charge": -322055.1958148162, "energy_charge_savings": 1707.4336413741112, "old_demand_charge": -169347.2490846134, "new_demand_charge": -143816.22628675675, "demand_charge_savings": 25531.022797856655, "retail_profits": 27238.456439230766, "battery_charge_cost": -23042.192098680094, "battery_discharge_revenues": 24749.625740054144, "battery_retail_profits": 1707.4336413740493, "battery_export_revenue": 0.0, "total_profits": 27238.456439230704, "irr": 0.06802, "npv": 8741.955}}