{"key_params": {"location": "CA_Arcata", "customer_type": "Hotel", "demand_charge": 20, "export_price": 0.0, "export_price_type": "None", "battery_size_kWh": 600, "battery_power_kW": 300.0, "min_soc": 0.05, "max_soc": 1.0, "one_way_efficiency": 0.92, "start_soc": 0.5, "n_horizon": 24, "n_control": 12}, "savings": {"old_energy_charge": -364339.8207261929, "new_energy_charge": -360637.27788386756, "energy_charge_savings": 3702.542842325347, "old_demand_charge": -145897.96657047025, "new_demand_charge": -106009.52414797142, "demand_charge_savings": 39888.44242249883, "retail_profits": 43590.98526482418, "battery_charge_cost": -28610.38358932451, "battery_discharge_revenues": 32312.926431649954, "battery_retail_profits": 3702.5428423254452, "battery_export_revenue": 0.0, "total_profits": 43590.98526482428, "irr": 0.15469, "npv": 111904.071}}