{"key_params": {"location": "CA_Fairfield-Travis.AFB.745160_TMY3", "customer_type": "Office", "demand_charge": 20, "export_price": 0.0, "export_price_type": "None", "battery_size_kWh": 600, "battery_power_kW": 300.0, "min_soc": 0.05, "max_soc": 1.0, "one_way_efficiency": 0.92, "start_soc": 0.5, "n_horizon": 24, "n_control": 12}, "savings": {"old_energy_charge": -501866.1957693058, "new_energy_charge": -500652.4494291122, "energy_charge_savings": 1213.746340193611, "old_demand_charge": -254479.04171591418, "new_demand_charge": -227107.2609174029, "demand_charge_savings": 27371.78079851129, "retail_profits": 28585.5271387049, "battery_charge_cost": -22937.513458260044, "battery_discharge_revenues": 24151.259798453648, "battery_retail_profits": 1213.7463401936038, "battery_export_revenue": 0.0, "total_profits": 28585.527138704892, "irr": 0.07568, "npv": 17240.131}}