{"key_params": {"location": "CA_Twentynine.Palms.690150_TMY3", "customer_type": "Hospital", "demand_charge": 20, "export_price": 0.0, "export_price_type": "None", "battery_size_kWh": 600, "battery_power_kW": 300.0, "min_soc": 0.05, "max_soc": 1.0, "one_way_efficiency": 0.92, "start_soc": 0.5, "n_horizon": 24, "n_control": 12}, "savings": {"old_energy_charge": -246757.6978654281, "new_energy_charge": -246572.8968593559, "energy_charge_savings": 184.80100607220083, "old_demand_charge": -83026.71696279243, "new_demand_charge": -70585.49618350263, "demand_charge_savings": 12441.220779289797, "retail_profits": 12626.021785361998, "battery_charge_cost": -19755.59705303417, "battery_discharge_revenues": 19940.39805910638, "battery_retail_profits": 184.80100607221175, "battery_export_revenue": 0.0, "total_profits": 12626.021785362009, "irr": -0.03662, "npv": -88756.218}}