{"key_params": {"location": "CA_Edwards.AFB.723810_TMY3", "customer_type": "Restaurant", "demand_charge": 20, "export_price": 0.0, "export_price_type": "None", "battery_size_kWh": 600, "battery_power_kW": 300.0, "min_soc": 0.05, "max_soc": 1.0, "one_way_efficiency": 0.92, "start_soc": 0.5, "n_horizon": 24, "n_control": 12}, "savings": {"old_energy_charge": -464533.9540764295, "new_energy_charge": -464048.4053512845, "energy_charge_savings": 485.54872514499584, "old_demand_charge": -167871.40411458572, "new_demand_charge": -141088.06650394681, "demand_charge_savings": 26783.337610638904, "retail_profits": 27268.8863357839, "battery_charge_cost": -28784.88365384021, "battery_discharge_revenues": 29270.43237898525, "battery_retail_profits": 485.5487251450395, "battery_export_revenue": 0.0, "total_profits": 27268.886335783944, "irr": 0.06819, "npv": 8933.926}}