{"key_params": {"location": "CA_Fresno.Air.Terminal.723890_TMY3", "customer_type": "Hotel", "demand_charge": 20, "export_price": 0.0, "export_price_type": "None", "battery_size_kWh": 600, "battery_power_kW": 300.0, "min_soc": 0.05, "max_soc": 1.0, "one_way_efficiency": 0.92, "start_soc": 0.5, "n_horizon": 24, "n_control": 12}, "savings": {"old_energy_charge": -377661.5412750507, "new_energy_charge": -373544.46558288037, "energy_charge_savings": 4117.075692170358, "old_demand_charge": -151819.61481056566, "new_demand_charge": -114379.38745585975, "demand_charge_savings": 37440.227354705916, "retail_profits": 41557.30304687627, "battery_charge_cost": -25203.417134261865, "battery_discharge_revenues": 29320.4928264322, "battery_retail_profits": 4117.075692170336, "battery_export_revenue": 0.0, "total_profits": 41557.30304687625, "irr": 0.14449, "npv": 99074.315}}