{"key_params": {"location": "CA_Visalia.Muni.AWOS.723896_TMY3", "customer_type": "School", "demand_charge": 20, "export_price": 0.0, "export_price_type": "None", "battery_size_kWh": 600, "battery_power_kW": 300.0, "min_soc": 0.05, "max_soc": 1.0, "one_way_efficiency": 0.92, "start_soc": 0.5, "n_horizon": 24, "n_control": 12}, "savings": {"old_energy_charge": -614760.4818810647, "new_energy_charge": -611266.0973787886, "energy_charge_savings": 3494.3845022760797, "old_demand_charge": -372651.6767823862, "new_demand_charge": -335977.366177285, "demand_charge_savings": 36674.31060510123, "retail_profits": 40168.69510737731, "battery_charge_cost": -21981.163268715405, "battery_discharge_revenues": 25475.547770991445, "battery_retail_profits": 3494.3845022760397, "battery_export_revenue": 0.0, "total_profits": 40168.695107377265, "irr": 0.13745, "npv": 90314.096}}