{"key_params": {"location": "CA_Imperial.County", "customer_type": "Hotel", "demand_charge": 20, "export_price": 0.0, "export_price_type": "None", "battery_size_kWh": 600, "battery_power_kW": 300.0, "min_soc": 0.05, "max_soc": 1.0, "one_way_efficiency": 0.92, "start_soc": 0.5, "n_horizon": 24, "n_control": 12}, "savings": {"old_energy_charge": -386129.64509800175, "new_energy_charge": -382559.6814624326, "energy_charge_savings": 3569.9636355691473, "old_demand_charge": -149586.99063005394, "new_demand_charge": -115879.65062600006, "demand_charge_savings": 33707.34000405388, "retail_profits": 37277.30363962303, "battery_charge_cost": -25607.060462188896, "battery_discharge_revenues": 29177.024097758054, "battery_retail_profits": 3569.963635569158, "battery_export_revenue": 0.0, "total_profits": 37277.303639623045, "irr": 0.12259, "npv": 72073.366}}