{"key_params": {"location": "CA_Needles", "customer_type": "Market", "demand_charge": 20, "export_price": 0.0, "export_price_type": "None", "battery_size_kWh": 600, "battery_power_kW": 300.0, "min_soc": 0.05, "max_soc": 1.0, "one_way_efficiency": 0.92, "start_soc": 0.5, "n_horizon": 24, "n_control": 12}, "savings": {"old_energy_charge": -403768.01895277377, "new_energy_charge": -402539.1869591784, "energy_charge_savings": 1228.8319935953477, "old_demand_charge": -159695.4767570768, "new_demand_charge": -139099.61792213866, "demand_charge_savings": 20595.858834938146, "retail_profits": 21824.690828533494, "battery_charge_cost": -23454.28641660858, "battery_discharge_revenues": 24683.118410203893, "battery_retail_profits": 1228.831993595315, "battery_export_revenue": 0.0, "total_profits": 21824.69082853346, "irr": 0.03574, "npv": -25414.812}}