{"key_params": {"location": "CA_Truckee.Tahoe", "customer_type": "Hospital", "demand_charge": 20, "export_price": 0.0, "export_price_type": "None", "battery_size_kWh": 600, "battery_power_kW": 300.0, "min_soc": 0.05, "max_soc": 1.0, "one_way_efficiency": 0.92, "start_soc": 0.5, "n_horizon": 24, "n_control": 12}, "savings": {"old_energy_charge": -265419.68217595463, "new_energy_charge": -265421.0165164552, "energy_charge_savings": -1.3343405005871318, "old_demand_charge": -93138.62988996034, "new_demand_charge": -78956.36117306957, "demand_charge_savings": 14182.268716890772, "retail_profits": 14180.934376390185, "battery_charge_cost": -22539.839879161067, "battery_discharge_revenues": 22538.505538660516, "battery_retail_profits": -1.334340500550752, "battery_export_revenue": 0.0, "total_profits": 14180.934376390222, "irr": -0.02105, "npv": -76679.807}}