{"key_params": {"location": "CA_Beale.AFB.724837_TMY3", "customer_type": "Apartment", "demand_charge": 20, "export_price": 0.0, "export_price_type": "None", "battery_size_kWh": 600, "battery_power_kW": 300.0, "min_soc": 0.05, "max_soc": 1.0, "one_way_efficiency": 0.92, "start_soc": 0.5, "n_horizon": 24, "n_control": 12}, "savings": {"old_energy_charge": -348732.6263037448, "new_energy_charge": -343448.4507442769, "energy_charge_savings": 5284.175559467869, "old_demand_charge": -149896.58322387355, "new_demand_charge": -117324.34668776399, "demand_charge_savings": 32572.236536109558, "retail_profits": 37856.41209557743, "battery_charge_cost": -21481.72849273832, "battery_discharge_revenues": 26765.90405220616, "battery_retail_profits": 5284.17555946784, "battery_export_revenue": 0.0, "total_profits": 37856.4120955774, "irr": 0.12559, "npv": 75726.749}}