{"key_params": {"location": "CA_Crescent.City-Jack.McNamara.Field.725946_TMY3", "customer_type": "Apartment", "demand_charge": 20, "export_price": 0.0, "export_price_type": "None", "battery_size_kWh": 600, "battery_power_kW": 300.0, "min_soc": 0.05, "max_soc": 1.0, "one_way_efficiency": 0.92, "start_soc": 0.5, "n_horizon": 24, "n_control": 12}, "savings": {"old_energy_charge": -315982.22209385864, "new_energy_charge": -310626.5459357264, "energy_charge_savings": 5355.676158132264, "old_demand_charge": -129632.6519389305, "new_demand_charge": -95842.30747919368, "demand_charge_savings": 33790.34445973682, "retail_profits": 39146.020617869086, "battery_charge_cost": -21473.576149235465, "battery_discharge_revenues": 26829.2523073677, "battery_retail_profits": 5355.676158132235, "battery_export_revenue": 0.0, "total_profits": 39146.02061786906, "irr": 0.13223, "npv": 83862.417}}