{"key_params": {"location": "CA_Santa.Rosa.AWOS.724957_TMY3", "customer_type": "School", "demand_charge": 20, "export_price": 0.0, "export_price_type": "None", "battery_size_kWh": 600, "battery_power_kW": 300.0, "min_soc": 0.05, "max_soc": 1.0, "one_way_efficiency": 0.92, "start_soc": 0.5, "n_horizon": 24, "n_control": 12}, "savings": {"old_energy_charge": -561951.7402933468, "new_energy_charge": -558568.0471386492, "energy_charge_savings": 3383.6931546976557, "old_demand_charge": -386793.47343784466, "new_demand_charge": -356553.7418621174, "demand_charge_savings": 30239.731575727288, "retail_profits": 33623.424730424944, "battery_charge_cost": -21917.132306335407, "battery_discharge_revenues": 25300.82546103314, "battery_retail_profits": 3383.693154697732, "battery_export_revenue": 0.0, "total_profits": 33623.42473042502, "irr": 0.10333, "npv": 49022.382}}