{"key_params": {"location": "CA_Blythe-Riverside.County", "customer_type": "Hotel", "demand_charge": 20, "export_price": 0.0, "export_price_type": "None", "battery_size_kWh": 600, "battery_power_kW": 300.0, "min_soc": 0.05, "max_soc": 1.0, "one_way_efficiency": 0.92, "start_soc": 0.5, "n_horizon": 24, "n_control": 12}, "savings": {"old_energy_charge": -307870.4038126673, "new_energy_charge": -305811.9293817525, "energy_charge_savings": 2058.4744309147936, "old_demand_charge": -111026.46063264893, "new_demand_charge": -78466.31013058315, "demand_charge_savings": 32560.15050206578, "retail_profits": 34618.62493298057, "battery_charge_cost": -28937.96752799617, "battery_discharge_revenues": 30996.441958910946, "battery_retail_profits": 2058.4744309147754, "battery_export_revenue": 0.0, "total_profits": 34618.62493298056, "irr": 0.10864, "npv": 55300.735}}