{"key_params": {"location": "CA_Palm.Springs-Thermal", "customer_type": "Restaurant", "demand_charge": 20, "export_price": 0.0, "export_price_type": "None", "battery_size_kWh": 600, "battery_power_kW": 300.0, "min_soc": 0.05, "max_soc": 1.0, "one_way_efficiency": 0.92, "start_soc": 0.5, "n_horizon": 24, "n_control": 12}, "savings": {"old_energy_charge": -497541.96701215365, "new_energy_charge": -497018.4775947807, "energy_charge_savings": 523.4894173729699, "old_demand_charge": -183365.88035270537, "new_demand_charge": -155026.31922744092, "demand_charge_savings": 28339.561125264445, "retail_profits": 28863.050542637415, "battery_charge_cost": -28153.9074173597, "battery_discharge_revenues": 28677.396834732648, "battery_retail_profits": 523.4894173729481, "battery_export_revenue": 0.0, "total_profits": 28863.050542637393, "irr": 0.07724, "npv": 18990.924}}