{"key_params": {"location": "CA_Bishop", "customer_type": "Hospital", "demand_charge": 20, "export_price": 0.0, "export_price_type": "None", "battery_size_kWh": 600, "battery_power_kW": 300.0, "min_soc": 0.05, "max_soc": 1.0, "one_way_efficiency": 0.92, "start_soc": 0.5, "n_horizon": 24, "n_control": 12}, "savings": {"old_energy_charge": -254221.90521521866, "new_energy_charge": -254145.57677161906, "energy_charge_savings": 76.3284435996029, "old_demand_charge": -86501.15947886325, "new_demand_charge": -73658.751665886, "demand_charge_savings": 12842.407812977253, "retail_profits": 12918.736256576856, "battery_charge_cost": -20827.446189026323, "battery_discharge_revenues": 20903.774632625966, "battery_retail_profits": 76.32844359964292, "battery_export_revenue": 0.0, "total_profits": 12918.736256576896, "irr": -0.03355, "npv": -86418.714}}