{"key_params": {"location": "CA_Oakland.Intl", "customer_type": "Office", "demand_charge": 20, "export_price": 0.0, "export_price_type": "None", "battery_size_kWh": 600, "battery_power_kW": 300.0, "min_soc": 0.05, "max_soc": 1.0, "one_way_efficiency": 0.92, "start_soc": 0.5, "n_horizon": 24, "n_control": 12}, "savings": {"old_energy_charge": -292314.9136063601, "new_energy_charge": -291300.1977745181, "energy_charge_savings": 1014.7158318419824, "old_demand_charge": -149871.49212045738, "new_demand_charge": -126961.81225324406, "demand_charge_savings": 22909.679867213315, "retail_profits": 23924.395699055298, "battery_charge_cost": -23103.03333077192, "battery_discharge_revenues": 24117.749162613865, "battery_retail_profits": 1014.715831841946, "battery_export_revenue": 0.0, "total_profits": 23924.39569905526, "irr": 0.04858, "npv": -12165.241}}