{"key_params": {"location": "CA_Visalia.Muni.AWOS.723896_TMY3", "customer_type": "Apartment", "demand_charge": 20, "export_price": 0.0, "export_price_type": "None", "battery_size_kWh": 600, "battery_power_kW": 300.0, "min_soc": 0.05, "max_soc": 1.0, "one_way_efficiency": 0.92, "start_soc": 0.5, "n_horizon": 24, "n_control": 12}, "savings": {"old_energy_charge": -346582.7461344273, "new_energy_charge": -341303.36985161656, "energy_charge_savings": 5279.376282810757, "old_demand_charge": -150706.15313881487, "new_demand_charge": -118243.1747015132, "demand_charge_savings": 32462.978437301674, "retail_profits": 37742.35472011243, "battery_charge_cost": -21485.474842449323, "battery_discharge_revenues": 26764.851125260146, "battery_retail_profits": 5279.376282810823, "battery_export_revenue": 0.0, "total_profits": 37742.3547201125, "irr": 0.125, "npv": 75007.203}}