{"key_params": {"location": "CA_Modesto.Muni", "customer_type": "Restaurant", "demand_charge": 20, "export_price": 0.0, "export_price_type": "None", "battery_size_kWh": 600, "battery_power_kW": 300.0, "min_soc": 0.05, "max_soc": 1.0, "one_way_efficiency": 0.92, "start_soc": 0.5, "n_horizon": 24, "n_control": 12}, "savings": {"old_energy_charge": -453633.8469863303, "new_energy_charge": -453104.22691609734, "energy_charge_savings": 529.6200702329515, "old_demand_charge": -165606.38234257454, "new_demand_charge": -138274.05344121598, "demand_charge_savings": 27332.32890135856, "retail_profits": 27861.94897159151, "battery_charge_cost": -28656.47370407412, "battery_discharge_revenues": 29186.093774307094, "battery_retail_profits": 529.6200702329734, "battery_export_revenue": 0.0, "total_profits": 27861.948971591533, "irr": 0.07158, "npv": 12675.341}}