{"key_params": {"location": "CA_Merced-Macready.Field.724815_TMY3", "customer_type": "School", "demand_charge": 20, "export_price": 0.0, "export_price_type": "None", "battery_size_kWh": 600, "battery_power_kW": 300.0, "min_soc": 0.05, "max_soc": 1.0, "one_way_efficiency": 0.92, "start_soc": 0.5, "n_horizon": 24, "n_control": 12}, "savings": {"old_energy_charge": -623324.1332781246, "new_energy_charge": -620485.2578142342, "energy_charge_savings": 2838.8754638903774, "old_demand_charge": -386173.28968243895, "new_demand_charge": -346833.7445416526, "demand_charge_savings": 39339.54514078633, "retail_profits": 42178.42060467671, "battery_charge_cost": -22333.51887599016, "battery_discharge_revenues": 25172.394339880604, "battery_retail_profits": 2838.875463890443, "battery_export_revenue": 0.0, "total_profits": 42178.42060467677, "irr": 0.14762, "npv": 102992.718}}