{"key_params": {"location": "CA_Fresno.Air.Terminal.723890_TMY3", "customer_type": "Restaurant", "demand_charge": 20, "export_price": 0.0, "export_price_type": "None", "battery_size_kWh": 600, "battery_power_kW": 300.0, "min_soc": 0.05, "max_soc": 1.0, "one_way_efficiency": 0.92, "start_soc": 0.5, "n_horizon": 24, "n_control": 12}, "savings": {"old_energy_charge": -464112.70303627057, "new_energy_charge": -463291.91679428116, "energy_charge_savings": 820.7862419894082, "old_demand_charge": -166886.86269839978, "new_demand_charge": -139420.57308525147, "demand_charge_savings": 27466.289613148314, "retail_profits": 28287.075855137722, "battery_charge_cost": -28648.897991849342, "battery_discharge_revenues": 29469.68423383877, "battery_retail_profits": 820.7862419894263, "battery_export_revenue": 0.0, "total_profits": 28287.07585513774, "irr": 0.07399, "npv": 15357.311}}