{"key_params": {"location": "CA_Hawthorne-Jack.Northrop.Field.722956_TMY3", "customer_type": "Office", "demand_charge": 20, "export_price": 0.0, "export_price_type": "None", "battery_size_kWh": 600, "battery_power_kW": 300.0, "min_soc": 0.05, "max_soc": 1.0, "one_way_efficiency": 0.92, "start_soc": 0.5, "n_horizon": 24, "n_control": 12}, "savings": {"old_energy_charge": -379914.31224350486, "new_energy_charge": -378448.8682270051, "energy_charge_savings": 1465.4440164997359, "old_demand_charge": -200652.65935111893, "new_demand_charge": -175529.68757910072, "demand_charge_savings": 25122.97177201821, "retail_profits": 26588.415788517945, "battery_charge_cost": -23420.91138085469, "battery_discharge_revenues": 24886.355397354422, "battery_retail_profits": 1465.4440164997322, "battery_export_revenue": 0.0, "total_profits": 26588.41578851794, "irr": 0.06428, "npv": 4641.086}}