{"key_params": {"location": "CA_Barstow.Daggett", "customer_type": "School", "demand_charge": 20, "export_price": 0.0, "export_price_type": "None", "battery_size_kWh": 600, "battery_power_kW": 300.0, "min_soc": 0.05, "max_soc": 1.0, "one_way_efficiency": 0.92, "start_soc": 0.5, "n_horizon": 24, "n_control": 12}, "savings": {"old_energy_charge": -401245.44702715124, "new_energy_charge": -398641.7076052057, "energy_charge_savings": 2603.739421945531, "old_demand_charge": -242388.46844995214, "new_demand_charge": -212708.51352485362, "demand_charge_savings": 29679.954925098515, "retail_profits": 32283.694347044046, "battery_charge_cost": -22213.156049687255, "battery_discharge_revenues": 24816.895471632797, "battery_retail_profits": 2603.739421945542, "battery_export_revenue": 0.0, "total_profits": 32283.694347044056, "irr": 0.09612, "npv": 40570.513}}