{"key_params": {"location": "CA_Hayward.Air.Terminal.724935_TMY3", "customer_type": "Hospital", "demand_charge": 20, "export_price": 0.0, "export_price_type": "None", "battery_size_kWh": 600, "battery_power_kW": 300.0, "min_soc": 0.05, "max_soc": 1.0, "one_way_efficiency": 0.92, "start_soc": 0.5, "n_horizon": 24, "n_control": 12}, "savings": {"old_energy_charge": -246452.67822571893, "new_energy_charge": -246479.35375708604, "energy_charge_savings": -26.67553136710194, "old_demand_charge": -80929.00293250977, "new_demand_charge": -70052.75954821063, "demand_charge_savings": 10876.243384299145, "retail_profits": 10849.567852932043, "battery_charge_cost": -19643.84766725624, "battery_discharge_revenues": 19617.17213588915, "battery_retail_profits": -26.675531367091025, "battery_export_revenue": 0.0, "total_profits": 10849.567852932054, "irr": -0.05635, "npv": -102942.291}}