{"key_params": {"location": "CA_San.Francisco.Intl", "customer_type": "Hotel", "demand_charge": 20, "export_price": 0.0, "export_price_type": "None", "battery_size_kWh": 600, "battery_power_kW": 300.0, "min_soc": 0.05, "max_soc": 1.0, "one_way_efficiency": 0.92, "start_soc": 0.5, "n_horizon": 24, "n_control": 12}, "savings": {"old_energy_charge": -358772.1815767239, "new_energy_charge": -356342.88745987177, "energy_charge_savings": 2429.2941168521065, "old_demand_charge": -131764.9720478073, "new_demand_charge": -95834.49592204006, "demand_charge_savings": 35930.476125767236, "retail_profits": 38359.77024261934, "battery_charge_cost": -29884.943448009308, "battery_discharge_revenues": 32314.237564861367, "battery_retail_profits": 2429.2941168520592, "battery_export_revenue": 0.0, "total_profits": 38359.7702426193, "irr": 0.12819, "npv": 78902.251}}