{"key_params": {"location": "CA_Lompoc.AWOS.722895_TMY3", "customer_type": "Apartment", "demand_charge": 20, "export_price": 0.0, "export_price_type": "None", "battery_size_kWh": 600, "battery_power_kW": 300.0, "min_soc": 0.05, "max_soc": 1.0, "one_way_efficiency": 0.92, "start_soc": 0.5, "n_horizon": 24, "n_control": 12}, "savings": {"old_energy_charge": -333618.6384821092, "new_energy_charge": -328210.2454155483, "energy_charge_savings": 5408.39306656085, "old_demand_charge": -143565.80298096058, "new_demand_charge": -109722.57687786863, "demand_charge_savings": 33843.22610309195, "retail_profits": 39251.6191696528, "battery_charge_cost": -21489.773169789227, "battery_discharge_revenues": 26898.166236350065, "battery_retail_profits": 5408.393066560839, "battery_export_revenue": 0.0, "total_profits": 39251.61916965278, "irr": 0.13277, "npv": 84528.6}}