{"key_params": {"location": "CA_Oxnard", "customer_type": "School", "demand_charge": 20, "export_price": 0.0, "export_price_type": "None", "battery_size_kWh": 600, "battery_power_kW": 300.0, "min_soc": 0.05, "max_soc": 1.0, "one_way_efficiency": 0.92, "start_soc": 0.5, "n_horizon": 24, "n_control": 12}, "savings": {"old_energy_charge": -349628.99044071056, "new_energy_charge": -348651.3334451011, "energy_charge_savings": 977.6569956094609, "old_demand_charge": -190004.64395746167, "new_demand_charge": -163990.48654016654, "demand_charge_savings": 26014.157417295122, "retail_profits": 26991.814412904583, "battery_charge_cost": -23110.216819930538, "battery_discharge_revenues": 24087.873815540046, "battery_retail_profits": 977.6569956095082, "battery_export_revenue": 0.0, "total_profits": 26991.81441290463, "irr": 0.0666, "npv": 7185.981}}