{"key_params": {"location": "CA_Long.Beach-Daugherty.Field.722970_TMY3", "customer_type": "Hospital", "demand_charge": 20, "export_price": 0.0, "export_price_type": "None", "battery_size_kWh": 600, "battery_power_kW": 300.0, "min_soc": 0.05, "max_soc": 1.0, "one_way_efficiency": 0.92, "start_soc": 0.5, "n_horizon": 24, "n_control": 12}, "savings": {"old_energy_charge": -245529.73168639015, "new_energy_charge": -245628.43113699794, "energy_charge_savings": -98.69945060778991, "old_demand_charge": -80417.12309585277, "new_demand_charge": -69469.29722492254, "demand_charge_savings": 10947.825870930232, "retail_profits": 10849.126420322442, "battery_charge_cost": -19200.58700831008, "battery_discharge_revenues": 19101.887557702303, "battery_retail_profits": -98.699450607779, "battery_export_revenue": 0.0, "total_profits": 10849.126420322453, "irr": -0.05635, "npv": -102945.816}}