{"key_params": {"location": "CA_Sacramento.Exec", "customer_type": "Hotel", "demand_charge": 20, "export_price": 0.0, "export_price_type": "None", "battery_size_kWh": 600, "battery_power_kW": 300.0, "min_soc": 0.05, "max_soc": 1.0, "one_way_efficiency": 0.92, "start_soc": 0.5, "n_horizon": 24, "n_control": 12}, "savings": {"old_energy_charge": -349966.31684729055, "new_energy_charge": -347504.1710885792, "energy_charge_savings": 2462.1457587113255, "old_demand_charge": -129563.26244042534, "new_demand_charge": -93848.73789253112, "demand_charge_savings": 35714.52454789422, "retail_profits": 38176.67030660555, "battery_charge_cost": -29398.200658468315, "battery_discharge_revenues": 31860.346417179757, "battery_retail_profits": 2462.145758711442, "battery_export_revenue": 0.0, "total_profits": 38176.670306605665, "irr": 0.12725, "npv": 77747.141}}