{"key_params": {"location": "CA_Lancaster-Gen.Wm.Fox.Field.723816_TMY3", "customer_type": "Hospital", "demand_charge": 20, "export_price": 0.0, "export_price_type": "None", "battery_size_kWh": 600, "battery_power_kW": 300.0, "min_soc": 0.05, "max_soc": 1.0, "one_way_efficiency": 0.92, "start_soc": 0.5, "n_horizon": 24, "n_control": 12}, "savings": {"old_energy_charge": -250058.59148072038, "new_energy_charge": -250089.36632520778, "energy_charge_savings": -30.774844487401424, "old_demand_charge": -83971.34850986658, "new_demand_charge": -71937.77656842054, "demand_charge_savings": 12033.571941446047, "retail_profits": 12002.797096958646, "battery_charge_cost": -20246.6950621992, "battery_discharge_revenues": 20215.92021771184, "battery_retail_profits": -30.774844487361406, "battery_export_revenue": 0.0, "total_profits": 12002.797096958686, "irr": -0.04331, "npv": -93733.049}}