{"key_params": {"location": "CA_Carlsbad.722927_TMY3", "customer_type": "Restaurant", "demand_charge": 20, "export_price": 0.0, "export_price_type": "None", "battery_size_kWh": 600, "battery_power_kW": 300.0, "min_soc": 0.05, "max_soc": 1.0, "one_way_efficiency": 0.92, "start_soc": 0.5, "n_horizon": 24, "n_control": 12}, "savings": {"old_energy_charge": -431172.0399481994, "new_energy_charge": -432175.8019330857, "energy_charge_savings": -1003.7619848863105, "old_demand_charge": -149824.6992278271, "new_demand_charge": -121854.28128565621, "demand_charge_savings": 27970.417942170898, "retail_profits": 26966.655957284587, "battery_charge_cost": -32673.73269587673, "battery_discharge_revenues": 31669.970710990496, "battery_retail_profits": -1003.7619848862341, "battery_export_revenue": 0.0, "total_profits": 26966.655957284664, "irr": 0.06646, "npv": 7027.265}}