{"key_params": {"location": "CA_Long.Beach-Daugherty.Field.722970_TMY3", "customer_type": "Office", "demand_charge": 20, "export_price": 0.0, "export_price_type": "None", "battery_size_kWh": 600, "battery_power_kW": 300.0, "min_soc": 0.05, "max_soc": 1.0, "one_way_efficiency": 0.92, "start_soc": 0.5, "n_horizon": 24, "n_control": 12}, "savings": {"old_energy_charge": -389859.83160840056, "new_energy_charge": -387410.8608487526, "energy_charge_savings": 2448.9707596479566, "old_demand_charge": -213733.68724342412, "new_demand_charge": -185444.00152409973, "demand_charge_savings": 28289.685719324392, "retail_profits": 30738.65647897235, "battery_charge_cost": -22928.220594229133, "battery_discharge_revenues": 25377.191353876933, "battery_retail_profits": 2448.9707596478, "battery_export_revenue": 0.0, "total_profits": 30738.656478972192, "irr": 0.08768, "npv": 30823.435}}