{"key_params": {"location": "CA_Santa.Monica.Muni", "customer_type": "Office", "demand_charge": 20, "export_price": 0.0, "export_price_type": "None", "battery_size_kWh": 600, "battery_power_kW": 300.0, "min_soc": 0.05, "max_soc": 1.0, "one_way_efficiency": 0.92, "start_soc": 0.5, "n_horizon": 24, "n_control": 12}, "savings": {"old_energy_charge": -532604.5190766213, "new_energy_charge": -531892.8851046565, "energy_charge_savings": 711.633971964824, "old_demand_charge": -260899.47128170112, "new_demand_charge": -235504.3231178032, "demand_charge_savings": 25395.148163897917, "retail_profits": 26106.78213586274, "battery_charge_cost": -23209.88252886334, "battery_discharge_revenues": 23921.516500828227, "battery_retail_profits": 711.6339719648859, "battery_export_revenue": 0.0, "total_profits": 26106.782135862803, "irr": 0.06148, "npv": 1602.636}}