{"key_params": {"location": "CA_Van.Nuys", "customer_type": "School", "demand_charge": 20, "export_price": 0.0, "export_price_type": "None", "battery_size_kWh": 600, "battery_power_kW": 300.0, "min_soc": 0.05, "max_soc": 1.0, "one_way_efficiency": 0.92, "start_soc": 0.5, "n_horizon": 24, "n_control": 12}, "savings": {"old_energy_charge": -636484.0249791872, "new_energy_charge": -632997.0360970467, "energy_charge_savings": 3486.9888821404893, "old_demand_charge": -401047.57130261516, "new_demand_charge": -368129.41898444307, "demand_charge_savings": 32918.1523181721, "retail_profits": 36405.14120031259, "battery_charge_cost": -22131.996707146172, "battery_discharge_revenues": 25618.985589286516, "battery_retail_profits": 3486.988882140344, "battery_export_revenue": 0.0, "total_profits": 36405.14120031244, "irr": 0.11804, "npv": 66571.212}}