{"key_params": {"location": "CA_Blythe-Riverside.County", "customer_type": "Office", "demand_charge": 20, "export_price": 0.0, "export_price_type": "None", "battery_size_kWh": 600, "battery_power_kW": 300.0, "min_soc": 0.05, "max_soc": 1.0, "one_way_efficiency": 0.92, "start_soc": 0.5, "n_horizon": 24, "n_control": 12}, "savings": {"old_energy_charge": -455237.0297713898, "new_energy_charge": -452377.02361330466, "energy_charge_savings": 2860.0061580851325, "old_demand_charge": -264888.0282242319, "new_demand_charge": -230367.97288010395, "demand_charge_savings": 34520.05534412796, "retail_profits": 37380.061502213095, "battery_charge_cost": -22620.533145422312, "battery_discharge_revenues": 25480.539303507467, "battery_retail_profits": 2860.0061580851543, "battery_export_revenue": 0.0, "total_profits": 37380.06150221312, "irr": 0.12312, "npv": 72721.628}}