{"key_params": {"location": "CA_Twentynine.Palms.690150_TMY3", "customer_type": "Apartment", "demand_charge": 20, "export_price": 0.0, "export_price_type": "None", "battery_size_kWh": 600, "battery_power_kW": 300.0, "min_soc": 0.05, "max_soc": 1.0, "one_way_efficiency": 0.92, "start_soc": 0.5, "n_horizon": 24, "n_control": 12}, "savings": {"old_energy_charge": -338255.1791698051, "new_energy_charge": -333097.577602577, "energy_charge_savings": 5157.601567228092, "old_demand_charge": -139733.65254237465, "new_demand_charge": -108613.68238952837, "demand_charge_savings": 31119.970152846276, "retail_profits": 36277.57172007437, "battery_charge_cost": -21590.502363624993, "battery_discharge_revenues": 26748.103930853125, "battery_retail_profits": 5157.601567228132, "battery_export_revenue": 0.0, "total_profits": 36277.57172007441, "irr": 0.11738, "npv": 65766.423}}