{"key_params": {"location": "CA_Blue.Canyon", "customer_type": "Restaurant", "demand_charge": 20, "export_price": 0.0, "export_price_type": "None", "battery_size_kWh": 600, "battery_power_kW": 300.0, "min_soc": 0.05, "max_soc": 1.0, "one_way_efficiency": 0.92, "start_soc": 0.5, "n_horizon": 24, "n_control": 12}, "savings": {"old_energy_charge": -471793.1834998495, "new_energy_charge": -471840.58104096254, "energy_charge_savings": -47.39754111302318, "old_demand_charge": -166002.79376772902, "new_demand_charge": -137855.07872534293, "demand_charge_savings": 28147.715042386088, "retail_profits": 28100.317501273064, "battery_charge_cost": -28558.017766690537, "battery_discharge_revenues": 28510.62022557752, "battery_retail_profits": -47.397541113015905, "battery_export_revenue": 0.0, "total_profits": 28100.31750127307, "irr": 0.07294, "npv": 14179.121}}