{"key_params": {"location": "CA_China.Lake.NAF.746120_TMY3", "customer_type": "Apartment", "demand_charge": 20, "export_price": 0.0, "export_price_type": "None", "battery_size_kWh": 600, "battery_power_kW": 300.0, "min_soc": 0.05, "max_soc": 1.0, "one_way_efficiency": 0.92, "start_soc": 0.5, "n_horizon": 24, "n_control": 12}, "savings": {"old_energy_charge": -351988.6470747975, "new_energy_charge": -346725.84003329196, "energy_charge_savings": 5262.807041505526, "old_demand_charge": -147995.5809982314, "new_demand_charge": -115728.89282147159, "demand_charge_savings": 32266.68817675981, "retail_profits": 37529.495218265336, "battery_charge_cost": -21505.227338947534, "battery_discharge_revenues": 26768.034380453082, "battery_retail_profits": 5262.807041505548, "battery_export_revenue": 0.0, "total_profits": 37529.49521826536, "irr": 0.1239, "npv": 73664.35}}