{"key_params": {"location": "CA_Napa.County", "customer_type": "Hospital", "demand_charge": 20, "export_price": 0.0, "export_price_type": "None", "battery_size_kWh": 600, "battery_power_kW": 300.0, "min_soc": 0.05, "max_soc": 1.0, "one_way_efficiency": 0.92, "start_soc": 0.5, "n_horizon": 24, "n_control": 12}, "savings": {"old_energy_charge": -246126.97862962846, "new_energy_charge": -246283.60988738132, "energy_charge_savings": -156.6312577528588, "old_demand_charge": -80852.2987211287, "new_demand_charge": -69921.5067362807, "demand_charge_savings": 10930.791984847994, "retail_profits": 10774.160727095135, "battery_charge_cost": -19316.326818169193, "battery_discharge_revenues": 19159.69556041632, "battery_retail_profits": -156.63125775287335, "battery_export_revenue": 0.0, "total_profits": 10774.16072709512, "irr": -0.05723, "npv": -103544.463}}