{"key_params": {"location": "CA_Twentynine.Palms.690150_TMY3", "customer_type": "School", "demand_charge": 20, "export_price": 0.0, "export_price_type": "None", "battery_size_kWh": 600, "battery_power_kW": 300.0, "min_soc": 0.05, "max_soc": 1.0, "one_way_efficiency": 0.92, "start_soc": 0.5, "n_horizon": 24, "n_control": 12}, "savings": {"old_energy_charge": -607422.190171907, "new_energy_charge": -605513.443035469, "energy_charge_savings": 1908.7471364379162, "old_demand_charge": -339040.3936302606, "new_demand_charge": -311093.2987597008, "demand_charge_savings": 27947.094870559813, "retail_profits": 29855.84200699773, "battery_charge_cost": -22789.76711454287, "battery_discharge_revenues": 24698.514250980897, "battery_retail_profits": 1908.747136438029, "battery_export_revenue": 0.0, "total_profits": 29855.842006997842, "irr": 0.08279, "npv": 25254.082}}