{"key_params": {"location": "CA_Santa.Monica.Muni", "customer_type": "Apartment", "demand_charge": 20, "export_price": 0.0, "export_price_type": "None", "battery_size_kWh": 600, "battery_power_kW": 300.0, "min_soc": 0.05, "max_soc": 1.0, "one_way_efficiency": 0.92, "start_soc": 0.5, "n_horizon": 24, "n_control": 12}, "savings": {"old_energy_charge": -341998.4459357267, "new_energy_charge": -336578.258233116, "energy_charge_savings": 5420.187702610681, "old_demand_charge": -145398.5794177674, "new_demand_charge": -111597.68904336289, "demand_charge_savings": 33800.890374404524, "retail_profits": 39221.078077015205, "battery_charge_cost": -21471.0475401676, "battery_discharge_revenues": 26891.23524277829, "battery_retail_profits": 5420.187702610689, "battery_export_revenue": 0.0, "total_profits": 39221.07807701521, "irr": 0.13261, "npv": 84335.927}}