{"key_params": {"location": "CA_Chula.Vista-Brown.Field.Muni", "customer_type": "Hospital", "demand_charge": 20, "export_price": 0.0, "export_price_type": "None", "battery_size_kWh": 600, "battery_power_kW": 300.0, "min_soc": 0.05, "max_soc": 1.0, "one_way_efficiency": 0.92, "start_soc": 0.5, "n_horizon": 24, "n_control": 12}, "savings": {"old_energy_charge": -244847.78969122746, "new_energy_charge": -244757.71461408073, "energy_charge_savings": 90.07507714672829, "old_demand_charge": -79869.2719417448, "new_demand_charge": -69412.21941231408, "demand_charge_savings": 10457.052529430715, "retail_profits": 10547.127606577444, "battery_charge_cost": -19286.4168702597, "battery_discharge_revenues": 19376.49194740641, "battery_retail_profits": 90.0750771467101, "battery_export_revenue": 0.0, "total_profits": 10547.127606577425, "irr": -0.05992, "npv": -105357.461}}