{"key_params": {"location": "CA_Camp.Pendleton.MCAS.722926_TMY3", "customer_type": "Office", "demand_charge": 20, "export_price": 0.0, "export_price_type": "None", "battery_size_kWh": 600, "battery_power_kW": 300.0, "min_soc": 0.05, "max_soc": 1.0, "one_way_efficiency": 0.92, "start_soc": 0.5, "n_horizon": 24, "n_control": 12}, "savings": {"old_energy_charge": -383749.5503704112, "new_energy_charge": -381918.723916255, "energy_charge_savings": 1830.8264541561948, "old_demand_charge": -205251.96638316175, "new_demand_charge": -178183.32556981628, "demand_charge_savings": 27068.640813345468, "retail_profits": 28899.467267501663, "battery_charge_cost": -23401.519717959432, "battery_discharge_revenues": 25232.34617211553, "battery_retail_profits": 1830.8264541560966, "battery_export_revenue": 0.0, "total_profits": 28899.467267501564, "irr": 0.07745, "npv": 19220.664}}