{"key_params": {"location": "CA_Santa.Ana-John.Wayne", "customer_type": "Market", "demand_charge": 20, "export_price": 0.0, "export_price_type": "None", "battery_size_kWh": 600, "battery_power_kW": 300.0, "min_soc": 0.05, "max_soc": 1.0, "one_way_efficiency": 0.92, "start_soc": 0.5, "n_horizon": 24, "n_control": 12}, "savings": {"old_energy_charge": -358360.17191990104, "new_energy_charge": -358373.6425896087, "energy_charge_savings": -13.470669707632624, "old_demand_charge": -135606.80312053039, "new_demand_charge": -115433.49129356025, "demand_charge_savings": 20173.311826970137, "retail_profits": 20159.841157262505, "battery_charge_cost": -23759.187346837865, "battery_discharge_revenues": 23745.716677130258, "battery_retail_profits": -13.470669707607158, "battery_export_revenue": 0.0, "total_profits": 20159.84115726253, "irr": 0.02505, "npv": -36042.709}}