{"key_params": {"location": "CA_Fullerton.Muni", "customer_type": "Apartment", "demand_charge": 20, "export_price": 0.0, "export_price_type": "None", "battery_size_kWh": 600, "battery_power_kW": 300.0, "min_soc": 0.05, "max_soc": 1.0, "one_way_efficiency": 0.92, "start_soc": 0.5, "n_horizon": 24, "n_control": 12}, "savings": {"old_energy_charge": -348185.31604114256, "new_energy_charge": -342752.69171623536, "energy_charge_savings": 5432.6243249071995, "old_demand_charge": -148552.14181591594, "new_demand_charge": -115307.21277961315, "demand_charge_savings": 33244.92903630278, "retail_profits": 38677.55336120998, "battery_charge_cost": -21464.900185965194, "battery_discharge_revenues": 26897.52451087239, "battery_retail_profits": 5432.624324907196, "battery_export_revenue": 0.0, "total_profits": 38677.55336120998, "irr": 0.12982, "npv": 80907.029}}