{"key_params": {"location": "CA_Santa.Ana-John.Wayne", "customer_type": "Hospital", "demand_charge": 20, "export_price": 0.0, "export_price_type": "None", "battery_size_kWh": 600, "battery_power_kW": 300.0, "min_soc": 0.05, "max_soc": 1.0, "one_way_efficiency": 0.92, "start_soc": 0.5, "n_horizon": 24, "n_control": 12}, "savings": {"old_energy_charge": -245311.2949319918, "new_energy_charge": -245110.79650757584, "energy_charge_savings": 200.49842441597139, "old_demand_charge": -80539.46521433555, "new_demand_charge": -69982.22275796701, "demand_charge_savings": 10557.242456368534, "retail_profits": 10757.740880784506, "battery_charge_cost": -19408.593992471673, "battery_discharge_revenues": 19609.092416887655, "battery_retail_profits": 200.4984244159823, "battery_export_revenue": 0.0, "total_profits": 10757.740880784517, "irr": -0.05742, "npv": -103675.585}}