{"key_params": {"location": "CA_South.Lake.Tahoe-Lake.Tahoe", "customer_type": "Apartment", "demand_charge": 20, "export_price": 0.0, "export_price_type": "None", "battery_size_kWh": 600, "battery_power_kW": 300.0, "min_soc": 0.05, "max_soc": 1.0, "one_way_efficiency": 0.92, "start_soc": 0.5, "n_horizon": 24, "n_control": 12}, "savings": {"old_energy_charge": -319489.1098868437, "new_energy_charge": -314158.84499828436, "energy_charge_savings": 5330.264888559352, "old_demand_charge": -133690.91597819555, "new_demand_charge": -100587.21888557696, "demand_charge_savings": 33103.69709261859, "retail_profits": 38433.96198117794, "battery_charge_cost": -21481.842498816033, "battery_discharge_revenues": 26812.107387375338, "battery_retail_profits": 5330.264888559304, "battery_export_revenue": 0.0, "total_profits": 38433.9619811779, "irr": 0.12857, "npv": 79370.3}}