{"key_params": {"location": "CA_Hawthorne-Jack.Northrop.Field.722956_TMY3", "customer_type": "Market", "demand_charge": 20, "export_price": 0.0, "export_price_type": "None", "battery_size_kWh": 600, "battery_power_kW": 300.0, "min_soc": 0.05, "max_soc": 1.0, "one_way_efficiency": 0.92, "start_soc": 0.5, "n_horizon": 24, "n_control": 12}, "savings": {"old_energy_charge": -358763.0007212498, "new_energy_charge": -359059.9695993576, "energy_charge_savings": -296.9688781077857, "old_demand_charge": -135433.85234291942, "new_demand_charge": -115483.4611914228, "demand_charge_savings": 19950.391151496617, "retail_profits": 19653.42227338883, "battery_charge_cost": -23784.215390728987, "battery_discharge_revenues": 23487.246512621205, "battery_retail_profits": -296.9688781077821, "battery_export_revenue": 0.0, "total_profits": 19653.422273388835, "irr": 0.02167, "npv": -39310.639}}