{"key_params": {"location": "CA_Camarillo.AWOS.723926_TMY3", "customer_type": "Office", "demand_charge": 20, "export_price": 0.0, "export_price_type": "None", "battery_size_kWh": 600, "battery_power_kW": 300.0, "min_soc": 0.05, "max_soc": 1.0, "one_way_efficiency": 0.92, "start_soc": 0.5, "n_horizon": 24, "n_control": 12}, "savings": {"old_energy_charge": -523027.99699290167, "new_energy_charge": -522495.68764651654, "energy_charge_savings": 532.3093463851255, "old_demand_charge": -257498.1277846492, "new_demand_charge": -231563.57001044074, "demand_charge_savings": 25934.557774208457, "retail_profits": 26466.867120593583, "battery_charge_cost": -23132.879972378014, "battery_discharge_revenues": 23665.189318763216, "battery_retail_profits": 532.3093463852019, "battery_export_revenue": 0.0, "total_profits": 26466.86712059366, "irr": 0.06357, "npv": 3874.28}}