{"key_params": {"location": "CA_Santa.Monica.Muni", "customer_type": "Restaurant", "demand_charge": 20, "export_price": 0.0, "export_price_type": "None", "battery_size_kWh": 600, "battery_power_kW": 300.0, "min_soc": 0.05, "max_soc": 1.0, "one_way_efficiency": 0.92, "start_soc": 0.5, "n_horizon": 24, "n_control": 12}, "savings": {"old_energy_charge": -465593.08325669065, "new_energy_charge": -465014.2956518012, "energy_charge_savings": 578.787604889425, "old_demand_charge": -167567.66982738004, "new_demand_charge": -136194.91918544215, "demand_charge_savings": 31372.75064193789, "retail_profits": 31951.538246827316, "battery_charge_cost": -28816.079086672275, "battery_discharge_revenues": 29394.866691561656, "battery_retail_profits": 578.7876048893813, "battery_export_revenue": 0.0, "total_profits": 31951.538246827273, "irr": 0.09431, "npv": 38475.062}}