{"key_params": {"location": "CA_Santa.Ana-John.Wayne", "customer_type": "Office", "demand_charge": 20, "export_price": 0.0, "export_price_type": "None", "battery_size_kWh": 600, "battery_power_kW": 300.0, "min_soc": 0.05, "max_soc": 1.0, "one_way_efficiency": 0.92, "start_soc": 0.5, "n_horizon": 24, "n_control": 12}, "savings": {"old_energy_charge": -540606.5168961455, "new_energy_charge": -539957.1758008735, "energy_charge_savings": 649.341095271986, "old_demand_charge": -262894.2073133206, "new_demand_charge": -236639.81652207064, "demand_charge_savings": 26254.390791249956, "retail_profits": 26903.731886521942, "battery_charge_cost": -23236.10575454105, "battery_discharge_revenues": 23885.446849812986, "battery_retail_profits": 649.341095271935, "battery_export_revenue": 0.0, "total_profits": 26903.73188652189, "irr": 0.0661, "npv": 6630.3}}