{"key_params": {"location": "CA_Beale.AFB.724837_TMY3", "customer_type": "Office", "demand_charge": 20, "export_price": 0.0, "export_price_type": "None", "battery_size_kWh": 600, "battery_power_kW": 300.0, "min_soc": 0.05, "max_soc": 1.0, "one_way_efficiency": 0.92, "start_soc": 0.5, "n_horizon": 24, "n_control": 12}, "savings": {"old_energy_charge": -509257.6772121156, "new_energy_charge": -507605.36692142964, "energy_charge_savings": 1652.3102906859713, "old_demand_charge": -257192.29099952697, "new_demand_charge": -228339.15125925996, "demand_charge_savings": 28853.13974026701, "retail_profits": 30505.450030952983, "battery_charge_cost": -22911.090575010076, "battery_discharge_revenues": 24563.400865696036, "battery_retail_profits": 1652.3102906859604, "battery_export_revenue": 0.0, "total_profits": 30505.450030952972, "irr": 0.08639, "npv": 29352.221}}