{"key_params": {"location": "CA_Concord-Buchanan.Field.724936_TMY3", "customer_type": "Restaurant", "demand_charge": 20, "export_price": 0.0, "export_price_type": "None", "battery_size_kWh": 600, "battery_power_kW": 300.0, "min_soc": 0.05, "max_soc": 1.0, "one_way_efficiency": 0.92, "start_soc": 0.5, "n_horizon": 24, "n_control": 12}, "savings": {"old_energy_charge": -473152.466786969, "new_energy_charge": -471219.82517551276, "energy_charge_savings": 1932.6416114562307, "old_demand_charge": -181243.07375154953, "new_demand_charge": -149277.12536147298, "demand_charge_savings": 31965.948390076548, "retail_profits": 33898.59000153278, "battery_charge_cost": -26136.63438486151, "battery_discharge_revenues": 28069.275996317738, "battery_retail_profits": 1932.641611456227, "battery_export_revenue": 0.0, "total_profits": 33898.59000153278, "irr": 0.1048, "npv": 50758.299}}