{"key_params": {"location": "CA_Lemoore.NAS.747020_TMY3", "customer_type": "Market", "demand_charge": 20, "export_price": 0.0, "export_price_type": "None", "battery_size_kWh": 600, "battery_power_kW": 300.0, "min_soc": 0.05, "max_soc": 1.0, "one_way_efficiency": 0.92, "start_soc": 0.5, "n_horizon": 24, "n_control": 12}, "savings": {"old_energy_charge": -391058.1589508659, "new_energy_charge": -389708.42128154996, "energy_charge_savings": 1349.7376693159458, "old_demand_charge": -157817.88294300652, "new_demand_charge": -137778.79041044114, "demand_charge_savings": 20039.09253256538, "retail_profits": 21388.830201881327, "battery_charge_cost": -23593.814401331052, "battery_discharge_revenues": 24943.552070646965, "battery_retail_profits": 1349.737669315913, "battery_export_revenue": 0.0, "total_profits": 21388.830201881294, "irr": 0.03298, "npv": -28186.649}}