{"key_params": {"location": "CA_Camp.Pendleton.MCAS.722926_TMY3", "customer_type": "Hotel", "demand_charge": 20, "export_price": 0.0, "export_price_type": "None", "battery_size_kWh": 600, "battery_power_kW": 300.0, "min_soc": 0.05, "max_soc": 1.0, "one_way_efficiency": 0.92, "start_soc": 0.5, "n_horizon": 24, "n_control": 12}, "savings": {"old_energy_charge": -349978.9915994692, "new_energy_charge": -347671.6646346254, "energy_charge_savings": 2307.3269648437854, "old_demand_charge": -127234.11863009815, "new_demand_charge": -92369.74334054686, "demand_charge_savings": 34864.37528955129, "retail_profits": 37171.70225439507, "battery_charge_cost": -29755.643736171452, "battery_discharge_revenues": 32062.970701015216, "battery_retail_profits": 2307.3269648437636, "battery_export_revenue": 0.0, "total_profits": 37171.70225439505, "irr": 0.12204, "npv": 71407.165}}