{"key_params": {"location": "CA_China.Lake.NAF.746120_TMY3", "customer_type": "Office", "demand_charge": 20, "export_price": 0.0, "export_price_type": "None", "battery_size_kWh": 600, "battery_power_kW": 300.0, "min_soc": 0.05, "max_soc": 1.0, "one_way_efficiency": 0.92, "start_soc": 0.5, "n_horizon": 24, "n_control": 12}, "savings": {"old_energy_charge": -336817.6419239306, "new_energy_charge": -335633.4299299265, "energy_charge_savings": 1184.2119940040866, "old_demand_charge": -174701.14252205097, "new_demand_charge": -149757.93456354312, "demand_charge_savings": 24943.207958507846, "retail_profits": 26127.419952511933, "battery_charge_cost": -23062.560124900545, "battery_discharge_revenues": 24246.772118904606, "battery_retail_profits": 1184.2119940040611, "battery_export_revenue": 0.0, "total_profits": 26127.419952511907, "irr": 0.0616, "npv": 1732.832}}