{"key_params": {"location": "CA_Chula.Vista-Brown.Field.Muni", "customer_type": "Hotel", "demand_charge": 20, "export_price": 0.0, "export_price_type": "None", "battery_size_kWh": 600, "battery_power_kW": 300.0, "min_soc": 0.05, "max_soc": 1.0, "one_way_efficiency": 0.92, "start_soc": 0.5, "n_horizon": 24, "n_control": 12}, "savings": {"old_energy_charge": -347303.9125564916, "new_energy_charge": -345143.16711020254, "energy_charge_savings": 2160.7454462890746, "old_demand_charge": -125600.6637705389, "new_demand_charge": -91058.16834788295, "demand_charge_savings": 34542.49542265595, "retail_profits": 36703.240868945024, "battery_charge_cost": -30167.897993653147, "battery_discharge_revenues": 32328.643439942272, "battery_retail_profits": 2160.7454462891255, "battery_export_revenue": 0.0, "total_profits": 36703.240868945075, "irr": 0.1196, "npv": 68451.814}}