{"key_params": {"location": "CA_Montague-Siskiyou.County", "customer_type": "Apartment", "demand_charge": 20, "export_price": 0.0, "export_price_type": "None", "battery_size_kWh": 600, "battery_power_kW": 300.0, "min_soc": 0.05, "max_soc": 1.0, "one_way_efficiency": 0.92, "start_soc": 0.5, "n_horizon": 24, "n_control": 12}, "savings": {"old_energy_charge": -336106.38855009794, "new_energy_charge": -330771.2094721521, "energy_charge_savings": 5335.179077945824, "old_demand_charge": -148008.35500989563, "new_demand_charge": -113837.9100163823, "demand_charge_savings": 34170.44499351333, "retail_profits": 39505.624071459155, "battery_charge_cost": -21469.883329739594, "battery_discharge_revenues": 26805.062407685433, "battery_retail_profits": 5335.179077945839, "battery_export_revenue": 0.0, "total_profits": 39505.62407145917, "irr": 0.13407, "npv": 86131.024}}