{"key_params": {"location": "CA_Bakersfield-Meadows.Field.723840_TMY3", "customer_type": "Office", "demand_charge": 20, "export_price": 0.0, "export_price_type": "None", "battery_size_kWh": 600, "battery_power_kW": 300.0, "min_soc": 0.05, "max_soc": 1.0, "one_way_efficiency": 0.92, "start_soc": 0.5, "n_horizon": 24, "n_control": 12}, "savings": {"old_energy_charge": -416369.56458706124, "new_energy_charge": -412975.3656269129, "energy_charge_savings": 3394.198960148322, "old_demand_charge": -253788.65982147696, "new_demand_charge": -214352.5600948559, "demand_charge_savings": 39436.09972662106, "retail_profits": 42830.29868676938, "battery_charge_cost": -22859.698300571366, "battery_discharge_revenues": 26253.897260719616, "battery_retail_profits": 3394.198960148249, "battery_export_revenue": 0.0, "total_profits": 42830.29868676931, "irr": 0.15089, "npv": 107105.178}}