{"key_params": {"location": "CA_Stockton.Metro", "customer_type": "School", "demand_charge": 20, "export_price": 0.0, "export_price_type": "None", "battery_size_kWh": 600, "battery_power_kW": 300.0, "min_soc": 0.05, "max_soc": 1.0, "one_way_efficiency": 0.92, "start_soc": 0.5, "n_horizon": 24, "n_control": 12}, "savings": {"old_energy_charge": -367023.9065182371, "new_energy_charge": -364686.91068331245, "energy_charge_savings": 2336.99583492463, "old_demand_charge": -226352.92640756772, "new_demand_charge": -197255.9457006931, "demand_charge_savings": 29096.98070687463, "retail_profits": 31433.97654179926, "battery_charge_cost": -22479.3080433783, "battery_discharge_revenues": 24816.303878302926, "battery_retail_profits": 2336.9958349246263, "battery_export_revenue": 0.0, "total_profits": 31433.976541799257, "irr": 0.09149, "npv": 35209.955}}