{"key_params": {"location": "CA_Camarillo.AWOS.723926_TMY3", "customer_type": "Market", "demand_charge": 20, "export_price": 0.0, "export_price_type": "None", "battery_size_kWh": 600, "battery_power_kW": 300.0, "min_soc": 0.05, "max_soc": 1.0, "one_way_efficiency": 0.92, "start_soc": 0.5, "n_horizon": 24, "n_control": 12}, "savings": {"old_energy_charge": -374585.159943927, "new_energy_charge": -375032.4041221936, "energy_charge_savings": -447.24417826655554, "old_demand_charge": -144930.56433509564, "new_demand_charge": -122931.6794709324, "demand_charge_savings": 21998.884864163236, "retail_profits": 21551.64068589668, "battery_charge_cost": -23748.722136004468, "battery_discharge_revenues": 23301.477957737836, "battery_retail_profits": -447.24417826663193, "battery_export_revenue": 0.0, "total_profits": 21551.640685896604, "irr": 0.03401, "npv": -27151.262}}