{"key_params": {"location": "CA_Chula.Vista-Brown.Field.Muni", "customer_type": "Office", "demand_charge": 20, "export_price": 0.0, "export_price_type": "None", "battery_size_kWh": 600, "battery_power_kW": 300.0, "min_soc": 0.05, "max_soc": 1.0, "one_way_efficiency": 0.92, "start_soc": 0.5, "n_horizon": 24, "n_control": 12}, "savings": {"old_energy_charge": -378662.48820077203, "new_energy_charge": -377112.81464166957, "energy_charge_savings": 1549.6735591024626, "old_demand_charge": -206945.94596512153, "new_demand_charge": -180325.21572028738, "demand_charge_savings": 26620.73024483415, "retail_profits": 28170.403803936613, "battery_charge_cost": -23381.549329826878, "battery_discharge_revenues": 24931.22288892927, "battery_retail_profits": 1549.6735591023935, "battery_export_revenue": 0.0, "total_profits": 28170.403803936544, "irr": 0.07333, "npv": 14621.269}}