{"key_params": {"location": "CA_Blythe-Riverside.County", "customer_type": "Apartment", "demand_charge": 20, "export_price": 0.0, "export_price_type": "None", "battery_size_kWh": 600, "battery_power_kW": 300.0, "min_soc": 0.05, "max_soc": 1.0, "one_way_efficiency": 0.92, "start_soc": 0.5, "n_horizon": 24, "n_control": 12}, "savings": {"old_energy_charge": -324570.3181115395, "new_energy_charge": -319569.33109339187, "energy_charge_savings": 5000.987018147658, "old_demand_charge": -130580.24103145205, "new_demand_charge": -99462.54731047766, "demand_charge_savings": 31117.693720974392, "retail_profits": 36118.68073912205, "battery_charge_cost": -21752.170256867408, "battery_discharge_revenues": 26753.157275015, "battery_retail_profits": 5000.987018147593, "battery_export_revenue": 0.0, "total_profits": 36118.680739121985, "irr": 0.11654, "npv": 64764.038}}