{"key_params": {"location": "CA_Camarillo.AWOS.723926_TMY3", "customer_type": "Office", "demand_charge": 20, "export_price": 0.0, "export_price_type": "None", "battery_size_kWh": 600, "battery_power_kW": 300.0, "min_soc": 0.05, "max_soc": 1.0, "one_way_efficiency": 0.92, "start_soc": 0.5, "n_horizon": 24, "n_control": 12}, "savings": {"old_energy_charge": -403409.1213769082, "new_energy_charge": -401685.3440435756, "energy_charge_savings": 1723.7773333326331, "old_demand_charge": -225291.5580965962, "new_demand_charge": -190443.00258873365, "demand_charge_savings": 34848.55550786256, "retail_profits": 36572.332841195195, "battery_charge_cost": -23835.51131090298, "battery_discharge_revenues": 25559.288644235643, "battery_retail_profits": 1723.7773333326622, "battery_export_revenue": 0.0, "total_profits": 36572.332841195224, "irr": 0.11892, "npv": 67625.963}}