{"key_params": {"location": "CA_Montague-Siskiyou.County", "customer_type": "Office", "demand_charge": 20, "export_price": 0.0, "export_price_type": "None", "battery_size_kWh": 600, "battery_power_kW": 300.0, "min_soc": 0.05, "max_soc": 1.0, "one_way_efficiency": 0.92, "start_soc": 0.5, "n_horizon": 24, "n_control": 12}, "savings": {"old_energy_charge": -300343.6433550941, "new_energy_charge": -299402.19817965897, "energy_charge_savings": 941.445175435103, "old_demand_charge": -151546.5516879582, "new_demand_charge": -126179.01959714001, "demand_charge_savings": 25367.532090818204, "retail_profits": 26308.977266253307, "battery_charge_cost": -23134.550076369498, "battery_discharge_revenues": 24075.9952518046, "battery_retail_profits": 941.445175435103, "battery_export_revenue": 0.0, "total_profits": 26308.977266253307, "irr": 0.06266, "npv": 2878.211}}