{"key_params": {"location": "CA_Imperial.County", "customer_type": "Hotel", "demand_charge": 20, "export_price": 0.0, "export_price_type": "None", "battery_size_kWh": 600, "battery_power_kW": 300.0, "min_soc": 0.05, "max_soc": 1.0, "one_way_efficiency": 0.92, "start_soc": 0.5, "n_horizon": 24, "n_control": 12}, "savings": {"old_energy_charge": -318893.9802750234, "new_energy_charge": -316788.2706818414, "energy_charge_savings": 2105.709593181964, "old_demand_charge": -114568.59927688047, "new_demand_charge": -82559.51439926264, "demand_charge_savings": 32009.08487761783, "retail_profits": 34114.794470799796, "battery_charge_cost": -28776.712008199822, "battery_discharge_revenues": 30882.421601381808, "battery_retail_profits": 2105.709593181986, "battery_export_revenue": 0.0, "total_profits": 34114.79447079982, "irr": 0.10596, "npv": 52122.254}}