{"key_params": {"location": "CA_Long.Beach-Daugherty.Field.722970_TMY3", "customer_type": "School", "demand_charge": 20, "export_price": 0.0, "export_price_type": "None", "battery_size_kWh": 600, "battery_power_kW": 300.0, "min_soc": 0.05, "max_soc": 1.0, "one_way_efficiency": 0.92, "start_soc": 0.5, "n_horizon": 24, "n_control": 12}, "savings": {"old_energy_charge": -358186.8198781186, "new_energy_charge": -355177.4223356802, "energy_charge_savings": 3009.3975424383534, "old_demand_charge": -220837.3768425675, "new_demand_charge": -189377.1215961901, "demand_charge_savings": 31460.255246377405, "retail_profits": 34469.65278881576, "battery_charge_cost": -22228.3209106593, "battery_discharge_revenues": 25237.718453097677, "battery_retail_profits": 3009.397542438379, "battery_export_revenue": 0.0, "total_profits": 34469.65278881579, "irr": 0.10784, "npv": 54360.925}}