{"key_params": {"location": "CA_Palm.Springs-Thermal", "customer_type": "Hospital", "demand_charge": 20, "export_price": 0.0, "export_price_type": "None", "battery_size_kWh": 600, "battery_power_kW": 300.0, "min_soc": 0.05, "max_soc": 1.0, "one_way_efficiency": 0.92, "start_soc": 0.5, "n_horizon": 24, "n_control": 12}, "savings": {"old_energy_charge": -248734.31625153235, "new_energy_charge": -248591.51892449392, "energy_charge_savings": 142.79732703842456, "old_demand_charge": -83307.53134298408, "new_demand_charge": -71378.54012171963, "demand_charge_savings": 11928.991221264441, "retail_profits": 12071.788548302866, "battery_charge_cost": -20146.48912435148, "battery_discharge_revenues": 20289.286451389966, "battery_retail_profits": 142.7973270384864, "battery_export_revenue": 0.0, "total_profits": 12071.788548302928, "irr": -0.04256, "npv": -93182.11}}