{"key_params": {"location": "CA_Merced-Macready.Field.724815_TMY3", "customer_type": "Market", "demand_charge": 20, "export_price": 0.0, "export_price_type": "None", "battery_size_kWh": 600, "battery_power_kW": 300.0, "min_soc": 0.05, "max_soc": 1.0, "one_way_efficiency": 0.92, "start_soc": 0.5, "n_horizon": 24, "n_control": 12}, "savings": {"old_energy_charge": -385983.177483563, "new_energy_charge": -385052.1867024824, "energy_charge_savings": 930.990781080618, "old_demand_charge": -153223.05995155673, "new_demand_charge": -133273.50002087047, "demand_charge_savings": 19949.559930686257, "retail_profits": 20880.550711766875, "battery_charge_cost": -23651.532130314212, "battery_discharge_revenues": 24582.522911394804, "battery_retail_profits": 930.9907810805926, "battery_export_revenue": 0.0, "total_profits": 20880.55071176685, "irr": 0.02975, "npv": -31419.03}}