{"key_params": {"location": "CA_Los.Angeles.Intl", "customer_type": "Market", "demand_charge": 20, "export_price": 0.0, "export_price_type": "None", "battery_size_kWh": 600, "battery_power_kW": 300.0, "min_soc": 0.05, "max_soc": 1.0, "one_way_efficiency": 0.92, "start_soc": 0.5, "n_horizon": 24, "n_control": 12}, "savings": {"old_energy_charge": -357694.42301034724, "new_energy_charge": -358237.24246554484, "energy_charge_savings": -542.8194551976048, "old_demand_charge": -134386.1384966739, "new_demand_charge": -114020.5283268648, "demand_charge_savings": 20365.610169809093, "retail_profits": 19822.79071461149, "battery_charge_cost": -23734.97077530249, "battery_discharge_revenues": 23192.151320104836, "battery_retail_profits": -542.8194551976521, "battery_export_revenue": 0.0, "total_profits": 19822.79071461144, "irr": 0.02281, "npv": -38213.279}}