{"key_params": {"location": "CA_Carlsbad.722927_TMY3", "customer_type": "Market", "demand_charge": 20, "export_price": 0.0, "export_price_type": "None", "battery_size_kWh": 600, "battery_power_kW": 300.0, "min_soc": 0.05, "max_soc": 1.0, "one_way_efficiency": 0.92, "start_soc": 0.5, "n_horizon": 24, "n_control": 12}, "savings": {"old_energy_charge": -359382.55894319824, "new_energy_charge": -359681.7170131793, "energy_charge_savings": -299.15806998108746, "old_demand_charge": -136196.8156063677, "new_demand_charge": -115378.3698962697, "demand_charge_savings": 20818.445710097993, "retail_profits": 20519.287640116905, "battery_charge_cost": -23712.52204356069, "battery_discharge_revenues": 23413.363973579562, "battery_retail_profits": -299.1580699811275, "battery_export_revenue": 0.0, "total_profits": 20519.287640116865, "irr": 0.0274, "npv": -33736.459}}