{"key_params": {"location": "CA_Needles", "customer_type": "School", "demand_charge": 20, "export_price": 0.0, "export_price_type": "None", "battery_size_kWh": 600, "battery_power_kW": 300.0, "min_soc": 0.05, "max_soc": 1.0, "one_way_efficiency": 0.92, "start_soc": 0.5, "n_horizon": 24, "n_control": 12}, "savings": {"old_energy_charge": -516051.93896400946, "new_energy_charge": -513533.3246857799, "energy_charge_savings": 2518.6142782295356, "old_demand_charge": -259864.48076552345, "new_demand_charge": -234133.15404234995, "demand_charge_savings": 25731.326723173494, "retail_profits": 28249.94100140303, "battery_charge_cost": -22537.985806222954, "battery_discharge_revenues": 25056.60008445251, "battery_retail_profits": 2518.6142782295574, "battery_export_revenue": 0.0, "total_profits": 28249.94100140305, "irr": 0.07378, "npv": 15123.04}}