{"key_params": {"location": "CA_San.Diego-North.Island.NAS.722906_TMY3", "customer_type": "Restaurant", "demand_charge": 20, "export_price": 0.0, "export_price_type": "None", "battery_size_kWh": 600, "battery_power_kW": 300.0, "min_soc": 0.05, "max_soc": 1.0, "one_way_efficiency": 0.92, "start_soc": 0.5, "n_horizon": 24, "n_control": 12}, "savings": {"old_energy_charge": -432183.7267454184, "new_energy_charge": -432769.50125294214, "energy_charge_savings": -585.7745075237472, "old_demand_charge": -148107.3863031904, "new_demand_charge": -121230.80970602533, "demand_charge_savings": 26876.57659716507, "retail_profits": 26290.80208964132, "battery_charge_cost": -32402.05889597113, "battery_discharge_revenues": 31816.284388447435, "battery_retail_profits": -585.7745075236962, "battery_export_revenue": 0.0, "total_profits": 26290.802089641373, "irr": 0.06255, "npv": 2763.55}}