{"key_params": {"location": "CA_Merced-Macready.Field.724815_TMY3", "customer_type": "Office", "demand_charge": 20, "export_price": 0.0, "export_price_type": "None", "battery_size_kWh": 600, "battery_power_kW": 300.0, "min_soc": 0.05, "max_soc": 1.0, "one_way_efficiency": 0.92, "start_soc": 0.5, "n_horizon": 24, "n_control": 12}, "savings": {"old_energy_charge": -315594.24553266424, "new_energy_charge": -314699.39366607845, "energy_charge_savings": 894.8518665857846, "old_demand_charge": -166440.6263103843, "new_demand_charge": -140132.6745020418, "demand_charge_savings": 26307.951808342506, "retail_profits": 27202.80367492829, "battery_charge_cost": -23137.925239318243, "battery_discharge_revenues": 24032.77710590401, "battery_retail_profits": 894.8518665857664, "battery_export_revenue": 0.0, "total_profits": 27202.803674928273, "irr": 0.06782, "npv": 8517.035}}