{"key_params": {"location": "CA_Beale.AFB.724837_TMY3", "customer_type": "Hospital", "demand_charge": 20, "export_price": 0.0, "export_price_type": "None", "battery_size_kWh": 600, "battery_power_kW": 300.0, "min_soc": 0.05, "max_soc": 1.0, "one_way_efficiency": 0.92, "start_soc": 0.5, "n_horizon": 24, "n_control": 12}, "savings": {"old_energy_charge": -247107.9811920993, "new_energy_charge": -246999.72190654185, "energy_charge_savings": 108.25928555746214, "old_demand_charge": -82048.4850228994, "new_demand_charge": -70889.6793340604, "demand_charge_savings": 11158.805688838998, "retail_profits": 11267.06497439646, "battery_charge_cost": -19972.3168311172, "battery_discharge_revenues": 20080.576116674703, "battery_retail_profits": 108.25928555750215, "battery_export_revenue": 0.0, "total_profits": 11267.0649743965, "irr": -0.05152, "npv": -99608.321}}