{"key_params": {"location": "CA_Santa.Rosa.AWOS.724957_TMY3", "customer_type": "Apartment", "demand_charge": 20, "export_price": 0.0, "export_price_type": "None", "battery_size_kWh": 600, "battery_power_kW": 300.0, "min_soc": 0.05, "max_soc": 1.0, "one_way_efficiency": 0.92, "start_soc": 0.5, "n_horizon": 24, "n_control": 12}, "savings": {"old_energy_charge": -350582.55965899705, "new_energy_charge": -345263.8771680538, "energy_charge_savings": 5318.682490943233, "old_demand_charge": -158531.75931227638, "new_demand_charge": -123818.88849466707, "demand_charge_savings": 34712.870817609306, "retail_profits": 40031.55330855254, "battery_charge_cost": -21465.65931598866, "battery_discharge_revenues": 26784.34180693184, "battery_retail_profits": 5318.682490943178, "battery_export_revenue": 0.0, "total_profits": 40031.55330855248, "irr": 0.13675, "npv": 89448.919}}