{"key_params": {"location": "CA_Sacramento.Exec", "customer_type": "Hospital", "demand_charge": 20, "export_price": 0.0, "export_price_type": "None", "battery_size_kWh": 600, "battery_power_kW": 300.0, "min_soc": 0.05, "max_soc": 1.0, "one_way_efficiency": 0.92, "start_soc": 0.5, "n_horizon": 24, "n_control": 12}, "savings": {"old_energy_charge": -245530.83677530938, "new_energy_charge": -245625.82918750343, "energy_charge_savings": -94.99241219405667, "old_demand_charge": -80650.01914120803, "new_demand_charge": -69740.83431833654, "demand_charge_savings": 10909.184822871495, "retail_profits": 10814.192410677439, "battery_charge_cost": -19387.640262279307, "battery_discharge_revenues": 19292.647850085235, "battery_retail_profits": -94.99241219407122, "battery_export_revenue": 0.0, "total_profits": 10814.192410677424, "irr": -0.05676, "npv": -103224.785}}