{"key_params": {"location": "CA_San.Diego-Lindbergh.Field.722900_TMY3", "customer_type": "School", "demand_charge": 20, "export_price": 0.0, "export_price_type": "None", "battery_size_kWh": 600, "battery_power_kW": 300.0, "min_soc": 0.05, "max_soc": 1.0, "one_way_efficiency": 0.92, "start_soc": 0.5, "n_horizon": 24, "n_control": 12}, "savings": {"old_energy_charge": -611637.3771560045, "new_energy_charge": -608768.2394568046, "energy_charge_savings": 2869.137699199957, "old_demand_charge": -363114.74740384694, "new_demand_charge": -335817.1036533956, "demand_charge_savings": 27297.64375045133, "retail_profits": 30166.781449651287, "battery_charge_cost": -22377.217205356814, "battery_discharge_revenues": 25246.3549045567, "battery_retail_profits": 2869.1376991998877, "battery_export_revenue": 0.0, "total_profits": 30166.78144965122, "irr": 0.08452, "npv": 27215.685}}