{"key_params": {"location": "CA_Visalia.Muni.AWOS.723896_TMY3", "customer_type": "Office", "demand_charge": 20, "export_price": 0.0, "export_price_type": "None", "battery_size_kWh": 600, "battery_power_kW": 300.0, "min_soc": 0.05, "max_soc": 1.0, "one_way_efficiency": 0.92, "start_soc": 0.5, "n_horizon": 24, "n_control": 12}, "savings": {"old_energy_charge": -504532.18088189675, "new_energy_charge": -503168.33807254443, "energy_charge_savings": 1363.8428093523253, "old_demand_charge": -256662.32941619074, "new_demand_charge": -227658.06184755656, "demand_charge_savings": 29004.267568634183, "retail_profits": 30368.110377986508, "battery_charge_cost": -22973.965303424957, "battery_discharge_revenues": 24337.808112777297, "battery_retail_profits": 1363.8428093523398, "battery_export_revenue": 0.0, "total_profits": 30368.110377986523, "irr": 0.08563, "npv": 28485.795}}