{"key_params": {"location": "CA_Chula.Vista-Brown.Field.Muni", "customer_type": "Restaurant", "demand_charge": 20, "export_price": 0.0, "export_price_type": "None", "battery_size_kWh": 600, "battery_power_kW": 300.0, "min_soc": 0.05, "max_soc": 1.0, "one_way_efficiency": 0.92, "start_soc": 0.5, "n_horizon": 24, "n_control": 12}, "savings": {"old_energy_charge": -465891.4195615643, "new_energy_charge": -465727.9228456566, "energy_charge_savings": 163.49671590770595, "old_demand_charge": -174346.8508061563, "new_demand_charge": -140637.15130289292, "demand_charge_savings": 33709.69950326337, "retail_profits": 33873.19621917108, "battery_charge_cost": -29134.02869082177, "battery_discharge_revenues": 29297.52540672946, "battery_retail_profits": 163.49671590768776, "battery_export_revenue": 0.0, "total_profits": 33873.19621917106, "irr": 0.10467, "npv": 50598.099}}