{"key_params": {"location": "CA_Fresno.Air.Terminal.723890_TMY3", "customer_type": "Market", "demand_charge": 20, "export_price": 0.0, "export_price_type": "None", "battery_size_kWh": 600, "battery_power_kW": 300.0, "min_soc": 0.05, "max_soc": 1.0, "one_way_efficiency": 0.92, "start_soc": 0.5, "n_horizon": 24, "n_control": 12}, "savings": {"old_energy_charge": -384812.63488965225, "new_energy_charge": -383952.3677676893, "energy_charge_savings": 860.2671219629701, "old_demand_charge": -151254.35158306896, "new_demand_charge": -130827.14746325405, "demand_charge_savings": 20427.20411981491, "retail_profits": 21287.47124177788, "battery_charge_cost": -23587.09512897544, "battery_discharge_revenues": 24447.362250938473, "battery_retail_profits": 860.267121963032, "battery_export_revenue": 0.0, "total_profits": 21287.47124177794, "irr": 0.03234, "npv": -28831.237}}