{"key_params": {"location": "CA_Merced-Macready.Field.724815_TMY3", "customer_type": "Restaurant", "demand_charge": 20, "export_price": 0.0, "export_price_type": "None", "battery_size_kWh": 600, "battery_power_kW": 300.0, "min_soc": 0.05, "max_soc": 1.0, "one_way_efficiency": 0.92, "start_soc": 0.5, "n_horizon": 24, "n_control": 12}, "savings": {"old_energy_charge": -493858.57067577686, "new_energy_charge": -492261.32291351055, "energy_charge_savings": 1597.2477622663137, "old_demand_charge": -185655.15509002545, "new_demand_charge": -155821.5533240459, "demand_charge_savings": 29833.601765979547, "retail_profits": 31430.84952824586, "battery_charge_cost": -26380.725819152805, "battery_discharge_revenues": 27977.973581419086, "battery_retail_profits": 1597.247762266281, "battery_export_revenue": 0.0, "total_profits": 31430.849528245828, "irr": 0.09147, "npv": 35190.228}}