{"key_params": {"location": "CA_Burbank-Glendale-Passadena.Bob.Hope", "customer_type": "Hotel", "demand_charge": 20, "export_price": 0.0, "export_price_type": "None", "battery_size_kWh": 600, "battery_power_kW": 300.0, "min_soc": 0.05, "max_soc": 1.0, "one_way_efficiency": 0.92, "start_soc": 0.5, "n_horizon": 24, "n_control": 12}, "savings": {"old_energy_charge": -331748.6777236488, "new_energy_charge": -329786.16220490634, "energy_charge_savings": 1962.5155187424389, "old_demand_charge": -120146.77540890512, "new_demand_charge": -86084.02336802564, "demand_charge_savings": 34062.75204087948, "retail_profits": 36025.26755962192, "battery_charge_cost": -30312.861579366196, "battery_discharge_revenues": 32275.37709810872, "battery_retail_profits": 1962.5155187425225, "battery_export_revenue": 0.0, "total_profits": 36025.26755962201, "irr": 0.11606, "npv": 64174.729}}