{"key_params": {"location": "CA_Monterey.NAF.724915_TMY3", "customer_type": "Office", "demand_charge": 20, "export_price": 0.0, "export_price_type": "None", "battery_size_kWh": 600, "battery_power_kW": 300.0, "min_soc": 0.05, "max_soc": 1.0, "one_way_efficiency": 0.92, "start_soc": 0.5, "n_horizon": 24, "n_control": 12}, "savings": {"old_energy_charge": -478992.57555103104, "new_energy_charge": -476644.2717732758, "energy_charge_savings": 2348.303777755238, "old_demand_charge": -253773.3635104322, "new_demand_charge": -228677.07065034326, "demand_charge_savings": 25096.292860088928, "retail_profits": 27444.596637844166, "battery_charge_cost": -22693.597922647587, "battery_discharge_revenues": 25041.901700402894, "battery_retail_profits": 2348.3037777553072, "battery_export_revenue": 0.0, "total_profits": 27444.596637844235, "irr": 0.0692, "npv": 10042.418}}