{"key_params": {"location": "CA_Burbank-Glendale-Passadena.Bob.Hope", "customer_type": "Hospital", "demand_charge": 20, "export_price": 0.0, "export_price_type": "None", "battery_size_kWh": 600, "battery_power_kW": 300.0, "min_soc": 0.05, "max_soc": 1.0, "one_way_efficiency": 0.92, "start_soc": 0.5, "n_horizon": 24, "n_control": 12}, "savings": {"old_energy_charge": -245473.51450476536, "new_energy_charge": -245400.2645292305, "energy_charge_savings": 73.24997553485446, "old_demand_charge": -80841.50837952223, "new_demand_charge": -69817.58541430309, "demand_charge_savings": 11023.922965219142, "retail_profits": 11097.172940753997, "battery_charge_cost": -19552.228947144165, "battery_discharge_revenues": 19625.478922679005, "battery_retail_profits": 73.2499755348399, "battery_export_revenue": 0.0, "total_profits": 11097.172940753982, "irr": -0.05347, "npv": -100965.013}}