{"key_params": {"location": "CA_Crescent.City-Jack.McNamara.Field.725946_TMY3", "customer_type": "Hotel", "demand_charge": 20, "export_price": 0.0, "export_price_type": "None", "battery_size_kWh": 600, "battery_power_kW": 300.0, "min_soc": 0.05, "max_soc": 1.0, "one_way_efficiency": 0.92, "start_soc": 0.5, "n_horizon": 24, "n_control": 12}, "savings": {"old_energy_charge": -351856.32466969395, "new_energy_charge": -349289.83312478213, "energy_charge_savings": 2566.4915449118125, "old_demand_charge": -130549.86897909541, "new_demand_charge": -94297.7057940748, "demand_charge_savings": 36252.1631850206, "retail_profits": 38818.654729932416, "battery_charge_cost": -30197.59373047689, "battery_discharge_revenues": 32764.085275388654, "battery_retail_profits": 2566.4915449117652, "battery_export_revenue": 0.0, "total_profits": 38818.65472993237, "irr": 0.13055, "npv": 81797.186}}