{"key_params": {"location": "CA_Fairfield-Travis.AFB.745160_TMY3", "customer_type": "Apartment", "demand_charge": 20, "export_price": 0.0, "export_price_type": "None", "battery_size_kWh": 600, "battery_power_kW": 300.0, "min_soc": 0.05, "max_soc": 1.0, "one_way_efficiency": 0.92, "start_soc": 0.5, "n_horizon": 24, "n_control": 12}, "savings": {"old_energy_charge": -348298.44463155407, "new_energy_charge": -343028.0028129691, "energy_charge_savings": 5270.441818584979, "old_demand_charge": -155681.18026446737, "new_demand_charge": -122439.6037205188, "demand_charge_savings": 33241.57654394857, "retail_profits": 38512.01836253355, "battery_charge_cost": -21466.373771313774, "battery_discharge_revenues": 26736.81558989877, "battery_retail_profits": 5270.441818584997, "battery_export_revenue": 0.0, "total_profits": 38512.01836253356, "irr": 0.12897, "npv": 79862.729}}