{"key_params": {"location": "CA_South.Lake.Tahoe-Lake.Tahoe", "customer_type": "Office", "demand_charge": 20, "export_price": 0.0, "export_price_type": "None", "battery_size_kWh": 600, "battery_power_kW": 300.0, "min_soc": 0.05, "max_soc": 1.0, "one_way_efficiency": 0.92, "start_soc": 0.5, "n_horizon": 24, "n_control": 12}, "savings": {"old_energy_charge": -301165.17605238926, "new_energy_charge": -301076.1888979407, "energy_charge_savings": 88.98715444857953, "old_demand_charge": -144443.07372251715, "new_demand_charge": -122817.90635243291, "demand_charge_savings": 21625.167370084237, "retail_profits": 21714.154524532816, "battery_charge_cost": -23160.160611478947, "battery_discharge_revenues": 23249.1477659276, "battery_retail_profits": 88.98715444865229, "battery_export_revenue": 0.0, "total_profits": 21714.15452453289, "irr": 0.03504, "npv": -26117.763}}