{"key_params": {"location": "CA_Chino", "customer_type": "Hospital", "demand_charge": 20, "export_price": 0.0, "export_price_type": "None", "battery_size_kWh": 600, "battery_power_kW": 300.0, "min_soc": 0.05, "max_soc": 1.0, "one_way_efficiency": 0.92, "start_soc": 0.5, "n_horizon": 24, "n_control": 12}, "savings": {"old_energy_charge": -246377.8709961515, "new_energy_charge": -246370.3548036266, "energy_charge_savings": 7.516192524897633, "old_demand_charge": -81500.67609416891, "new_demand_charge": -69862.61318785159, "demand_charge_savings": 11638.062906317326, "retail_profits": 11645.579098842223, "battery_charge_cost": -19679.574462683082, "battery_discharge_revenues": 19687.090655208012, "battery_retail_profits": 7.516192524930375, "battery_export_revenue": 0.0, "total_profits": 11645.579098842256, "irr": -0.04726, "npv": -96585.654}}