{"key_params": {"location": "CA_Sacramento.Metro", "customer_type": "Restaurant", "demand_charge": 20, "export_price": 0.0, "export_price_type": "None", "battery_size_kWh": 600, "battery_power_kW": 300.0, "min_soc": 0.05, "max_soc": 1.0, "one_way_efficiency": 0.92, "start_soc": 0.5, "n_horizon": 24, "n_control": 12}, "savings": {"old_energy_charge": -452677.26518484525, "new_energy_charge": -452304.21589233284, "energy_charge_savings": 373.04929251241265, "old_demand_charge": -167988.35347014014, "new_demand_charge": -140401.6859715873, "demand_charge_savings": 27586.667498552823, "retail_profits": 27959.716791065235, "battery_charge_cost": -28347.770952297196, "battery_discharge_revenues": 28720.820244809605, "battery_retail_profits": 373.049292512409, "battery_export_revenue": 0.0, "total_profits": 27959.71679106523, "irr": 0.07214, "npv": 13292.122}}