{"key_params": {"location": "CA_San.Diego-Montgomery.Field.722903_TMY3", "customer_type": "Hotel", "demand_charge": 20, "export_price": 0.0, "export_price_type": "None", "battery_size_kWh": 600, "battery_power_kW": 300.0, "min_soc": 0.05, "max_soc": 1.0, "one_way_efficiency": 0.92, "start_soc": 0.5, "n_horizon": 24, "n_control": 12}, "savings": {"old_energy_charge": -341756.24446278845, "new_energy_charge": -339666.78184891853, "energy_charge_savings": 2089.462613869924, "old_demand_charge": -123494.90167644364, "new_demand_charge": -89251.30827704925, "demand_charge_savings": 34243.59339939439, "retail_profits": 36333.056013264315, "battery_charge_cost": -30213.806253326522, "battery_discharge_revenues": 32303.268867196417, "battery_retail_profits": 2089.462613869895, "battery_export_revenue": 0.0, "total_profits": 36333.056013264286, "irr": 0.11767, "npv": 66116.453}}