{"key_params": {"location": "CA_San.Luis.Obispo", "customer_type": "Restaurant", "demand_charge": 20, "export_price": 0.0, "export_price_type": "None", "battery_size_kWh": 600, "battery_power_kW": 300.0, "min_soc": 0.05, "max_soc": 1.0, "one_way_efficiency": 0.92, "start_soc": 0.5, "n_horizon": 24, "n_control": 12}, "savings": {"old_energy_charge": -435827.00819878204, "new_energy_charge": -436985.8581690558, "energy_charge_savings": -1158.8499702737317, "old_demand_charge": -157400.66300066555, "new_demand_charge": -127094.97733951433, "demand_charge_savings": 30305.68566115122, "retail_profits": 29146.835690877488, "battery_charge_cost": -31984.370254669888, "battery_discharge_revenues": 30825.520284396192, "battery_retail_profits": -1158.8499702736954, "battery_export_revenue": 0.0, "total_profits": 29146.835690877524, "irr": 0.07884, "npv": 20781.221}}