{"key_params": {"location": "CA_Merced-Macready.Field.724815_TMY3", "customer_type": "Hotel", "demand_charge": 20, "export_price": 0.0, "export_price_type": "None", "battery_size_kWh": 600, "battery_power_kW": 300.0, "min_soc": 0.05, "max_soc": 1.0, "one_way_efficiency": 0.92, "start_soc": 0.5, "n_horizon": 24, "n_control": 12}, "savings": {"old_energy_charge": -381341.7448548759, "new_energy_charge": -377276.31406859803, "energy_charge_savings": 4065.430786277866, "old_demand_charge": -154571.27409097468, "new_demand_charge": -117781.2298475211, "demand_charge_savings": 36790.04424345358, "retail_profits": 40855.475029731446, "battery_charge_cost": -25268.5940393157, "battery_discharge_revenues": 29334.024825593573, "battery_retail_profits": 4065.4307862778733, "battery_export_revenue": 0.0, "total_profits": 40855.47502973145, "irr": 0.14094, "npv": 94646.739}}