{"key_params": {"location": "CA_Camarillo.AWOS.723926_TMY3", "customer_type": "Office", "demand_charge": 20, "export_price": 0.0, "export_price_type": "None", "battery_size_kWh": 600, "battery_power_kW": 300.0, "min_soc": 0.05, "max_soc": 1.0, "one_way_efficiency": 0.92, "start_soc": 0.5, "n_horizon": 24, "n_control": 12}, "savings": {"old_energy_charge": -298679.2913952152, "new_energy_charge": -297850.229187052, "energy_charge_savings": 829.0622081632027, "old_demand_charge": -155917.2608953258, "new_demand_charge": -133520.09685701365, "demand_charge_savings": 22397.164038312156, "retail_profits": 23226.22624647536, "battery_charge_cost": -23135.464354337808, "battery_discharge_revenues": 23964.526562500963, "battery_retail_profits": 829.0622081631554, "battery_export_revenue": 0.0, "total_profits": 23226.22624647531, "irr": 0.04436, "npv": -16569.736}}