{"key_params": {"location": "CA_Concord-Buchanan.Field.724936_TMY3", "customer_type": "Apartment", "demand_charge": 20, "export_price": 0.0, "export_price_type": "None", "battery_size_kWh": 600, "battery_power_kW": 300.0, "min_soc": 0.05, "max_soc": 1.0, "one_way_efficiency": 0.92, "start_soc": 0.5, "n_horizon": 24, "n_control": 12}, "savings": {"old_energy_charge": -343966.3538890605, "new_energy_charge": -338613.5738624476, "energy_charge_savings": 5352.78002661292, "old_demand_charge": -158274.21361204828, "new_demand_charge": -124224.8505840702, "demand_charge_savings": 34049.36302797808, "retail_profits": 39402.143054591, "battery_charge_cost": -21459.74819006986, "battery_discharge_revenues": 26812.528216682764, "battery_retail_profits": 5352.780026612905, "battery_export_revenue": 0.0, "total_profits": 39402.14305459098, "irr": 0.13354, "npv": 85478.2}}