{"key_params": {"location": "CA_San.Diego-North.Island.NAS.722906_TMY3", "customer_type": "Hotel", "demand_charge": 20, "export_price": 0.0, "export_price_type": "None", "battery_size_kWh": 600, "battery_power_kW": 300.0, "min_soc": 0.05, "max_soc": 1.0, "one_way_efficiency": 0.92, "start_soc": 0.5, "n_horizon": 24, "n_control": 12}, "savings": {"old_energy_charge": -363791.2028929084, "new_energy_charge": -360232.01687473094, "energy_charge_savings": 3559.1860181774828, "old_demand_charge": -140742.00792685902, "new_demand_charge": -103115.22250267543, "demand_charge_savings": 37626.78542418359, "retail_profits": 41185.97144236107, "battery_charge_cost": -27887.10598402643, "battery_discharge_revenues": 31446.292002203954, "battery_retail_profits": 3559.186018177523, "battery_export_revenue": 0.0, "total_profits": 41185.971442361115, "irr": 0.14261, "npv": 96731.72}}