{"key_params": {"location": "CA_Riverside.Muni", "customer_type": "Restaurant", "demand_charge": 20, "export_price": 0.0, "export_price_type": "None", "battery_size_kWh": 600, "battery_power_kW": 300.0, "min_soc": 0.05, "max_soc": 1.0, "one_way_efficiency": 0.92, "start_soc": 0.5, "n_horizon": 24, "n_control": 12}, "savings": {"old_energy_charge": -453178.13137365814, "new_energy_charge": -452128.6870122344, "energy_charge_savings": 1049.4443614237243, "old_demand_charge": -170739.28678721562, "new_demand_charge": -141785.66209923828, "demand_charge_savings": 28953.62468797734, "retail_profits": 30003.069049401063, "battery_charge_cost": -27654.631574196745, "battery_discharge_revenues": 28704.075935620527, "battery_retail_profits": 1049.4443614237825, "battery_export_revenue": 0.0, "total_profits": 30003.06904940112, "irr": 0.08361, "npv": 26182.883}}