{"key_params": {"location": "CA_Salinas.Muni", "customer_type": "Hospital", "demand_charge": 20, "export_price": 0.0, "export_price_type": "None", "battery_size_kWh": 600, "battery_power_kW": 300.0, "min_soc": 0.05, "max_soc": 1.0, "one_way_efficiency": 0.92, "start_soc": 0.5, "n_horizon": 24, "n_control": 12}, "savings": {"old_energy_charge": -246392.1032459819, "new_energy_charge": -246446.12107759246, "energy_charge_savings": -54.01783161054482, "old_demand_charge": -80903.64227855713, "new_demand_charge": -70094.69869075713, "demand_charge_savings": 10808.943587800008, "retail_profits": 10754.925756189463, "battery_charge_cost": -19565.980107467458, "battery_discharge_revenues": 19511.962275856917, "battery_retail_profits": -54.01783161054118, "battery_export_revenue": 0.0, "total_profits": 10754.925756189466, "irr": -0.05746, "npv": -103698.066}}