{"key_params": {"location": "CA_Visalia.Muni.AWOS.723896_TMY3", "customer_type": "Hospital", "demand_charge": 20, "export_price": 0.0, "export_price_type": "None", "battery_size_kWh": 600, "battery_power_kW": 300.0, "min_soc": 0.05, "max_soc": 1.0, "one_way_efficiency": 0.92, "start_soc": 0.5, "n_horizon": 24, "n_control": 12}, "savings": {"old_energy_charge": -248903.2260270914, "new_energy_charge": -248898.80809521294, "energy_charge_savings": 4.41793187847361, "old_demand_charge": -83269.42301426009, "new_demand_charge": -71559.84236398451, "demand_charge_savings": 11709.580650275573, "retail_profits": 11713.998582154047, "battery_charge_cost": -20118.16743636179, "battery_discharge_revenues": 20122.585368240274, "battery_retail_profits": 4.417931878484524, "battery_export_revenue": 0.0, "total_profits": 11713.998582154058, "irr": -0.0465, "npv": -96039.282}}