{"key_params": {"location": "CA_Mountain.View-Moffett.Field.NAS.745090_TMY3", "customer_type": "Apartment", "demand_charge": 20, "export_price": 0.0, "export_price_type": "None", "battery_size_kWh": 600, "battery_power_kW": 300.0, "min_soc": 0.05, "max_soc": 1.0, "one_way_efficiency": 0.92, "start_soc": 0.5, "n_horizon": 24, "n_control": 12}, "savings": {"old_energy_charge": -347978.02197855804, "new_energy_charge": -342626.3620127693, "energy_charge_savings": 5351.659965788713, "old_demand_charge": -152475.96703376013, "new_demand_charge": -118667.24756318059, "demand_charge_savings": 33808.71947057954, "retail_profits": 39160.379436368254, "battery_charge_cost": -21471.010513849393, "battery_discharge_revenues": 26822.67047963814, "battery_retail_profits": 5351.6599657887455, "battery_export_revenue": 0.0, "total_profits": 39160.37943636828, "irr": 0.1323, "npv": 83953.002}}