{"key_params": {"location": "CA_San.Luis.Obispo", "customer_type": "Office", "demand_charge": 20, "export_price": 0.0, "export_price_type": "None", "battery_size_kWh": 600, "battery_power_kW": 300.0, "min_soc": 0.05, "max_soc": 1.0, "one_way_efficiency": 0.92, "start_soc": 0.5, "n_horizon": 24, "n_control": 12}, "savings": {"old_energy_charge": -295395.62263785553, "new_energy_charge": -294866.2697473633, "energy_charge_savings": 529.3528904922423, "old_demand_charge": -152464.39828923764, "new_demand_charge": -129687.65428826661, "demand_charge_savings": 22776.744000971026, "retail_profits": 23306.09689146327, "battery_charge_cost": -23125.423456285935, "battery_discharge_revenues": 23654.776346778177, "battery_retail_profits": 529.3528904922423, "battery_export_revenue": 0.0, "total_profits": 23306.09689146327, "irr": 0.04484, "npv": -16065.862}}