{"key_params": {"location": "CA_Fresno.Air.Terminal.723890_TMY3", "customer_type": "Office", "demand_charge": 20, "export_price": 0.0, "export_price_type": "None", "battery_size_kWh": 600, "battery_power_kW": 300.0, "min_soc": 0.05, "max_soc": 1.0, "one_way_efficiency": 0.92, "start_soc": 0.5, "n_horizon": 24, "n_control": 12}, "savings": {"old_energy_charge": -322707.57203607267, "new_energy_charge": -321540.9313454933, "energy_charge_savings": 1166.6406905793701, "old_demand_charge": -167780.76770705168, "new_demand_charge": -141488.82197359842, "demand_charge_savings": 26291.945733453264, "retail_profits": 27458.586424032634, "battery_charge_cost": -23070.351301734194, "battery_discharge_revenues": 24236.991992313568, "battery_retail_profits": 1166.6406905793738, "battery_export_revenue": 0.0, "total_profits": 27458.586424032637, "irr": 0.06928, "npv": 10130.674}}