{"key_params": {"location": "CA_Santa.Barbara.Muni", "customer_type": "Office", "demand_charge": 20, "export_price": 0.0, "export_price_type": "None", "battery_size_kWh": 600, "battery_power_kW": 300.0, "min_soc": 0.05, "max_soc": 1.0, "one_way_efficiency": 0.92, "start_soc": 0.5, "n_horizon": 24, "n_control": 12}, "savings": {"old_energy_charge": -402018.0506799619, "new_energy_charge": -400082.9872348256, "energy_charge_savings": 1935.0634451363003, "old_demand_charge": -216626.98794823757, "new_demand_charge": -182736.91875031567, "demand_charge_savings": 33890.0691979219, "retail_profits": 35825.1326430582, "battery_charge_cost": -23739.16448509367, "battery_discharge_revenues": 25674.227930229936, "battery_retail_profits": 1935.0634451362675, "battery_export_revenue": 0.0, "total_profits": 35825.13264305817, "irr": 0.115, "npv": 62912.151}}