{"key_params": {"location": "CA_Santa.Monica.Muni", "customer_type": "School", "demand_charge": 20, "export_price": 0.0, "export_price_type": "None", "battery_size_kWh": 600, "battery_power_kW": 300.0, "min_soc": 0.05, "max_soc": 1.0, "one_way_efficiency": 0.92, "start_soc": 0.5, "n_horizon": 24, "n_control": 12}, "savings": {"old_energy_charge": -581970.4992599488, "new_energy_charge": -579800.6016773909, "energy_charge_savings": 2169.8975825579837, "old_demand_charge": -353672.5631941479, "new_demand_charge": -325577.74329550733, "demand_charge_savings": 28094.819898640562, "retail_profits": 30264.717481198546, "battery_charge_cost": -22567.382907797277, "battery_discharge_revenues": 24737.280490355177, "battery_retail_profits": 2169.8975825579, "battery_export_revenue": 0.0, "total_profits": 30264.717481198462, "irr": 0.08506, "npv": 27833.528}}