{"key_params": {"location": "CA_Fresno.Air.Terminal.723890_TMY3", "customer_type": "Apartment", "demand_charge": 20, "export_price": 0.0, "export_price_type": "None", "battery_size_kWh": 600, "battery_power_kW": 300.0, "min_soc": 0.05, "max_soc": 1.0, "one_way_efficiency": 0.92, "start_soc": 0.5, "n_horizon": 24, "n_control": 12}, "savings": {"old_energy_charge": -349683.51739467296, "new_energy_charge": -344366.298941099, "energy_charge_savings": 5317.218453573936, "old_demand_charge": -148884.8325483835, "new_demand_charge": -116680.26564053408, "demand_charge_savings": 32204.566907849425, "retail_profits": 37521.78536142336, "battery_charge_cost": -21471.223406738132, "battery_discharge_revenues": 26788.441860312116, "battery_retail_profits": 5317.218453573983, "battery_export_revenue": 0.0, "total_profits": 37521.785361423405, "irr": 0.12386, "npv": 73615.712}}