{"key_params": {"location": "CA_Fresno.Air.Terminal.723890_TMY3", "customer_type": "School", "demand_charge": 20, "export_price": 0.0, "export_price_type": "None", "battery_size_kWh": 600, "battery_power_kW": 300.0, "min_soc": 0.05, "max_soc": 1.0, "one_way_efficiency": 0.92, "start_soc": 0.5, "n_horizon": 24, "n_control": 12}, "savings": {"old_energy_charge": -379438.3286228346, "new_energy_charge": -376694.7784686302, "energy_charge_savings": 2743.550154204364, "old_demand_charge": -225482.2014693117, "new_demand_charge": -194836.70397666676, "demand_charge_savings": 30645.497492644936, "retail_profits": 33389.0476468493, "battery_charge_cost": -22427.282187503093, "battery_discharge_revenues": 25170.83234170742, "battery_retail_profits": 2743.5501542043276, "battery_export_revenue": 0.0, "total_profits": 33389.04764684926, "irr": 0.10208, "npv": 47543.783}}