{"key_params": {"location": "CA_Camp.Pendleton.MCAS.722926_TMY3", "customer_type": "Hospital", "demand_charge": 20, "export_price": 0.0, "export_price_type": "None", "battery_size_kWh": 600, "battery_power_kW": 300.0, "min_soc": 0.05, "max_soc": 1.0, "one_way_efficiency": 0.92, "start_soc": 0.5, "n_horizon": 24, "n_control": 12}, "savings": {"old_energy_charge": -248206.25450590067, "new_energy_charge": -248200.2542468902, "energy_charge_savings": 6.000259010470472, "old_demand_charge": -81838.66781062652, "new_demand_charge": -70811.90718093608, "demand_charge_savings": 11026.760629690441, "retail_profits": 11032.760888700912, "battery_charge_cost": -19843.035193291944, "battery_discharge_revenues": 19849.03545230242, "battery_retail_profits": 6.000259010477748, "battery_export_revenue": 0.0, "total_profits": 11032.76088870092, "irr": -0.05421, "npv": -101479.382}}