{"key_params": {"location": "CA_San.Luis.Obispo", "customer_type": "Market", "demand_charge": 20, "export_price": 0.0, "export_price_type": "None", "battery_size_kWh": 600, "battery_power_kW": 300.0, "min_soc": 0.05, "max_soc": 1.0, "one_way_efficiency": 0.92, "start_soc": 0.5, "n_horizon": 24, "n_control": 12}, "savings": {"old_energy_charge": -378010.643992596, "new_energy_charge": -378492.91991895606, "energy_charge_savings": -482.27592636004556, "old_demand_charge": -147901.20556881058, "new_demand_charge": -125488.72896289831, "demand_charge_savings": 22412.476605912263, "retail_profits": 21930.200679552217, "battery_charge_cost": -23760.293432466482, "battery_discharge_revenues": 23278.01750610649, "battery_retail_profits": -482.275926359991, "battery_export_revenue": 0.0, "total_profits": 21930.200679552272, "irr": 0.0364, "npv": -24745.887}}