{"key_params": {"location": "CA_Monterey.NAF.724915_TMY3", "customer_type": "Office", "demand_charge": 20, "export_price": 0.0, "export_price_type": "None", "battery_size_kWh": 600, "battery_power_kW": 300.0, "min_soc": 0.05, "max_soc": 1.0, "one_way_efficiency": 0.92, "start_soc": 0.5, "n_horizon": 24, "n_control": 12}, "savings": {"old_energy_charge": -390268.0619815567, "new_energy_charge": -387815.6251731446, "energy_charge_savings": 2452.4368084120797, "old_demand_charge": -215187.37921509237, "new_demand_charge": -175364.8420007148, "demand_charge_savings": 39822.537214377575, "retail_profits": 42274.974022789655, "battery_charge_cost": -23966.578264451175, "battery_discharge_revenues": 26419.015072863167, "battery_retail_profits": 2452.4368084119924, "battery_export_revenue": 0.0, "total_profits": 42274.97402278957, "irr": 0.1481, "npv": 103601.838}}