{"key_params": {"location": "CA_Porterville.AWOS.723895_TMY3", "customer_type": "Office", "demand_charge": 20, "export_price": 0.0, "export_price_type": "None", "battery_size_kWh": 600, "battery_power_kW": 300.0, "min_soc": 0.05, "max_soc": 1.0, "one_way_efficiency": 0.92, "start_soc": 0.5, "n_horizon": 24, "n_control": 12}, "savings": {"old_energy_charge": -510971.0247973704, "new_energy_charge": -509528.1192097603, "energy_charge_savings": 1442.9055876101484, "old_demand_charge": -259646.16055499544, "new_demand_charge": -232420.82739327406, "demand_charge_savings": 27225.333161721384, "retail_profits": 28668.238749331533, "battery_charge_cost": -22954.099663174635, "battery_discharge_revenues": 24397.005250784823, "battery_retail_profits": 1442.9055876101884, "battery_export_revenue": 0.0, "total_profits": 28668.238749331573, "irr": 0.07615, "npv": 17761.928}}