{"key_params": {"location": "CA_Fullerton.Muni", "customer_type": "Restaurant", "demand_charge": 20, "export_price": 0.0, "export_price_type": "None", "battery_size_kWh": 600, "battery_power_kW": 300.0, "min_soc": 0.05, "max_soc": 1.0, "one_way_efficiency": 0.92, "start_soc": 0.5, "n_horizon": 24, "n_control": 12}, "savings": {"old_energy_charge": -480348.3364914076, "new_energy_charge": -478390.4904750371, "energy_charge_savings": 1957.8460163705167, "old_demand_charge": -178257.01835321297, "new_demand_charge": -148753.6309735791, "demand_charge_savings": 29503.387379633874, "retail_profits": 31461.23339600439, "battery_charge_cost": -26419.131034794125, "battery_discharge_revenues": 28376.977051164686, "battery_retail_profits": 1957.8460163705604, "battery_export_revenue": 0.0, "total_profits": 31461.233396004434, "irr": 0.09164, "npv": 35381.908}}