{"key_params": {"location": "CA_Camarillo.AWOS.723926_TMY3", "customer_type": "Hotel", "demand_charge": 20, "export_price": 0.0, "export_price_type": "None", "battery_size_kWh": 600, "battery_power_kW": 300.0, "min_soc": 0.05, "max_soc": 1.0, "one_way_efficiency": 0.92, "start_soc": 0.5, "n_horizon": 24, "n_control": 12}, "savings": {"old_energy_charge": -379314.4645232469, "new_energy_charge": -375890.550938991, "energy_charge_savings": 3423.9135842559044, "old_demand_charge": -149614.83235646324, "new_demand_charge": -111531.60623539377, "demand_charge_savings": 38083.22612106947, "retail_profits": 41507.139705325375, "battery_charge_cost": -27613.637007063076, "battery_discharge_revenues": 31037.550591318985, "battery_retail_profits": 3423.913584255908, "battery_export_revenue": 0.0, "total_profits": 41507.139705325375, "irr": 0.14424, "npv": 98757.853}}