{"key_params": {"location": "CA_South.Lake.Tahoe-Lake.Tahoe", "customer_type": "Hotel", "demand_charge": 20, "export_price": 0.0, "export_price_type": "None", "battery_size_kWh": 600, "battery_power_kW": 300.0, "min_soc": 0.05, "max_soc": 1.0, "one_way_efficiency": 0.92, "start_soc": 0.5, "n_horizon": 24, "n_control": 12}, "savings": {"old_energy_charge": -356354.68639905326, "new_energy_charge": -352924.63059596875, "energy_charge_savings": 3430.055803084513, "old_demand_charge": -140679.5543698097, "new_demand_charge": -100643.09685334448, "demand_charge_savings": 40036.457516465205, "retail_profits": 43466.51331954972, "battery_charge_cost": -29050.567978086387, "battery_discharge_revenues": 32480.623781170863, "battery_retail_profits": 3430.055803084477, "battery_export_revenue": 0.0, "total_profits": 43466.51331954968, "irr": 0.15407, "npv": 111118.823}}