{"key_params": {"location": "CA_Livermore.Muni", "customer_type": "Restaurant", "demand_charge": 20, "export_price": 0.0, "export_price_type": "None", "battery_size_kWh": 600, "battery_power_kW": 300.0, "min_soc": 0.05, "max_soc": 1.0, "one_way_efficiency": 0.92, "start_soc": 0.5, "n_horizon": 24, "n_control": 12}, "savings": {"old_energy_charge": -442719.57422582817, "new_energy_charge": -442320.3431012988, "energy_charge_savings": 399.2311245293822, "old_demand_charge": -157240.49425502124, "new_demand_charge": -130732.07163714097, "demand_charge_savings": 26508.42261788028, "retail_profits": 26907.65374240966, "battery_charge_cost": -29081.94340264363, "battery_discharge_revenues": 29481.174527173025, "battery_retail_profits": 399.23112452939677, "battery_export_revenue": 0.0, "total_profits": 26907.653742409675, "irr": 0.06612, "npv": 6655.042}}