{"key_params": {"location": "CA_Bakersfield-Meadows.Field.723840_TMY3", "customer_type": "School", "demand_charge": 20, "export_price": 0.0, "export_price_type": "None", "battery_size_kWh": 600, "battery_power_kW": 300.0, "min_soc": 0.05, "max_soc": 1.0, "one_way_efficiency": 0.92, "start_soc": 0.5, "n_horizon": 24, "n_control": 12}, "savings": {"old_energy_charge": -658853.2464909905, "new_energy_charge": -655047.0437587344, "energy_charge_savings": 3806.202732256148, "old_demand_charge": -391422.40834581904, "new_demand_charge": -353155.008875102, "demand_charge_savings": 38267.399470717064, "retail_profits": 42073.60220297321, "battery_charge_cost": -21891.146551708083, "battery_discharge_revenues": 25697.349283964133, "battery_retail_profits": 3806.20273225605, "battery_export_revenue": 0.0, "total_profits": 42073.60220297311, "irr": 0.14709, "npv": 102331.457}}