{"key_params": {"location": "CA_South.Lake.Tahoe-Lake.Tahoe", "customer_type": "School", "demand_charge": 20, "export_price": 0.0, "export_price_type": "None", "battery_size_kWh": 600, "battery_power_kW": 300.0, "min_soc": 0.05, "max_soc": 1.0, "one_way_efficiency": 0.92, "start_soc": 0.5, "n_horizon": 24, "n_control": 12}, "savings": {"old_energy_charge": -332942.37800051353, "new_energy_charge": -332219.5092835995, "energy_charge_savings": 722.8687169140321, "old_demand_charge": -175139.11389197933, "new_demand_charge": -148264.53319220906, "demand_charge_savings": 26874.580699770275, "retail_profits": 27597.449416684307, "battery_charge_cost": -22934.351670927117, "battery_discharge_revenues": 23657.220387841186, "battery_retail_profits": 722.8687169140685, "battery_export_revenue": 0.0, "total_profits": 27597.449416684343, "irr": 0.07007, "npv": 11006.71}}