{"key_params": {"location": "CA_Riverside.Muni", "customer_type": "School", "demand_charge": 20, "export_price": 0.0, "export_price_type": "None", "battery_size_kWh": 600, "battery_power_kW": 300.0, "min_soc": 0.05, "max_soc": 1.0, "one_way_efficiency": 0.92, "start_soc": 0.5, "n_horizon": 24, "n_control": 12}, "savings": {"old_energy_charge": -369852.68478148256, "new_energy_charge": -367093.4265750325, "energy_charge_savings": 2759.258206450031, "old_demand_charge": -239632.5517155505, "new_demand_charge": -207655.54480697337, "demand_charge_savings": 31977.00690857714, "retail_profits": 34736.26511502717, "battery_charge_cost": -22555.780025843687, "battery_discharge_revenues": 25315.03823229372, "battery_retail_profits": 2759.258206450031, "battery_export_revenue": 0.0, "total_profits": 34736.26511502717, "irr": 0.10926, "npv": 56042.884}}