{"key_params": {"location": "CA_March.AFB.722860_TMY3", "customer_type": "Office", "demand_charge": 20, "export_price": 0.0, "export_price_type": "None", "battery_size_kWh": 600, "battery_power_kW": 300.0, "min_soc": 0.05, "max_soc": 1.0, "one_way_efficiency": 0.92, "start_soc": 0.5, "n_horizon": 24, "n_control": 12}, "savings": {"old_energy_charge": -321643.2046098353, "new_energy_charge": -319991.0337777215, "energy_charge_savings": 1652.1708321137703, "old_demand_charge": -172673.0549493319, "new_demand_charge": -149206.58252804214, "demand_charge_savings": 23466.47242128977, "retail_profits": 25118.64325340354, "battery_charge_cost": -23015.726501198857, "battery_discharge_revenues": 24667.897333312663, "battery_retail_profits": 1652.1708321138067, "battery_export_revenue": 0.0, "total_profits": 25118.643253403578, "irr": 0.05569, "npv": -4631.17}}