{"key_params": {"location": "CA_Sacramento.Exec", "customer_type": "School", "demand_charge": 20, "export_price": 0.0, "export_price_type": "None", "battery_size_kWh": 600, "battery_power_kW": 300.0, "min_soc": 0.05, "max_soc": 1.0, "one_way_efficiency": 0.92, "start_soc": 0.5, "n_horizon": 24, "n_control": 12}, "savings": {"old_energy_charge": -360341.68507463246, "new_energy_charge": -357877.8454259778, "energy_charge_savings": 2463.8396486546844, "old_demand_charge": -218017.69803249158, "new_demand_charge": -188042.55068924304, "demand_charge_savings": 29975.147343248536, "retail_profits": 32438.98699190322, "battery_charge_cost": -22402.6332621371, "battery_discharge_revenues": 24866.472910791857, "battery_retail_profits": 2463.839648654757, "battery_export_revenue": 0.0, "total_profits": 32438.986991903294, "irr": 0.09696, "npv": 41550.198}}