{"key_params": {"location": "CA_Palmdale", "customer_type": "Apartment", "demand_charge": 20, "export_price": 0.0, "export_price_type": "None", "battery_size_kWh": 600, "battery_power_kW": 300.0, "min_soc": 0.05, "max_soc": 1.0, "one_way_efficiency": 0.92, "start_soc": 0.5, "n_horizon": 24, "n_control": 12}, "savings": {"old_energy_charge": -348571.7585042891, "new_energy_charge": -343323.7461467306, "energy_charge_savings": 5248.012357558473, "old_demand_charge": -148743.34794093884, "new_demand_charge": -116670.69169499472, "demand_charge_savings": 32072.65624594412, "retail_profits": 37320.66860350259, "battery_charge_cost": -21514.852950128112, "battery_discharge_revenues": 26762.86530768668, "battery_retail_profits": 5248.012357558568, "battery_export_revenue": 0.0, "total_profits": 37320.66860350269, "irr": 0.12281, "npv": 72346.94}}