{"key_params": {"location": "CA_Chula.Vista-Brown.Field.Muni", "customer_type": "Restaurant", "demand_charge": 20, "export_price": 0.0, "export_price_type": "None", "battery_size_kWh": 600, "battery_power_kW": 300.0, "min_soc": 0.05, "max_soc": 1.0, "one_way_efficiency": 0.92, "start_soc": 0.5, "n_horizon": 24, "n_control": 12}, "savings": {"old_energy_charge": -435252.2958385749, "new_energy_charge": -436555.13879412576, "energy_charge_savings": -1302.8429555508774, "old_demand_charge": -156192.66292979062, "new_demand_charge": -126417.01632889672, "demand_charge_savings": 29775.646600893902, "retail_profits": 28472.803645343025, "battery_charge_cost": -32413.43081306146, "battery_discharge_revenues": 31110.587857510665, "battery_retail_profits": -1302.8429555507937, "battery_export_revenue": 0.0, "total_profits": 28472.80364534311, "irr": 0.07504, "npv": 16528.999}}