{"key_params": {"location": "CA_Lancaster-Gen.Wm.Fox.Field.723816_TMY3", "customer_type": "Office", "demand_charge": 20, "export_price": 0.0, "export_price_type": "None", "battery_size_kWh": 600, "battery_power_kW": 300.0, "min_soc": 0.05, "max_soc": 1.0, "one_way_efficiency": 0.92, "start_soc": 0.5, "n_horizon": 24, "n_control": 12}, "savings": {"old_energy_charge": -323057.32536586164, "new_energy_charge": -321600.03821395827, "energy_charge_savings": 1457.2871519033797, "old_demand_charge": -168060.01089272037, "new_demand_charge": -144910.3864307795, "demand_charge_savings": 23149.624461940868, "retail_profits": 24606.911613844248, "battery_charge_cost": -22930.04226932518, "battery_discharge_revenues": 24387.32942122861, "battery_retail_profits": 1457.2871519034306, "battery_export_revenue": 0.0, "total_profits": 24606.9116138443, "irr": 0.05266, "npv": -7859.498}}