{"key_params": {"location": "CA_Barstow.Daggett", "customer_type": "Hotel", "demand_charge": 20, "export_price": 0.0, "export_price_type": "None", "battery_size_kWh": 600, "battery_power_kW": 300.0, "min_soc": 0.05, "max_soc": 1.0, "one_way_efficiency": 0.92, "start_soc": 0.5, "n_horizon": 24, "n_control": 12}, "savings": {"old_energy_charge": -321550.7940958212, "new_energy_charge": -319494.68241328205, "energy_charge_savings": 2056.1116825391655, "old_demand_charge": -117386.3114305098, "new_demand_charge": -83342.86647580855, "demand_charge_savings": 34043.44495470125, "retail_profits": 36099.556637240414, "battery_charge_cost": -29574.482113772563, "battery_discharge_revenues": 31630.593796311732, "battery_retail_profits": 2056.111682539169, "battery_export_revenue": 0.0, "total_profits": 36099.556637240414, "irr": 0.11644, "npv": 64643.391}}