{"key_params": {"location": "CA_Beale.AFB.724837_TMY3", "customer_type": "Office", "demand_charge": 20, "export_price": 0.0, "export_price_type": "None", "battery_size_kWh": 600, "battery_power_kW": 300.0, "min_soc": 0.05, "max_soc": 1.0, "one_way_efficiency": 0.92, "start_soc": 0.5, "n_horizon": 24, "n_control": 12}, "savings": {"old_energy_charge": -317895.2273000505, "new_energy_charge": -317217.3031749856, "energy_charge_savings": 677.9241250649211, "old_demand_charge": -163939.21977370494, "new_demand_charge": -138130.08683322585, "demand_charge_savings": 25809.13294047909, "retail_profits": 26487.05706554401, "battery_charge_cost": -23163.10973913717, "battery_discharge_revenues": 23841.033864201985, "battery_retail_profits": 677.9241250648156, "battery_export_revenue": 0.0, "total_profits": 26487.057065543904, "irr": 0.06369, "npv": 4001.651}}