{"key_params": {"location": "CA_San.Jose.Intl", "customer_type": "Market", "demand_charge": 20, "export_price": 0.0, "export_price_type": "None", "battery_size_kWh": 600, "battery_power_kW": 300.0, "min_soc": 0.05, "max_soc": 1.0, "one_way_efficiency": 0.92, "start_soc": 0.5, "n_horizon": 24, "n_control": 12}, "savings": {"old_energy_charge": -374095.404281083, "new_energy_charge": -373703.66284682666, "energy_charge_savings": 391.7414342563716, "old_demand_charge": -144769.98561884643, "new_demand_charge": -123941.12505689524, "demand_charge_savings": 20828.860561951195, "retail_profits": 21220.601996207566, "battery_charge_cost": -23715.006634965863, "battery_discharge_revenues": 24106.74806922218, "battery_retail_profits": 391.741434256317, "battery_export_revenue": 0.0, "total_profits": 21220.60199620751, "irr": 0.03192, "npv": -29256.489}}