{"key_params": {"location": "CA_Crescent.City-Jack.McNamara.Field.725946_TMY3", "customer_type": "School", "demand_charge": 20, "export_price": 0.0, "export_price_type": "None", "battery_size_kWh": 600, "battery_power_kW": 300.0, "min_soc": 0.05, "max_soc": 1.0, "one_way_efficiency": 0.92, "start_soc": 0.5, "n_horizon": 24, "n_control": 12}, "savings": {"old_energy_charge": -318410.4363547792, "new_energy_charge": -318558.58504368074, "energy_charge_savings": -148.14868890156504, "old_demand_charge": -157229.37926515116, "new_demand_charge": -135107.87775112275, "demand_charge_savings": 22121.50151402841, "retail_profits": 21973.352825126844, "battery_charge_cost": -23116.812007797118, "battery_discharge_revenues": 22968.663318895644, "battery_retail_profits": -148.1486889014741, "battery_export_revenue": 0.0, "total_profits": 21973.352825126934, "irr": 0.03666, "npv": -24473.656}}