{"key_params": {"location": "CA_Camarillo.AWOS.723926_TMY3", "customer_type": "Restaurant", "demand_charge": 20, "export_price": 0.0, "export_price_type": "None", "battery_size_kWh": 600, "battery_power_kW": 300.0, "min_soc": 0.05, "max_soc": 1.0, "one_way_efficiency": 0.92, "start_soc": 0.5, "n_horizon": 24, "n_control": 12}, "savings": {"old_energy_charge": -461692.37661524647, "new_energy_charge": -461235.8956997101, "energy_charge_savings": 456.4809155363473, "old_demand_charge": -175027.90108822464, "new_demand_charge": -140477.9644896194, "demand_charge_savings": 34549.93659860524, "retail_profits": 35006.41751414159, "battery_charge_cost": -28686.646192044034, "battery_discharge_revenues": 29143.12710758036, "battery_retail_profits": 456.4809155363255, "battery_export_revenue": 0.0, "total_profits": 35006.41751414157, "irr": 0.11069, "npv": 57747.177}}