{"key_params": {"location": "CA_Santa.Monica.Muni", "customer_type": "Hotel", "demand_charge": 20, "export_price": 0.0, "export_price_type": "None", "battery_size_kWh": 600, "battery_power_kW": 300.0, "min_soc": 0.05, "max_soc": 1.0, "one_way_efficiency": 0.92, "start_soc": 0.5, "n_horizon": 24, "n_control": 12}, "savings": {"old_energy_charge": -343693.57939674077, "new_energy_charge": -341617.77513740904, "energy_charge_savings": 2075.8042593317223, "old_demand_charge": -123881.46030481413, "new_demand_charge": -89416.98939374546, "demand_charge_savings": 34464.47091106867, "retail_profits": 36540.27517040039, "battery_charge_cost": -30441.843411897356, "battery_discharge_revenues": 32517.64767122909, "battery_retail_profits": 2075.804259331733, "battery_export_revenue": 0.0, "total_profits": 36540.275170400404, "irr": 0.11875, "npv": 67423.723}}