{"key_params": {"location": "CA_Crescent.City-Jack.McNamara.Field.725946_TMY3", "customer_type": "Restaurant", "demand_charge": 20, "export_price": 0.0, "export_price_type": "None", "battery_size_kWh": 600, "battery_power_kW": 300.0, "min_soc": 0.05, "max_soc": 1.0, "one_way_efficiency": 0.92, "start_soc": 0.5, "n_horizon": 24, "n_control": 12}, "savings": {"old_energy_charge": -427644.10745924077, "new_energy_charge": -430310.2986717687, "energy_charge_savings": -2666.1912125279196, "old_demand_charge": -139209.66312421294, "new_demand_charge": -114043.04071622292, "demand_charge_savings": 25166.622407990013, "retail_profits": 22500.431195462093, "battery_charge_cost": -32455.034077160683, "battery_discharge_revenues": 29788.842864632796, "battery_retail_profits": -2666.191212527887, "battery_export_revenue": 0.0, "total_profits": 22500.431195462126, "irr": 0.03992, "npv": -21148.512}}