{"key_params": {"location": "CA_Palm.Springs.Intl", "customer_type": "Market", "demand_charge": 20, "export_price": 0.0, "export_price_type": "None", "battery_size_kWh": 600, "battery_power_kW": 300.0, "min_soc": 0.05, "max_soc": 1.0, "one_way_efficiency": 0.92, "start_soc": 0.5, "n_horizon": 24, "n_control": 12}, "savings": {"old_energy_charge": -391000.7174508305, "new_energy_charge": -389625.40952805005, "energy_charge_savings": 1375.3079227804556, "old_demand_charge": -154647.8099751657, "new_demand_charge": -135056.02374680847, "demand_charge_savings": 19591.786228357232, "retail_profits": 20967.094151137688, "battery_charge_cost": -23500.73462332835, "battery_discharge_revenues": 24876.04254610882, "battery_retail_profits": 1375.30792278047, "battery_export_revenue": 0.0, "total_profits": 20967.094151137702, "irr": 0.0303, "npv": -30868.661}}