{"key_params": {"location": "CA_San.Francisco.Intl", "customer_type": "Restaurant", "demand_charge": 20, "export_price": 0.0, "export_price_type": "None", "battery_size_kWh": 600, "battery_power_kW": 300.0, "min_soc": 0.05, "max_soc": 1.0, "one_way_efficiency": 0.92, "start_soc": 0.5, "n_horizon": 24, "n_control": 12}, "savings": {"old_energy_charge": -431226.4312317483, "new_energy_charge": -431768.86882881215, "energy_charge_savings": -542.4375970638357, "old_demand_charge": -147952.15815924568, "new_demand_charge": -120040.69995978034, "demand_charge_savings": 27911.45819946534, "retail_profits": 27369.020602401506, "battery_charge_cost": -32761.869353847556, "battery_discharge_revenues": 32219.4317567837, "battery_retail_profits": -542.4375970638575, "battery_export_revenue": 0.0, "total_profits": 27369.020602401484, "irr": 0.06877, "npv": 9565.636}}