{"key_params": {"location": "CA_Edwards.AFB.723810_TMY3", "customer_type": "Hospital", "demand_charge": 20, "export_price": 0.0, "export_price_type": "None", "battery_size_kWh": 600, "battery_power_kW": 300.0, "min_soc": 0.05, "max_soc": 1.0, "one_way_efficiency": 0.92, "start_soc": 0.5, "n_horizon": 24, "n_control": 12}, "savings": {"old_energy_charge": -252148.58252240776, "new_energy_charge": -252151.75469112545, "energy_charge_savings": -3.1721687176905107, "old_demand_charge": -85410.64224951535, "new_demand_charge": -72485.77549265693, "demand_charge_savings": 12924.86675685842, "retail_profits": 12921.69458814073, "battery_charge_cost": -20627.16206865105, "battery_discharge_revenues": 20623.989899933353, "battery_retail_profits": -3.1721687176977866, "battery_export_revenue": 0.0, "total_profits": 12921.694588140723, "irr": -0.03352, "npv": -86395.09}}