{"key_params": {"location": "CA_Van.Nuys", "customer_type": "Office", "demand_charge": 20, "export_price": 0.0, "export_price_type": "None", "battery_size_kWh": 600, "battery_power_kW": 300.0, "min_soc": 0.05, "max_soc": 1.0, "one_way_efficiency": 0.92, "start_soc": 0.5, "n_horizon": 24, "n_control": 12}, "savings": {"old_energy_charge": -399526.27296018595, "new_energy_charge": -396925.4764059864, "energy_charge_savings": 2600.7965541995363, "old_demand_charge": -239941.41652193296, "new_demand_charge": -203386.63447085262, "demand_charge_savings": 36554.78205108034, "retail_profits": 39155.57860527988, "battery_charge_cost": -23023.08839017991, "battery_discharge_revenues": 25623.884944379468, "battery_retail_profits": 2600.796554199558, "battery_export_revenue": 0.0, "total_profits": 39155.5786052799, "irr": 0.13228, "npv": 83922.715}}