{"key_params": {"location": "CA_Monterey.NAF.724915_TMY3", "customer_type": "School", "demand_charge": 20, "export_price": 0.0, "export_price_type": "None", "battery_size_kWh": 600, "battery_power_kW": 300.0, "min_soc": 0.05, "max_soc": 1.0, "one_way_efficiency": 0.92, "start_soc": 0.5, "n_horizon": 24, "n_control": 12}, "savings": {"old_energy_charge": -498089.9732609331, "new_energy_charge": -494585.16847122717, "energy_charge_savings": 3504.8047897059587, "old_demand_charge": -366553.9567188035, "new_demand_charge": -332081.77855760587, "demand_charge_savings": 34472.17816119763, "retail_profits": 37976.98295090359, "battery_charge_cost": -22266.761834910947, "battery_discharge_revenues": 25771.566624616822, "battery_retail_profits": 3504.804789705875, "battery_export_revenue": 0.0, "total_profits": 37976.982950903504, "irr": 0.12621, "npv": 76487.386}}