{"key_params": {"location": "CA_Sacramento.Metro", "customer_type": "Office", "demand_charge": 20, "export_price": 0.0, "export_price_type": "None", "battery_size_kWh": 600, "battery_power_kW": 300.0, "min_soc": 0.05, "max_soc": 1.0, "one_way_efficiency": 0.92, "start_soc": 0.5, "n_horizon": 24, "n_control": 12}, "savings": {"old_energy_charge": -405832.93930845335, "new_energy_charge": -403388.9429846233, "energy_charge_savings": 2443.9963238300406, "old_demand_charge": -257948.19947890475, "new_demand_charge": -213583.93284988738, "demand_charge_savings": 44364.266629017366, "retail_profits": 46808.262952847406, "battery_charge_cost": -23460.85177973959, "battery_discharge_revenues": 25904.848103569686, "battery_retail_profits": 2443.996323830095, "battery_export_revenue": 0.0, "total_profits": 46808.262952847464, "irr": 0.1706, "npv": 132200.698}}