{"key_params": {"location": "CA_Livermore.Muni", "customer_type": "Hotel", "demand_charge": 20, "export_price": 0.0, "export_price_type": "None", "battery_size_kWh": 600, "battery_power_kW": 300.0, "min_soc": 0.05, "max_soc": 1.0, "one_way_efficiency": 0.92, "start_soc": 0.5, "n_horizon": 24, "n_control": 12}, "savings": {"old_energy_charge": -351578.9057838877, "new_energy_charge": -348975.0483441196, "energy_charge_savings": 2603.857439768093, "old_demand_charge": -130905.01401375586, "new_demand_charge": -94789.52284488747, "demand_charge_savings": 36115.49116886839, "retail_profits": 38719.34860863649, "battery_charge_cost": -29255.716337813836, "battery_discharge_revenues": 31859.57377758189, "battery_retail_profits": 2603.857439768053, "battery_export_revenue": 0.0, "total_profits": 38719.34860863644, "irr": 0.13004, "npv": 81170.7}}