{"key_params": {"location": "CA_Santa.Barbara.Muni", "customer_type": "Restaurant", "demand_charge": 20, "export_price": 0.0, "export_price_type": "None", "battery_size_kWh": 600, "battery_power_kW": 300.0, "min_soc": 0.05, "max_soc": 1.0, "one_way_efficiency": 0.92, "start_soc": 0.5, "n_horizon": 24, "n_control": 12}, "savings": {"old_energy_charge": -456602.59603366203, "new_energy_charge": -456238.698561965, "energy_charge_savings": 363.8974716970115, "old_demand_charge": -159805.31271337968, "new_demand_charge": -130725.58650008068, "demand_charge_savings": 29079.726213299, "retail_profits": 29443.62368499601, "battery_charge_cost": -29161.613096194902, "battery_discharge_revenues": 29525.51056789194, "battery_retail_profits": 363.89747169703696, "battery_export_revenue": 0.0, "total_profits": 29443.623684996037, "irr": 0.0805, "npv": 22653.547}}