{"key_params": {"location": "CA_Santa.Barbara.Muni", "customer_type": "Hotel", "demand_charge": 20, "export_price": 0.0, "export_price_type": "None", "battery_size_kWh": 600, "battery_power_kW": 300.0, "min_soc": 0.05, "max_soc": 1.0, "one_way_efficiency": 0.92, "start_soc": 0.5, "n_horizon": 24, "n_control": 12}, "savings": {"old_energy_charge": -351356.2960894839, "new_energy_charge": -348948.55666113796, "energy_charge_savings": 2407.739428345929, "old_demand_charge": -129489.11625179868, "new_demand_charge": -93786.96100909822, "demand_charge_savings": 35702.155242700464, "retail_profits": 38109.89467104639, "battery_charge_cost": -29848.920066876297, "battery_discharge_revenues": 32256.659495222222, "battery_retail_profits": 2407.7394283459253, "battery_export_revenue": 0.0, "total_profits": 38109.89467104639, "irr": 0.1269, "npv": 77325.878}}