{"key_params": {"location": "CA_Bishop", "customer_type": "Office", "demand_charge": 20, "export_price": 0.0, "export_price_type": "None", "battery_size_kWh": 600, "battery_power_kW": 300.0, "min_soc": 0.05, "max_soc": 1.0, "one_way_efficiency": 0.92, "start_soc": 0.5, "n_horizon": 24, "n_control": 12}, "savings": {"old_energy_charge": -322670.0196389471, "new_energy_charge": -322017.26285992336, "energy_charge_savings": 652.7567790237372, "old_demand_charge": -164205.40121643833, "new_demand_charge": -138722.91463882677, "demand_charge_savings": 25482.486577611562, "retail_profits": 26135.2433566353, "battery_charge_cost": -23046.529889562484, "battery_discharge_revenues": 23699.286668586217, "battery_retail_profits": 652.7567790237335, "battery_export_revenue": 0.0, "total_profits": 26135.243356635296, "irr": 0.06165, "npv": 1782.187}}