{"key_params": {"location": "CA_Long.Beach-Daugherty.Field.722970_TMY3", "customer_type": "Office", "demand_charge": 20, "export_price": 0.0, "export_price_type": "None", "battery_size_kWh": 600, "battery_power_kW": 300.0, "min_soc": 0.05, "max_soc": 1.0, "one_way_efficiency": 0.92, "start_soc": 0.5, "n_horizon": 24, "n_control": 12}, "savings": {"old_energy_charge": -307882.49431834125, "new_energy_charge": -306463.14352287946, "energy_charge_savings": 1419.3507954617962, "old_demand_charge": -159487.7279772287, "new_demand_charge": -136774.0616910982, "demand_charge_savings": 22713.666286130494, "retail_profits": 24133.01708159229, "battery_charge_cost": -23075.301524700702, "battery_discharge_revenues": 24494.65232016251, "battery_retail_profits": 1419.3507954618071, "battery_export_revenue": 0.0, "total_profits": 24133.0170815923, "irr": 0.04983, "npv": -10849.125}}