{"key_params": {"location": "CA_Palm.Springs-Thermal", "customer_type": "School", "demand_charge": 20, "export_price": 0.0, "export_price_type": "None", "battery_size_kWh": 600, "battery_power_kW": 300.0, "min_soc": 0.05, "max_soc": 1.0, "one_way_efficiency": 0.92, "start_soc": 0.5, "n_horizon": 24, "n_control": 12}, "savings": {"old_energy_charge": -617693.5804388048, "new_energy_charge": -615388.4477510703, "energy_charge_savings": 2305.1326877345564, "old_demand_charge": -327722.5492295595, "new_demand_charge": -301048.52405820985, "demand_charge_savings": 26674.02517134964, "retail_profits": 28979.157859084196, "battery_charge_cost": -22629.895962258033, "battery_discharge_revenues": 24935.02864999258, "battery_retail_profits": 2305.1326877345455, "battery_export_revenue": 0.0, "total_profits": 28979.157859084185, "irr": 0.0779, "npv": 19723.403}}