{"key_params": {"location": "CA_Modesto.Muni", "customer_type": "Apartment", "demand_charge": 20, "export_price": 0.0, "export_price_type": "None", "battery_size_kWh": 600, "battery_power_kW": 300.0, "min_soc": 0.05, "max_soc": 1.0, "one_way_efficiency": 0.92, "start_soc": 0.5, "n_horizon": 24, "n_control": 12}, "savings": {"old_energy_charge": -352412.8805419606, "new_energy_charge": -347092.8855408622, "energy_charge_savings": 5319.995001098374, "old_demand_charge": -156302.92242714463, "new_demand_charge": -123100.2552856684, "demand_charge_savings": 33202.667141476224, "retail_profits": 38522.6621425746, "battery_charge_cost": -21462.437114176788, "battery_discharge_revenues": 26782.43211527517, "battery_retail_profits": 5319.995001098381, "battery_export_revenue": 0.0, "total_profits": 38522.662142574605, "irr": 0.12903, "npv": 79929.877}}