{"key_params": {"location": "CA_Sacramento.Exec", "customer_type": "School", "demand_charge": 20, "export_price": 0.0, "export_price_type": "None", "battery_size_kWh": 600, "battery_power_kW": 300.0, "min_soc": 0.05, "max_soc": 1.0, "one_way_efficiency": 0.92, "start_soc": 0.5, "n_horizon": 24, "n_control": 12}, "savings": {"old_energy_charge": -584662.1870269487, "new_energy_charge": -581035.0984394795, "energy_charge_savings": 3627.0885874691885, "old_demand_charge": -375932.7227209328, "new_demand_charge": -335829.18137769843, "demand_charge_savings": 40103.54134323436, "retail_profits": 43730.62993070355, "battery_charge_cost": -21814.453452438556, "battery_discharge_revenues": 25441.54203990782, "battery_retail_profits": 3627.088587469265, "battery_export_revenue": 0.0, "total_profits": 43730.629930703624, "irr": 0.15539, "npv": 112785.038}}