{"key_params": {"location": "CA_Lompoc.AWOS.722895_TMY3", "customer_type": "Hospital", "demand_charge": 20, "export_price": 0.0, "export_price_type": "None", "battery_size_kWh": 600, "battery_power_kW": 300.0, "min_soc": 0.05, "max_soc": 1.0, "one_way_efficiency": 0.92, "start_soc": 0.5, "n_horizon": 24, "n_control": 12}, "savings": {"old_energy_charge": -245245.32061116, "new_energy_charge": -244948.35157947865, "energy_charge_savings": 296.96903168133576, "old_demand_charge": -81536.34410900716, "new_demand_charge": -70344.45607627815, "demand_charge_savings": 11191.88803272901, "retail_profits": 11488.857064410346, "battery_charge_cost": -19702.65234876568, "battery_discharge_revenues": 19999.621380446995, "battery_retail_profits": 296.96903168131394, "battery_export_revenue": 0.0, "total_profits": 11488.857064410324, "irr": -0.04901, "npv": -97837.175}}