{"key_params": {"location": "CA_San.Francisco.Intl", "customer_type": "Office", "demand_charge": 20, "export_price": 0.0, "export_price_type": "None", "battery_size_kWh": 600, "battery_power_kW": 300.0, "min_soc": 0.05, "max_soc": 1.0, "one_way_efficiency": 0.92, "start_soc": 0.5, "n_horizon": 24, "n_control": 12}, "savings": {"old_energy_charge": -486884.4364464627, "new_energy_charge": -484712.08554254356, "energy_charge_savings": 2172.3509039191413, "old_demand_charge": -255652.80517380775, "new_demand_charge": -226648.97890863218, "demand_charge_savings": 29003.826265175565, "retail_profits": 31176.177169094706, "battery_charge_cost": -22903.99829317692, "battery_discharge_revenues": 25076.349197096104, "battery_retail_profits": 2172.350903919185, "battery_export_revenue": 0.0, "total_profits": 31176.17716909475, "irr": 0.09008, "npv": 33583.593}}