{"key_params": {"location": "CA_Merced-Macready.Field.724815_TMY3", "customer_type": "School", "demand_charge": 20, "export_price": 0.0, "export_price_type": "None", "battery_size_kWh": 600, "battery_power_kW": 300.0, "min_soc": 0.05, "max_soc": 1.0, "one_way_efficiency": 0.92, "start_soc": 0.5, "n_horizon": 24, "n_control": 12}, "savings": {"old_energy_charge": -370034.7919798463, "new_energy_charge": -367877.95705849567, "energy_charge_savings": 2156.8349213506444, "old_demand_charge": -225097.86866931216, "new_demand_charge": -195691.14254322046, "demand_charge_savings": 29406.7261260917, "retail_profits": 31563.561047442345, "battery_charge_cost": -22628.53478095202, "battery_discharge_revenues": 24785.369702302683, "battery_retail_profits": 2156.8349213506626, "battery_export_revenue": 0.0, "total_profits": 31563.561047442363, "irr": 0.0922, "npv": 36027.456}}