{"key_params": {"location": "CA_Sacramento.Metro", "customer_type": "Hotel", "demand_charge": 20, "export_price": 0.0, "export_price_type": "None", "battery_size_kWh": 600, "battery_power_kW": 300.0, "min_soc": 0.05, "max_soc": 1.0, "one_way_efficiency": 0.92, "start_soc": 0.5, "n_horizon": 24, "n_control": 12}, "savings": {"old_energy_charge": -347643.898142984, "new_energy_charge": -345378.904831783, "energy_charge_savings": 2264.9933112010476, "old_demand_charge": -128390.24510049069, "new_demand_charge": -92573.93877263041, "demand_charge_savings": 35816.30632786028, "retail_profits": 38081.299639061326, "battery_charge_cost": -29777.385118242175, "battery_discharge_revenues": 32042.378429443273, "battery_retail_profits": 2264.9933112010985, "battery_export_revenue": 0.0, "total_profits": 38081.29963906138, "irr": 0.12675, "npv": 77145.482}}