{"key_params": {"location": "CA_San.Diego-Miramar.NAS.722930_TMY3", "customer_type": "School", "demand_charge": 20, "export_price": 0.0, "export_price_type": "None", "battery_size_kWh": 600, "battery_power_kW": 300.0, "min_soc": 0.05, "max_soc": 1.0, "one_way_efficiency": 0.92, "start_soc": 0.5, "n_horizon": 24, "n_control": 12}, "savings": {"old_energy_charge": -583958.881917469, "new_energy_charge": -580849.8449934811, "energy_charge_savings": 3109.0369239879074, "old_demand_charge": -372148.53319541673, "new_demand_charge": -342216.305116514, "demand_charge_savings": 29932.228078902757, "retail_profits": 33041.265002890665, "battery_charge_cost": -22235.982518237364, "battery_discharge_revenues": 25345.01944222516, "battery_retail_profits": 3109.0369239877946, "battery_export_revenue": 0.0, "total_profits": 33041.26500289055, "irr": 0.10021, "npv": 45349.749}}