{"key_params": {"location": "CA_Chino", "customer_type": "Restaurant", "demand_charge": 20, "export_price": 0.0, "export_price_type": "None", "battery_size_kWh": 600, "battery_power_kW": 300.0, "min_soc": 0.05, "max_soc": 1.0, "one_way_efficiency": 0.92, "start_soc": 0.5, "n_horizon": 24, "n_control": 12}, "savings": {"old_energy_charge": -488321.7909402939, "new_energy_charge": -486600.281434147, "energy_charge_savings": 1721.5095061469474, "old_demand_charge": -189235.55848139187, "new_demand_charge": -157710.8568160942, "demand_charge_savings": 31524.701665297674, "retail_profits": 33246.21117144462, "battery_charge_cost": -25608.118891572005, "battery_discharge_revenues": 27329.628397718967, "battery_retail_profits": 1721.509506146962, "battery_export_revenue": 0.0, "total_profits": 33246.21117144464, "irr": 0.10131, "npv": 46642.68}}