{"key_params": {"location": "CA_Blythe-Riverside.County", "customer_type": "Office", "demand_charge": 20, "export_price": 0.0, "export_price_type": "None", "battery_size_kWh": 600, "battery_power_kW": 300.0, "min_soc": 0.05, "max_soc": 1.0, "one_way_efficiency": 0.92, "start_soc": 0.5, "n_horizon": 24, "n_control": 12}, "savings": {"old_energy_charge": -347189.46544823324, "new_energy_charge": -346161.23259928066, "energy_charge_savings": 1028.2328489525826, "old_demand_charge": -176637.29825106967, "new_demand_charge": -151109.13393208722, "demand_charge_savings": 25528.164318982454, "retail_profits": 26556.397167935036, "battery_charge_cost": -23090.645408821456, "battery_discharge_revenues": 24118.878257773995, "battery_retail_profits": 1028.232848952539, "battery_export_revenue": 0.0, "total_profits": 26556.397167934992, "irr": 0.06409, "npv": 4439.093}}