{"key_params": {"location": "CA_Modesto.Muni", "customer_type": "Office", "demand_charge": 20, "export_price": 0.0, "export_price_type": "None", "battery_size_kWh": 600, "battery_power_kW": 300.0, "min_soc": 0.05, "max_soc": 1.0, "one_way_efficiency": 0.92, "start_soc": 0.5, "n_horizon": 24, "n_control": 12}, "savings": {"old_energy_charge": -404056.1588854269, "new_energy_charge": -401492.893641318, "energy_charge_savings": 2563.2652441088576, "old_demand_charge": -249717.93278564565, "new_demand_charge": -208276.1042711404, "demand_charge_savings": 41441.828514505265, "retail_profits": 44005.09375861412, "battery_charge_cost": -23325.235573298156, "battery_discharge_revenues": 25888.50081740702, "battery_retail_profits": 2563.265244108865, "battery_export_revenue": 0.0, "total_profits": 44005.09375861413, "irr": 0.15675, "npv": 114516.53}}