{"key_params": {"location": "CA_San.Diego-Montgomery.Field.722903_TMY3", "customer_type": "Restaurant", "demand_charge": 20, "export_price": 0.0, "export_price_type": "None", "battery_size_kWh": 600, "battery_power_kW": 300.0, "min_soc": 0.05, "max_soc": 1.0, "one_way_efficiency": 0.92, "start_soc": 0.5, "n_horizon": 24, "n_control": 12}, "savings": {"old_energy_charge": -468641.2546046481, "new_energy_charge": -467756.32419763715, "energy_charge_savings": 884.9304070109501, "old_demand_charge": -170166.01959690492, "new_demand_charge": -139906.07216374678, "demand_charge_savings": 30259.947433158144, "retail_profits": 31144.877840169094, "battery_charge_cost": -28243.37255342562, "battery_discharge_revenues": 29128.302960436507, "battery_retail_profits": 884.9304070108883, "battery_export_revenue": 0.0, "total_profits": 31144.877840169032, "irr": 0.08991, "npv": 33386.137}}