{"key_params": {"location": "CA_San.Jose.Intl", "customer_type": "Restaurant", "demand_charge": 20, "export_price": 0.0, "export_price_type": "None", "battery_size_kWh": 600, "battery_power_kW": 300.0, "min_soc": 0.05, "max_soc": 1.0, "one_way_efficiency": 0.92, "start_soc": 0.5, "n_horizon": 24, "n_control": 12}, "savings": {"old_energy_charge": -461949.2452670433, "new_energy_charge": -461131.3853435703, "energy_charge_savings": 817.8599234729772, "old_demand_charge": -167611.81557276953, "new_demand_charge": -138584.54741572283, "demand_charge_savings": 29027.268157046696, "retail_profits": 29845.128080519673, "battery_charge_cost": -27503.47074390251, "battery_discharge_revenues": 28321.330667375514, "battery_retail_profits": 817.8599234730027, "battery_export_revenue": 0.0, "total_profits": 29845.1280805197, "irr": 0.08273, "npv": 25186.492}}