{"key_params": {"location": "CA_San.Diego-North.Island.NAS.722906_TMY3", "customer_type": "Office", "demand_charge": 20, "export_price": 0.0, "export_price_type": "None", "battery_size_kWh": 600, "battery_power_kW": 300.0, "min_soc": 0.05, "max_soc": 1.0, "one_way_efficiency": 0.92, "start_soc": 0.5, "n_horizon": 24, "n_control": 12}, "savings": {"old_energy_charge": -381574.4580932148, "new_energy_charge": -379342.73897566076, "energy_charge_savings": 2231.719117554021, "old_demand_charge": -203127.8292258621, "new_demand_charge": -176637.17080383693, "demand_charge_savings": 26490.658422025183, "retail_profits": 28722.377539579204, "battery_charge_cost": -23324.889347426968, "battery_discharge_revenues": 25556.608464981062, "battery_retail_profits": 2231.719117554094, "battery_export_revenue": 0.0, "total_profits": 28722.377539579276, "irr": 0.07645, "npv": 18103.47}}