{"key_params": {"location": "CA_Bakersfield-Meadows.Field.723840_TMY3", "customer_type": "Restaurant", "demand_charge": 20, "export_price": 0.0, "export_price_type": "None", "battery_size_kWh": 600, "battery_power_kW": 300.0, "min_soc": 0.05, "max_soc": 1.0, "one_way_efficiency": 0.92, "start_soc": 0.5, "n_horizon": 24, "n_control": 12}, "savings": {"old_energy_charge": -464307.14443384286, "new_energy_charge": -462757.50919191766, "energy_charge_savings": 1549.6352419251925, "old_demand_charge": -169047.49883688212, "new_demand_charge": -142037.55908891573, "demand_charge_savings": 27009.93974796639, "retail_profits": 28559.574989891582, "battery_charge_cost": -27273.321942434082, "battery_discharge_revenues": 28822.957184359297, "battery_retail_profits": 1549.6352419252144, "battery_export_revenue": 0.0, "total_profits": 28559.574989891604, "irr": 0.07553, "npv": 17076.408}}