{"key_params": {"location": "CA_Needles", "customer_type": "Hotel", "demand_charge": 20, "export_price": 0.0, "export_price_type": "None", "battery_size_kWh": 600, "battery_power_kW": 300.0, "min_soc": 0.05, "max_soc": 1.0, "one_way_efficiency": 0.92, "start_soc": 0.5, "n_horizon": 24, "n_control": 12}, "savings": {"old_energy_charge": -302591.5561217697, "new_energy_charge": -300510.1318454536, "energy_charge_savings": 2081.424276316131, "old_demand_charge": -108626.43669520557, "new_demand_charge": -76917.68059472194, "demand_charge_savings": 31708.75610048363, "retail_profits": 33790.18037679976, "battery_charge_cost": -28603.217747398838, "battery_discharge_revenues": 30684.642023714943, "battery_retail_profits": 2081.4242763161055, "battery_export_revenue": 0.0, "total_profits": 33790.18037679973, "irr": 0.10422, "npv": 50074.382}}