{"key_params": {"location": "CA_Hawthorne-Jack.Northrop.Field.722956_TMY3", "customer_type": "Hotel", "demand_charge": 20, "export_price": 0.0, "export_price_type": "None", "battery_size_kWh": 600, "battery_power_kW": 300.0, "min_soc": 0.05, "max_soc": 1.0, "one_way_efficiency": 0.92, "start_soc": 0.5, "n_horizon": 24, "n_control": 12}, "savings": {"old_energy_charge": -341864.0811814474, "new_energy_charge": -339840.44223253883, "energy_charge_savings": 2023.6389489085414, "old_demand_charge": -122932.4205121696, "new_demand_charge": -88696.42657821267, "demand_charge_savings": 34235.993933956925, "retail_profits": 36259.632882865466, "battery_charge_cost": -30476.9697950067, "battery_discharge_revenues": 32500.60874391517, "battery_retail_profits": 2023.6389489084722, "battery_export_revenue": 0.0, "total_profits": 36259.63288286539, "irr": 0.11728, "npv": 65653.254}}