{"key_params": {"location": "CA_Santa.Monica.Muni", "customer_type": "Restaurant", "demand_charge": 20, "export_price": 0.0, "export_price_type": "None", "battery_size_kWh": 600, "battery_power_kW": 300.0, "min_soc": 0.05, "max_soc": 1.0, "one_way_efficiency": 0.92, "start_soc": 0.5, "n_horizon": 24, "n_control": 12}, "savings": {"old_energy_charge": -434209.7760969124, "new_energy_charge": -435187.4089423721, "energy_charge_savings": -977.6328454596805, "old_demand_charge": -150555.34043009827, "new_demand_charge": -122563.01506140825, "demand_charge_savings": 27992.325368690013, "retail_profits": 27014.692523230333, "battery_charge_cost": -32136.115631624878, "battery_discharge_revenues": 31158.4827861652, "battery_retail_profits": -977.6328454596769, "battery_export_revenue": 0.0, "total_profits": 27014.692523230337, "irr": 0.06673, "npv": 7330.31}}