{"key_params": {"location": "CA_Santa.Maria.Public", "customer_type": "School", "demand_charge": 20, "export_price": 0.0, "export_price_type": "None", "battery_size_kWh": 600, "battery_power_kW": 300.0, "min_soc": 0.05, "max_soc": 1.0, "one_way_efficiency": 0.92, "start_soc": 0.5, "n_horizon": 24, "n_control": 12}, "savings": {"old_energy_charge": -341430.6077063673, "new_energy_charge": -339631.559753945, "energy_charge_savings": 1799.04795242229, "old_demand_charge": -200194.35402155053, "new_demand_charge": -170637.4072323903, "demand_charge_savings": 29556.946789160225, "retail_profits": 31355.994741582515, "battery_charge_cost": -22883.66184370315, "battery_discharge_revenues": 24682.709796125462, "battery_retail_profits": 1799.047952422312, "battery_export_revenue": 0.0, "total_profits": 31355.994741582537, "irr": 0.09106, "npv": 34717.996}}