{"key_params": {"location": "CA_San.Francisco.Intl", "customer_type": "Office", "demand_charge": 20, "export_price": 0.10531, "export_price_type": "Retail", "battery_size_kWh": 1000, "battery_power_kW": 250.0, "min_soc": 0.05, "max_soc": 1.0, "one_way_efficiency": 0.92, "start_soc": 0.5, "n_horizon": 24, "n_control": 12}, "savings": {"old_energy_charge": -513932.83536484017, "new_energy_charge": -511345.40893007844, "energy_charge_savings": 2587.426434761728, "old_demand_charge": -269855.352105504, "new_demand_charge": -230991.5822413209, "demand_charge_savings": 38863.76986418312, "retail_profits": 41451.19629894485, "battery_charge_cost": -38413.181555624236, "battery_discharge_revenues": 41000.60799038605, "battery_retail_profits": 2587.4264347618155, "battery_export_revenue": 4.045149052798051e-14, "total_profits": 41451.19629894494, "irr": 0.05422, "npv": -10325.402}}