{"key_params": {"location": "CA_San.Francisco.Intl", "customer_type": "Office", "demand_charge": 20, "export_price": 0.10531, "export_price_type": "Retail", "battery_size_kWh": 1000, "battery_power_kW": 500.0, "min_soc": 0.0, "max_soc": 1.0, "one_way_efficiency": 0.92, "start_soc": 0.5, "n_horizon": 24, "n_control": 12}, "savings": {"old_energy_charge": -513932.83536484017, "new_energy_charge": -514637.2165837544, "energy_charge_savings": -704.3812189142336, "old_demand_charge": -269855.352105504, "new_demand_charge": -229844.1377968763, "demand_charge_savings": 40011.21430862771, "retail_profits": 39306.83308971347, "battery_charge_cost": -40469.74328435586, "battery_discharge_revenues": 39765.36206544168, "battery_retail_profits": -704.3812189141827, "battery_export_revenue": 3308.4339594619396, "total_profits": 42615.26704917546, "irr": 0.05834, "npv": -2981.706}}