{"key_params": {"location": "CA_San.Francisco.Intl", "customer_type": "Office", "demand_charge": 10, "export_price": 0.10531, "export_price_type": "Retail", "battery_size_kWh": 1200, "battery_power_kW": 300.0, "min_soc": 0.0, "max_soc": 1.0, "one_way_efficiency": 0.92, "start_soc": 0.5, "n_horizon": 24, "n_control": 12}, "savings": {"old_energy_charge": -513932.83536484017, "new_energy_charge": -511518.8223269436, "energy_charge_savings": 2414.0130378965405, "old_demand_charge": -134927.676052752, "new_demand_charge": -112635.96675901352, "demand_charge_savings": 22291.709293738488, "retail_profits": 24705.72233163503, "battery_charge_cost": -48671.453349897216, "battery_discharge_revenues": 51085.46638779385, "battery_retail_profits": 2414.013037896635, "battery_export_revenue": 231.7955213874459, "total_profits": 24937.517853022568, "irr": -0.03829, "npv": -180024.117}}