{"key_params": {"location": "CA_San.Francisco.Intl", "customer_type": "Office", "demand_charge": 10, "export_price": 0.032141, "export_price_type": "LMPs", "battery_size_kWh": 1500, "battery_power_kW": 375.0, "min_soc": 0.0, "max_soc": 1.0, "one_way_efficiency": 0.92, "start_soc": 0.5, "n_horizon": 24, "n_control": 12}, "savings": {"old_energy_charge": -513932.83536484017, "new_energy_charge": -511506.6170579828, "energy_charge_savings": 2426.218306857394, "old_demand_charge": -134927.676052752, "new_demand_charge": -109242.79857542511, "demand_charge_savings": 25684.877477326896, "retail_profits": 28111.09578418429, "battery_charge_cost": -60414.65301202301, "battery_discharge_revenues": 62840.871318880454, "battery_retail_profits": 2426.218306857445, "battery_export_revenue": 32.92358087550648, "total_profits": 28144.01936505985, "irr": -0.05163, "npv": -249209.606}}