{"key_params": {"location": "CA_San.Francisco.Intl", "customer_type": "Office", "demand_charge": 10, "export_price": 0.0, "export_price_type": "None", "battery_size_kWh": 1000, "battery_power_kW": 500.0, "min_soc": 0.0, "max_soc": 1.0, "one_way_efficiency": 0.92, "start_soc": 0.5, "n_horizon": 24, "n_control": 12}, "savings": {"old_energy_charge": -513932.83536484017, "new_energy_charge": -511328.7826242925, "energy_charge_savings": 2604.0527405476896, "old_demand_charge": -134927.676052752, "new_demand_charge": -114922.06889843816, "demand_charge_savings": 20005.607154313853, "retail_profits": 22609.659894861543, "battery_charge_cost": -40469.743284355856, "battery_discharge_revenues": 43073.79602490362, "battery_retail_profits": 2604.0527405477624, "battery_export_revenue": 0.0, "total_profits": 22609.659894861616, "irr": -0.02696, "npv": -135540.025}}