{"key_params": {"location": "CA_San.Francisco.Intl", "customer_type": "Office", "demand_charge": 20, "export_price": 0.10531, "export_price_type": "Retail", "battery_size_kWh": 900, "battery_power_kW": 225.0, "min_soc": 0.05, "max_soc": 1.0, "one_way_efficiency": 0.92, "start_soc": 0.5, "n_horizon": 24, "n_control": 12}, "savings": {"old_energy_charge": -513932.83536484017, "new_energy_charge": -511400.17435566365, "energy_charge_savings": 2532.661009176518, "old_demand_charge": -269855.352105504, "new_demand_charge": -233189.59517658246, "demand_charge_savings": 36665.75692892156, "retail_profits": 39198.41793809808, "battery_charge_cost": -34517.86066776017, "battery_discharge_revenues": 37050.521676936805, "battery_retail_profits": 2532.6610091766343, "battery_export_revenue": 0.0, "total_profits": 39198.417938098195, "irr": 0.06163, "npv": 2645.226}}