{"key_params": {"location": "CA_San.Francisco.Intl", "customer_type": "Office", "demand_charge": 20, "export_price": 0.0, "export_price_type": "None", "battery_size_kWh": 1000, "battery_power_kW": 250.0, "min_soc": 0.05, "max_soc": 1.0, "one_way_efficiency": 0.92, "start_soc": 0.5, "n_horizon": 24, "n_control": 12}, "savings": {"old_energy_charge": -513932.83536484017, "new_energy_charge": -511351.51345382293, "energy_charge_savings": 2581.321911017236, "old_demand_charge": -269855.352105504, "new_demand_charge": -230991.5822413209, "demand_charge_savings": 38863.76986418312, "retail_profits": 41445.09177520036, "battery_charge_cost": -38419.28607936876, "battery_discharge_revenues": 41000.60799038605, "battery_retail_profits": 2581.321911017294, "battery_export_revenue": 0.0, "total_profits": 41445.09177520042, "irr": 0.0542, "npv": -10363.914}}