{"key_params": {"location": "CA_San.Francisco.Intl", "customer_type": "Office", "demand_charge": 10, "export_price": 0.10531, "export_price_type": "Retail", "battery_size_kWh": 200, "battery_power_kW": 50.0, "min_soc": 0.05, "max_soc": 1.0, "one_way_efficiency": 0.92, "start_soc": 0.5, "n_horizon": 24, "n_control": 12}, "savings": {"old_energy_charge": -513932.83536484017, "new_energy_charge": -512376.4603699615, "energy_charge_savings": 1556.3749948786572, "old_demand_charge": -134927.676052752, "new_demand_charge": -128927.67605275204, "demand_charge_savings": 5999.999999999971, "retail_profits": 7556.374994878628, "battery_charge_cost": -7463.476288676255, "battery_discharge_revenues": 9019.851283554995, "battery_retail_profits": 1556.3749948787408, "battery_export_revenue": 0.0, "total_profits": 7556.374994878712, "irr": 0.04096, "npv": -6694.761}}