{"key_params": {"location": "CA_San.Francisco.Intl", "customer_type": "Office", "demand_charge": 20, "export_price": 0.10531, "export_price_type": "Retail", "battery_size_kWh": 2000, "battery_power_kW": 500.0, "min_soc": 0.05, "max_soc": 1.0, "one_way_efficiency": 0.92, "start_soc": 0.5, "n_horizon": 24, "n_control": 12}, "savings": {"old_energy_charge": -513932.83536484017, "new_energy_charge": -519954.28538929456, "energy_charge_savings": -6021.450024454389, "old_demand_charge": -269855.352105504, "new_demand_charge": -209705.87744018185, "demand_charge_savings": 60149.47466532217, "retail_profits": 54128.02464086778, "battery_charge_cost": -77413.98935250322, "battery_discharge_revenues": 71392.53932804891, "battery_retail_profits": -6021.450024454316, "battery_export_revenue": 8229.229286981787, "total_profits": 62357.25392784964, "irr": 0.01518, "npv": -151565.62}}