{"key_params": {"location": "CA_San.Francisco.Intl", "customer_type": "Office", "demand_charge": 20, "export_price": 0.032141, "export_price_type": "LMPs", "battery_size_kWh": 700, "battery_power_kW": 350.0, "min_soc": 0.05, "max_soc": 1.0, "one_way_efficiency": 0.92, "start_soc": 0.5, "n_horizon": 24, "n_control": 12}, "savings": {"old_energy_charge": -513932.83536484017, "new_energy_charge": -511586.7029712076, "energy_charge_savings": 2346.13239363255, "old_demand_charge": -269855.352105504, "new_demand_charge": -237687.87207204776, "demand_charge_savings": 32167.48003345626, "retail_profits": 34513.61242708881, "battery_charge_cost": -26757.29894448677, "battery_discharge_revenues": 29103.43133811943, "battery_retail_profits": 2346.132393632659, "battery_export_revenue": 26.755898159074192, "total_profits": 34540.368325248, "irr": 0.0814, "npv": 27624.461}}