{"key_params": {"location": "CA_San.Francisco.Intl", "customer_type": "Office", "demand_charge": 20, "export_price": 0.10531, "export_price_type": "Retail", "battery_size_kWh": 600, "battery_power_kW": 300.0, "min_soc": 0.0, "max_soc": 1.0, "one_way_efficiency": 0.92, "start_soc": 0.5, "n_horizon": 24, "n_control": 12}, "savings": {"old_energy_charge": -513932.83536484017, "new_energy_charge": -511746.0964225032, "energy_charge_savings": 2186.7389423369896, "old_demand_charge": -269855.352105504, "new_demand_charge": -239281.96433932352, "demand_charge_savings": 30573.3877661805, "retail_profits": 32760.12670851749, "battery_charge_cost": -24107.119020036007, "battery_discharge_revenues": 26293.857962373106, "battery_retail_profits": 2186.7389423370987, "battery_export_revenue": 106.17690445108914, "total_profits": 32866.30361296869, "irr": 0.09927, "npv": 44245.982}}