{"key_params": {"location": "CA_San.Francisco.Intl", "customer_type": "Office", "demand_charge": 20, "export_price": 0.12, "export_price_type": "Low flat", "battery_size_kWh": 1200, "battery_power_kW": 300.0, "min_soc": 0.05, "max_soc": 1.0, "one_way_efficiency": 0.92, "start_soc": 0.5, "n_horizon": 24, "n_control": 12}, "savings": {"old_energy_charge": -513932.83536484017, "new_energy_charge": -511295.47446420725, "energy_charge_savings": 2637.3609006329207, "old_demand_charge": -269855.352105504, "new_demand_charge": -226636.6001846937, "demand_charge_savings": 43218.75192081032, "retail_profits": 45856.11282144324, "battery_charge_cost": -46210.03161116975, "battery_discharge_revenues": 48847.39251180271, "battery_retail_profits": 2637.3609006329643, "battery_export_revenue": 3.411135615180525e-13, "total_profits": 45856.11282144328, "irr": 0.04254, "npv": -36901.561}}