{"key_params": {"location": "CA_San.Francisco.Intl", "customer_type": "Office", "demand_charge": 10, "export_price": 0.032141, "export_price_type": "LMPs", "battery_size_kWh": 2000, "battery_power_kW": 500.0, "min_soc": 0.05, "max_soc": 1.0, "one_way_efficiency": 0.92, "start_soc": 0.5, "n_horizon": 24, "n_control": 12}, "savings": {"old_energy_charge": -513932.83536484017, "new_energy_charge": -512311.7587016241, "energy_charge_savings": 1621.076663216052, "old_demand_charge": -134927.676052752, "new_demand_charge": -104852.93872009093, "demand_charge_savings": 30074.737332661083, "retail_profits": 31695.813995877135, "battery_charge_cost": -74365.31716799721, "battery_discharge_revenues": 75986.39383121331, "battery_retail_profits": 1621.0766632160958, "battery_export_revenue": 103.28333213423417, "total_profits": 31799.097328011412, "irr": -0.07238, "npv": -378007.182}}