{"key_params": {"location": "CA_San.Francisco.Intl", "customer_type": "Office", "demand_charge": 10, "export_price": 0.10531, "export_price_type": "Retail", "battery_size_kWh": 1000, "battery_power_kW": 250.0, "min_soc": 0.05, "max_soc": 1.0, "one_way_efficiency": 0.92, "start_soc": 0.5, "n_horizon": 24, "n_control": 12}, "savings": {"old_energy_charge": -513932.83536484017, "new_energy_charge": -511345.4089300784, "energy_charge_savings": 2587.4264347617864, "old_demand_charge": -134927.676052752, "new_demand_charge": -115495.79112066045, "demand_charge_savings": 19431.88493209156, "retail_profits": 22019.311366853348, "battery_charge_cost": -38413.181555624236, "battery_discharge_revenues": 41000.60799038606, "battery_retail_profits": 2587.4264347618227, "battery_export_revenue": -1.1658938746740524e-13, "total_profits": 22019.311366853384, "irr": -0.03052, "npv": -140137.364}}