{"key_params": {"location": "CA_San.Francisco.Intl", "customer_type": "Office", "demand_charge": 20, "export_price": 0.0, "export_price_type": "None", "battery_size_kWh": 1500, "battery_power_kW": 750.0, "min_soc": 0.05, "max_soc": 1.0, "one_way_efficiency": 0.92, "start_soc": 0.5, "n_horizon": 24, "n_control": 12}, "savings": {"old_energy_charge": -513932.83536484017, "new_energy_charge": -511374.2117188369, "energy_charge_savings": 2558.6236460032524, "old_demand_charge": -269855.352105504, "new_demand_charge": -220165.99455629734, "demand_charge_savings": 49689.357549206674, "retail_profits": 52247.981195209926, "battery_charge_cost": -57678.99828985025, "battery_discharge_revenues": 60237.6219358535, "battery_retail_profits": 2558.6236460032524, "battery_export_revenue": 0.0, "total_profits": 52247.981195209926, "irr": 0.02987, "npv": -78251.196}}