{"key_params": {"location": "CA_San.Francisco.Intl", "customer_type": "Office", "demand_charge": 20, "export_price": 0.04275169, "export_price_type": "LMPs DA", "battery_size_kWh": 2000, "battery_power_kW": 1000.0, "min_soc": 0.0, "max_soc": 1.0, "one_way_efficiency": 0.92, "start_soc": 0.5, "n_horizon": 24, "n_control": 12}, "savings": {"old_energy_charge": -513932.83536484017, "new_energy_charge": -514823.8381232247, "energy_charge_savings": -891.0027583845076, "old_demand_charge": -269855.352105504, "new_demand_charge": -207531.33198563653, "demand_charge_savings": 62324.02011986749, "retail_profits": 61433.017361482984, "battery_charge_cost": -79465.68226889409, "battery_discharge_revenues": 78574.67951050965, "battery_retail_profits": -891.0027583844349, "battery_export_revenue": 2981.950991984251, "total_profits": 64414.96835346731, "irr": 0.01945, "npv": -138139.432}}