{"key_params": {"location": "CA_San.Francisco.Intl", "customer_type": "Office", "demand_charge": 20, "export_price": 0.0, "export_price_type": "None", "battery_size_kWh": 500, "battery_power_kW": 250.0, "min_soc": 0.05, "max_soc": 1.0, "one_way_efficiency": 0.92, "start_soc": 0.5, "n_horizon": 24, "n_control": 12}, "savings": {"old_energy_charge": -513932.83536484017, "new_energy_charge": -511813.07693541836, "energy_charge_savings": 2119.7584294218104, "old_demand_charge": -269855.352105504, "new_demand_charge": -242476.0534495467, "demand_charge_savings": 27379.298655957304, "retail_profits": 29499.057085379114, "battery_charge_cost": -18989.41617728353, "battery_discharge_revenues": 21109.174606705375, "battery_retail_profits": 2119.758429421847, "battery_export_revenue": 0.0, "total_profits": 29499.05708537915, "irr": 0.11276, "npv": 50185.839}}