{"key_params": {"location": "CA_San.Francisco.Intl", "customer_type": "Office", "demand_charge": 20, "export_price": 0.0, "export_price_type": "None", "battery_size_kWh": 400, "battery_power_kW": 200.0, "min_soc": 0.05, "max_soc": 1.0, "one_way_efficiency": 0.92, "start_soc": 0.5, "n_horizon": 24, "n_control": 12}, "savings": {"old_energy_charge": -513932.83536484017, "new_energy_charge": -512022.85136675055, "energy_charge_savings": 1909.9839980896213, "old_demand_charge": -269855.352105504, "new_demand_charge": -245068.1245383612, "demand_charge_savings": 24787.227567142807, "retail_profits": 26697.21156523243, "battery_charge_cost": -15142.403720949913, "battery_discharge_revenues": 17052.387719039594, "battery_retail_profits": 1909.9839980896813, "battery_export_revenue": 0.0, "total_profits": 26697.211565232486, "irr": 0.13683, "npv": 59692.603}}