{"key_params": {"location": "CA_San.Francisco.Intl", "customer_type": "Office", "demand_charge": 20, "export_price": 0.10531, "export_price_type": "Retail", "battery_size_kWh": 100, "battery_power_kW": 25.0, "min_soc": 0.05, "max_soc": 1.0, "one_way_efficiency": 0.92, "start_soc": 0.5, "n_horizon": 24, "n_control": 12}, "savings": {"old_energy_charge": -513932.83536484017, "new_energy_charge": -513059.58202116966, "energy_charge_savings": 873.2533436705125, "old_demand_charge": -269855.352105504, "new_demand_charge": -263855.352105504, "demand_charge_savings": 6000.0, "retail_profits": 6873.253343670513, "battery_charge_cost": -3665.87017725058, "battery_discharge_revenues": 4539.1235209211045, "battery_retail_profits": 873.2533436705244, "battery_export_revenue": 0.0, "total_profits": 6873.253343670524, "irr": 0.14288, "npv": 16178.256}}