{"key_params": {"location": "CA_San.Francisco.Intl", "customer_type": "Office", "demand_charge": 20, "export_price": 0.10531, "export_price_type": "Retail", "battery_size_kWh": 300, "battery_power_kW": 150.0, "min_soc": 0.0, "max_soc": 1.0, "one_way_efficiency": 0.92, "start_soc": 0.5, "n_horizon": 24, "n_control": 12}, "savings": {"old_energy_charge": -513932.83536484017, "new_energy_charge": -512268.0476210875, "energy_charge_savings": 1664.7877437526477, "old_demand_charge": -269855.352105504, "new_demand_charge": -247424.42336268473, "demand_charge_savings": 22430.92874281929, "retail_profits": 24095.71648657194, "battery_charge_cost": -11915.51973590855, "battery_discharge_revenues": 13580.307479661262, "battery_retail_profits": 1664.7877437527113, "battery_export_revenue": 0.0, "total_profits": 24095.716486572004, "irr": 0.17736, "npv": 70463.306}}