{"key_params": {"location": "CA_San.Francisco.Intl", "customer_type": "Office", "demand_charge": 20, "export_price": 0.10531, "export_price_type": "Retail", "battery_size_kWh": 700, "battery_power_kW": 350.0, "min_soc": 0.0, "max_soc": 1.0, "one_way_efficiency": 0.92, "start_soc": 0.5, "n_horizon": 24, "n_control": 12}, "savings": {"old_energy_charge": -513932.83536484017, "new_energy_charge": -511731.1626703832, "energy_charge_savings": 2201.6726944569964, "old_demand_charge": -269855.352105504, "new_demand_charge": -236853.2452349408, "demand_charge_savings": 33002.106870563206, "retail_profits": 35203.7795650202, "battery_charge_cost": -28181.89546658007, "battery_discharge_revenues": 30383.56816103708, "battery_retail_profits": 2201.672694457011, "battery_export_revenue": 201.7234619133441, "total_profits": 35405.50302693356, "irr": 0.08552, "npv": 33082.279}}