{"key_params": {"location": "CA_San.Francisco.Intl", "customer_type": "Office", "demand_charge": 20, "export_price": 0.04275169, "export_price_type": "LMPs DA", "battery_size_kWh": 400, "battery_power_kW": 200.0, "min_soc": 0.0, "max_soc": 1.0, "one_way_efficiency": 0.92, "start_soc": 0.5, "n_horizon": 24, "n_control": 12}, "savings": {"old_energy_charge": -513932.83536484017, "new_energy_charge": -511970.62921688106, "energy_charge_savings": 1962.2061479591066, "old_demand_charge": -269855.352105504, "new_demand_charge": -244512.50982183553, "demand_charge_savings": 25342.84228366849, "retail_profits": 27305.048431627598, "battery_charge_cost": -15947.507332959614, "battery_discharge_revenues": 17909.713480918712, "battery_retail_profits": 1962.2061479590975, "battery_export_revenue": -4.500636308080175e-16, "total_profits": 27305.04843162759, "irr": 0.14146, "npv": 63527.224}}