{"key_params": {"location": "CA_San.Francisco.Intl", "customer_type": "Office", "demand_charge": 10, "export_price": 0.032141, "export_price_type": "LMPs", "battery_size_kWh": 100, "battery_power_kW": 50.0, "min_soc": 0.0, "max_soc": 1.0, "one_way_efficiency": 0.92, "start_soc": 0.5, "n_horizon": 24, "n_control": 12}, "savings": {"old_energy_charge": -513932.83536484017, "new_energy_charge": -513152.4937928186, "energy_charge_savings": 780.3415720215417, "old_demand_charge": -134927.676052752, "new_demand_charge": -128976.31811586543, "demand_charge_savings": 5951.357936886576, "retail_profits": 6731.699508908117, "battery_charge_cost": -3991.315457383317, "battery_discharge_revenues": 4771.657029404979, "battery_retail_profits": 780.3415720216617, "battery_export_revenue": 0.0, "total_profits": 6731.6995089082375, "irr": 0.13858, "npv": 15285.245}}