{"key_params": {"location": "CA_San.Francisco.Intl", "customer_type": "Office", "demand_charge": 20, "export_price": 0.0, "export_price_type": "None", "battery_size_kWh": 100, "battery_power_kW": 50.0, "min_soc": 0.05, "max_soc": 1.0, "one_way_efficiency": 0.92, "start_soc": 0.5, "n_horizon": 24, "n_control": 12}, "savings": {"old_energy_charge": -513932.83536484017, "new_energy_charge": -513193.91280871717, "energy_charge_savings": 738.9225561229978, "old_demand_charge": -269855.352105504, "new_demand_charge": -258023.1414328685, "demand_charge_savings": 11832.210672635527, "retail_profits": 12571.133228758525, "battery_charge_cost": -3799.0294861373745, "battery_discharge_revenues": 4537.952042260444, "battery_retail_profits": 738.9225561230692, "battery_export_revenue": 0.0, "total_profits": 12571.133228758596, "irr": 0.30472, "npv": 52124.094}}