{"key_params": {"location": "CA_San.Francisco.Intl", "customer_type": "Office", "demand_charge": 20, "export_price": 0.12, "export_price_type": "Low flat", "battery_size_kWh": 1000, "battery_power_kW": 500.0, "min_soc": 0.0, "max_soc": 1.0, "one_way_efficiency": 0.92, "start_soc": 0.5, "n_horizon": 24, "n_control": 12}, "savings": {"old_energy_charge": -513932.83536484017, "new_energy_charge": -511645.68767891877, "energy_charge_savings": 2287.1476859214017, "old_demand_charge": -269855.352105504, "new_demand_charge": -229844.13779687628, "demand_charge_savings": 40011.214308627736, "retail_profits": 42298.36199454914, "battery_charge_cost": -40913.95647765725, "battery_discharge_revenues": 43201.10416357869, "battery_retail_profits": 2287.147685921438, "battery_export_revenue": 464.0160002523277, "total_profits": 42762.3779948015, "irr": 0.05886, "npv": -2053.637}}