{"key_params": {"location": "CA_San.Francisco.Intl", "customer_type": "Office", "demand_charge": 10, "export_price": 0.10531, "export_price_type": "Retail", "battery_size_kWh": 1000, "battery_power_kW": 250.0, "min_soc": 0.0, "max_soc": 1.0, "one_way_efficiency": 0.92, "start_soc": 0.5, "n_horizon": 24, "n_control": 12}, "savings": {"old_energy_charge": -513932.83536484017, "new_energy_charge": -511324.3209588514, "energy_charge_savings": 2608.514405988797, "old_demand_charge": -134927.676052752, "new_demand_charge": -114922.06889843824, "demand_charge_savings": 20005.607154313766, "retail_profits": 22614.121560302563, "battery_charge_cost": -40459.09118169783, "battery_discharge_revenues": 43067.605587686696, "battery_retail_profits": 2608.5144059888626, "battery_export_revenue": 3.829671577845231, "total_profits": 22617.951231880474, "irr": -0.02692, "npv": -135475.456}}