{"key_params": {"location": "CA_San.Francisco.Intl", "customer_type": "Office", "demand_charge": 20, "export_price": 0.10531, "export_price_type": "Retail", "battery_size_kWh": 700, "battery_power_kW": 350.0, "min_soc": 0.05, "max_soc": 1.0, "one_way_efficiency": 0.92, "start_soc": 0.5, "n_horizon": 24, "n_control": 12}, "savings": {"old_energy_charge": -513932.83536484017, "new_energy_charge": -511777.1209244487, "energy_charge_savings": 2155.714440391457, "old_demand_charge": -269855.352105504, "new_demand_charge": -237687.8720720478, "demand_charge_savings": 32167.48003345623, "retail_profits": 34323.19447384769, "battery_charge_cost": -26757.29894448677, "battery_discharge_revenues": 28913.013384878308, "battery_retail_profits": 2155.714440391537, "battery_export_revenue": 208.4195404950416, "total_profits": 34531.61401434281, "irr": 0.08136, "npv": 27569.233}}