{"key_params": {"location": "CA_San.Francisco.Intl", "customer_type": "Office", "demand_charge": 10, "export_price": 0.0, "export_price_type": "None", "battery_size_kWh": 800, "battery_power_kW": 400.0, "min_soc": 0.0, "max_soc": 1.0, "one_way_efficiency": 0.92, "start_soc": 0.5, "n_horizon": 24, "n_control": 12}, "savings": {"old_energy_charge": -513932.83536484017, "new_energy_charge": -511439.7856156699, "energy_charge_savings": 2493.0497491702554, "old_demand_charge": -134927.676052752, "new_demand_charge": -117243.42166360017, "demand_charge_savings": 17684.254389151843, "retail_profits": 20177.3041383221, "battery_charge_cost": -32271.07461637728, "battery_discharge_revenues": 34764.12436554763, "battery_retail_profits": 2493.04974917035, "battery_export_revenue": 0.0, "total_profits": 20177.304138322193, "irr": -0.01247, "npv": -93000.087}}