{"key_params": {"location": "CA_San.Francisco.Intl", "customer_type": "Office", "demand_charge": 10, "export_price": 0.032141, "export_price_type": "LMPs", "battery_size_kWh": 2000, "battery_power_kW": 1000.0, "min_soc": 0.0, "max_soc": 1.0, "one_way_efficiency": 0.92, "start_soc": 0.5, "n_horizon": 24, "n_control": 12}, "savings": {"old_energy_charge": -513932.83536484017, "new_energy_charge": -512810.1392423456, "energy_charge_savings": 1122.6961224945844, "old_demand_charge": -134927.676052752, "new_demand_charge": -103765.66599281826, "demand_charge_savings": 31162.010059933746, "retail_profits": 32284.70618242833, "battery_charge_cost": -77730.66367987344, "battery_discharge_revenues": 78853.3598023681, "battery_retail_profits": 1122.6961224946572, "battery_export_revenue": 693.7619186759695, "total_profits": 32978.46810110437, "irr": -0.0679, "npv": -368589.184}}