{"key_params": {"location": "CA_San.Francisco.Intl", "customer_type": "Office", "demand_charge": 10, "export_price": 0.0, "export_price_type": "None", "battery_size_kWh": 2000, "battery_power_kW": 500.0, "min_soc": 0.05, "max_soc": 1.0, "one_way_efficiency": 0.92, "start_soc": 0.5, "n_horizon": 24, "n_control": 12}, "savings": {"old_energy_charge": -513932.83536484017, "new_energy_charge": -512250.0157095536, "energy_charge_savings": 1682.8196552865556, "old_demand_charge": -134927.676052752, "new_demand_charge": -104852.93872009093, "demand_charge_savings": 30074.737332661083, "retail_profits": 31757.55698794764, "battery_charge_cost": -74365.31716799721, "battery_discharge_revenues": 76048.13682328381, "battery_retail_profits": 1682.8196552865993, "battery_export_revenue": 0.0, "total_profits": 31757.556987947683, "irr": -0.07254, "npv": -378338.907}}