{"key_params": {"location": "CA_San.Francisco.Intl", "customer_type": "Office", "demand_charge": 10, "export_price": 0.10531, "export_price_type": "Retail", "battery_size_kWh": 1500, "battery_power_kW": 375.0, "min_soc": 0.0, "max_soc": 1.0, "one_way_efficiency": 0.92, "start_soc": 0.5, "n_horizon": 24, "n_control": 12}, "savings": {"old_energy_charge": -513932.83536484017, "new_energy_charge": -512934.4519136929, "energy_charge_savings": 998.383451147296, "old_demand_charge": -134927.676052752, "new_demand_charge": -109242.79857542505, "demand_charge_savings": 25684.877477326954, "retail_profits": 26683.26092847425, "battery_charge_cost": -61055.33585861401, "battery_discharge_revenues": 62053.71930976135, "battery_retail_profits": 998.3834511473397, "battery_export_revenue": 1547.0587300826676, "total_profits": 28230.31965855696, "irr": -0.05124, "npv": -248520.445}}