{"key_params": {"location": "CA_San.Francisco.Intl", "customer_type": "Office", "demand_charge": 20, "export_price": 0.10531, "export_price_type": "Retail", "battery_size_kWh": 2000, "battery_power_kW": 1000.0, "min_soc": 0.05, "max_soc": 1.0, "one_way_efficiency": 0.92, "start_soc": 0.5, "n_horizon": 24, "n_control": 12}, "savings": {"old_energy_charge": -513932.83536484017, "new_energy_charge": -527449.06400828, "energy_charge_savings": -13516.228643439885, "old_demand_charge": -269855.352105504, "new_demand_charge": -209705.8774401819, "demand_charge_savings": 60149.47466532211, "retail_profits": 46633.24602188222, "battery_charge_cost": -77412.11748465244, "battery_discharge_revenues": 63895.88884121256, "battery_retail_profits": -13516.228643439877, "battery_export_revenue": 15725.879773818144, "total_profits": 62359.125795700376, "irr": 0.01519, "npv": -151553.361}}