{"key_params": {"location": "CA_San.Francisco.Intl", "customer_type": "Office", "demand_charge": 20, "export_price": 0.10531, "export_price_type": "Retail", "battery_size_kWh": 1200, "battery_power_kW": 600.0, "min_soc": 0.05, "max_soc": 1.0, "one_way_efficiency": 0.92, "start_soc": 0.5, "n_horizon": 24, "n_control": 12}, "savings": {"old_energy_charge": -513932.83536484017, "new_energy_charge": -516149.72378154116, "energy_charge_savings": -2216.8884167009965, "old_demand_charge": -269855.352105504, "new_demand_charge": -226636.60018469355, "demand_charge_savings": 43218.751920810464, "retail_profits": 41001.86350410947, "battery_charge_cost": -46205.2058289019, "battery_discharge_revenues": 43988.31741220097, "battery_retail_profits": -2216.8884167009237, "battery_export_revenue": 4859.075099601733, "total_profits": 45860.93860371127, "irr": 0.04256, "npv": -36871.117}}