{"key_params": {"location": "CA_San.Francisco.Intl", "customer_type": "Office", "demand_charge": 10, "export_price": 0.12, "export_price_type": "Low flat", "battery_size_kWh": 700, "battery_power_kW": 175.0, "min_soc": 0.0, "max_soc": 1.0, "one_way_efficiency": 0.92, "start_soc": 0.5, "n_horizon": 24, "n_control": 12}, "savings": {"old_energy_charge": -513932.83536484017, "new_energy_charge": -511512.7142611791, "energy_charge_savings": 2420.1211036610766, "old_demand_charge": -134927.676052752, "new_demand_charge": -118607.31470530861, "demand_charge_savings": 16320.361347443395, "retail_profits": 18740.48245110447, "battery_charge_cost": -28187.566028548183, "battery_discharge_revenues": 30607.687132209394, "battery_retail_profits": 2420.1211036612112, "battery_export_revenue": -5.361059750537711e-17, "total_profits": 18740.482451104606, "irr": -0.00466, "npv": -73753.873}}