{"key_params": {"location": "CA_San.Francisco.Intl", "customer_type": "Office", "demand_charge": 20, "export_price": 0.0, "export_price_type": "None", "battery_size_kWh": 2000, "battery_power_kW": 500.0, "min_soc": 0.05, "max_soc": 1.0, "one_way_efficiency": 0.92, "start_soc": 0.5, "n_horizon": 24, "n_control": 12}, "savings": {"old_energy_charge": -513932.83536484017, "new_energy_charge": -512250.01570955367, "energy_charge_savings": 1682.8196552864974, "old_demand_charge": -269855.352105504, "new_demand_charge": -209705.87744018182, "demand_charge_savings": 60149.474665322196, "retail_profits": 61832.29432060869, "battery_charge_cost": -74365.31716799721, "battery_discharge_revenues": 76048.13682328381, "battery_retail_profits": 1682.8196552865993, "battery_export_revenue": 0.0, "total_profits": 61832.294320608795, "irr": 0.01408, "npv": -155003.607}}