{"key_params": {"location": "CA_San.Francisco.Intl", "customer_type": "Office", "demand_charge": 20, "export_price": 0.12, "export_price_type": "Low flat", "battery_size_kWh": 800, "battery_power_kW": 200.0, "min_soc": 0.05, "max_soc": 1.0, "one_way_efficiency": 0.92, "start_soc": 0.5, "n_horizon": 24, "n_control": 12}, "savings": {"old_energy_charge": -513932.83536484017, "new_energy_charge": -511472.78226674424, "energy_charge_savings": 2460.05309809593, "old_demand_charge": -269855.352105504, "new_demand_charge": -235431.3766605337, "demand_charge_savings": 34423.97544497033, "retail_profits": 36884.02854306626, "battery_charge_cost": -30637.422820192653, "battery_discharge_revenues": 33097.47591828863, "battery_retail_profits": 2460.053098095974, "battery_export_revenue": -7.837520545156561e-16, "total_profits": 36884.028543066306, "irr": 0.07045, "npv": 15227.173}}