{"key_params": {"location": "CA_San.Francisco.Intl", "customer_type": "Office", "demand_charge": 10, "export_price": 0.12, "export_price_type": "Low flat", "battery_size_kWh": 700, "battery_power_kW": 350.0, "min_soc": 0.0, "max_soc": 1.0, "one_way_efficiency": 0.92, "start_soc": 0.5, "n_horizon": 24, "n_control": 12}, "savings": {"old_energy_charge": -513932.83536484017, "new_energy_charge": -511713.0802737157, "energy_charge_savings": 2219.755091124447, "old_demand_charge": -134927.676052752, "new_demand_charge": -118426.62261747042, "demand_charge_savings": 16501.05343528159, "retail_profits": 18720.808526406036, "battery_charge_cost": -28492.84464994491, "battery_discharge_revenues": 30712.59974106947, "battery_retail_profits": 2219.75509112456, "battery_export_revenue": 253.54552140745963, "total_profits": 18974.35404781361, "irr": -0.00304, "npv": -72137.669}}