{"key_params": {"location": "CA_San.Francisco.Intl", "customer_type": "Office", "demand_charge": 10, "export_price": 0.04275169, "export_price_type": "LMPs DA", "battery_size_kWh": 2000, "battery_power_kW": 1000.0, "min_soc": 0.0, "max_soc": 1.0, "one_way_efficiency": 0.92, "start_soc": 0.5, "n_horizon": 24, "n_control": 12}, "savings": {"old_energy_charge": -513932.83536484017, "new_energy_charge": -514823.8381232247, "energy_charge_savings": -891.0027583845076, "old_demand_charge": -134927.676052752, "new_demand_charge": -103765.66599281826, "demand_charge_savings": 31162.010059933746, "retail_profits": 30271.007301549238, "battery_charge_cost": -79465.68226889409, "battery_discharge_revenues": 78574.67951050964, "battery_retail_profits": -891.0027583844494, "battery_export_revenue": 2981.950991984251, "total_profits": 33252.95829353355, "irr": -0.06687, "npv": -366397.212}}