{"key_params": {"location": "CA_San.Francisco.Intl", "customer_type": "Office", "demand_charge": 10, "export_price": 0.04458485, "export_price_type": "LMPs RT", "battery_size_kWh": 2000, "battery_power_kW": 1000.0, "min_soc": 0.0, "max_soc": 1.0, "one_way_efficiency": 0.92, "start_soc": 0.5, "n_horizon": 24, "n_control": 12}, "savings": {"old_energy_charge": -513932.83536484017, "new_energy_charge": -515370.56874263013, "energy_charge_savings": -1437.733377789962, "old_demand_charge": -134927.676052752, "new_demand_charge": -103765.66599281825, "demand_charge_savings": 31162.01005993376, "retail_profits": 29724.276682143798, "battery_charge_cost": -79359.64127965235, "battery_discharge_revenues": 77921.90790186252, "battery_retail_profits": -1437.7333777898311, "battery_export_revenue": 6892.7905566449535, "total_profits": 36617.067238788884, "irr": -0.05477, "npv": -339532.742}}