{"key_params": {"location": "CA_San.Francisco.Intl", "customer_type": "Office", "demand_charge": 20, "export_price": 0.0, "export_price_type": "None", "battery_size_kWh": 400, "battery_power_kW": 200.0, "min_soc": 0.0, "max_soc": 1.0, "one_way_efficiency": 0.92, "start_soc": 0.5, "n_horizon": 24, "n_control": 12}, "savings": {"old_energy_charge": -513932.83536484017, "new_energy_charge": -511970.62720014696, "energy_charge_savings": 1962.2081646932056, "old_demand_charge": -269855.352105504, "new_demand_charge": -244512.5098218355, "demand_charge_savings": 25342.84228366852, "retail_profits": 27305.050448361726, "battery_charge_cost": -15947.529154503134, "battery_discharge_revenues": 17909.737319196392, "battery_retail_profits": 1962.2081646932584, "battery_export_revenue": 0.0, "total_profits": 27305.050448361777, "irr": 0.14146, "npv": 63527.236}}