{"key_params": {"location": "CA_San.Francisco.Intl", "customer_type": "Office", "demand_charge": 10, "export_price": 0.032141, "export_price_type": "LMPs", "battery_size_kWh": 800, "battery_power_kW": 400.0, "min_soc": 0.0, "max_soc": 1.0, "one_way_efficiency": 0.92, "start_soc": 0.5, "n_horizon": 24, "n_control": 12}, "savings": {"old_energy_charge": -513932.83536484017, "new_energy_charge": -511465.34270292387, "energy_charge_savings": 2467.4926619163016, "old_demand_charge": -134927.676052752, "new_demand_charge": -117243.42166360018, "demand_charge_savings": 17684.25438915183, "retail_profits": 20151.74705106813, "battery_charge_cost": -32271.07461637728, "battery_discharge_revenues": 34738.56727829372, "battery_retail_profits": 2467.49266191644, "battery_export_revenue": 37.9856961590742, "total_profits": 20189.732747227343, "irr": -0.01239, "npv": -92911.21}}