{"key_params": {"location": "CA_San.Francisco.Intl", "customer_type": "Office", "demand_charge": 10, "export_price": 0.0, "export_price_type": "None", "battery_size_kWh": 1000, "battery_power_kW": 250.0, "min_soc": 0.05, "max_soc": 1.0, "one_way_efficiency": 0.92, "start_soc": 0.5, "n_horizon": 24, "n_control": 12}, "savings": {"old_energy_charge": -513932.83536484017, "new_energy_charge": -511351.51345382293, "energy_charge_savings": 2581.321911017236, "old_demand_charge": -134927.676052752, "new_demand_charge": -115495.79112066043, "demand_charge_savings": 19431.884932091576, "retail_profits": 22013.206843108812, "battery_charge_cost": -38419.286079368765, "battery_discharge_revenues": 41000.60799038605, "battery_retail_profits": 2581.3219110172868, "battery_export_revenue": 0.0, "total_profits": 22013.206843108863, "irr": -0.03056, "npv": -140184.903}}