{"key_params": {"location": "CA_San.Francisco.Intl", "customer_type": "Office", "demand_charge": 20, "export_price": 0.12, "export_price_type": "Low flat", "battery_size_kWh": 2000, "battery_power_kW": 1000.0, "min_soc": 0.05, "max_soc": 1.0, "one_way_efficiency": 0.92, "start_soc": 0.5, "n_horizon": 24, "n_control": 12}, "savings": {"old_energy_charge": -513932.83536484017, "new_energy_charge": -513013.45515061496, "energy_charge_savings": 919.3802142252098, "old_demand_charge": -269855.352105504, "new_demand_charge": -209705.87744018194, "demand_charge_savings": 60149.47466532208, "retail_profits": 61068.85487954729, "battery_charge_cost": -74959.92751636959, "battery_discharge_revenues": 75879.30773059484, "battery_retail_profits": 919.3802142252534, "battery_export_revenue": 1036.651417649652, "total_profits": 62105.50629719698, "irr": 0.01466, "npv": -153214.328}}