{"key_params": {"location": "CA_San.Francisco.Intl", "customer_type": "Office", "demand_charge": 20, "export_price": 0.0, "export_price_type": "None", "battery_size_kWh": 800, "battery_power_kW": 400.0, "min_soc": 0.05, "max_soc": 1.0, "one_way_efficiency": 0.92, "start_soc": 0.5, "n_horizon": 24, "n_control": 12}, "savings": {"old_energy_charge": -513932.83536484017, "new_energy_charge": -511475.81973314786, "energy_charge_savings": 2457.0156316923094, "old_demand_charge": -269855.352105504, "new_demand_charge": -235431.3766605337, "demand_charge_savings": 34423.97544497033, "retail_profits": 36880.99107666264, "battery_charge_cost": -30638.363357011607, "battery_discharge_revenues": 33095.378988704, "battery_retail_profits": 2457.0156316923894, "battery_export_revenue": 0.0, "total_profits": 36880.99107666272, "irr": 0.07044, "npv": 15208.011}}