{"key_params": {"location": "CA_San.Francisco.Intl", "customer_type": "Office", "demand_charge": 10, "export_price": 0.032141, "export_price_type": "LMPs", "battery_size_kWh": 400, "battery_power_kW": 100.0, "min_soc": 0.0, "max_soc": 1.0, "one_way_efficiency": 0.92, "start_soc": 0.5, "n_horizon": 24, "n_control": 12}, "savings": {"old_energy_charge": -513932.83536484017, "new_energy_charge": -511898.7546826978, "energy_charge_savings": 2034.0806821423466, "old_demand_charge": -134927.676052752, "new_demand_charge": -123554.05155436878, "demand_charge_savings": 11373.62449838323, "retail_profits": 13407.705180525576, "battery_charge_cost": -15943.350499811999, "battery_discharge_revenues": 17977.431181954405, "battery_retail_profits": 2034.0806821424067, "battery_export_revenue": 0.0, "total_profits": 13407.705180525636, "irr": 0.02473, "npv": -24235.0}}