{"key_params": {"location": "CA_San.Francisco.Intl", "customer_type": "Office", "demand_charge": 10, "export_price": 0.032141, "export_price_type": "LMPs", "battery_size_kWh": 1000, "battery_power_kW": 250.0, "min_soc": 0.05, "max_soc": 1.0, "one_way_efficiency": 0.92, "start_soc": 0.5, "n_horizon": 24, "n_control": 12}, "savings": {"old_energy_charge": -513932.83536484017, "new_energy_charge": -511354.40404107684, "energy_charge_savings": 2578.4313237633323, "old_demand_charge": -134927.676052752, "new_demand_charge": -115495.79112066045, "demand_charge_savings": 19431.88493209156, "retail_profits": 22010.316255854894, "battery_charge_cost": -38419.28607936876, "battery_discharge_revenues": 40997.71740313212, "battery_retail_profits": 2578.4313237633614, "battery_export_revenue": 4.296302159074199, "total_profits": 22014.612558013996, "irr": -0.03055, "npv": -140173.956}}