{"key_params": {"location": "CA_San.Francisco.Intl", "customer_type": "Office", "demand_charge": 10, "export_price": 0.032141, "export_price_type": "LMPs", "battery_size_kWh": 400, "battery_power_kW": 200.0, "min_soc": 0.0, "max_soc": 1.0, "one_way_efficiency": 0.92, "start_soc": 0.5, "n_horizon": 24, "n_control": 12}, "savings": {"old_energy_charge": -513932.83536484017, "new_energy_charge": -511970.62518341275, "energy_charge_savings": 1962.210181427421, "old_demand_charge": -134927.676052752, "new_demand_charge": -122256.25491091779, "demand_charge_savings": 12671.421141834217, "retail_profits": 14633.631323261638, "battery_charge_cost": -15947.55097604665, "battery_discharge_revenues": 17909.761157474077, "battery_retail_profits": 1962.2101814274265, "battery_export_revenue": 0.0, "total_profits": 14633.631323261643, "irr": 0.03652, "npv": -16412.107}}