{"key_params": {"location": "CA_San.Francisco.Intl", "customer_type": "Office", "demand_charge": 20, "export_price": 0.032141, "export_price_type": "LMPs", "battery_size_kWh": 500, "battery_power_kW": 250.0, "min_soc": 0.05, "max_soc": 1.0, "one_way_efficiency": 0.92, "start_soc": 0.5, "n_horizon": 24, "n_control": 12}, "savings": {"old_energy_charge": -513932.83536484017, "new_energy_charge": -511815.9675226723, "energy_charge_savings": 2116.8678421678487, "old_demand_charge": -269855.352105504, "new_demand_charge": -242476.05344954663, "demand_charge_savings": 27379.29865595739, "retail_profits": 29496.16649812524, "battery_charge_cost": -18989.41617728352, "battery_discharge_revenues": 21106.28401945145, "battery_retail_profits": 2116.8678421679288, "battery_export_revenue": 4.296302159074197, "total_profits": 29500.462800284393, "irr": 0.11277, "npv": 50194.707}}