{"key_params": {"location": "CA_San.Francisco.Intl", "customer_type": "Office", "demand_charge": 10, "export_price": 0.10531, "export_price_type": "Retail", "battery_size_kWh": 600, "battery_power_kW": 300.0, "min_soc": 0.0, "max_soc": 1.0, "one_way_efficiency": 0.92, "start_soc": 0.5, "n_horizon": 24, "n_control": 12}, "savings": {"old_energy_charge": -513932.83536484017, "new_energy_charge": -511743.69279558497, "energy_charge_savings": 2189.1425692552, "old_demand_charge": -134927.676052752, "new_demand_charge": -119640.98216966176, "demand_charge_savings": 15286.69388309025, "retail_profits": 17475.83645234545, "battery_charge_cost": -24107.119020036007, "battery_discharge_revenues": 26296.26158929132, "battery_retail_profits": 2189.142569255313, "battery_export_revenue": 103.77327753286474, "total_profits": 17579.60972987843, "irr": 0.00708, "npv": -52918.309}}