{"key_params": {"location": "CA_San.Francisco.Intl", "customer_type": "Office", "demand_charge": 20, "export_price": 0.12, "export_price_type": "Low flat", "battery_size_kWh": 1000, "battery_power_kW": 500.0, "min_soc": 0.05, "max_soc": 1.0, "one_way_efficiency": 0.92, "start_soc": 0.5, "n_horizon": 24, "n_control": 12}, "savings": {"old_energy_charge": -513932.83536484017, "new_energy_charge": -511670.4540688675, "energy_charge_savings": 2262.3812959726783, "old_demand_charge": -269855.352105504, "new_demand_charge": -230991.58224132072, "demand_charge_savings": 38863.7698641833, "retail_profits": 41126.151160155976, "battery_charge_cost": -38867.20932514889, "battery_discharge_revenues": 41129.59062112162, "battery_retail_profits": 2262.3812959727293, "battery_export_revenue": 464.0159607534376, "total_profits": 41590.167120909464, "irr": 0.05472, "npv": -9448.686}}