{"key_params": {"location": "CA_San.Francisco.Intl", "customer_type": "Office", "demand_charge": 20, "export_price": 0.0, "export_price_type": "None", "battery_size_kWh": 600, "battery_power_kW": 300.0, "min_soc": 0.05, "max_soc": 1.0, "one_way_efficiency": 0.92, "start_soc": 0.5, "n_horizon": 24, "n_control": 12}, "savings": {"old_energy_charge": -513932.83536484017, "new_energy_charge": -511677.5016990219, "energy_charge_savings": 2255.333665818267, "old_demand_charge": -269855.352105504, "new_demand_charge": -240039.41560680675, "demand_charge_savings": 29815.936498697265, "retail_profits": 32071.270164515532, "battery_charge_cost": -22883.286376523487, "battery_discharge_revenues": 25138.62004234182, "battery_retail_profits": 2255.3336658183325, "battery_export_revenue": 0.0, "total_profits": 32071.270164515598, "irr": 0.09496, "npv": 39230.407}}