{"key_params": {"location": "CA_San.Francisco.Intl", "customer_type": "Office", "demand_charge": 20, "export_price": 0.10531, "export_price_type": "Retail", "battery_size_kWh": 1000, "battery_power_kW": 500.0, "min_soc": 0.05, "max_soc": 1.0, "one_way_efficiency": 0.92, "start_soc": 0.5, "n_horizon": 24, "n_control": 12}, "savings": {"old_energy_charge": -513932.83536484017, "new_energy_charge": -514067.59555787937, "energy_charge_savings": -134.76019303919747, "old_demand_charge": -269855.352105504, "new_demand_charge": -230991.58224132072, "demand_charge_savings": 38863.7698641833, "retail_profits": 38729.0096711441, "battery_charge_cost": -38422.99616902384, "battery_discharge_revenues": 38288.235975984724, "battery_retail_profits": -134.76019303911744, "battery_export_revenue": 2714.0465167597704, "total_profits": 41443.05618790395, "irr": 0.05419, "npv": -10376.755}}