{"key_params": {"location": "CA_San.Francisco.Intl", "customer_type": "Office", "demand_charge": 10, "export_price": 0.032141, "export_price_type": "LMPs", "battery_size_kWh": 800, "battery_power_kW": 200.0, "min_soc": 0.0, "max_soc": 1.0, "one_way_efficiency": 0.92, "start_soc": 0.5, "n_horizon": 24, "n_control": 12}, "savings": {"old_energy_charge": -513932.83536484017, "new_energy_charge": -511434.9163070785, "energy_charge_savings": 2497.9190577616682, "old_demand_charge": -134927.676052752, "new_demand_charge": -117266.1746689066, "demand_charge_savings": 17661.501383845403, "retail_profits": 20159.42044160707, "battery_charge_cost": -32270.683509714938, "battery_discharge_revenues": 34768.60256747662, "battery_retail_profits": 2497.919057761683, "battery_export_revenue": 0.0, "total_profits": 20159.420441607086, "irr": -0.01259, "npv": -93127.973}}