{"key_params": {"location": "CA_San.Francisco.Intl", "customer_type": "Office", "demand_charge": 10, "export_price": 0.04458485, "export_price_type": "LMPs RT", "battery_size_kWh": 500, "battery_power_kW": 250.0, "min_soc": 0.0, "max_soc": 1.0, "one_way_efficiency": 0.92, "start_soc": 0.5, "n_horizon": 24, "n_control": 12}, "savings": {"old_energy_charge": -513932.83536484017, "new_energy_charge": -511789.3683318336, "energy_charge_savings": 2143.467033006542, "old_demand_charge": -134927.676052752, "new_demand_charge": -120914.36535909929, "demand_charge_savings": 14013.310693652718, "retail_profits": 16156.77772665926, "battery_charge_cost": -20017.75105370922, "battery_discharge_revenues": 22161.218086715795, "battery_retail_profits": 2143.4670330065746, "battery_export_revenue": 91.67498214905831, "total_profits": 16248.452708808352, "irr": 0.02062, "npv": -33597.259}}