{"key_params": {"location": "CA_San.Francisco.Intl", "customer_type": "Office", "demand_charge": 20, "export_price": 0.032141, "export_price_type": "LMPs", "battery_size_kWh": 1200, "battery_power_kW": 600.0, "min_soc": 0.05, "max_soc": 1.0, "one_way_efficiency": 0.92, "start_soc": 0.5, "n_horizon": 24, "n_control": 12}, "savings": {"old_energy_charge": -513932.83536484017, "new_energy_charge": -511378.9990705902, "energy_charge_savings": 2553.8362942499807, "old_demand_charge": -269855.352105504, "new_demand_charge": -226636.60018469358, "demand_charge_savings": 43218.751920810435, "retail_profits": 45772.588215060416, "battery_charge_cost": -46205.2058289019, "battery_discharge_revenues": 48759.042123151914, "battery_retail_profits": 2553.836294250017, "battery_export_revenue": 140.5421059822342, "total_profits": 45913.130321042685, "irr": 0.04271, "npv": -36541.859}}