{"key_params": {"location": "CA_San.Francisco.Intl", "customer_type": "Office", "demand_charge": 10, "export_price": 0.10531, "export_price_type": "Retail", "battery_size_kWh": 2000, "battery_power_kW": 500.0, "min_soc": 0.0, "max_soc": 1.0, "one_way_efficiency": 0.92, "start_soc": 0.5, "n_horizon": 24, "n_control": 12}, "savings": {"old_energy_charge": -513932.83536484017, "new_energy_charge": -520672.2963806005, "energy_charge_savings": -6739.4610157603165, "old_demand_charge": -134927.676052752, "new_demand_charge": -103765.66599281822, "demand_charge_savings": 31162.01005993379, "retail_profits": 24422.549044173473, "battery_charge_cost": -81490.14420127476, "battery_discharge_revenues": 74750.68318551454, "battery_retail_profits": -6739.461015760215, "battery_export_revenue": 8832.959872248572, "total_profits": 33255.50891642214, "irr": -0.06686, "npv": -366376.844}}