{"key_params": {"location": "CA_San.Francisco.Intl", "customer_type": "Office", "demand_charge": 10, "export_price": 0.064282, "export_price_type": "200% LMPs", "battery_size_kWh": 1000, "battery_power_kW": 250.0, "min_soc": 0.05, "max_soc": 1.0, "one_way_efficiency": 0.92, "start_soc": 0.5, "n_horizon": 24, "n_control": 12}, "savings": {"old_energy_charge": -513932.83536484017, "new_energy_charge": -511386.4472410049, "energy_charge_savings": 2546.3881238352624, "old_demand_charge": -134927.676052752, "new_demand_charge": -115495.79112066043, "demand_charge_savings": 19431.884932091576, "retail_profits": 21978.27305592684, "battery_charge_cost": -38413.181555624236, "battery_discharge_revenues": 40959.56967945951, "battery_retail_profits": 2546.388123835277, "battery_export_revenue": 53.79488225906373, "total_profits": 22032.067938185915, "irr": -0.03044, "npv": -140038.022}}