{"key_params": {"location": "CA_San.Francisco.Intl", "customer_type": "Office", "demand_charge": 20, "export_price": 0.032141, "export_price_type": "LMPs", "battery_size_kWh": 200, "battery_power_kW": 50.0, "min_soc": 0.05, "max_soc": 1.0, "one_way_efficiency": 0.92, "start_soc": 0.5, "n_horizon": 24, "n_control": 12}, "savings": {"old_energy_charge": -513932.83536484017, "new_energy_charge": -512376.46107634174, "energy_charge_savings": 1556.374288498424, "old_demand_charge": -269855.352105504, "new_demand_charge": -257855.352105504, "demand_charge_savings": 12000.00000000003, "retail_profits": 13556.374288498453, "battery_charge_cost": -7463.468645474185, "battery_discharge_revenues": 9019.842933972704, "battery_retail_profits": 1556.3742884985195, "battery_export_revenue": 0.0, "total_profits": 13556.374288498548, "irr": 0.14, "npv": 31157.037}}