{"key_params": {"location": "CA_San.Francisco.Intl", "customer_type": "Office", "demand_charge": 20, "export_price": 0.032141, "export_price_type": "LMPs", "battery_size_kWh": 1200, "battery_power_kW": 300.0, "min_soc": 0.05, "max_soc": 1.0, "one_way_efficiency": 0.92, "start_soc": 0.5, "n_horizon": 24, "n_control": 12}, "savings": {"old_energy_charge": -513932.83536484017, "new_energy_charge": -511305.9205514612, "energy_charge_savings": 2626.914813378942, "old_demand_charge": -269855.352105504, "new_demand_charge": -226636.60018469376, "demand_charge_savings": 43218.75192081026, "retail_profits": 45845.6667341892, "battery_charge_cost": -46210.03161116975, "battery_discharge_revenues": 48836.946424548805, "battery_retail_profits": 2626.9148133790586, "battery_export_revenue": 15.526100159074199, "total_profits": 45861.192834348396, "irr": 0.04256, "npv": -36869.513}}