{"key_params": {"location": "CA_San.Francisco.Intl", "customer_type": "Office", "demand_charge": 20, "export_price": 0.0, "export_price_type": "None", "battery_size_kWh": 2000, "battery_power_kW": 1000.0, "min_soc": 0.0, "max_soc": 1.0, "one_way_efficiency": 0.92, "start_soc": 0.5, "n_horizon": 24, "n_control": 12}, "savings": {"old_energy_charge": -513932.83536484017, "new_energy_charge": -512474.1920041915, "energy_charge_savings": 1458.6433606486535, "old_demand_charge": -269855.352105504, "new_demand_charge": -207531.33198563653, "demand_charge_savings": 62324.02011986749, "retail_profits": 63782.663480516145, "battery_charge_cost": -77716.86431501893, "battery_discharge_revenues": 79175.50767566767, "battery_retail_profits": 1458.6433606487408, "battery_export_revenue": 0.0, "total_profits": 63782.66348051623, "irr": 0.01816, "npv": -142236.216}}