{"key_params": {"location": "CA_San.Francisco.Intl", "customer_type": "Office", "demand_charge": 20, "export_price": 0.10531, "export_price_type": "Retail", "battery_size_kWh": 800, "battery_power_kW": 400.0, "min_soc": 0.0, "max_soc": 1.0, "one_way_efficiency": 0.92, "start_soc": 0.5, "n_horizon": 24, "n_control": 12}, "savings": {"old_energy_charge": -513932.83536484017, "new_energy_charge": -511928.24268700695, "energy_charge_savings": 2004.5926778332214, "old_demand_charge": -269855.352105504, "new_demand_charge": -234486.84332720036, "demand_charge_savings": 35368.50877830366, "retail_profits": 37373.10145613688, "battery_charge_cost": -32271.074616377275, "battery_discharge_revenues": 34275.667294210616, "battery_retail_profits": 2004.5926778333414, "battery_export_revenue": 488.45707133701404, "total_profits": 37861.558527474015, "irr": 0.07461, "npv": 21394.052}}