{"key_params": {"location": "CA_San.Francisco.Intl", "customer_type": "Office", "demand_charge": 20, "export_price": 0.0, "export_price_type": "None", "battery_size_kWh": 700, "battery_power_kW": 350.0, "min_soc": 0.0, "max_soc": 1.0, "one_way_efficiency": 0.92, "start_soc": 0.5, "n_horizon": 24, "n_control": 12}, "savings": {"old_energy_charge": -513932.83536484017, "new_energy_charge": -511529.43920846994, "energy_charge_savings": 2403.3961563702323, "old_demand_charge": -269855.352105504, "new_demand_charge": -236853.24523494087, "demand_charge_savings": 33002.10687056315, "retail_profits": 35405.50302693338, "battery_charge_cost": -28181.89546658007, "battery_discharge_revenues": 30585.29162295042, "battery_retail_profits": 2403.3961563703488, "battery_export_revenue": 0.0, "total_profits": 35405.5030269335, "irr": 0.08552, "npv": 33082.279}}