{"key_params": {"location": "CA_San.Francisco.Intl", "customer_type": "Office", "demand_charge": 20, "export_price": 0.10531, "export_price_type": "Retail", "battery_size_kWh": 500, "battery_power_kW": 250.0, "min_soc": 0.0, "max_soc": 1.0, "one_way_efficiency": 0.92, "start_soc": 0.5, "n_horizon": 24, "n_control": 12}, "savings": {"old_energy_charge": -513932.83536484017, "new_energy_charge": -511777.5432991154, "energy_charge_savings": 2155.2920657247887, "old_demand_charge": -269855.352105504, "new_demand_charge": -241828.73071819838, "demand_charge_savings": 28026.62138730564, "retail_profits": 30181.91345303043, "battery_charge_cost": -20010.609749361396, "battery_discharge_revenues": 22165.901815086258, "battery_retail_profits": 2155.2920657248615, "battery_export_revenue": 6.588114898478383, "total_profits": 30188.50156792898, "irr": 0.11711, "npv": 54535.291}}