{"key_params": {"location": "CA_San.Francisco.Intl", "customer_type": "Office", "demand_charge": 10, "export_price": 0.12, "export_price_type": "Low flat", "battery_size_kWh": 1500, "battery_power_kW": 750.0, "min_soc": 0.0, "max_soc": 1.0, "one_way_efficiency": 0.92, "start_soc": 0.5, "n_horizon": 24, "n_control": 12}, "savings": {"old_energy_charge": -513932.83536484017, "new_energy_charge": -512070.9922732388, "energy_charge_savings": 1861.8430916013895, "old_demand_charge": -134927.676052752, "new_demand_charge": -109242.79857542504, "demand_charge_savings": 25684.87747732697, "retail_profits": 27546.72056892836, "battery_charge_cost": -61123.89580181721, "battery_discharge_revenues": 62985.73889341873, "battery_retail_profits": 1861.8430916015204, "battery_export_revenue": 897.1219871045433, "total_profits": 28443.842556033032, "irr": -0.05027, "npv": -246815.334}}