{"key_params": {"location": "CA_San.Francisco.Intl", "customer_type": "Office", "demand_charge": 20, "export_price": 0.10531, "export_price_type": "Retail", "battery_size_kWh": 600, "battery_power_kW": 300.0, "min_soc": 0.05, "max_soc": 1.0, "one_way_efficiency": 0.92, "start_soc": 0.5, "n_horizon": 24, "n_control": 12}, "savings": {"old_energy_charge": -513932.83536484017, "new_energy_charge": -511759.6106822457, "energy_charge_savings": 2173.224682594475, "old_demand_charge": -269855.352105504, "new_demand_charge": -240039.41560680675, "demand_charge_savings": 29815.936498697265, "retail_profits": 31989.16118129174, "battery_charge_cost": -22883.286376523483, "battery_discharge_revenues": 25056.511059118064, "battery_retail_profits": 2173.2246825945804, "battery_export_revenue": 82.10898322375324, "total_profits": 32071.270164515598, "irr": 0.09496, "npv": 39230.407}}