{"key_params": {"location": "CA_San.Francisco.Intl", "customer_type": "Office", "demand_charge": 20, "export_price": 0.04275169, "export_price_type": "LMPs DA", "battery_size_kWh": 600, "battery_power_kW": 300.0, "min_soc": 0.0, "max_soc": 1.0, "one_way_efficiency": 0.92, "start_soc": 0.5, "n_horizon": 24, "n_control": 12}, "savings": {"old_energy_charge": -513932.83536484017, "new_energy_charge": -511725.4481977181, "energy_charge_savings": 2207.3871671220404, "old_demand_charge": -269855.352105504, "new_demand_charge": -239281.9643393236, "demand_charge_savings": 30573.387766180414, "retail_profits": 32780.774933302455, "battery_charge_cost": -24189.479795083265, "battery_discharge_revenues": 26396.866962205408, "battery_retail_profits": 2207.3871671221423, "battery_export_revenue": 101.1199399783917, "total_profits": 32881.89487328095, "irr": 0.09935, "npv": 44344.341}}