{"key_params": {"location": "CA_San.Francisco.Intl", "customer_type": "Office", "demand_charge": 10, "export_price": 0.04275169, "export_price_type": "LMPs DA", "battery_size_kWh": 1000, "battery_power_kW": 500.0, "min_soc": 0.0, "max_soc": 1.0, "one_way_efficiency": 0.92, "start_soc": 0.5, "n_horizon": 24, "n_control": 12}, "savings": {"old_energy_charge": -513932.83536484017, "new_energy_charge": -512116.1834381952, "energy_charge_savings": 1816.6519266449613, "old_demand_charge": -134927.676052752, "new_demand_charge": -114922.06889843816, "demand_charge_savings": 20005.607154313853, "retail_profits": 21822.259080958815, "battery_charge_cost": -41179.32045837416, "battery_discharge_revenues": 42995.97238501917, "battery_retail_profits": 1816.6519266450123, "battery_export_revenue": 955.7885712499692, "total_profits": 22778.047652208836, "irr": -0.02598, "npv": -134257.62}}