{"key_params": {"location": "CA_San.Francisco.Intl", "customer_type": "Office", "demand_charge": 20, "export_price": 0.12, "export_price_type": "Low flat", "battery_size_kWh": 900, "battery_power_kW": 450.0, "min_soc": 0.05, "max_soc": 1.0, "one_way_efficiency": 0.92, "start_soc": 0.5, "n_horizon": 24, "n_control": 12}, "savings": {"old_energy_charge": -513932.83536484017, "new_energy_charge": -511675.1817543326, "energy_charge_savings": 2257.65361050755, "old_demand_charge": -269855.352105504, "new_demand_charge": -233189.59517658228, "demand_charge_savings": 36665.756928921735, "retail_profits": 38923.410539429286, "battery_charge_cost": -34920.26032825117, "battery_discharge_revenues": 37177.91393875877, "battery_retail_profits": 2257.653610507601, "battery_export_revenue": 393.8591214074599, "total_profits": 39317.2696608368, "irr": 0.06209, "npv": 3395.018}}