{"key_params": {"location": "CA_San.Francisco.Intl", "customer_type": "Office", "demand_charge": 20, "export_price": 0.032141, "export_price_type": "LMPs", "battery_size_kWh": 800, "battery_power_kW": 400.0, "min_soc": 0.05, "max_soc": 1.0, "one_way_efficiency": 0.92, "start_soc": 0.5, "n_horizon": 24, "n_control": 12}, "savings": {"old_energy_charge": -513932.83536484017, "new_energy_charge": -511501.37682040175, "energy_charge_savings": 2431.458544438414, "old_demand_charge": -269855.352105504, "new_demand_charge": -235431.3766605337, "demand_charge_savings": 34423.97544497033, "retail_profits": 36855.433989408746, "battery_charge_cost": -30638.363357011607, "battery_discharge_revenues": 33069.82190145008, "battery_retail_profits": 2431.458544438472, "battery_export_revenue": 37.9856961590742, "total_profits": 36893.419685567875, "irr": 0.07049, "npv": 15286.418}}