{"key_params": {"location": "CA_San.Francisco.Intl", "customer_type": "Office", "demand_charge": 10, "export_price": 0.032141, "export_price_type": "LMPs", "battery_size_kWh": 1200, "battery_power_kW": 600.0, "min_soc": 0.0, "max_soc": 1.0, "one_way_efficiency": 0.92, "start_soc": 0.5, "n_horizon": 24, "n_control": 12}, "savings": {"old_energy_charge": -513932.83536484017, "new_energy_charge": -511370.33567549445, "energy_charge_savings": 2562.4996893457137, "old_demand_charge": -134927.676052752, "new_demand_charge": -112635.96675901346, "demand_charge_savings": 22291.709293738546, "retail_profits": 24854.20898308426, "battery_charge_cost": -48658.066529165066, "battery_discharge_revenues": 51220.56621851082, "battery_retail_profits": 2562.4996893457574, "battery_export_revenue": 152.9398029742342, "total_profits": 25007.148786058537, "irr": -0.03792, "npv": -179468.071}}