{"key_params": {"location": "CA_San.Francisco.Intl", "customer_type": "Office", "demand_charge": 20, "export_price": 0.04458485, "export_price_type": "LMPs RT", "battery_size_kWh": 900, "battery_power_kW": 450.0, "min_soc": 0.0, "max_soc": 1.0, "one_way_efficiency": 0.92, "start_soc": 0.5, "n_horizon": 24, "n_control": 12}, "savings": {"old_energy_charge": -513932.83536484017, "new_energy_charge": -511982.9139099325, "energy_charge_savings": 1949.921454907686, "old_demand_charge": -269855.352105504, "new_demand_charge": -232142.679566957, "demand_charge_savings": 37712.67253854702, "retail_profits": 39662.593993454706, "battery_charge_cost": -36619.0998126501, "battery_discharge_revenues": 38569.02126755785, "battery_retail_profits": 1949.9214549077515, "battery_export_revenue": 1565.3651387246994, "total_profits": 41227.95913217947, "irr": 0.06943, "npv": 15448.858}}