{"key_params": {"location": "CA_San.Francisco.Intl", "customer_type": "Office", "demand_charge": 20, "export_price": 0.12, "export_price_type": "Low flat", "battery_size_kWh": 800, "battery_power_kW": 400.0, "min_soc": 0.05, "max_soc": 1.0, "one_way_efficiency": 0.92, "start_soc": 0.5, "n_horizon": 24, "n_control": 12}, "savings": {"old_energy_charge": -513932.83536484017, "new_energy_charge": -511703.8821103029, "energy_charge_savings": 2228.9532545372494, "old_demand_charge": -269855.352105504, "new_demand_charge": -235431.3766605337, "demand_charge_savings": 34423.97544497033, "retail_profits": 36652.92869950758, "battery_charge_cost": -30993.73385228571, "battery_discharge_revenues": 33222.68710682305, "battery_retail_profits": 2228.9532545373368, "battery_export_revenue": 323.70232140745986, "total_profits": 36976.63102091513, "irr": 0.07084, "npv": 15811.368}}