{"key_params": {"location": "CA_San.Francisco.Intl", "customer_type": "Office", "demand_charge": 20, "export_price": 0.12, "export_price_type": "Low flat", "battery_size_kWh": 600, "battery_power_kW": 300.0, "min_soc": 0.05, "max_soc": 1.0, "one_way_efficiency": 0.92, "start_soc": 0.5, "n_horizon": 24, "n_control": 12}, "savings": {"old_energy_charge": -513932.83536484017, "new_energy_charge": -511816.7214523584, "energy_charge_savings": 2116.1139124817564, "old_demand_charge": -269855.352105504, "new_demand_charge": -240039.41560680672, "demand_charge_savings": 29815.936498697294, "retail_profits": 31932.05041117905, "battery_charge_cost": -23149.814247979062, "battery_discharge_revenues": 25265.928160460866, "battery_retail_profits": 2116.1139124818037, "battery_export_revenue": 183.38872140745983, "total_profits": 32115.439132586558, "irr": 0.0952, "npv": 39509.053}}