{"key_params": {"location": "CA_San.Francisco.Intl", "customer_type": "Office", "demand_charge": 10, "export_price": 0.10531, "export_price_type": "Retail", "battery_size_kWh": 500, "battery_power_kW": 125.0, "min_soc": 0.0, "max_soc": 1.0, "one_way_efficiency": 0.92, "start_soc": 0.5, "n_horizon": 24, "n_control": 12}, "savings": {"old_energy_charge": -513932.83536484017, "new_energy_charge": -511772.17233646335, "energy_charge_savings": 2160.6630283768172, "old_demand_charge": -134927.676052752, "new_demand_charge": -121712.04798499745, "demand_charge_savings": 13215.628067754558, "retail_profits": 15376.291096131376, "battery_charge_cost": -20022.206894639683, "battery_discharge_revenues": 22182.86992301658, "battery_retail_profits": 2160.6630283768973, "battery_export_revenue": 0.0, "total_profits": 15376.291096131456, "irr": 0.01339, "npv": -39286.499}}