{"key_params": {"location": "CA_San.Francisco.Intl", "customer_type": "Office", "demand_charge": 10, "export_price": 0.12, "export_price_type": "Low flat", "battery_size_kWh": 900, "battery_power_kW": 450.0, "min_soc": 0.0, "max_soc": 1.0, "one_way_efficiency": 0.92, "start_soc": 0.5, "n_horizon": 24, "n_control": 12}, "savings": {"old_energy_charge": -513932.83536484017, "new_energy_charge": -511645.4268681749, "energy_charge_savings": 2287.4084966652445, "old_demand_charge": -134927.676052752, "new_demand_charge": -116071.3397834785, "demand_charge_savings": 18856.33626927351, "retail_profits": 21143.744765938754, "battery_charge_cost": -36763.64612986209, "battery_discharge_revenues": 39051.054626527446, "battery_retail_profits": 2287.4084966653536, "battery_export_revenue": 393.8591214074599, "total_profits": 21537.603887346322, "irr": -0.0194, "npv": -113039.042}}