{"key_params": {"location": "CA_San.Francisco.Intl", "customer_type": "Office", "demand_charge": 20, "export_price": 0.0, "export_price_type": "None", "battery_size_kWh": 100, "battery_power_kW": 50.0, "min_soc": 0.0, "max_soc": 1.0, "one_way_efficiency": 0.92, "start_soc": 0.5, "n_horizon": 24, "n_control": 12}, "savings": {"old_energy_charge": -513932.83536484017, "new_energy_charge": -513152.49522778083, "energy_charge_savings": 780.3401370593347, "old_demand_charge": -269855.352105504, "new_demand_charge": -257952.63623173087, "demand_charge_savings": 11902.715873773152, "retail_profits": 12683.056010832486, "battery_charge_cost": -3991.299930750126, "battery_discharge_revenues": 4771.640067809519, "battery_retail_profits": 780.3401370593929, "battery_export_revenue": 0.0, "total_profits": 12683.056010832544, "irr": 0.30777, "npv": 52830.174}}