{"key_params": {"location": "CA_San.Francisco.Intl", "customer_type": "Office", "demand_charge": 20, "export_price": 0.10531, "export_price_type": "Retail", "battery_size_kWh": 2000, "battery_power_kW": 1000.0, "min_soc": 0.0, "max_soc": 1.0, "one_way_efficiency": 0.92, "start_soc": 0.5, "n_horizon": 24, "n_control": 12}, "savings": {"old_energy_charge": -513932.83536484017, "new_energy_charge": -529341.0379585996, "energy_charge_savings": -15408.202593759459, "old_demand_charge": -269855.352105504, "new_demand_charge": -207531.33198563656, "demand_charge_savings": 62324.02011986746, "retail_profits": 46915.817526108, "battery_charge_cost": -81488.18468247248, "battery_discharge_revenues": 66079.98208871308, "battery_retail_profits": -15408.2025937594, "battery_export_revenue": 17506.758651713128, "total_profits": 64422.57617782119, "irr": 0.01946, "npv": -138090.14}}