{"key_params": {"location": "CA_San.Francisco.Intl", "customer_type": "Office", "demand_charge": 20, "export_price": 0.0, "export_price_type": "None", "battery_size_kWh": 300, "battery_power_kW": 75.0, "min_soc": 0.05, "max_soc": 1.0, "one_way_efficiency": 0.92, "start_soc": 0.5, "n_horizon": 24, "n_control": 12}, "savings": {"old_energy_charge": -513932.83536484017, "new_energy_charge": -512079.5692846668, "energy_charge_savings": 1853.2660801733728, "old_demand_charge": -269855.352105504, "new_demand_charge": -252038.2519082183, "demand_charge_savings": 17817.100197285705, "retail_profits": 19670.366277459078, "battery_charge_cost": -11280.590138940877, "battery_discharge_revenues": 13133.85621911431, "battery_retail_profits": 1853.2660801734328, "battery_export_revenue": 0.0, "total_profits": 19670.366277459136, "irr": 0.13323, "npv": 42545.392}}