{"key_params": {"location": "CA_San.Francisco.Intl", "customer_type": "Office", "demand_charge": 20, "export_price": 0.0, "export_price_type": "None", "battery_size_kWh": 1500, "battery_power_kW": 375.0, "min_soc": 0.05, "max_soc": 1.0, "one_way_efficiency": 0.92, "start_soc": 0.5, "n_horizon": 24, "n_control": 12}, "savings": {"old_energy_charge": -513932.83536484017, "new_energy_charge": -511381.6983461611, "energy_charge_savings": 2551.137018679059, "old_demand_charge": -269855.352105504, "new_demand_charge": -220165.99455629743, "demand_charge_savings": 49689.35754920659, "retail_profits": 52240.494567885646, "battery_charge_cost": -57680.10969428533, "battery_discharge_revenues": 60231.24671296441, "battery_retail_profits": 2551.1370186790737, "battery_export_revenue": 0.0, "total_profits": 52240.49456788566, "irr": 0.02985, "npv": -78298.807}}