{"key_params": {"location": "CA_San.Francisco.Intl", "customer_type": "Office", "demand_charge": 20, "export_price": 0.0, "export_price_type": "None", "battery_size_kWh": 2000, "battery_power_kW": 1000.0, "min_soc": 0.05, "max_soc": 1.0, "one_way_efficiency": 0.92, "start_soc": 0.5, "n_horizon": 24, "n_control": 12}, "savings": {"old_energy_charge": -513932.83536484017, "new_energy_charge": -512213.44900361757, "energy_charge_savings": 1719.3863612225978, "old_demand_charge": -269855.352105504, "new_demand_charge": -209705.87744018194, "demand_charge_savings": 60149.47466532208, "retail_profits": 61868.86102654468, "battery_charge_cost": -74390.71890110195, "battery_discharge_revenues": 76110.10526232459, "battery_retail_profits": 1719.3863612226414, "battery_export_revenue": 0.0, "total_profits": 61868.86102654472, "irr": 0.01416, "npv": -154764.13}}