{"key_params": {"location": "CA_San.Francisco.Intl", "customer_type": "Office", "demand_charge": 20, "export_price": 0.10531, "export_price_type": "Retail", "battery_size_kWh": 200, "battery_power_kW": 100.0, "min_soc": 0.05, "max_soc": 1.0, "one_way_efficiency": 0.92, "start_soc": 0.5, "n_horizon": 24, "n_control": 12}, "savings": {"old_energy_charge": -513932.83536484017, "new_energy_charge": -512722.91633903194, "energy_charge_savings": 1209.9190258082235, "old_demand_charge": -269855.352105504, "new_demand_charge": -251767.35797163064, "demand_charge_savings": 18087.994133873377, "retail_profits": 19297.9131596816, "battery_charge_cost": -7532.026192188852, "battery_discharge_revenues": 8741.945217997156, "battery_retail_profits": 1209.9190258083036, "battery_export_revenue": 0.0, "total_profits": 19297.91315968168, "irr": 0.22378, "npv": 67378.304}}