{"key_params": {"location": "CA_San.Francisco.Intl", "customer_type": "Office", "demand_charge": 10, "export_price": 0.0, "export_price_type": "None", "battery_size_kWh": 600, "battery_power_kW": 300.0, "min_soc": 0.0, "max_soc": 1.0, "one_way_efficiency": 0.92, "start_soc": 0.5, "n_horizon": 24, "n_control": 12}, "savings": {"old_energy_charge": -513932.83536484017, "new_energy_charge": -511639.9195180521, "energy_charge_savings": 2292.9158467880916, "old_demand_charge": -134927.676052752, "new_demand_charge": -119640.98216966176, "demand_charge_savings": 15286.69388309025, "retail_profits": 17579.609729878342, "battery_charge_cost": -24107.119020036007, "battery_discharge_revenues": 26400.034866824182, "battery_retail_profits": 2292.9158467881753, "battery_export_revenue": 0.0, "total_profits": 17579.609729878426, "irr": 0.00708, "npv": -52918.309}}