{"key_params": {"location": "CA_San.Francisco.Intl", "customer_type": "Office", "demand_charge": 10, "export_price": 0.032141, "export_price_type": "LMPs", "battery_size_kWh": 300, "battery_power_kW": 150.0, "min_soc": 0.0, "max_soc": 1.0, "one_way_efficiency": 0.92, "start_soc": 0.5, "n_horizon": 24, "n_control": 12}, "savings": {"old_energy_charge": -513932.83536484017, "new_energy_charge": -512268.0476210875, "energy_charge_savings": 1664.7877437526477, "old_demand_charge": -134927.676052752, "new_demand_charge": -123712.21168134238, "demand_charge_savings": 11215.464371409631, "retail_profits": 12880.252115162279, "battery_charge_cost": -11915.51973590855, "battery_discharge_revenues": 13580.307479661262, "battery_retail_profits": 1664.7877437527113, "battery_export_revenue": 0.0, "total_profits": 12880.252115162342, "irr": 0.05946, "npv": -290.952}}