{"key_params": {"location": "CA_San.Francisco.Intl", "customer_type": "Office", "demand_charge": 20, "export_price": 0.12, "export_price_type": "Low flat", "battery_size_kWh": 900, "battery_power_kW": 225.0, "min_soc": 0.05, "max_soc": 1.0, "one_way_efficiency": 0.92, "start_soc": 0.5, "n_horizon": 24, "n_control": 12}, "savings": {"old_energy_charge": -513932.83536484017, "new_energy_charge": -511400.1743841921, "energy_charge_savings": 2532.66098064807, "old_demand_charge": -269855.352105504, "new_demand_charge": -233189.59517658246, "demand_charge_savings": 36665.75692892156, "retail_profits": 39198.41790956963, "battery_charge_cost": -34517.860741968325, "battery_discharge_revenues": 37050.52172261647, "battery_retail_profits": 2532.660980648143, "battery_export_revenue": 3.1964127327566026e-05, "total_profits": 39198.41794153383, "irr": 0.06163, "npv": 2645.226}}