{"key_params": {"location": "CA_San.Francisco.Intl", "customer_type": "Office", "demand_charge": 10, "export_price": 0.10531, "export_price_type": "Retail", "battery_size_kWh": 100, "battery_power_kW": 25.0, "min_soc": 0.0, "max_soc": 1.0, "one_way_efficiency": 0.92, "start_soc": 0.5, "n_horizon": 24, "n_control": 12}, "savings": {"old_energy_charge": -513932.83536484017, "new_energy_charge": -513011.8985827346, "energy_charge_savings": 920.936782105593, "old_demand_charge": -134927.676052752, "new_demand_charge": -131927.676052752, "demand_charge_savings": 3000.0, "retail_profits": 3920.936782105593, "battery_charge_cost": -3854.9210468133865, "battery_discharge_revenues": 4775.857828919064, "battery_retail_profits": 920.9367821056771, "battery_export_revenue": 0.0, "total_profits": 3920.936782105677, "irr": 0.04617, "npv": -2446.828}}