{"key_params": {"location": "CA_San.Francisco.Intl", "customer_type": "Office", "demand_charge": 10, "export_price": 0.032141, "export_price_type": "LMPs", "battery_size_kWh": 1000, "battery_power_kW": 500.0, "min_soc": 0.0, "max_soc": 1.0, "one_way_efficiency": 0.92, "start_soc": 0.5, "n_horizon": 24, "n_control": 12}, "savings": {"old_energy_charge": -513932.83536484017, "new_energy_charge": -511382.55904494325, "energy_charge_savings": 2550.2763198969187, "old_demand_charge": -134927.676052752, "new_demand_charge": -114922.06889843816, "demand_charge_savings": 20005.607154313853, "retail_profits": 22555.883474210772, "battery_charge_cost": -40469.743284355856, "battery_discharge_revenues": 43020.01960425283, "battery_retail_profits": 2550.276319896977, "battery_export_revenue": 85.31565533423421, "total_profits": 22641.199129545064, "irr": -0.02678, "npv": -135298.518}}