{"key_params": {"location": "CA_San.Francisco.Intl", "customer_type": "Office", "demand_charge": 10, "export_price": 0.032141, "export_price_type": "LMPs", "battery_size_kWh": 900, "battery_power_kW": 450.0, "min_soc": 0.0, "max_soc": 1.0, "one_way_efficiency": 0.92, "start_soc": 0.5, "n_horizon": 24, "n_control": 12}, "savings": {"old_energy_charge": -513932.83536484017, "new_energy_charge": -511406.8198987427, "energy_charge_savings": 2526.0154660974513, "old_demand_charge": -134927.676052752, "new_demand_charge": -116071.3397834785, "demand_charge_savings": 18856.33626927351, "retail_profits": 21382.35173537096, "battery_charge_cost": -36363.85356805804, "battery_discharge_revenues": 38889.869034155505, "battery_retail_profits": 2526.015466097466, "battery_export_revenue": 53.7588687555065, "total_profits": 21436.110604126483, "irr": -0.02003, "npv": -113794.199}}