{"key_params": {"location": "CA_San.Francisco.Intl", "customer_type": "Office", "demand_charge": 20, "export_price": 0.10531, "export_price_type": "Retail", "battery_size_kWh": 1200, "battery_power_kW": 300.0, "min_soc": 0.05, "max_soc": 1.0, "one_way_efficiency": 0.92, "start_soc": 0.5, "n_horizon": 24, "n_control": 12}, "savings": {"old_energy_charge": -513932.83536484017, "new_energy_charge": -511546.03770567774, "energy_charge_savings": 2386.797659162432, "old_demand_charge": -269855.352105504, "new_demand_charge": -226636.60018469376, "demand_charge_savings": 43218.75192081026, "retail_profits": 45605.54957997269, "battery_charge_cost": -46210.03161116975, "battery_discharge_revenues": 48596.82927033221, "battery_retail_profits": 2386.797659162461, "battery_export_revenue": 250.56324147051234, "total_profits": 45856.11282144323, "irr": 0.04254, "npv": -36901.561}}