{"key_params": {"location": "CA_San.Francisco.Intl", "customer_type": "Office", "demand_charge": 20, "export_price": 0.12, "export_price_type": "Low flat", "battery_size_kWh": 700, "battery_power_kW": 350.0, "min_soc": 0.0, "max_soc": 1.0, "one_way_efficiency": 0.92, "start_soc": 0.5, "n_horizon": 24, "n_control": 12}, "savings": {"old_energy_charge": -513932.83536484017, "new_energy_charge": -511713.0802960185, "energy_charge_savings": 2219.755068821658, "old_demand_charge": -269855.352105504, "new_demand_charge": -236853.2452349408, "demand_charge_savings": 33002.106870563206, "retail_profits": 35221.861939384864, "battery_charge_cost": -28492.844686852874, "battery_discharge_revenues": 30712.599755674615, "battery_retail_profits": 2219.7550688217416, "battery_export_revenue": 253.54555244541285, "total_profits": 35475.40749183036, "irr": 0.08585, "npv": 33523.281}}