{"key_params": {"location": "CA_San.Francisco.Intl", "customer_type": "Office", "demand_charge": 10, "export_price": 0.04275169, "export_price_type": "LMPs DA", "battery_size_kWh": 900, "battery_power_kW": 450.0, "min_soc": 0.0, "max_soc": 1.0, "one_way_efficiency": 0.92, "start_soc": 0.5, "n_horizon": 24, "n_control": 12}, "savings": {"old_energy_charge": -513932.83536484017, "new_energy_charge": -511967.3633108544, "energy_charge_savings": 1965.4720539857517, "old_demand_charge": -134927.676052752, "new_demand_charge": -116071.3397834785, "demand_charge_savings": 18856.33626927351, "retail_profits": 20821.80832325926, "battery_charge_cost": -36937.81032987278, "battery_discharge_revenues": 38903.282383858605, "battery_retail_profits": 1965.4720539858245, "battery_export_revenue": 715.6126971304099, "total_profits": 21537.421020389746, "irr": -0.0194, "npv": -113040.402}}