{"key_params": {"location": "CA_San.Francisco.Intl", "customer_type": "Office", "demand_charge": 20, "export_price": 0.10531, "export_price_type": "Retail", "battery_size_kWh": 1500, "battery_power_kW": 375.0, "min_soc": 0.05, "max_soc": 1.0, "one_way_efficiency": 0.92, "start_soc": 0.5, "n_horizon": 24, "n_control": 12}, "savings": {"old_energy_charge": -513932.83536484017, "new_energy_charge": -512488.0110306182, "energy_charge_savings": 1444.8243342219503, "old_demand_charge": -269855.352105504, "new_demand_charge": -220165.9945562974, "demand_charge_savings": 49689.357549206616, "retail_profits": 51134.181883428566, "battery_charge_cost": -57974.68682861413, "battery_discharge_revenues": 59419.51116283617, "battery_retail_profits": 1444.8243342220376, "battery_export_revenue": 1148.8463206490965, "total_profits": 52283.02820407775, "irr": 0.02996, "npv": -78028.316}}