{"key_params": {"location": "CA_San.Francisco.Intl", "customer_type": "Office", "demand_charge": 20, "export_price": 0.0, "export_price_type": "None", "battery_size_kWh": 700, "battery_power_kW": 350.0, "min_soc": 0.05, "max_soc": 1.0, "one_way_efficiency": 0.92, "start_soc": 0.5, "n_horizon": 24, "n_control": 12}, "savings": {"old_energy_charge": -513932.83536484017, "new_energy_charge": -511568.7013839537, "energy_charge_savings": 2364.133980886487, "old_demand_charge": -269855.352105504, "new_demand_charge": -237687.87207204773, "demand_charge_savings": 32167.48003345629, "retail_profits": 34531.61401434278, "battery_charge_cost": -26757.29894448677, "battery_discharge_revenues": 29121.43292537335, "battery_retail_profits": 2364.133980886578, "battery_export_revenue": 0.0, "total_profits": 34531.614014342864, "irr": 0.08136, "npv": 27569.233}}