{"key_params": {"location": "CA_San.Francisco.Intl", "customer_type": "Office", "demand_charge": 10, "export_price": 0.032141, "export_price_type": "LMPs", "battery_size_kWh": 700, "battery_power_kW": 350.0, "min_soc": 0.0, "max_soc": 1.0, "one_way_efficiency": 0.92, "start_soc": 0.5, "n_horizon": 24, "n_control": 12}, "savings": {"old_energy_charge": -513932.83536484017, "new_energy_charge": -511547.4407957239, "energy_charge_savings": 2385.3945691162953, "old_demand_charge": -134927.676052752, "new_demand_charge": -118426.62261747042, "demand_charge_savings": 16501.05343528159, "retail_profits": 18886.448004397884, "battery_charge_cost": -28181.895466580074, "battery_discharge_revenues": 30567.2900356965, "battery_retail_profits": 2385.3945691164263, "battery_export_revenue": 26.755898159074206, "total_profits": 18913.20390255709, "irr": -0.00347, "npv": -72560.256}}