{"key_params": {"location": "CA_San.Francisco.Intl", "customer_type": "Office", "demand_charge": 20, "export_price": 0.12, "export_price_type": "Low flat", "battery_size_kWh": 1500, "battery_power_kW": 375.0, "min_soc": 0.05, "max_soc": 1.0, "one_way_efficiency": 0.92, "start_soc": 0.5, "n_horizon": 24, "n_control": 12}, "savings": {"old_energy_charge": -513932.83536484017, "new_energy_charge": -511411.1700306462, "energy_charge_savings": 2521.6653341939673, "old_demand_charge": -269855.352105504, "new_demand_charge": -220165.99455629743, "demand_charge_savings": 49689.35754920659, "retail_profits": 52211.022883400554, "battery_charge_cost": -57680.10973119551, "battery_discharge_revenues": 60201.775065389564, "battery_retail_profits": 2521.6653341940546, "battery_export_revenue": 33.58278230939029, "total_profits": 52244.605665710034, "irr": 0.02986, "npv": -78272.663}}