{"key_params": {"location": "CA_San.Francisco.Intl", "customer_type": "Office", "demand_charge": 20, "export_price": 0.10531, "export_price_type": "Retail", "battery_size_kWh": 600, "battery_power_kW": 150.0, "min_soc": 0.05, "max_soc": 1.0, "one_way_efficiency": 0.92, "start_soc": 0.5, "n_horizon": 24, "n_control": 12}, "savings": {"old_energy_charge": -513932.83536484017, "new_energy_charge": -511674.64891382086, "energy_charge_savings": 2258.186451019312, "old_demand_charge": -269855.352105504, "new_demand_charge": -240765.58785939257, "demand_charge_savings": 29089.764246111445, "retail_profits": 31347.950697130756, "battery_charge_cost": -22881.782024745156, "battery_discharge_revenues": 25139.968475764577, "battery_retail_profits": 2258.186451019421, "battery_export_revenue": 0.0, "total_profits": 31347.950697130866, "irr": 0.09102, "npv": 34667.249}}