{"key_params": {"location": "CA_San.Francisco.Intl", "customer_type": "Office", "demand_charge": 10, "export_price": 0.12, "export_price_type": "Low flat", "battery_size_kWh": 500, "battery_power_kW": 250.0, "min_soc": 0.0, "max_soc": 1.0, "one_way_efficiency": 0.92, "start_soc": 0.5, "n_horizon": 24, "n_control": 12}, "savings": {"old_energy_charge": -513932.83536484017, "new_energy_charge": -511865.75362564414, "energy_charge_savings": 2067.08173919603, "old_demand_charge": -134927.676052752, "new_demand_charge": -120914.3653590992, "demand_charge_savings": 14013.310693652806, "retail_profits": 16080.392432848836, "battery_charge_cost": -20232.716308907708, "battery_discharge_revenues": 22299.798048103792, "battery_retail_profits": 2067.0817391960845, "battery_export_revenue": 113.23192140745986, "total_profits": 16193.62435425635, "irr": 0.02018, "npv": -33952.499}}