{"key_params": {"location": "CA_San.Francisco.Intl", "customer_type": "Office", "demand_charge": 10, "export_price": 0.12, "export_price_type": "Low flat", "battery_size_kWh": 2000, "battery_power_kW": 500.0, "min_soc": 0.0, "max_soc": 1.0, "one_way_efficiency": 0.92, "start_soc": 0.5, "n_horizon": 24, "n_control": 12}, "savings": {"old_energy_charge": -513932.83536484017, "new_energy_charge": -512945.39974241244, "energy_charge_savings": 987.435622427729, "old_demand_charge": -134927.676052752, "new_demand_charge": -103765.66599281822, "demand_charge_savings": 31162.01005993379, "retail_profits": 32149.44568236152, "battery_charge_cost": -77676.53587903373, "battery_discharge_revenues": 78663.97150146152, "battery_retail_profits": 987.4356224277872, "battery_export_revenue": 487.8155791960549, "total_profits": 32637.261261557633, "irr": -0.06918, "npv": -371313.93}}