{"key_params": {"location": "CA_San.Francisco.Intl", "customer_type": "Office", "demand_charge": 20, "export_price": 0.12, "export_price_type": "Low flat", "battery_size_kWh": 800, "battery_power_kW": 400.0, "min_soc": 0.0, "max_soc": 1.0, "one_way_efficiency": 0.92, "start_soc": 0.5, "n_horizon": 24, "n_control": 12}, "savings": {"old_energy_charge": -513932.83536484017, "new_energy_charge": -511667.847992825, "energy_charge_savings": 2264.9873720151954, "old_demand_charge": -269855.352105504, "new_demand_charge": -234486.84332720033, "demand_charge_savings": 35368.50877830369, "retail_profits": 37633.49615031888, "battery_charge_cost": -32626.44511165138, "battery_discharge_revenues": 34891.43248366668, "battery_retail_profits": 2264.9873720152973, "battery_export_revenue": 323.70232140745986, "total_profits": 37957.19847172644, "irr": 0.07502, "npv": 21997.409}}