{"key_params": {"location": "CA_San.Francisco.Intl", "customer_type": "Office", "demand_charge": 20, "export_price": 0.12, "export_price_type": "Low flat", "battery_size_kWh": 2000, "battery_power_kW": 500.0, "min_soc": 0.05, "max_soc": 1.0, "one_way_efficiency": 0.92, "start_soc": 0.5, "n_horizon": 24, "n_control": 12}, "savings": {"old_energy_charge": -513932.83536484017, "new_energy_charge": -512617.61479302373, "energy_charge_savings": 1315.2205718164332, "old_demand_charge": -269855.352105504, "new_demand_charge": -209705.8774401819, "demand_charge_savings": 60149.47466532211, "retail_profits": 61464.69523713854, "battery_charge_cost": -74365.31727985149, "battery_discharge_revenues": 75680.537851668, "battery_retail_profits": 1315.2205718165205, "battery_export_revenue": 418.8765817797773, "total_profits": 61883.571818918404, "irr": 0.01419, "npv": -154667.788}}