{"key_params": {"location": "CA_San.Francisco.Intl", "customer_type": "Office", "demand_charge": 20, "export_price": 0.032141, "export_price_type": "LMPs", "battery_size_kWh": 1500, "battery_power_kW": 750.0, "min_soc": 0.05, "max_soc": 1.0, "one_way_efficiency": 0.92, "start_soc": 0.5, "n_horizon": 24, "n_control": 12}, "savings": {"old_energy_charge": -513932.83536484017, "new_energy_charge": -511503.61256148794, "energy_charge_savings": 2429.222803352226, "old_demand_charge": -269855.352105504, "new_demand_charge": -220165.99455629734, "demand_charge_savings": 49689.357549206674, "retail_profits": 52118.5803525589, "battery_charge_cost": -57678.99828985025, "battery_discharge_revenues": 60108.22109320261, "battery_retail_profits": 2429.222803352357, "battery_export_revenue": 262.1103969812375, "total_profits": 52380.69074954027, "irr": 0.03021, "npv": -77407.236}}