{"key_params": {"location": "CA_San.Francisco.Intl", "customer_type": "Office", "demand_charge": 20, "export_price": 0.12, "export_price_type": "Low flat", "battery_size_kWh": 1500, "battery_power_kW": 750.0, "min_soc": 0.05, "max_soc": 1.0, "one_way_efficiency": 0.92, "start_soc": 0.5, "n_horizon": 24, "n_control": 12}, "savings": {"old_energy_charge": -513932.83536484017, "new_energy_charge": -511950.1171193813, "energy_charge_savings": 1982.7182454588474, "old_demand_charge": -269855.352105504, "new_demand_charge": -220165.99455629737, "demand_charge_savings": 49689.357549206645, "retail_profits": 51672.07579466549, "battery_charge_cost": -58353.69066195172, "battery_discharge_revenues": 60336.408907410616, "battery_retail_profits": 1982.7182454588983, "battery_export_revenue": 857.083665854087, "total_profits": 52529.15946051963, "irr": 0.03059, "npv": -76463.055}}