{"key_params": {"location": "CA_San.Francisco.Intl", "customer_type": "Office", "demand_charge": 20, "export_price": 0.12, "export_price_type": "Low flat", "battery_size_kWh": 600, "battery_power_kW": 300.0, "min_soc": 0.0, "max_soc": 1.0, "one_way_efficiency": 0.92, "start_soc": 0.5, "n_horizon": 24, "n_control": 12}, "savings": {"old_energy_charge": -513932.83536484017, "new_energy_charge": -511779.13927138865, "energy_charge_savings": 2153.6960934515228, "old_demand_charge": -269855.352105504, "new_demand_charge": -239281.96433932346, "demand_charge_savings": 30573.38776618056, "retail_profits": 32727.083859632083, "battery_charge_cost": -24373.646891491582, "battery_discharge_revenues": 26527.342984943236, "battery_retail_profits": 2153.6960934516537, "battery_export_revenue": 183.38872140746, "total_profits": 32910.47258103967, "irr": 0.0995, "npv": 44524.628}}