{"key_params": {"location": "CA_San.Francisco.Intl", "customer_type": "Office", "demand_charge": 10, "export_price": 0.04458485, "export_price_type": "LMPs RT", "battery_size_kWh": 1000, "battery_power_kW": 500.0, "min_soc": 0.0, "max_soc": 1.0, "one_way_efficiency": 0.92, "start_soc": 0.5, "n_horizon": 24, "n_control": 12}, "savings": {"old_energy_charge": -513932.83536484017, "new_energy_charge": -512167.48550588306, "energy_charge_savings": 1765.34985895711, "old_demand_charge": -134927.676052752, "new_demand_charge": -114922.06889843816, "demand_charge_savings": 20005.607154313853, "retail_profits": 21770.957013270963, "battery_charge_cost": -40807.46774009688, "battery_discharge_revenues": 42572.81759905409, "battery_retail_profits": 1765.3498589572118, "battery_export_revenue": 2039.7778639128146, "total_profits": 23810.73487718388, "irr": -0.02007, "npv": -126491.316}}