{"key_params": {"location": "CA_San.Francisco.Intl", "customer_type": "Office", "demand_charge": 10, "export_price": 0.04458485, "export_price_type": "LMPs RT", "battery_size_kWh": 700, "battery_power_kW": 350.0, "min_soc": 0.0, "max_soc": 1.0, "one_way_efficiency": 0.92, "start_soc": 0.5, "n_horizon": 24, "n_control": 12}, "savings": {"old_energy_charge": -513932.83536484017, "new_energy_charge": -511773.6864947264, "energy_charge_savings": 2159.1488701137714, "old_demand_charge": -134927.676052752, "new_demand_charge": -118426.6226174704, "demand_charge_savings": 16501.053435281603, "retail_profits": 18660.202305395374, "battery_charge_cost": -28235.440669793683, "battery_discharge_revenues": 30394.589539907538, "battery_retail_profits": 2159.148870113855, "battery_export_revenue": 736.3811542333925, "total_profits": 19396.58345962885, "irr": -0.00018, "npv": -69248.422}}