{"key_params": {"location": "CA_San.Francisco.Intl", "customer_type": "Office", "demand_charge": 20, "export_price": 0.04458485, "export_price_type": "LMPs RT", "battery_size_kWh": 2000, "battery_power_kW": 1000.0, "min_soc": 0.0, "max_soc": 1.0, "one_way_efficiency": 0.92, "start_soc": 0.5, "n_horizon": 24, "n_control": 12}, "savings": {"old_energy_charge": -513932.83536484017, "new_energy_charge": -515370.5700290789, "energy_charge_savings": -1437.7346642387565, "old_demand_charge": -269855.352105504, "new_demand_charge": -207531.33198563653, "demand_charge_savings": 62324.02011986749, "retail_profits": 60886.285455628735, "battery_charge_cost": -79359.48095693522, "battery_discharge_revenues": 77921.74629269658, "battery_retail_profits": -1437.73466423864, "battery_export_revenue": 6892.790556644955, "total_profits": 67779.07601227381, "irr": 0.02619, "npv": -116423.547}}