{"key_params": {"location": "CA_San.Francisco.Intl", "customer_type": "Office", "demand_charge": 20, "export_price": 0.10531, "export_price_type": "Retail", "battery_size_kWh": 1500, "battery_power_kW": 750.0, "min_soc": 0.05, "max_soc": 1.0, "one_way_efficiency": 0.92, "start_soc": 0.5, "n_horizon": 24, "n_control": 12}, "savings": {"old_energy_charge": -513932.83536484017, "new_energy_charge": -519465.9919964507, "energy_charge_savings": -5533.156631610531, "old_demand_charge": -269855.352105504, "new_demand_charge": -220165.99455629737, "demand_charge_savings": 49689.357549206645, "retail_profits": 44156.200917596114, "battery_charge_cost": -57968.91769651763, "battery_discharge_revenues": 52435.76106490717, "battery_retail_profits": -5533.156631610458, "battery_export_revenue": 8132.596418578097, "total_profits": 52288.797336174284, "irr": 0.02997, "npv": -77991.628}}