{"key_params": {"location": "CA_San.Francisco.Intl", "customer_type": "Office", "demand_charge": 20, "export_price": 0.032141, "export_price_type": "LMPs", "battery_size_kWh": 1000, "battery_power_kW": 500.0, "min_soc": 0.05, "max_soc": 1.0, "one_way_efficiency": 0.92, "start_soc": 0.5, "n_horizon": 24, "n_control": 12}, "savings": {"old_energy_charge": -513932.83536484017, "new_energy_charge": -511400.3744017704, "energy_charge_savings": 2532.4609630697523, "old_demand_charge": -269855.352105504, "new_demand_charge": -230991.58224132072, "demand_charge_savings": 38863.7698641833, "retail_profits": 41396.23082725305, "battery_charge_cost": -38422.99616902384, "battery_discharge_revenues": 40955.45713209371, "battery_retail_profits": 2532.4609630698687, "battery_export_revenue": 74.9842411742342, "total_profits": 41471.2150684274, "irr": 0.05429, "npv": -10199.111}}