{"key_params": {"location": "CA_San.Francisco.Intl", "customer_type": "Office", "demand_charge": 10, "export_price": 0.12, "export_price_type": "Low flat", "battery_size_kWh": 500, "battery_power_kW": 125.0, "min_soc": 0.0, "max_soc": 1.0, "one_way_efficiency": 0.92, "start_soc": 0.5, "n_horizon": 24, "n_control": 12}, "savings": {"old_energy_charge": -513932.83536484017, "new_energy_charge": -511772.1723364633, "energy_charge_savings": 2160.6630283768754, "old_demand_charge": -134927.676052752, "new_demand_charge": -121712.04798499745, "demand_charge_savings": 13215.628067754558, "retail_profits": 15376.291096131434, "battery_charge_cost": -20022.20689463969, "battery_discharge_revenues": 22182.869923016584, "battery_retail_profits": 2160.6630283768936, "battery_export_revenue": 0.0, "total_profits": 15376.291096131452, "irr": 0.01339, "npv": -39286.499}}