{"key_params": {"location": "CA_San.Francisco.Intl", "customer_type": "Office", "demand_charge": 10, "export_price": 0.048211500000000004, "export_price_type": "150% LMPs", "battery_size_kWh": 1000, "battery_power_kW": 250.0, "min_soc": 0.05, "max_soc": 1.0, "one_way_efficiency": 0.92, "start_soc": 0.5, "n_horizon": 24, "n_control": 12}, "savings": {"old_energy_charge": -513932.83536484017, "new_energy_charge": -511357.9041515764, "energy_charge_savings": 2574.9312132637715, "old_demand_charge": -134927.676052752, "new_demand_charge": -115495.7911206605, "demand_charge_savings": 19431.884932091503, "retail_profits": 22006.816145355275, "battery_charge_cost": -38419.286079368765, "battery_discharge_revenues": 40994.21729263259, "battery_retail_profits": 2574.9312132638224, "battery_export_revenue": 10.063581143324447, "total_profits": 22016.87972649865, "irr": -0.03053, "npv": -140156.3}}