{"key_params": {"location": "CA_San.Francisco.Intl", "customer_type": "Office", "demand_charge": 20, "export_price": 0.04458485, "export_price_type": "LMPs RT", "battery_size_kWh": 800, "battery_power_kW": 400.0, "min_soc": 0.0, "max_soc": 1.0, "one_way_efficiency": 0.92, "start_soc": 0.5, "n_horizon": 24, "n_control": 12}, "savings": {"old_energy_charge": -513932.83536484017, "new_energy_charge": -511850.6302329922, "energy_charge_savings": 2082.2051318479935, "old_demand_charge": -269855.352105504, "new_demand_charge": -234486.84332720033, "demand_charge_savings": 35368.50877830369, "retail_profits": 37450.71391015168, "battery_charge_cost": -32423.843047379167, "battery_discharge_revenues": 34506.04817922723, "battery_retail_profits": 2082.2051318480662, "battery_export_revenue": 1125.6843539797553, "total_profits": 38576.39826413151, "irr": 0.07763, "npv": 25903.714}}