{"key_params": {"location": "CA_San.Francisco.Intl", "customer_type": "Office", "demand_charge": 10, "export_price": 0.10531, "export_price_type": "Retail", "battery_size_kWh": 500, "battery_power_kW": 250.0, "min_soc": 0.0, "max_soc": 1.0, "one_way_efficiency": 0.92, "start_soc": 0.5, "n_horizon": 24, "n_control": 12}, "savings": {"old_energy_charge": -513932.83536484017, "new_energy_charge": -511777.5432991154, "energy_charge_savings": 2155.2920657247887, "old_demand_charge": -134927.676052752, "new_demand_charge": -120914.3653590992, "demand_charge_savings": 14013.310693652806, "retail_profits": 16168.602759377594, "battery_charge_cost": -20010.609749361396, "battery_discharge_revenues": 22165.901815086258, "battery_retail_profits": 2155.2920657248615, "battery_export_revenue": 6.588114898478397, "total_profits": 16175.190874276146, "irr": 0.02003, "npv": -34071.932}}