{"key_params": {"location": "CA_San.Francisco.Intl", "customer_type": "Office", "demand_charge": 10, "export_price": 0.12, "export_price_type": "Low flat", "battery_size_kWh": 1000, "battery_power_kW": 250.0, "min_soc": 0.0, "max_soc": 1.0, "one_way_efficiency": 0.92, "start_soc": 0.5, "n_horizon": 24, "n_control": 12}, "savings": {"old_energy_charge": -513932.83536484017, "new_energy_charge": -511320.49124512257, "energy_charge_savings": 2612.3441197176, "old_demand_charge": -134927.676052752, "new_demand_charge": -114922.06889843824, "demand_charge_savings": 20005.607154313766, "retail_profits": 22617.951274031366, "battery_charge_cost": -40459.09207284088, "battery_discharge_revenues": 43071.43619255853, "battery_retail_profits": 2612.3441197176508, "battery_export_revenue": 4.074442018497107e-05, "total_profits": 22617.951314775837, "irr": -0.02692, "npv": -135475.456}}