{"key_params": {"location": "CA_San.Francisco.Intl", "customer_type": "Office", "demand_charge": 20, "export_price": 0.032141, "export_price_type": "LMPs", "battery_size_kWh": 1500, "battery_power_kW": 375.0, "min_soc": 0.05, "max_soc": 1.0, "one_way_efficiency": 0.92, "start_soc": 0.5, "n_horizon": 24, "n_control": 12}, "savings": {"old_energy_charge": -513932.83536484017, "new_energy_charge": -511403.7884160517, "energy_charge_savings": 2529.0469487884548, "old_demand_charge": -269855.352105504, "new_demand_charge": -220165.99455629743, "demand_charge_savings": 49689.35754920659, "retail_profits": 52218.40449799504, "battery_charge_cost": -57680.109694285326, "battery_discharge_revenues": 60209.15664307383, "battery_retail_profits": 2529.0469487885057, "battery_export_revenue": 32.92358087550649, "total_profits": 52251.328078870596, "irr": 0.02987, "npv": -78229.912}}