{"key_params": {"location": "CA_San.Francisco.Intl", "customer_type": "Office", "demand_charge": 10, "export_price": 0.12, "export_price_type": "Low flat", "battery_size_kWh": 200, "battery_power_kW": 100.0, "min_soc": 0.0, "max_soc": 1.0, "one_way_efficiency": 0.92, "start_soc": 0.5, "n_horizon": 24, "n_control": 12}, "savings": {"old_energy_charge": -513932.83536484017, "new_energy_charge": -512677.3799202481, "energy_charge_savings": 1255.4554445920512, "old_demand_charge": -134927.676052752, "new_demand_charge": -125714.14345892299, "demand_charge_savings": 9213.532593829019, "retail_profits": 10468.98803842107, "battery_charge_cost": -7927.362175169961, "battery_discharge_revenues": 9182.81761976209, "battery_retail_profits": 1255.4554445921294, "battery_export_revenue": 0.0, "total_profits": 10468.988038421148, "irr": 0.09134, "npv": 11679.848}}