{"key_params": {"location": "CA_San.Francisco.Intl", "customer_type": "Office", "demand_charge": 20, "export_price": 0.12, "export_price_type": "Low flat", "battery_size_kWh": 1000, "battery_power_kW": 250.0, "min_soc": 0.05, "max_soc": 1.0, "one_way_efficiency": 0.92, "start_soc": 0.5, "n_horizon": 24, "n_control": 12}, "savings": {"old_energy_charge": -513932.83536484017, "new_energy_charge": -511345.4089465947, "energy_charge_savings": 2587.426418245479, "old_demand_charge": -269855.352105504, "new_demand_charge": -230991.58224132084, "demand_charge_savings": 38863.76986418318, "retail_profits": 41451.19628242866, "battery_charge_cost": -38413.18159265666, "battery_discharge_revenues": 41000.60801090219, "battery_retail_profits": 2587.42641824553, "battery_export_revenue": 2.0204797668521887e-05, "total_profits": 41451.19630263351, "irr": 0.05422, "npv": -10325.402}}