{"key_params": {"location": "CA_San.Francisco.Intl", "customer_type": "Office", "demand_charge": 10, "export_price": 0.12, "export_price_type": "Low flat", "battery_size_kWh": 2000, "battery_power_kW": 1000.0, "min_soc": 0.0, "max_soc": 1.0, "one_way_efficiency": 0.92, "start_soc": 0.5, "n_horizon": 24, "n_control": 12}, "savings": {"old_energy_charge": -513932.83536484017, "new_energy_charge": -513236.24903180974, "energy_charge_savings": 696.5863330304273, "old_demand_charge": -134927.676052752, "new_demand_charge": -103765.66599281826, "demand_charge_savings": 31162.010059933746, "retail_profits": 31858.596392964173, "battery_charge_cost": -78193.8044058699, "battery_discharge_revenues": 78890.39073890043, "battery_retail_profits": 696.5863330305292, "battery_export_revenue": 946.5652738881231, "total_profits": 32805.1616668524, "irr": -0.06855, "npv": -369973.142}}