{"key_params": {"location": "CA_San.Francisco.Intl", "customer_type": "Office", "demand_charge": 10, "export_price": 0.10531, "export_price_type": "Retail", "battery_size_kWh": 1500, "battery_power_kW": 750.0, "min_soc": 0.0, "max_soc": 1.0, "one_way_efficiency": 0.92, "start_soc": 0.5, "n_horizon": 24, "n_control": 12}, "savings": {"old_energy_charge": -513932.83536484017, "new_energy_charge": -520602.31864077365, "energy_charge_savings": -6669.483275933482, "old_demand_charge": -134927.676052752, "new_demand_charge": -109242.79857542504, "demand_charge_savings": 25684.87747732697, "retail_profits": 19015.394201393487, "battery_charge_cost": -61042.5694657118, "battery_discharge_revenues": 54373.08618977833, "battery_retail_profits": -6669.483275933468, "battery_export_revenue": 9227.693222879767, "total_profits": 28243.087424273268, "irr": -0.05118, "npv": -248418.487}}