{"key_params": {"location": "CA_San.Francisco.Intl", "customer_type": "Office", "demand_charge": 20, "export_price": 0.04458485, "export_price_type": "LMPs RT", "battery_size_kWh": 1000, "battery_power_kW": 500.0, "min_soc": 0.0, "max_soc": 1.0, "one_way_efficiency": 0.92, "start_soc": 0.5, "n_horizon": 24, "n_control": 12}, "savings": {"old_energy_charge": -513932.83536484017, "new_energy_charge": -512167.48550588306, "energy_charge_savings": 1765.34985895711, "old_demand_charge": -269855.352105504, "new_demand_charge": -229844.1377968763, "demand_charge_savings": 40011.21430862771, "retail_profits": 41776.56416758482, "battery_charge_cost": -40807.46774009687, "battery_discharge_revenues": 42572.8175990541, "battery_retail_profits": 1765.3498589572264, "battery_export_revenue": 2039.7778639128146, "total_profits": 43816.34203149775, "irr": 0.06255, "npv": 4595.436}}