{"key_params": {"location": "CA_San.Francisco.Intl", "customer_type": "Office", "demand_charge": 10, "export_price": 0.032141, "export_price_type": "LMPs", "battery_size_kWh": 1000, "battery_power_kW": 250.0, "min_soc": 0.0, "max_soc": 1.0, "one_way_efficiency": 0.92, "start_soc": 0.5, "n_horizon": 24, "n_control": 12}, "savings": {"old_energy_charge": -513932.83536484017, "new_energy_charge": -511328.2148573281, "energy_charge_savings": 2604.620507512067, "old_demand_charge": -134927.676052752, "new_demand_charge": -114922.06889843818, "demand_charge_savings": 20005.607154313824, "retail_profits": 22610.22766182589, "battery_charge_cost": -40463.92000573861, "battery_discharge_revenues": 43068.54051325075, "battery_retail_profits": 2604.6205075121397, "battery_export_revenue": 4.296302159074199, "total_profits": 22614.523963985037, "irr": -0.02694, "npv": -135502.146}}