{"key_params": {"location": "CA_San.Francisco.Intl", "customer_type": "Office", "demand_charge": 20, "export_price": 0.0, "export_price_type": "None", "battery_size_kWh": 1200, "battery_power_kW": 600.0, "min_soc": 0.05, "max_soc": 1.0, "one_way_efficiency": 0.92, "start_soc": 0.5, "n_horizon": 24, "n_control": 12}, "savings": {"old_energy_charge": -513932.83536484017, "new_energy_charge": -511290.6486819394, "energy_charge_savings": 2642.186682900763, "old_demand_charge": -269855.352105504, "new_demand_charge": -226636.60018469358, "demand_charge_savings": 43218.751920810435, "retail_profits": 45860.9386037112, "battery_charge_cost": -46205.2058289019, "battery_discharge_revenues": 48847.3925118027, "battery_retail_profits": 2642.1866829007995, "battery_export_revenue": 0.0, "total_profits": 45860.938603711234, "irr": 0.04256, "npv": -36871.117}}