{"key_params": {"location": "CA_San.Francisco.Intl", "customer_type": "Office", "demand_charge": 20, "export_price": 0.12, "export_price_type": "Low flat", "battery_size_kWh": 900, "battery_power_kW": 450.0, "min_soc": 0.0, "max_soc": 1.0, "one_way_efficiency": 0.92, "start_soc": 0.5, "n_horizon": 24, "n_control": 12}, "savings": {"old_energy_charge": -513932.83536484017, "new_energy_charge": -511645.4268681749, "energy_charge_savings": 2287.4084966652445, "old_demand_charge": -269855.352105504, "new_demand_charge": -232142.679566957, "demand_charge_savings": 37712.67253854702, "retail_profits": 40000.081035212264, "battery_charge_cost": -36763.6461298621, "battery_discharge_revenues": 39051.054626527446, "battery_retail_profits": 2287.4084966653463, "battery_export_revenue": 393.85912140745984, "total_profits": 40393.94015661983, "irr": 0.06624, "npv": 10187.338}}