{"key_params": {"location": "CA_San.Francisco.Intl", "customer_type": "Office", "demand_charge": 20, "export_price": 0.0, "export_price_type": "None", "battery_size_kWh": 400, "battery_power_kW": 100.0, "min_soc": 0.05, "max_soc": 1.0, "one_way_efficiency": 0.92, "start_soc": 0.5, "n_horizon": 24, "n_control": 12}, "savings": {"old_energy_charge": -513932.83536484017, "new_energy_charge": -511983.7173210321, "energy_charge_savings": 1949.118043808092, "old_demand_charge": -269855.352105504, "new_demand_charge": -247391.92165161963, "demand_charge_savings": 22463.430453884386, "retail_profits": 24412.548497692478, "battery_charge_cost": -15141.156387407176, "battery_discharge_revenues": 17090.27443121532, "battery_retail_profits": 1949.1180438081428, "battery_export_revenue": 0.0, "total_profits": 24412.54849769253, "irr": 0.11916, "npv": 45279.501}}