{"key_params": {"location": "CA_San.Francisco.Intl", "customer_type": "Office", "demand_charge": 10, "export_price": 0.12, "export_price_type": "Low flat", "battery_size_kWh": 900, "battery_power_kW": 225.0, "min_soc": 0.0, "max_soc": 1.0, "one_way_efficiency": 0.92, "start_soc": 0.5, "n_horizon": 24, "n_control": 12}, "savings": {"old_energy_charge": -513932.83536484017, "new_energy_charge": -511373.3154495199, "energy_charge_savings": 2559.5199153202702, "old_demand_charge": -134927.676052752, "new_demand_charge": -116071.33978347856, "demand_charge_savings": 18856.33626927345, "retail_profits": 21415.856184593722, "battery_charge_cost": -36363.77331970001, "battery_discharge_revenues": 38923.293235020334, "battery_retail_profits": 2559.519915320321, "battery_export_revenue": 1.6012925176404093e-05, "total_profits": 21415.856200606697, "irr": -0.02015, "npv": -113944.901}}