{"key_params": {"location": "CA_San.Francisco.Intl", "customer_type": "Office", "demand_charge": 20, "export_price": 0.04275169, "export_price_type": "LMPs DA", "battery_size_kWh": 700, "battery_power_kW": 350.0, "min_soc": 0.0, "max_soc": 1.0, "one_way_efficiency": 0.92, "start_soc": 0.5, "n_horizon": 24, "n_control": 12}, "savings": {"old_energy_charge": -513932.83536484017, "new_energy_charge": -511714.9858842752, "energy_charge_savings": 2217.849480564997, "old_demand_charge": -269855.352105504, "new_demand_charge": -236853.24523494084, "demand_charge_savings": 33002.10687056318, "retail_profits": 35219.956351128174, "battery_charge_cost": -28321.530414595192, "battery_discharge_revenues": 30539.37989516028, "battery_retail_profits": 2217.849480565088, "battery_export_revenue": 229.0324328503592, "total_profits": 35448.988783978624, "irr": 0.08572, "npv": 33356.615}}