{"key_params": {"location": "CA_San.Francisco.Intl", "customer_type": "Office", "demand_charge": 10, "export_price": 0.12, "export_price_type": "Low flat", "battery_size_kWh": 600, "battery_power_kW": 300.0, "min_soc": 0.0, "max_soc": 1.0, "one_way_efficiency": 0.92, "start_soc": 0.5, "n_horizon": 24, "n_control": 12}, "savings": {"old_energy_charge": -513932.83536484017, "new_energy_charge": -511779.1392713886, "energy_charge_savings": 2153.696093451581, "old_demand_charge": -134927.676052752, "new_demand_charge": -119640.98216966176, "demand_charge_savings": 15286.69388309025, "retail_profits": 17440.389976541832, "battery_charge_cost": -24373.646891491582, "battery_discharge_revenues": 26527.342984943243, "battery_retail_profits": 2153.696093451661, "battery_export_revenue": 183.38872140745994, "total_profits": 17623.778697949372, "irr": 0.00741, "npv": -52621.843}}