{"key_params": {"location": "CA_San.Francisco.Intl", "customer_type": "Office", "demand_charge": 20, "export_price": 0.04275169, "export_price_type": "LMPs DA", "battery_size_kWh": 800, "battery_power_kW": 400.0, "min_soc": 0.0, "max_soc": 1.0, "one_way_efficiency": 0.92, "start_soc": 0.5, "n_horizon": 24, "n_control": 12}, "savings": {"old_energy_charge": -513932.83536484017, "new_energy_charge": -511848.2510310715, "energy_charge_savings": 2084.5843337686965, "old_demand_charge": -269855.352105504, "new_demand_charge": -234486.84332720036, "demand_charge_savings": 35368.50877830366, "retail_profits": 37453.093112072354, "battery_charge_cost": -32673.758593692968, "battery_discharge_revenues": 34758.342927461774, "battery_retail_profits": 2084.5843337688057, "battery_export_revenue": 487.45313468705183, "total_profits": 37940.54624675951, "irr": 0.07495, "npv": 21892.356}}