{"key_params": {"location": "CA_San.Francisco.Intl", "customer_type": "Office", "demand_charge": 10, "export_price": 0.10531, "export_price_type": "Retail", "battery_size_kWh": 1200, "battery_power_kW": 600.0, "min_soc": 0.0, "max_soc": 1.0, "one_way_efficiency": 0.92, "start_soc": 0.5, "n_horizon": 24, "n_control": 12}, "savings": {"old_energy_charge": -513932.83536484017, "new_energy_charge": -516847.159318911, "energy_charge_savings": -2914.32395407086, "old_demand_charge": -134927.676052752, "new_demand_charge": -112635.96675901346, "demand_charge_savings": 22291.709293738546, "retail_profits": 19377.385339667686, "battery_charge_cost": -48658.745507583546, "battery_discharge_revenues": 45744.42155351275, "battery_retail_profits": -2914.3239540707946, "battery_export_revenue": 5572.839463746859, "total_profits": 24950.22480341461, "irr": -0.03822, "npv": -179922.644}}