{"key_params": {"location": "CA_San.Francisco.Intl", "customer_type": "Office", "demand_charge": 10, "export_price": 0.0, "export_price_type": "None", "battery_size_kWh": 2000, "battery_power_kW": 1000.0, "min_soc": 0.0, "max_soc": 1.0, "one_way_efficiency": 0.92, "start_soc": 0.5, "n_horizon": 24, "n_control": 12}, "savings": {"old_energy_charge": -513932.83536484017, "new_energy_charge": -512474.1907177427, "energy_charge_savings": 1458.644647097448, "old_demand_charge": -134927.676052752, "new_demand_charge": -103765.66599281826, "demand_charge_savings": 31162.010059933746, "retail_profits": 32620.654707031194, "battery_charge_cost": -77717.02463773606, "battery_discharge_revenues": 79175.6692848336, "battery_retail_profits": 1458.6446470975352, "battery_export_revenue": 0.0, "total_profits": 32620.65470703128, "irr": -0.06924, "npv": -371446.543}}