{"key_params": {"location": "CA_San.Francisco.Intl", "customer_type": "Office", "demand_charge": 10, "export_price": 0.032141, "export_price_type": "LMPs", "battery_size_kWh": 1200, "battery_power_kW": 300.0, "min_soc": 0.0, "max_soc": 1.0, "one_way_efficiency": 0.92, "start_soc": 0.5, "n_horizon": 24, "n_control": 12}, "savings": {"old_energy_charge": -513932.83536484017, "new_energy_charge": -511298.12594558974, "energy_charge_savings": 2634.70941925043, "old_demand_charge": -134927.676052752, "new_demand_charge": -112635.96675901354, "demand_charge_savings": 22291.709293738473, "retail_profits": 24926.418712988903, "battery_charge_cost": -48672.10640267686, "battery_discharge_revenues": 51306.815821927376, "battery_retail_profits": 2634.7094192505174, "battery_export_revenue": 15.526100159074199, "total_profits": 24941.944813148064, "irr": -0.03826, "npv": -179988.765}}