{"key_params": {"location": "CA_San.Francisco.Intl", "customer_type": "Office", "demand_charge": 10, "export_price": 0.032141, "export_price_type": "LMPs", "battery_size_kWh": 500, "battery_power_kW": 250.0, "min_soc": 0.0, "max_soc": 1.0, "one_way_efficiency": 0.92, "start_soc": 0.5, "n_horizon": 24, "n_control": 12}, "savings": {"old_energy_charge": -513932.83536484017, "new_energy_charge": -511773.8457714708, "energy_charge_savings": 2158.9895933693624, "old_demand_charge": -134927.676052752, "new_demand_charge": -120914.36535909923, "demand_charge_savings": 14013.310693652777, "retail_profits": 16172.300287022139, "battery_charge_cost": -20010.609749361396, "battery_discharge_revenues": 22169.59934273082, "battery_retail_profits": 2158.9895933694243, "battery_export_revenue": 4.296302159074199, "total_profits": 16176.596589181274, "irr": 0.02004, "npv": -34062.824}}