{"key_params": {"location": "CA_San.Francisco.Intl", "customer_type": "Office", "demand_charge": 20, "export_price": 0.032141, "export_price_type": "LMPs", "battery_size_kWh": 300, "battery_power_kW": 150.0, "min_soc": 0.05, "max_soc": 1.0, "one_way_efficiency": 0.92, "start_soc": 0.5, "n_horizon": 24, "n_control": 12}, "savings": {"old_energy_charge": -513932.83536484017, "new_energy_charge": -512323.3976563806, "energy_charge_savings": 1609.4377084595617, "old_demand_charge": -269855.352105504, "new_demand_charge": -247946.06399687644, "demand_charge_savings": 21909.288108627574, "retail_profits": 23518.725817087136, "battery_charge_cost": -11311.786429201706, "battery_discharge_revenues": 12921.224137661346, "battery_retail_profits": 1609.43770845964, "battery_export_revenue": 0.0, "total_profits": 23518.725817087216, "irr": 0.17172, "npv": 66823.283}}