{"key_params": {"location": "CA_San.Francisco.Intl", "customer_type": "Office", "demand_charge": 10, "export_price": 0.12, "export_price_type": "Low flat", "battery_size_kWh": 1200, "battery_power_kW": 300.0, "min_soc": 0.0, "max_soc": 1.0, "one_way_efficiency": 0.92, "start_soc": 0.5, "n_horizon": 24, "n_control": 12}, "savings": {"old_energy_charge": -513932.83536484017, "new_energy_charge": -511287.6798583358, "energy_charge_savings": 2645.1555065043503, "old_demand_charge": -134927.676052752, "new_demand_charge": -112635.96675901352, "demand_charge_savings": 22291.709293738488, "retail_profits": 24936.864800242838, "battery_charge_cost": -48672.106402676865, "battery_discharge_revenues": 51317.261909181296, "battery_retail_profits": 2645.1555065044304, "battery_export_revenue": -5.513407533042637e-14, "total_profits": 24936.864800242918, "irr": -0.03829, "npv": -180029.332}}