{"key_params": {"location": "CA_San.Francisco.Intl", "customer_type": "Office", "demand_charge": 20, "export_price": 0.0, "export_price_type": "None", "battery_size_kWh": 900, "battery_power_kW": 450.0, "min_soc": 0.05, "max_soc": 1.0, "one_way_efficiency": 0.92, "start_soc": 0.5, "n_horizon": 24, "n_control": 12}, "savings": {"old_energy_charge": -513932.83536484017, "new_energy_charge": -511402.69806526834, "energy_charge_savings": 2530.1372995718266, "old_demand_charge": -269855.352105504, "new_demand_charge": -233189.59517658234, "demand_charge_savings": 36665.75692892168, "retail_profits": 39195.894228493504, "battery_charge_cost": -34520.46852106781, "battery_discharge_revenues": 37050.60582063973, "battery_retail_profits": 2530.137299571921, "battery_export_revenue": 0.0, "total_profits": 39195.8942284936, "irr": 0.06162, "npv": 2629.305}}