{"key_params": {"location": "CA_San.Francisco.Intl", "customer_type": "Office", "demand_charge": 10, "export_price": 0.10531, "export_price_type": "Retail", "battery_size_kWh": 900, "battery_power_kW": 225.0, "min_soc": 0.0, "max_soc": 1.0, "one_way_efficiency": 0.92, "start_soc": 0.5, "n_horizon": 24, "n_control": 12}, "savings": {"old_energy_charge": -513932.83536484017, "new_energy_charge": -511373.31543522817, "energy_charge_savings": 2559.519929611997, "old_demand_charge": -134927.676052752, "new_demand_charge": -116071.3397834786, "demand_charge_savings": 18856.336269273408, "retail_profits": 21415.856198885405, "battery_charge_cost": -36363.773282524286, "battery_discharge_revenues": 38923.2932121364, "battery_retail_profits": 2559.5199296121136, "battery_export_revenue": 0.0, "total_profits": 21415.85619888552, "irr": -0.02015, "npv": -113944.901}}