{"key_params": {"location": "CA_San.Francisco.Intl", "customer_type": "Office", "demand_charge": 10, "export_price": 0.032141, "export_price_type": "LMPs", "battery_size_kWh": 400, "battery_power_kW": 100.0, "min_soc": 0.05, "max_soc": 1.0, "one_way_efficiency": 0.92, "start_soc": 0.5, "n_horizon": 24, "n_control": 12}, "savings": {"old_energy_charge": -513932.83536484017, "new_energy_charge": -511983.7173210321, "energy_charge_savings": 1949.118043808092, "old_demand_charge": -134927.676052752, "new_demand_charge": -123695.96082580983, "demand_charge_savings": 11231.715226942179, "retail_profits": 13180.83327075027, "battery_charge_cost": -15141.156387407173, "battery_discharge_revenues": 17090.274431215315, "battery_retail_profits": 1949.1180438081428, "battery_export_revenue": 0.0, "total_profits": 13180.833270750321, "irr": 0.02247, "npv": -25698.146}}