{"key_params": {"location": "CA_San.Francisco.Intl", "customer_type": "Office", "demand_charge": 10, "export_price": 0.032141, "export_price_type": "LMPs", "battery_size_kWh": 600, "battery_power_kW": 150.0, "min_soc": 0.0, "max_soc": 1.0, "one_way_efficiency": 0.92, "start_soc": 0.5, "n_horizon": 24, "n_control": 12}, "savings": {"old_energy_charge": -513932.83536484017, "new_energy_charge": -511631.5753207834, "energy_charge_savings": 2301.2600440567476, "old_demand_charge": -134927.676052752, "new_demand_charge": -120066.5988451909, "demand_charge_savings": 14861.077207561102, "retail_profits": 17162.33725161785, "battery_charge_cost": -24105.22506522286, "battery_discharge_revenues": 26406.485109279674, "battery_retail_profits": 2301.260044056813, "battery_export_revenue": 0.0, "total_profits": 17162.337251617915, "irr": 0.00395, "npv": -55719.08}}