{"key_params": {"location": "CA_San.Francisco.Intl", "customer_type": "Office", "demand_charge": 10, "export_price": 0.04458485, "export_price_type": "LMPs RT", "battery_size_kWh": 600, "battery_power_kW": 300.0, "min_soc": 0.0, "max_soc": 1.0, "one_way_efficiency": 0.92, "start_soc": 0.5, "n_horizon": 24, "n_control": 12}, "savings": {"old_energy_charge": -513932.83536484017, "new_energy_charge": -511743.1631299103, "energy_charge_savings": 2189.672234929865, "old_demand_charge": -134927.676052752, "new_demand_charge": -119640.98216966185, "demand_charge_savings": 15286.693883090164, "retail_profits": 17476.36611802003, "battery_charge_cost": -24115.688585253392, "battery_discharge_revenues": 26305.360820183323, "battery_retail_profits": 2189.6722349299307, "battery_export_revenue": 378.18893561165555, "total_profits": 17854.55505363175, "irr": 0.0091, "npv": -51091.358}}