{"key_params": {"location": "CA_San.Francisco.Intl", "customer_type": "Office", "demand_charge": 20, "export_price": 0.032141, "export_price_type": "LMPs", "battery_size_kWh": 600, "battery_power_kW": 300.0, "min_soc": 0.05, "max_soc": 1.0, "one_way_efficiency": 0.92, "start_soc": 0.5, "n_horizon": 24, "n_control": 12}, "savings": {"old_energy_charge": -513932.83536484017, "new_energy_charge": -511687.9477862758, "energy_charge_savings": 2244.8875785643468, "old_demand_charge": -269855.352105504, "new_demand_charge": -240039.41560680672, "demand_charge_savings": 29815.936498697294, "retail_profits": 32060.82407726164, "battery_charge_cost": -22883.286376523487, "battery_discharge_revenues": 25128.1739550879, "battery_retail_profits": 2244.8875785644123, "battery_export_revenue": 15.526100159074202, "total_profits": 32076.35017742078, "irr": 0.09499, "npv": 39262.455}}