{"key_params": {"location": "CA_San.Francisco.Intl", "customer_type": "Office", "demand_charge": 10, "export_price": 0.032141, "export_price_type": "LMPs", "battery_size_kWh": 2000, "battery_power_kW": 500.0, "min_soc": 0.0, "max_soc": 1.0, "one_way_efficiency": 0.92, "start_soc": 0.5, "n_horizon": 24, "n_control": 12}, "savings": {"old_energy_charge": -513932.83536484017, "new_energy_charge": -512576.6674162163, "energy_charge_savings": 1356.1679486238863, "old_demand_charge": -134927.676052752, "new_demand_charge": -103765.66599281822, "demand_charge_savings": 31162.01005993379, "retail_profits": 32518.178008557676, "battery_charge_cost": -77676.33707155896, "battery_discharge_revenues": 79032.50502018284, "battery_retail_profits": 1356.1679486238863, "battery_export_revenue": 103.28333213423417, "total_profits": 32621.46134069191, "irr": -0.06924, "npv": -371440.102}}