{"key_params": {"location": "CA_San.Francisco.Intl", "customer_type": "Office", "demand_charge": 10, "export_price": 0.04275169, "export_price_type": "LMPs DA", "battery_size_kWh": 500, "battery_power_kW": 250.0, "min_soc": 0.0, "max_soc": 1.0, "one_way_efficiency": 0.92, "start_soc": 0.5, "n_horizon": 24, "n_control": 12}, "savings": {"old_energy_charge": -513932.83536484017, "new_energy_charge": -511771.880135542, "energy_charge_savings": 2160.9552292981534, "old_demand_charge": -134927.676052752, "new_demand_charge": -120914.36535909929, "demand_charge_savings": 14013.310693652718, "retail_profits": 16174.265922950872, "battery_charge_cost": -20010.609749361392, "battery_discharge_revenues": 22171.56497865956, "battery_retail_profits": 2160.955229298168, "battery_export_revenue": 1.0389217696074435, "total_profits": 16175.304844720493, "irr": 0.02003, "npv": -34071.194}}