{"key_params": {"location": "CA_San.Francisco.Intl", "customer_type": "Office", "demand_charge": 20, "export_price": 0.0, "export_price_type": "None", "battery_size_kWh": 1000, "battery_power_kW": 500.0, "min_soc": 0.0, "max_soc": 1.0, "one_way_efficiency": 0.92, "start_soc": 0.5, "n_horizon": 24, "n_control": 12}, "savings": {"old_energy_charge": -513932.83536484017, "new_energy_charge": -511328.7819865189, "energy_charge_savings": 2604.0533783212886, "old_demand_charge": -269855.352105504, "new_demand_charge": -229844.1377968763, "demand_charge_savings": 40011.21430862771, "retail_profits": 42615.267686948995, "battery_charge_cost": -40469.75018521777, "battery_discharge_revenues": 43073.803563539106, "battery_retail_profits": 2604.0533783213396, "battery_export_revenue": 0.0, "total_profits": 42615.267686949046, "irr": 0.05834, "npv": -2981.702}}