{"key_params": {"location": "CA_San.Francisco.Intl", "customer_type": "Office", "demand_charge": 10, "export_price": 0.10531, "export_price_type": "Retail", "battery_size_kWh": 1000, "battery_power_kW": 500.0, "min_soc": 0.0, "max_soc": 1.0, "one_way_efficiency": 0.92, "start_soc": 0.5, "n_horizon": 24, "n_control": 12}, "savings": {"old_energy_charge": -513932.83536484017, "new_energy_charge": -514637.2165837544, "energy_charge_savings": -704.3812189142336, "old_demand_charge": -134927.676052752, "new_demand_charge": -114922.06889843814, "demand_charge_savings": 20005.607154313868, "retail_profits": 19301.225935399634, "battery_charge_cost": -40469.74328435586, "battery_discharge_revenues": 39765.36206544167, "battery_retail_profits": -704.38121891419, "battery_export_revenue": 3308.43395946194, "total_profits": 22609.65989486162, "irr": -0.02696, "npv": -135540.025}}