{"key_params": {"location": "CA_San.Francisco.Intl", "customer_type": "Office", "demand_charge": 20, "export_price": 0.15, "export_price_type": "Low flat", "battery_size_kWh": 1000, "battery_power_kW": 500.0, "min_soc": 0.05, "max_soc": 1.0, "one_way_efficiency": 0.92, "start_soc": 0.5, "n_horizon": 24, "n_control": 12}, "savings": {"old_energy_charge": -513932.83536484017, "new_energy_charge": -564806.3720060274, "energy_charge_savings": -50873.53664118721, "old_demand_charge": -269855.352105504, "new_demand_charge": -230991.58224132072, "demand_charge_savings": 38863.7698641833, "retail_profits": -12009.766777003912, "battery_charge_cost": -115237.32609068928, "battery_discharge_revenues": 64363.789449502154, "battery_retail_profits": -50873.53664118713, "battery_export_revenue": 57945.472619628104, "total_profits": 45935.70584262427, "irr": 0.06987, "npv": 17965.726}}