{"key_params": {"location": "CA_San.Francisco.Intl", "customer_type": "Office", "demand_charge": 20, "export_price": 0.0, "export_price_type": "None", "battery_size_kWh": 500, "battery_power_kW": 125.0, "min_soc": 0.05, "max_soc": 1.0, "one_way_efficiency": 0.92, "start_soc": 0.5, "n_horizon": 24, "n_control": 12}, "savings": {"old_energy_charge": -513932.83536484017, "new_energy_charge": -511823.4558379599, "energy_charge_savings": 2109.3795268802787, "old_demand_charge": -269855.352105504, "new_demand_charge": -243891.7982381021, "demand_charge_savings": 25963.553867401904, "retail_profits": 28072.933394282183, "battery_charge_cost": -19002.81508443467, "battery_discharge_revenues": 21112.194611315008, "battery_retail_profits": 2109.379526880337, "battery_export_revenue": 0.0, "total_profits": 28072.93339428224, "irr": 0.10367, "npv": 41188.946}}