{"key_params": {"location": "CA_San.Francisco.Intl", "customer_type": "Office", "demand_charge": 20, "export_price": 0.032141, "export_price_type": "LMPs", "battery_size_kWh": 1000, "battery_power_kW": 250.0, "min_soc": 0.05, "max_soc": 1.0, "one_way_efficiency": 0.92, "start_soc": 0.5, "n_horizon": 24, "n_control": 12}, "savings": {"old_energy_charge": -513932.83536484017, "new_energy_charge": -511354.40404107684, "energy_charge_savings": 2578.4313237633323, "old_demand_charge": -269855.352105504, "new_demand_charge": -230991.58224132098, "demand_charge_savings": 38863.769864183036, "retail_profits": 41442.20118794637, "battery_charge_cost": -38419.286079368765, "battery_discharge_revenues": 40997.717403132134, "battery_retail_profits": 2578.4313237633687, "battery_export_revenue": 4.296302159074199, "total_profits": 41446.49749010548, "irr": 0.05421, "npv": -10355.046}}