{"key_params": {"location": "CA_San.Francisco.Intl", "customer_type": "Office", "demand_charge": 20, "export_price": 0.12, "export_price_type": "Low flat", "battery_size_kWh": 2000, "battery_power_kW": 1000.0, "min_soc": 0.0, "max_soc": 1.0, "one_way_efficiency": 0.92, "start_soc": 0.5, "n_horizon": 24, "n_control": 12}, "savings": {"old_energy_charge": -513932.83536484017, "new_energy_charge": -513236.24903180974, "energy_charge_savings": 696.5863330304273, "old_demand_charge": -269855.352105504, "new_demand_charge": -207531.33198563653, "demand_charge_savings": 62324.02011986749, "retail_profits": 63020.60645289792, "battery_charge_cost": -78193.8044058699, "battery_discharge_revenues": 78890.39073890043, "battery_retail_profits": 696.5863330305292, "battery_export_revenue": 946.5652738881239, "total_profits": 63967.171726786146, "irr": 0.01853, "npv": -141040.763}}