{"key_params": {"location": "CA_San.Francisco.Intl", "customer_type": "Office", "demand_charge": 10, "export_price": 0.10531, "export_price_type": "Retail", "battery_size_kWh": 900, "battery_power_kW": 450.0, "min_soc": 0.0, "max_soc": 1.0, "one_way_efficiency": 0.92, "start_soc": 0.5, "n_horizon": 24, "n_control": 12}, "savings": {"old_energy_charge": -513932.83536484017, "new_energy_charge": -513269.6018364389, "energy_charge_savings": 663.2335284012952, "old_demand_charge": -134927.676052752, "new_demand_charge": -116071.3397834785, "demand_charge_savings": 18856.33626927351, "retail_profits": 19519.569797674805, "battery_charge_cost": -36363.853568058046, "battery_discharge_revenues": 37027.08709645938, "battery_retail_profits": 663.2335284013316, "battery_export_revenue": 1896.6585875867238, "total_profits": 21416.228385261566, "irr": -0.02015, "npv": -113942.132}}