{"key_params": {"location": "CA_San.Francisco.Intl", "customer_type": "Office", "demand_charge": 10, "export_price": 0.10531, "export_price_type": "Retail", "battery_size_kWh": 700, "battery_power_kW": 350.0, "min_soc": 0.0, "max_soc": 1.0, "one_way_efficiency": 0.92, "start_soc": 0.5, "n_horizon": 24, "n_control": 12}, "savings": {"old_energy_charge": -513932.83536484017, "new_energy_charge": -511731.1626703832, "energy_charge_savings": 2201.6726944569964, "old_demand_charge": -134927.676052752, "new_demand_charge": -118426.62261747042, "demand_charge_savings": 16501.05343528159, "retail_profits": 18702.726129738585, "battery_charge_cost": -28181.89546658007, "battery_discharge_revenues": 30383.568161037078, "battery_retail_profits": 2201.6726944570073, "battery_export_revenue": 201.7234619133441, "total_profits": 18904.44959165194, "irr": -0.00353, "npv": -72620.754}}