{"key_params": {"location": "CA_San.Francisco.Intl", "customer_type": "Office", "demand_charge": 10, "export_price": 0.032141, "export_price_type": "LMPs", "battery_size_kWh": 600, "battery_power_kW": 300.0, "min_soc": 0.0, "max_soc": 1.0, "one_way_efficiency": 0.92, "start_soc": 0.5, "n_horizon": 24, "n_control": 12}, "savings": {"old_energy_charge": -513932.83536484017, "new_energy_charge": -511650.36560530594, "energy_charge_savings": 2282.4697595342295, "old_demand_charge": -134927.676052752, "new_demand_charge": -119640.9821696618, "demand_charge_savings": 15286.693883090207, "retail_profits": 17569.163642624437, "battery_charge_cost": -24107.119020036, "battery_discharge_revenues": 26389.58877957027, "battery_retail_profits": 2282.4697595342695, "battery_export_revenue": 15.526100159074199, "total_profits": 17584.68974278355, "irr": 0.00712, "npv": -52884.212}}