{"key_params": {"location": "CA_San.Francisco.Intl", "customer_type": "Office", "demand_charge": 20, "export_price": 0.032141, "export_price_type": "LMPs", "battery_size_kWh": 900, "battery_power_kW": 450.0, "min_soc": 0.05, "max_soc": 1.0, "one_way_efficiency": 0.92, "start_soc": 0.5, "n_horizon": 24, "n_control": 12}, "savings": {"old_energy_charge": -513932.83536484017, "new_energy_charge": -511430.3187611589, "energy_charge_savings": 2502.516603681259, "old_demand_charge": -269855.352105504, "new_demand_charge": -233189.59517658234, "demand_charge_savings": 36665.75692892168, "retail_profits": 39168.273532602936, "battery_charge_cost": -34520.4685210678, "battery_discharge_revenues": 37022.98512474913, "battery_retail_profits": 2502.5166036813316, "battery_export_revenue": 44.460596011506496, "total_profits": 39212.73412861452, "irr": 0.06169, "npv": 2735.542}}