{"key_params": {"location": "CA_San.Francisco.Intl", "customer_type": "Office", "demand_charge": 10, "export_price": 0.04458485, "export_price_type": "LMPs RT", "battery_size_kWh": 900, "battery_power_kW": 450.0, "min_soc": 0.0, "max_soc": 1.0, "one_way_efficiency": 0.92, "start_soc": 0.5, "n_horizon": 24, "n_control": 12}, "savings": {"old_energy_charge": -513932.83536484017, "new_energy_charge": -511982.91227652866, "energy_charge_savings": 1949.9230883115088, "old_demand_charge": -134927.676052752, "new_demand_charge": -116071.3397834785, "demand_charge_savings": 18856.33626927351, "retail_profits": 20806.25935758502, "battery_charge_cost": -36619.11748646827, "battery_discharge_revenues": 38569.040574779865, "battery_retail_profits": 1949.923088311596, "battery_export_revenue": 1565.3651387246994, "total_profits": 22371.624496309807, "irr": -0.01438, "npv": -106969.502}}