{"key_params": {"location": "CA_San.Francisco.Intl", "customer_type": "Office", "demand_charge": 20, "export_price": 0.12, "export_price_type": "Low flat", "battery_size_kWh": 500, "battery_power_kW": 250.0, "min_soc": 0.05, "max_soc": 1.0, "one_way_efficiency": 0.92, "start_soc": 0.5, "n_horizon": 24, "n_control": 12}, "savings": {"old_energy_charge": -513932.83536484017, "new_energy_charge": -511907.8753768456, "energy_charge_savings": 2024.9599879945745, "old_demand_charge": -269855.352105504, "new_demand_charge": -242476.05344954669, "demand_charge_savings": 27379.298655957333, "retail_profits": 29404.258643951907, "battery_charge_cost": -19211.52273682984, "battery_discharge_revenues": 21236.482724824426, "battery_retail_profits": 2024.9599879945854, "battery_export_revenue": 113.23192140745986, "total_profits": 29517.490565359378, "irr": 0.11288, "npv": 50302.129}}