{"key_params": {"location": "CA_San.Francisco.Intl", "customer_type": "Office", "demand_charge": 10, "export_price": 0.032141, "export_price_type": "LMPs", "battery_size_kWh": 1500, "battery_power_kW": 750.0, "min_soc": 0.0, "max_soc": 1.0, "one_way_efficiency": 0.92, "start_soc": 0.5, "n_horizon": 24, "n_control": 12}, "savings": {"old_energy_charge": -513932.83536484017, "new_energy_charge": -511629.6788814062, "energy_charge_savings": 2303.156483433966, "old_demand_charge": -134927.676052752, "new_demand_charge": -109242.79857542504, "demand_charge_savings": 25684.87747732697, "retail_profits": 27988.033960760935, "battery_charge_cost": -60504.300501412436, "battery_discharge_revenues": 62807.4569848465, "battery_retail_profits": 2303.156483434068, "battery_export_revenue": 310.7032409480435, "total_profits": 28298.737201709082, "irr": -0.05093, "npv": -247974.089}}