{"key_params": {"location": "CA_San.Francisco.Intl", "customer_type": "Office", "demand_charge": 10, "export_price": 0.04275169, "export_price_type": "LMPs DA", "battery_size_kWh": 600, "battery_power_kW": 300.0, "min_soc": 0.0, "max_soc": 1.0, "one_way_efficiency": 0.92, "start_soc": 0.5, "n_horizon": 24, "n_control": 12}, "savings": {"old_energy_charge": -513932.83536484017, "new_energy_charge": -511725.4481977181, "energy_charge_savings": 2207.3871671220404, "old_demand_charge": -134927.676052752, "new_demand_charge": -119640.98216966176, "demand_charge_savings": 15286.69388309025, "retail_profits": 17494.08105021229, "battery_charge_cost": -24189.479795083265, "battery_discharge_revenues": 26396.866962205404, "battery_retail_profits": 2207.3871671221386, "battery_export_revenue": 101.11993997839171, "total_profits": 17595.20099019078, "irr": 0.0072, "npv": -52813.659}}