{"key_params": {"location": "CA_San.Francisco.Intl", "customer_type": "Office", "demand_charge": 10, "export_price": 0.12, "export_price_type": "Low flat", "battery_size_kWh": 1200, "battery_power_kW": 600.0, "min_soc": 0.0, "max_soc": 1.0, "one_way_efficiency": 0.92, "start_soc": 0.5, "n_horizon": 24, "n_control": 12}, "savings": {"old_energy_charge": -513932.83536484017, "new_energy_charge": -511697.60738361295, "energy_charge_savings": 2235.2279812272172, "old_demand_charge": -134927.676052752, "new_demand_charge": -112635.96675901348, "demand_charge_savings": 22291.70929373853, "retail_profits": 24526.93727496575, "battery_charge_cost": -49236.71072043808, "battery_discharge_revenues": 51471.9387016654, "battery_retail_profits": 2235.227981227319, "battery_export_revenue": 625.2532190757664, "total_profits": 25152.190494041617, "irr": -0.03715, "npv": -178309.824}}