{"key_params": {"location": "CA_San.Francisco.Intl", "customer_type": "Office", "demand_charge": 10, "export_price": 0.12, "export_price_type": "Low flat", "battery_size_kWh": 1500, "battery_power_kW": 375.0, "min_soc": 0.0, "max_soc": 1.0, "one_way_efficiency": 0.92, "start_soc": 0.5, "n_horizon": 24, "n_control": 12}, "savings": {"old_energy_charge": -513932.83536484017, "new_energy_charge": -511561.0105203729, "energy_charge_savings": 2371.824844467279, "old_demand_charge": -134927.676052752, "new_demand_charge": -109242.79857542508, "demand_charge_savings": 25684.877477326925, "retail_profits": 28056.702321794204, "battery_charge_cost": -60418.39031432657, "battery_discharge_revenues": 62790.215158793915, "battery_retail_profits": 2371.8248444673445, "battery_export_revenue": 82.89381442649216, "total_profits": 28139.59613622076, "irr": -0.05165, "npv": -249244.928}}