{"key_params": {"location": "CA_San.Francisco.Intl", "customer_type": "Office", "demand_charge": 20, "export_price": 0.12, "export_price_type": "Low flat", "battery_size_kWh": 700, "battery_power_kW": 350.0, "min_soc": 0.05, "max_soc": 1.0, "one_way_efficiency": 0.92, "start_soc": 0.5, "n_horizon": 24, "n_control": 12}, "savings": {"old_energy_charge": -513932.83536484017, "new_energy_charge": -511752.3424715023, "energy_charge_savings": 2180.492893337854, "old_demand_charge": -269855.352105504, "new_demand_charge": -237687.87207204776, "demand_charge_savings": 32167.48003345626, "retail_profits": 34347.972926794115, "battery_charge_cost": -27068.248164759578, "battery_discharge_revenues": 29248.74105809755, "battery_retail_profits": 2180.4928933379706, "battery_export_revenue": 253.5455524454131, "total_profits": 34601.51847923965, "irr": 0.08169, "npv": 28010.235}}