{"key_params": {"location": "CA_San.Francisco.Intl", "customer_type": "Office", "demand_charge": 20, "export_price": 0.0, "export_price_type": "None", "battery_size_kWh": 200, "battery_power_kW": 50.0, "min_soc": 0.05, "max_soc": 1.0, "one_way_efficiency": 0.92, "start_soc": 0.5, "n_horizon": 24, "n_control": 12}, "savings": {"old_energy_charge": -513932.83536484017, "new_energy_charge": -512376.4603699615, "energy_charge_savings": 1556.3749948786572, "old_demand_charge": -269855.352105504, "new_demand_charge": -257855.35210550408, "demand_charge_savings": 11999.999999999942, "retail_profits": 13556.374994878599, "battery_charge_cost": -7463.4762886762555, "battery_discharge_revenues": 9019.851283554995, "battery_retail_profits": 1556.37499487874, "battery_export_revenue": 0.0, "total_profits": 13556.374994878683, "irr": 0.14, "npv": 31157.042}}