{"key_params": {"location": "CA_San.Francisco.Intl", "customer_type": "Office", "demand_charge": 20, "export_price": 0.04275169, "export_price_type": "LMPs DA", "battery_size_kWh": 900, "battery_power_kW": 450.0, "min_soc": 0.0, "max_soc": 1.0, "one_way_efficiency": 0.92, "start_soc": 0.5, "n_horizon": 24, "n_control": 12}, "savings": {"old_energy_charge": -513932.83536484017, "new_energy_charge": -511967.364867322, "energy_charge_savings": 1965.4704975181958, "old_demand_charge": -269855.352105504, "new_demand_charge": -232142.679566957, "demand_charge_savings": 37712.67253854702, "retail_profits": 39678.143036065216, "battery_charge_cost": -36937.79348852377, "battery_discharge_revenues": 38903.26398604207, "battery_retail_profits": 1965.4704975182976, "battery_export_revenue": 715.6126971304099, "total_profits": 40393.75573319573, "irr": 0.06624, "npv": 10186.174}}