{"key_params": {"location": "CA_San.Francisco.Intl", "customer_type": "Office", "demand_charge": 10, "export_price": 0.12, "export_price_type": "Low flat", "battery_size_kWh": 200, "battery_power_kW": 50.0, "min_soc": 0.0, "max_soc": 1.0, "one_way_efficiency": 0.92, "start_soc": 0.5, "n_horizon": 24, "n_control": 12}, "savings": {"old_energy_charge": -513932.83536484017, "new_energy_charge": -512291.57221049187, "energy_charge_savings": 1641.2631543483003, "old_demand_charge": -134927.676052752, "new_demand_charge": -128927.676052752, "demand_charge_savings": 6000.000000000015, "retail_profits": 7641.263154348315, "battery_charge_cost": -7851.285651193366, "battery_discharge_revenues": 9492.548805541703, "battery_retail_profits": 1641.2631543483367, "battery_export_revenue": 0.0, "total_profits": 7641.263154348351, "irr": 0.04251, "npv": -6159.233}}