{"key_params": {"location": "CA_San.Francisco.Intl", "customer_type": "Office", "demand_charge": 20, "export_price": 0.10531, "export_price_type": "Retail", "battery_size_kWh": 900, "battery_power_kW": 450.0, "min_soc": 0.0, "max_soc": 1.0, "one_way_efficiency": 0.92, "start_soc": 0.5, "n_horizon": 24, "n_control": 12}, "savings": {"old_energy_charge": -513932.83536484017, "new_energy_charge": -513289.7246935598, "energy_charge_savings": 643.1106712803594, "old_demand_charge": -269855.352105504, "new_demand_charge": -232142.679566957, "demand_charge_savings": 37712.67253854702, "retail_profits": 38355.78320982738, "battery_charge_cost": -36363.85432267873, "battery_discharge_revenues": 37006.96499395911, "battery_retail_profits": 643.1106712803812, "battery_export_revenue": 1916.781514449272, "total_profits": 40272.56472427667, "irr": 0.06578, "npv": 9421.625}}