{"key_params": {"location": "CA_San.Francisco.Intl", "customer_type": "Office", "demand_charge": 20, "export_price": 0.12, "export_price_type": "Low flat", "battery_size_kWh": 500, "battery_power_kW": 250.0, "min_soc": 0.0, "max_soc": 1.0, "one_way_efficiency": 0.92, "start_soc": 0.5, "n_horizon": 24, "n_control": 12}, "savings": {"old_energy_charge": -513932.83536484017, "new_energy_charge": -511865.75362564414, "energy_charge_savings": 2067.08173919603, "old_demand_charge": -269855.352105504, "new_demand_charge": -241828.73071819847, "demand_charge_savings": 28026.621387305553, "retail_profits": 30093.703126501583, "battery_charge_cost": -20232.71630890771, "battery_discharge_revenues": 22299.798048103796, "battery_retail_profits": 2067.0817391960845, "battery_export_revenue": 113.23192140745991, "total_profits": 30206.935047909097, "irr": 0.11722, "npv": 54651.582}}