{"key_params": {"location": "CA_San.Francisco.Intl", "customer_type": "Office", "demand_charge": 20, "export_price": 0.04458485, "export_price_type": "LMPs RT", "battery_size_kWh": 700, "battery_power_kW": 350.0, "min_soc": 0.0, "max_soc": 1.0, "one_way_efficiency": 0.92, "start_soc": 0.5, "n_horizon": 24, "n_control": 12}, "savings": {"old_energy_charge": -513932.83536484017, "new_energy_charge": -511773.6864947264, "energy_charge_savings": 2159.1488701137714, "old_demand_charge": -269855.352105504, "new_demand_charge": -236853.2452349408, "demand_charge_savings": 33002.106870563206, "retail_profits": 35161.25574067698, "battery_charge_cost": -28235.440669793683, "battery_discharge_revenues": 30394.589539907538, "battery_retail_profits": 2159.148870113855, "battery_export_revenue": 736.3811542333925, "total_profits": 35897.63689491045, "irr": 0.08785, "npv": 36186.971}}