{"key_params": {"location": "CA_San.Francisco.Intl", "customer_type": "Office", "demand_charge": 20, "export_price": 0.10531, "export_price_type": "Retail", "battery_size_kWh": 700, "battery_power_kW": 175.0, "min_soc": 0.05, "max_soc": 1.0, "one_way_efficiency": 0.92, "start_soc": 0.5, "n_horizon": 24, "n_control": 12}, "savings": {"old_energy_charge": -513932.83536484017, "new_energy_charge": -511558.48618123657, "energy_charge_savings": 2374.3491836035973, "old_demand_charge": -269855.352105504, "new_demand_charge": -237983.8516328394, "demand_charge_savings": 31871.50047266463, "retail_profits": 34245.84965626823, "battery_charge_cost": -26761.563629841614, "battery_discharge_revenues": 29135.912813445284, "battery_retail_profits": 2374.34918360367, "battery_export_revenue": 0.0, "total_profits": 34245.8496562683, "irr": 0.07999, "npv": 25766.451}}