{"key_params": {"location": "CA_San.Francisco.Intl", "customer_type": "Office", "demand_charge": 20, "export_price": 0.032141, "export_price_type": "LMPs", "battery_size_kWh": 2000, "battery_power_kW": 1000.0, "min_soc": 0.05, "max_soc": 1.0, "one_way_efficiency": 0.92, "start_soc": 0.5, "n_horizon": 24, "n_control": 12}, "savings": {"old_energy_charge": -513932.83536484017, "new_energy_charge": -512533.5055838273, "energy_charge_savings": 1399.3297810128424, "old_demand_charge": -269855.352105504, "new_demand_charge": -209705.87744018194, "demand_charge_savings": 60149.47466532208, "retail_profits": 61548.80444633492, "battery_charge_cost": -74405.74815523933, "battery_discharge_revenues": 75805.07793625222, "battery_retail_profits": 1399.329781012886, "battery_export_revenue": 668.4788795251997, "total_profits": 62217.28332586017, "irr": 0.01489, "npv": -152482.294}}