{"key_params": {"location": "CA_San.Francisco.Intl", "customer_type": "Office", "demand_charge": 20, "export_price": 0.12, "export_price_type": "Low flat", "battery_size_kWh": 1200, "battery_power_kW": 600.0, "min_soc": 0.05, "max_soc": 1.0, "one_way_efficiency": 0.92, "start_soc": 0.5, "n_horizon": 24, "n_control": 12}, "savings": {"old_energy_charge": -513932.83536484017, "new_energy_charge": -511714.6122878155, "energy_charge_savings": 2218.2230770246824, "old_demand_charge": -269855.352105504, "new_demand_charge": -226636.60018469358, "demand_charge_savings": 43218.751920810435, "retail_profits": 45436.97499783512, "battery_charge_cost": -46783.84711066707, "battery_discharge_revenues": 49002.07018769182, "battery_retail_profits": 2218.223077024748, "battery_export_revenue": 625.2531766973987, "total_profits": 46062.22817453258, "irr": 0.04317, "npv": -35601.255}}