{"key_params": {"location": "CA_San.Francisco.Intl", "customer_type": "Office", "demand_charge": 20, "export_price": 0.0, "export_price_type": "None", "battery_size_kWh": 900, "battery_power_kW": 450.0, "min_soc": 0.0, "max_soc": 1.0, "one_way_efficiency": 0.92, "start_soc": 0.5, "n_horizon": 24, "n_control": 12}, "savings": {"old_energy_charge": -513932.83536484017, "new_energy_charge": -511372.9447355781, "energy_charge_savings": 2559.8906292620813, "old_demand_charge": -269855.352105504, "new_demand_charge": -232142.679566957, "demand_charge_savings": 37712.67253854702, "retail_profits": 40272.5631678091, "battery_charge_cost": -36363.83748132971, "battery_discharge_revenues": 38923.72811059185, "battery_retail_profits": 2559.8906292621396, "battery_export_revenue": 0.0, "total_profits": 40272.56316780916, "irr": 0.06578, "npv": 9421.615}}