{"key_params": {"location": "CA_San.Francisco.Intl", "customer_type": "Office", "demand_charge": 10, "export_price": 0.048211500000000004, "export_price_type": "Battery at 150% LMPs", "battery_size_kWh": 2000, "battery_power_kW": 500.0, "min_soc": 0.05, "max_soc": 1.0, "one_way_efficiency": 0.92, "start_soc": 0.5, "n_horizon": 24, "n_control": 12}, "savings": {"old_energy_charge": -513932.83536484017, "new_energy_charge": -527725.5554600602, "energy_charge_savings": -13792.72009522008, "old_demand_charge": -134927.676052752, "new_demand_charge": -104852.93872009093, "demand_charge_savings": 30074.737332661083, "retail_profits": 16282.017237441003, "battery_charge_cost": -28730.34423916295, "battery_discharge_revenues": 45748.03568671032, "battery_retail_profits": 17017.691447547368, "battery_export_revenue": 7806.361409465507, "total_profits": 54898.79018967396}}