{"key_params": {"location": "CA_San.Francisco.Intl", "customer_type": "Office", "demand_charge": 10, "export_price": 0.064282, "export_price_type": "200% LMPs", "battery_size_kWh": 2000, "battery_power_kW": 500.0, "min_soc": 0.05, "max_soc": 1.0, "one_way_efficiency": 0.92, "start_soc": 0.5, "n_horizon": 24, "n_control": 12}, "savings": {"old_energy_charge": -513932.83536484017, "new_energy_charge": -514079.10865076893, "energy_charge_savings": -146.27328592876438, "old_demand_charge": -134927.676052752, "new_demand_charge": -104852.93872009093, "demand_charge_savings": 30074.737332661083, "retail_profits": 29928.46404673232, "battery_charge_cost": -75291.03525657077, "battery_discharge_revenues": 75144.76197064205, "battery_retail_profits": -146.27328592872072, "battery_export_revenue": 2300.55750754447, "total_profits": 32229.021554276787}}