{"key_params": {"location": "CA_San.Francisco.Intl", "customer_type": "Office", "demand_charge": 10, "export_price": 0.064282, "export_price_type": "Battery at 200% LMPs", "battery_size_kWh": 2000, "battery_power_kW": 500.0, "min_soc": 0.05, "max_soc": 1.0, "one_way_efficiency": 0.92, "start_soc": 0.5, "n_horizon": 24, "n_control": 12}, "savings": {"old_energy_charge": -513932.83536484017, "new_energy_charge": -527569.2698724023, "energy_charge_savings": -13636.434507562139, "old_demand_charge": -134927.676052752, "new_demand_charge": -104994.17236823223, "demand_charge_savings": 29933.503684519776, "retail_profits": 16297.069176957637, "battery_charge_cost": -38301.804370852245, "battery_discharge_revenues": 61925.67609459085, "battery_retail_profits": 23623.871723738608, "battery_export_revenue": 10410.003952552415, "total_profits": 26707.073129510052}}