{"key_params": {"location": "CA_San.Francisco.Intl", "customer_type": "Office", "demand_charge": 10, "export_price": 0.10531, "export_price_type": "Retail", "battery_size_kWh": 2000, "battery_power_kW": 500.0, "min_soc": 0.05, "max_soc": 1.0, "one_way_efficiency": 0.92, "start_soc": 0.5, "n_horizon": 24, "n_control": 12}, "savings": {"old_energy_charge": -513932.83536484017, "new_energy_charge": -519930.9720063547, "energy_charge_savings": -5998.136641514546, "old_demand_charge": -134927.676052752, "new_demand_charge": -104852.93872009097, "demand_charge_savings": 30074.73733266104, "retail_profits": 24076.600691146494, "battery_charge_cost": -77413.98935250322, "battery_discharge_revenues": 71415.85271098875, "battery_retail_profits": -5998.136641514473, "battery_export_revenue": 8205.915904041945, "total_profits": 32282.51659518844}}