{"key_params": {"location": "CA_San.Francisco.Intl", "customer_type": "Office", "demand_charge": 10, "export_price": 0.032141, "export_price_type": "Battery at LMPs", "battery_size_kWh": 2000, "battery_power_kW": 500.0, "min_soc": 0.05, "max_soc": 1.0, "one_way_efficiency": 0.92, "start_soc": 0.5, "n_horizon": 24, "n_control": 12}, "savings": {"old_energy_charge": -513932.83536484017, "new_energy_charge": -527727.1858247159, "energy_charge_savings": -13794.350459875714, "old_demand_charge": -134927.676052752, "new_demand_charge": -104852.93872009093, "demand_charge_savings": 30074.737332661083, "retail_profits": 16280.38687278537, "battery_charge_cost": -19153.56282610863, "battery_discharge_revenues": 30498.68977764495, "battery_retail_profits": 11345.12695153632, "battery_export_revenue": 5204.240939643671, "total_profits": 46624.10522384108}}