{"key_params": {"location": "CA_San.Francisco.Intl", "customer_type": "Office", "demand_charge": 10, "export_price": 0.048211500000000004, "export_price_type": "150% LMPs", "battery_size_kWh": 2000, "battery_power_kW": 500.0, "min_soc": 0.05, "max_soc": 1.0, "one_way_efficiency": 0.92, "start_soc": 0.5, "n_horizon": 24, "n_control": 12}, "savings": {"old_energy_charge": -513932.83536484017, "new_energy_charge": -512640.44411805423, "energy_charge_savings": 1292.3912467859336, "old_demand_charge": -134927.676052752, "new_demand_charge": -104852.93872009093, "demand_charge_savings": 30074.737332661083, "retail_profits": 31367.128579447017, "battery_charge_cost": -74562.20939610119, "battery_discharge_revenues": 75854.60064288718, "battery_retail_profits": 1292.3912467859918, "battery_export_revenue": 518.842776459958, "total_profits": 31885.971355906975}}