{"key_params": {"battery_size_kWh": 8000, "battery_power_kW": 2000, "min_soc": 0.05, "max_soc": 1.0, "one_way_efficiency": 0.92, "demand_charge": 30, "start_soc": 0.05, "n_horizon": 24, "n_control": 24, "export_price": 0.10531}, "savings": {"old_energy_charge": -747231.0597570171, "new_energy_charge": -822785.8581274467, "energy_charge_savings": -75554.79837042966, "old_demand_charge": -574270.90167, "new_demand_charge": -404536.0575563484, "demand_charge_savings": 169734.84411365166, "retail_profits": 94180.045743222, "battery_charge_cost": -205836.0825873715, "battery_discharge_revenues": 130281.2842169418, "battery_retail_profits": -75554.7983704297, "battery_export_revenue": 82700.13713092932, "total_profits": 176880.18287415133}}