{"key_params": {"battery_size_kWh": 8000, "battery_power_kW": 2000, "min_soc": 0.05, "max_soc": 1.0, "one_way_efficiency": 0.92, "demand_charge": 40, "start_soc": 0.05, "n_horizon": 24, "n_control": 24, "export_price": 0.10531}, "savings": {"old_energy_charge": -747231.0597570171, "new_energy_charge": -822716.3017255468, "energy_charge_savings": -75485.24196852976, "old_demand_charge": -765694.5355600001, "new_demand_charge": -539381.4100751312, "demand_charge_savings": 226313.12548486888, "retail_profits": 150827.88351633912, "battery_charge_cost": -205836.08258737152, "battery_discharge_revenues": 130350.8406188417, "battery_retail_profits": -75485.24196852982, "battery_export_revenue": 82630.58072902943, "total_profits": 233458.46424536855}}