{"key_params": {"battery_size_kWh": 8000, "battery_power_kW": 2000, "min_soc": 0.05, "max_soc": 1.0, "one_way_efficiency": 0.92, "demand_charge": 40, "start_soc": 0.05, "n_horizon": 24, "n_control": 24, "export_price": 0.10531}, "savings": {"old_energy_charge": -747231.0597570171, "new_energy_charge": -822919.2149699798, "energy_charge_savings": -75688.15521296277, "old_demand_charge": -765694.5355600001, "new_demand_charge": -539381.4100751312, "demand_charge_savings": 226313.12548486888, "retail_profits": 150624.97027190612, "battery_charge_cost": -205836.0825873715, "battery_discharge_revenues": 130147.9273744087, "battery_retail_profits": -75688.1552129628, "battery_export_revenue": 82833.49397346242, "total_profits": 233458.46424536855}}