{"key_params": {"location": "CA_San.Jose.Intl", "customer_type": "Restaurant", "demand_charge": 10, "export_price": 0.0, "export_price_type": "none", "battery_size_kWh": 2000, "battery_power_kW": 500.0, "min_soc": 0.05, "max_soc": 1.0, "one_way_efficiency": 0.92, "start_soc": 0.5, "n_horizon": 24, "n_control": 12}, "savings": {"old_energy_charge": -460821.0364250408, "new_energy_charge": -462475.591662232, "energy_charge_savings": -1654.5552371912054, "old_demand_charge": -80881.97429028056, "new_demand_charge": -60599.92571092981, "demand_charge_savings": 20282.048579350747, "retail_profits": 18627.49334215954, "battery_charge_cost": -58144.019745493424, "battery_discharge_revenues": 56489.46450830225, "battery_retail_profits": -1654.5552371911763, "battery_export_revenue": 0.0, "total_profits": 18627.49334215954}}