{"key_params": {"location": "CA_Sacramento.Metro", "customer_type": "Hotel", "demand_charge": 10, "export_price": 0.10531, "export_price_type": "retail ToU", "battery_size_kWh": 2000, "battery_power_kW": 500.0, "min_soc": 0.05, "max_soc": 1.0, "one_way_efficiency": 0.92, "start_soc": 0.5, "n_horizon": 24, "n_control": 12}, "savings": {"old_energy_charge": -400631.275269088, "new_energy_charge": -394247.8656904935, "energy_charge_savings": 6383.4095785944955, "old_demand_charge": -83108.33319335378, "new_demand_charge": -55555.78750764053, "demand_charge_savings": 27552.545685713252, "retail_profits": 33935.95526430775, "battery_charge_cost": -61334.49904345157, "battery_discharge_revenues": 67717.90862204603, "battery_retail_profits": 6383.409578594459, "battery_export_revenue": 78.97733064447857, "total_profits": 34014.932594952224}}