{"key_params": {"location": "CA_San.Francisco.Intl", "customer_type": "Office", "demand_charge": 10, "export_price": 0.10531, "export_price_type": "retail ToU", "battery_size_kWh": 2000, "battery_power_kW": 500.0, "min_soc": 0.05, "max_soc": 1.0, "one_way_efficiency": 0.92, "start_soc": 0.5, "n_horizon": 24, "n_control": 12}, "savings": {"old_energy_charge": -307295.3068925501, "new_energy_charge": -323843.3150809747, "energy_charge_savings": -16548.008188424632, "old_demand_charge": -77475.75655571025, "new_demand_charge": -54217.498195141896, "demand_charge_savings": 23258.258360568354, "retail_profits": 6710.250172143722, "battery_charge_cost": -66116.58478505582, "battery_discharge_revenues": 49568.576596631174, "battery_retail_profits": -16548.008188424647, "battery_export_revenue": 16272.361777195982, "total_profits": 22982.611949339705}}