{"key_params": {"location": "CA_San.Jose.Intl", "customer_type": "Office", "demand_charge": 10, "export_price": 0.032141, "export_price_type": "wholesale LMP", "battery_size_kWh": 2000, "battery_power_kW": 500.0, "min_soc": 0.05, "max_soc": 1.0, "one_way_efficiency": 0.92, "start_soc": 0.5, "n_horizon": 24, "n_control": 12}, "savings": {"old_energy_charge": -428320.938402129, "new_energy_charge": -427253.62907804974, "energy_charge_savings": 1067.3093240792514, "old_demand_charge": -123696.369632672, "new_demand_charge": -84974.14816735087, "demand_charge_savings": 38722.22146532113, "retail_profits": 39789.53078940038, "battery_charge_cost": -71501.94695992467, "battery_discharge_revenues": 72569.25628400386, "battery_retail_profits": 1067.3093240791932, "battery_export_revenue": 217.38471459077485, "total_profits": 40006.91550399116}}