{"key_params": {"location": "CA_San.Diego-Lindbergh.Field.722900_TMY3", "customer_type": "Office", "demand_charge": 10, "export_price": 0.032141, "export_price_type": "wholesale LMP", "battery_size_kWh": 2000, "battery_power_kW": 500.0, "min_soc": 0.05, "max_soc": 1.0, "one_way_efficiency": 0.92, "start_soc": 0.5, "n_horizon": 24, "n_control": 12}, "savings": {"old_energy_charge": -574125.771972603, "new_energy_charge": -575308.1903052124, "energy_charge_savings": -1182.418332609348, "old_demand_charge": -138200.2469775308, "new_demand_charge": -110383.50763650655, "demand_charge_savings": 27816.73934102425, "retail_profits": 26634.321008414903, "battery_charge_cost": -75175.88619330747, "battery_discharge_revenues": 73993.46786069815, "battery_retail_profits": -1182.418332609319, "battery_export_revenue": 60.055130647709696, "total_profits": 26694.376139062613}}