{"key_params": {"location": "CA_Palm.Springs-Thermal", "customer_type": "Office", "demand_charge": 10, "export_price": 0.032141, "export_price_type": "wholesale LMP", "battery_size_kWh": 2000, "battery_power_kW": 500.0, "min_soc": 0.05, "max_soc": 1.0, "one_way_efficiency": 0.92, "start_soc": 0.5, "n_horizon": 24, "n_control": 12}, "savings": {"old_energy_charge": -532532.3461376418, "new_energy_charge": -532474.884844338, "energy_charge_savings": 57.461293303756975, "old_demand_charge": -127347.59407724414, "new_demand_charge": -99406.6116662747, "demand_charge_savings": 27940.982410969445, "retail_profits": 27998.443704273202, "battery_charge_cost": -74851.59919268593, "battery_discharge_revenues": 74909.06048598967, "battery_retail_profits": 57.46129330374242, "battery_export_revenue": 22.364917570153246, "total_profits": 28020.808621843356}}