{"key_params": {"location": "CA_San.Francisco.Intl", "customer_type": "Restaurant", "demand_charge": 10, "export_price": 0.10531, "export_price_type": "retail ToU", "battery_size_kWh": 2000, "battery_power_kW": 500.0, "min_soc": 0.05, "max_soc": 1.0, "one_way_efficiency": 0.92, "start_soc": 0.5, "n_horizon": 24, "n_control": 12}, "savings": {"old_energy_charge": -455182.80293513346, "new_energy_charge": -456975.81798336323, "energy_charge_savings": -1793.0150482297759, "old_demand_charge": -78085.74935778361, "new_demand_charge": -58729.4957843261, "demand_charge_savings": 19356.253573457514, "retail_profits": 17563.238525227738, "battery_charge_cost": -56950.89291272233, "battery_discharge_revenues": 55157.87786449246, "battery_retail_profits": -1793.0150482298704, "battery_export_revenue": 0.0, "total_profits": 17563.238525227738}}