{"key_params": {"location": "CA_Sacramento.Metro", "customer_type": "Office", "demand_charge": 10, "export_price": 0.10531, "export_price_type": "retail ToU", "battery_size_kWh": 2000, "battery_power_kW": 500.0, "min_soc": 0.05, "max_soc": 1.0, "one_way_efficiency": 0.92, "start_soc": 0.5, "n_horizon": 24, "n_control": 12}, "savings": {"old_energy_charge": -329615.34966811753, "new_energy_charge": -345349.23880901415, "energy_charge_savings": -15733.889140896616, "old_demand_charge": -88410.93697420362, "new_demand_charge": -61012.04142303345, "demand_charge_savings": 27398.89555117017, "retail_profits": 11665.006410273556, "battery_charge_cost": -68913.98833265506, "battery_discharge_revenues": 53180.09919175839, "battery_retail_profits": -15733.889140896674, "battery_export_revenue": 15622.1899825321, "total_profits": 27287.196392805658}}