{"key_params": {"location": "CA_Palm.Springs-Thermal", "customer_type": "Hospital", "demand_charge": 10, "export_price": 0.0, "export_price_type": "none", "battery_size_kWh": 2000, "battery_power_kW": 500.0, "min_soc": 0.05, "max_soc": 1.0, "one_way_efficiency": 0.92, "start_soc": 0.5, "n_horizon": 24, "n_control": 12}, "savings": {"old_energy_charge": -262552.51315214566, "new_energy_charge": -261754.47600791542, "energy_charge_savings": 798.0371442302421, "old_demand_charge": -43967.800760718026, "new_demand_charge": -37549.21261824616, "demand_charge_savings": 6418.588142471868, "retail_profits": 7216.62528670211, "battery_charge_cost": -26569.879172039808, "battery_discharge_revenues": 27367.91631627002, "battery_retail_profits": 798.037144230213, "battery_export_revenue": 0.0, "total_profits": 7216.62528670211}}