{"key_params": {"location": "CA_Sacramento.Metro", "customer_type": "School", "demand_charge": 10, "export_price": 0.12, "export_price_type": "flat low", "battery_size_kWh": 2000, "battery_power_kW": 500.0, "min_soc": 0.05, "max_soc": 1.0, "one_way_efficiency": 0.92, "start_soc": 0.5, "n_horizon": 24, "n_control": 12}, "savings": {"old_energy_charge": -629556.7450883541, "new_energy_charge": -624859.4524715657, "energy_charge_savings": 4697.292616788414, "old_demand_charge": -202431.67948593738, "new_demand_charge": -159648.91245031424, "demand_charge_savings": 42782.76703562314, "retail_profits": 47480.05965241155, "battery_charge_cost": -72012.30720285172, "battery_discharge_revenues": 76709.59981964028, "battery_retail_profits": 4697.29261678856, "battery_export_revenue": 789.5102522619997, "total_profits": 48269.56990467355}}