{"key_params": {"location": "CA_San.Francisco.Intl", "customer_type": "Hotel", "demand_charge": 10, "export_price": 0.14, "export_price_type": "flat high", "battery_size_kWh": 2000, "battery_power_kW": 500.0, "min_soc": 0.05, "max_soc": 1.0, "one_way_efficiency": 0.92, "start_soc": 0.5, "n_horizon": 24, "n_control": 12}, "savings": {"old_energy_charge": -394536.50395786023, "new_energy_charge": -389923.45612001535, "energy_charge_savings": 4613.047837844875, "old_demand_charge": -77805.11042679891, "new_demand_charge": -51845.65839691426, "demand_charge_savings": 25959.452029884655, "retail_profits": 30572.49986772953, "battery_charge_cost": -62595.73802313073, "battery_discharge_revenues": 67208.7858609756, "battery_retail_profits": 4613.047837844861, "battery_export_revenue": 936.5928450874496, "total_profits": 31509.09271281698}}