{"key_params": {"location": "CA_Sacramento.Metro", "customer_type": "Hotel", "demand_charge": 10, "export_price": 0.0, "export_price_type": "none", "battery_size_kWh": 2000, "battery_power_kW": 500.0, "min_soc": 0.05, "max_soc": 1.0, "one_way_efficiency": 0.92, "start_soc": 0.5, "n_horizon": 24, "n_control": 12}, "savings": {"old_energy_charge": -366956.9222091071, "new_energy_charge": -364390.52996679966, "energy_charge_savings": 2566.3922423074255, "old_demand_charge": -67761.42114879194, "new_demand_charge": -47079.22691941975, "demand_charge_savings": 20682.194229372188, "retail_profits": 23248.586471679613, "battery_charge_cost": -44602.10872330127, "battery_discharge_revenues": 47168.500965608684, "battery_retail_profits": 2566.392242307411, "battery_export_revenue": 0.0, "total_profits": 23248.586471679613}}