{"key_params": {"location": "CA_Sacramento.Metro", "customer_type": "Hotel", "demand_charge": 10, "export_price": 0.12, "export_price_type": "flat low", "battery_size_kWh": 2000, "battery_power_kW": 500.0, "min_soc": 0.05, "max_soc": 1.0, "one_way_efficiency": 0.92, "start_soc": 0.5, "n_horizon": 24, "n_control": 12}, "savings": {"old_energy_charge": -366956.9222091071, "new_energy_charge": -364400.3371384088, "energy_charge_savings": 2556.585070698289, "old_demand_charge": -67761.42114879194, "new_demand_charge": -47090.29735793424, "demand_charge_savings": 20671.123790857695, "retail_profits": 23227.708861555984, "battery_charge_cost": -44436.44599432094, "battery_discharge_revenues": 46993.03106501913, "battery_retail_profits": 2556.5850706981946, "battery_export_revenue": 0.0, "total_profits": 23227.708861555984}}