{"key_params": {"location": "CA_Sacramento.Metro", "customer_type": "Hospital", "demand_charge": 10, "export_price": 0.032141, "export_price_type": "wholesale LMP", "battery_size_kWh": 2000, "battery_power_kW": 500.0, "min_soc": 0.05, "max_soc": 1.0, "one_way_efficiency": 0.92, "start_soc": 0.5, "n_horizon": 24, "n_control": 12}, "savings": {"old_energy_charge": -260597.10369842313, "new_energy_charge": -260065.12238163562, "energy_charge_savings": 531.9813167875109, "old_demand_charge": -42782.99656766649, "new_demand_charge": -37230.37424188334, "demand_charge_savings": 5552.622325783144, "retail_profits": 6084.603642570655, "battery_charge_cost": -26049.85801939401, "battery_discharge_revenues": 26581.839336181503, "battery_retail_profits": 531.9813167874927, "battery_export_revenue": 103.65560741424234, "total_profits": 6188.259249984898}}