{"key_params": {"location": "CA_Sacramento.Metro", "customer_type": "Market", "demand_charge": 10, "export_price": 0.032141, "export_price_type": "wholesale LMP", "battery_size_kWh": 2000, "battery_power_kW": 500.0, "min_soc": 0.05, "max_soc": 1.0, "one_way_efficiency": 0.92, "start_soc": 0.5, "n_horizon": 24, "n_control": 12}, "savings": {"old_energy_charge": -405258.4248160301, "new_energy_charge": -405338.75757291255, "energy_charge_savings": -80.33275688247522, "old_demand_charge": -81457.37774323861, "new_demand_charge": -61188.89863628091, "demand_charge_savings": 20268.479106957704, "retail_profits": 20188.14635007523, "battery_charge_cost": -69870.05182474396, "battery_discharge_revenues": 69789.71906786152, "battery_retail_profits": -80.33275688244612, "battery_export_revenue": 3.8477530706169545, "total_profits": 20191.994103145847}}