{"key_params": {"location": "CA_Sacramento.Metro", "customer_type": "School", "demand_charge": 10, "export_price": 0.032141, "export_price_type": "wholesale LMP", "battery_size_kWh": 2000, "battery_power_kW": 500.0, "min_soc": 0.05, "max_soc": 1.0, "one_way_efficiency": 0.92, "start_soc": 0.5, "n_horizon": 24, "n_control": 12}, "savings": {"old_energy_charge": -629556.7450883541, "new_energy_charge": -624211.0982390466, "energy_charge_savings": 5345.646849307464, "old_demand_charge": -202431.67948593738, "new_demand_charge": -159648.91245031427, "demand_charge_savings": 42782.76703562311, "retail_profits": 48128.413884930575, "battery_charge_cost": -72012.30720285172, "battery_discharge_revenues": 77357.95405215936, "battery_retail_profits": 5345.646849307639, "battery_export_revenue": 81.40949492514764, "total_profits": 48209.82337985572}}