{"key_params": {"location": "CA_San.Diego-Lindbergh.Field.722900_TMY3", "customer_type": "Office", "demand_charge": 10, "export_price": 0.032141, "export_price_type": "wholesale LMP", "battery_size_kWh": 2000, "battery_power_kW": 500.0, "min_soc": 0.05, "max_soc": 1.0, "one_way_efficiency": 0.92, "start_soc": 0.5, "n_horizon": 24, "n_control": 12}, "savings": {"old_energy_charge": -324106.9528787252, "new_energy_charge": -326920.33871384896, "energy_charge_savings": -2813.3858351237723, "old_demand_charge": -81346.46557147743, "new_demand_charge": -57419.3333954757, "demand_charge_savings": 23927.132176001724, "retail_profits": 21113.74634087795, "battery_charge_cost": -63331.44731331501, "battery_discharge_revenues": 60518.061478191215, "battery_retail_profits": -2813.385835123794, "battery_export_revenue": 517.1450220113345, "total_profits": 21630.891362889284}}