{"key_params": {"location": "CA_San.Jose.Intl", "customer_type": "School", "demand_charge": 10, "export_price": 0.10531, "export_price_type": "retail ToU", "battery_size_kWh": 2000, "battery_power_kW": 500.0, "min_soc": 0.05, "max_soc": 1.0, "one_way_efficiency": 0.92, "start_soc": 0.5, "n_horizon": 24, "n_control": 12}, "savings": {"old_energy_charge": -614000.9740484045, "new_energy_charge": -616181.0113035868, "energy_charge_savings": -2180.03725518228, "old_demand_charge": -205602.4230952178, "new_demand_charge": -164575.4758210387, "demand_charge_savings": 41026.94727417908, "retail_profits": 38846.9100189968, "battery_charge_cost": -75700.8634809157, "battery_discharge_revenues": 73520.82622573349, "battery_retail_profits": -2180.0372551822074, "battery_export_revenue": 8809.736009939035, "total_profits": 47656.64602893584}}