{"key_params": {"location": "CA_San.Francisco.Intl", "customer_type": "Hospital", "demand_charge": 10, "export_price": 0.14, "export_price_type": "flat high", "battery_size_kWh": 2000, "battery_power_kW": 500.0, "min_soc": 0.05, "max_soc": 1.0, "one_way_efficiency": 0.92, "start_soc": 0.5, "n_horizon": 24, "n_control": 12}, "savings": {"old_energy_charge": -259464.33519488043, "new_energy_charge": -264377.71518553706, "energy_charge_savings": -4913.379990656627, "old_demand_charge": -42424.88010224397, "new_demand_charge": -36771.49447499793, "demand_charge_savings": 5653.38562724604, "retail_profits": 740.0056365894125, "battery_charge_cost": -26996.160096203635, "battery_discharge_revenues": 22082.780105546975, "battery_retail_profits": -4913.37999065666, "battery_export_revenue": 5552.371492120678, "total_profits": 6292.377128710091}}