{"key_params": {"location": "CA_San.Diego-Lindbergh.Field.722900_TMY3", "customer_type": "Hospital", "demand_charge": 10, "export_price": 0.12, "export_price_type": "flat low", "battery_size_kWh": 2000, "battery_power_kW": 500.0, "min_soc": 0.05, "max_soc": 1.0, "one_way_efficiency": 0.92, "start_soc": 0.5, "n_horizon": 24, "n_control": 12}, "savings": {"old_energy_charge": -259662.216523186, "new_energy_charge": -259024.28678750643, "energy_charge_savings": 637.9297356795869, "old_demand_charge": -42487.326783878896, "new_demand_charge": -37061.63426485625, "demand_charge_savings": 5425.692519022647, "retail_profits": 6063.6222547022335, "battery_charge_cost": -25077.82781676889, "battery_discharge_revenues": 25715.757552448435, "battery_retail_profits": 637.9297356795432, "battery_export_revenue": 6.461038099176599e-15, "total_profits": 6063.6222547022335}}