{"key_params": {"location": "CA_San.Francisco.Intl", "customer_type": "Office", "demand_charge": 10, "export_price": 0.14, "export_price_type": "flat high", "battery_size_kWh": 2000, "battery_power_kW": 500.0, "min_soc": 0.05, "max_soc": 1.0, "one_way_efficiency": 0.92, "start_soc": 0.5, "n_horizon": 24, "n_control": 12}, "savings": {"old_energy_charge": -415457.4844846812, "new_energy_charge": -455750.89720891876, "energy_charge_savings": -40293.41272423754, "old_demand_charge": -113096.05775819233, "new_demand_charge": -77689.79317723755, "demand_charge_savings": 35406.26458095478, "retail_profits": -4887.148143282757, "battery_charge_cost": -113865.21937931159, "battery_discharge_revenues": 73571.80665507406, "battery_retail_profits": -40293.412724237525, "battery_export_revenue": 42712.42164082993, "total_profits": 37825.273497547176}}