{"key_params": {"location": "CA_San.Jose.Intl", "customer_type": "Office", "demand_charge": 10, "export_price": 0.032141, "export_price_type": "wholesale LMP", "battery_size_kWh": 2000, "battery_power_kW": 500.0, "min_soc": 0.05, "max_soc": 1.0, "one_way_efficiency": 0.92, "start_soc": 0.5, "n_horizon": 24, "n_control": 12}, "savings": {"old_energy_charge": -535766.0509902535, "new_energy_charge": -535603.4060456782, "energy_charge_savings": 162.64494457526598, "old_demand_charge": -134964.2567731175, "new_demand_charge": -105961.33628111138, "demand_charge_savings": 29002.920492006117, "retail_profits": 29165.565436581383, "battery_charge_cost": -74715.36198712538, "battery_discharge_revenues": 74878.00693170076, "battery_retail_profits": 162.6449445753824, "battery_export_revenue": 46.351218534022884, "total_profits": 29211.916655115405}}