{"key_params": {"location": "CA_Sacramento.Metro", "customer_type": "Office", "demand_charge": 10, "export_price": 0.0, "export_price_type": "none", "battery_size_kWh": 2000, "battery_power_kW": 500.0, "min_soc": 0.05, "max_soc": 1.0, "one_way_efficiency": 0.92, "start_soc": 0.5, "n_horizon": 24, "n_control": 12}, "savings": {"old_energy_charge": -428378.5998696116, "new_energy_charge": -426155.1211176472, "energy_charge_savings": 2223.4787519644015, "old_demand_charge": -136139.13242226426, "new_demand_charge": -93599.26621117198, "demand_charge_savings": 42539.866211092274, "retail_profits": 44763.344963056676, "battery_charge_cost": -71098.34959722083, "battery_discharge_revenues": 73321.82834918526, "battery_retail_profits": 2223.4787519644306, "battery_export_revenue": 0.0, "total_profits": 44763.344963056676}}