{"key_params": {"location": "CA_San.Jose.Intl", "customer_type": "Restaurant", "demand_charge": 10, "export_price": 0.0, "export_price_type": "none", "battery_size_kWh": 2000, "battery_power_kW": 500.0, "min_soc": 0.05, "max_soc": 1.0, "one_way_efficiency": 0.92, "start_soc": 0.5, "n_horizon": 24, "n_control": 12}, "savings": {"old_energy_charge": -487612.3935024262, "new_energy_charge": -487750.83237887925, "energy_charge_savings": -138.4388764530304, "old_demand_charge": -88461.66479120363, "new_demand_charge": -65022.04836015772, "demand_charge_savings": 23439.616431045906, "retail_profits": 23301.177554592876, "battery_charge_cost": -62637.09628517649, "battery_discharge_revenues": 62498.65740872347, "battery_retail_profits": -138.4388764530231, "battery_export_revenue": 0.0, "total_profits": 23301.177554592876}}