{"key_params": {"location": "CA_San.Jose.Intl", "customer_type": "School", "demand_charge": 10, "export_price": 0.12, "export_price_type": "flat low", "battery_size_kWh": 2000, "battery_power_kW": 500.0, "min_soc": 0.05, "max_soc": 1.0, "one_way_efficiency": 0.92, "start_soc": 0.5, "n_horizon": 24, "n_control": 12}, "savings": {"old_energy_charge": -369431.0541992257, "new_energy_charge": -370501.9868972726, "energy_charge_savings": -1070.932698046905, "old_demand_charge": -108944.81657225873, "new_demand_charge": -72895.78406788825, "demand_charge_savings": 36049.03250437048, "retail_profits": 34978.099806323575, "battery_charge_cost": -69016.0267432523, "battery_discharge_revenues": 67945.0940452054, "battery_retail_profits": -1070.9326980468904, "battery_export_revenue": 1317.354670060181, "total_profits": 36295.454476383755}}