{"key_params": {"location": "CA_San.Francisco.Intl", "customer_type": "Hospital", "demand_charge": 10, "export_price": 0.10531, "export_price_type": "retail ToU", "battery_size_kWh": 2000, "battery_power_kW": 500.0, "min_soc": 0.05, "max_soc": 1.0, "one_way_efficiency": 0.92, "start_soc": 0.5, "n_horizon": 24, "n_control": 12}, "savings": {"old_energy_charge": -259464.33519488043, "new_energy_charge": -265076.6446560169, "energy_charge_savings": -5612.309461136465, "old_demand_charge": -42424.88010224397, "new_demand_charge": -36783.635217435156, "demand_charge_savings": 5641.244884808817, "retail_profits": 28.935423672352044, "battery_charge_cost": -25126.42919129395, "battery_discharge_revenues": 19514.119730157483, "battery_retail_profits": -5612.309461136469, "battery_export_revenue": 5964.948449278075, "total_profits": 5993.883872950427}}