{"key_params": {"location": "CA_San.Francisco.Intl", "customer_type": "Market", "demand_charge": 10, "export_price": 0.10531, "export_price_type": "retail ToU", "battery_size_kWh": 2000, "battery_power_kW": 500.0, "min_soc": 0.05, "max_soc": 1.0, "one_way_efficiency": 0.92, "start_soc": 0.5, "n_horizon": 24, "n_control": 12}, "savings": {"old_energy_charge": -391004.5731570871, "new_energy_charge": -392371.92788277724, "energy_charge_savings": -1367.354725690151, "old_demand_charge": -75324.44414629406, "new_demand_charge": -56250.52372910619, "demand_charge_savings": 19073.920417187866, "retail_profits": 17706.565691497715, "battery_charge_cost": -65298.14292904257, "battery_discharge_revenues": 63930.78820335249, "battery_retail_profits": -1367.3547256900856, "battery_export_revenue": 183.10539749335732, "total_profits": 17889.671088991072}}