{"key_params": {"location": "CA_Palm.Springs-Thermal", "customer_type": "Restaurant", "demand_charge": 10, "export_price": 0.032141, "export_price_type": "wholesale LMP", "battery_size_kWh": 2000, "battery_power_kW": 500.0, "min_soc": 0.05, "max_soc": 1.0, "one_way_efficiency": 0.92, "start_soc": 0.5, "n_horizon": 24, "n_control": 12}, "savings": {"old_energy_charge": -525182.4348418515, "new_energy_charge": -526023.2677506184, "energy_charge_savings": -840.8329087669263, "old_demand_charge": -96776.2981772762, "new_demand_charge": -71232.96456328842, "demand_charge_savings": 25543.33361398778, "retail_profits": 24702.500705220853, "battery_charge_cost": -70569.08905816775, "battery_discharge_revenues": 69728.25614940081, "battery_retail_profits": -840.8329087669408, "battery_export_revenue": 0.0, "total_profits": 24702.500705220853}}