{"key_params": {"location": "CA_San.Diego-Lindbergh.Field.722900_TMY3", "customer_type": "Office", "demand_charge": 10, "export_price": 0.0, "export_price_type": "none", "battery_size_kWh": 2000, "battery_power_kW": 500.0, "min_soc": 0.05, "max_soc": 1.0, "one_way_efficiency": 0.92, "start_soc": 0.5, "n_horizon": 24, "n_control": 12}, "savings": {"old_energy_charge": -324106.9528787252, "new_energy_charge": -326665.502381845, "energy_charge_savings": -2558.549503119837, "old_demand_charge": -81346.46557147743, "new_demand_charge": -57418.81124887437, "demand_charge_savings": 23927.654322603055, "retail_profits": 21369.10481948322, "battery_charge_cost": -63187.63314169809, "battery_discharge_revenues": 60629.083638578326, "battery_retail_profits": -2558.5495031197643, "battery_export_revenue": 0.0, "total_profits": 21369.10481948322}}