{"key_params": {"location": "CA_San.Jose.Intl", "customer_type": "Office", "demand_charge": 10, "export_price": 0.10531, "export_price_type": "retail ToU", "battery_size_kWh": 2000, "battery_power_kW": 500.0, "min_soc": 0.05, "max_soc": 1.0, "one_way_efficiency": 0.92, "start_soc": 0.5, "n_horizon": 24, "n_control": 12}, "savings": {"old_energy_charge": -535766.0509902535, "new_energy_charge": -541822.6391279302, "energy_charge_savings": -6056.5881376767065, "old_demand_charge": -134964.2567731175, "new_demand_charge": -105961.33628111135, "demand_charge_savings": 29002.920492006146, "retail_profits": 22946.33235432944, "battery_charge_cost": -77467.67282201431, "battery_discharge_revenues": 71411.08468433766, "battery_retail_profits": -6056.588137676648, "battery_export_revenue": 6581.654092548358, "total_profits": 29527.986446877796}}