{"key_params": {"location": "CA_San.Diego-Lindbergh.Field.722900_TMY3", "customer_type": "Hotel", "demand_charge": 10, "export_price": 0.14, "export_price_type": "flat high", "battery_size_kWh": 2000, "battery_power_kW": 500.0, "min_soc": 0.05, "max_soc": 1.0, "one_way_efficiency": 0.92, "start_soc": 0.5, "n_horizon": 24, "n_control": 12}, "savings": {"old_energy_charge": -354514.5708329557, "new_energy_charge": -352525.0101559347, "energy_charge_savings": 1989.5606770209852, "old_demand_charge": -63496.34403457083, "new_demand_charge": -44378.256104679975, "demand_charge_savings": 19118.087929890855, "retail_profits": 21107.64860691184, "battery_charge_cost": -40912.16515059024, "battery_discharge_revenues": 42901.72582761128, "battery_retail_profits": 1989.560677021036, "battery_export_revenue": 60.172874584846134, "total_profits": 21167.821481496685}}