{"key_params": {"location": "CA_Sacramento.Metro", "customer_type": "School", "demand_charge": 10, "export_price": 0.12, "export_price_type": "flat low", "battery_size_kWh": 2000, "battery_power_kW": 500.0, "min_soc": 0.05, "max_soc": 1.0, "one_way_efficiency": 0.92, "start_soc": 0.5, "n_horizon": 24, "n_control": 12}, "savings": {"old_energy_charge": -385800.4581855283, "new_energy_charge": -385984.0816773593, "energy_charge_savings": -183.6234918310074, "old_demand_charge": -119236.76610671355, "new_demand_charge": -84857.37900172197, "demand_charge_savings": 34379.387104991576, "retail_profits": 34195.76361316057, "battery_charge_cost": -70294.21240961368, "battery_discharge_revenues": 70110.58891778273, "battery_retail_profits": -183.6234918309492, "battery_export_revenue": 1379.0545390531156, "total_profits": 35574.81815221369}}