{"key_params": {"location": "CA_Palm.Springs-Thermal", "customer_type": "Office", "demand_charge": 10, "export_price": 0.10531, "export_price_type": "retail ToU", "battery_size_kWh": 2000, "battery_power_kW": 500.0, "min_soc": 0.05, "max_soc": 1.0, "one_way_efficiency": 0.92, "start_soc": 0.5, "n_horizon": 24, "n_control": 12}, "savings": {"old_energy_charge": -367116.8905430124, "new_energy_charge": -381360.1608210957, "energy_charge_savings": -14243.270278083277, "old_demand_charge": -94808.51402272671, "new_demand_charge": -67900.42384602645, "demand_charge_savings": 26908.090176700265, "retail_profits": 12664.819898616988, "battery_charge_cost": -74126.19487375788, "battery_discharge_revenues": 59882.924595674536, "battery_retail_profits": -14243.270278083342, "battery_export_revenue": 13597.130431358091, "total_profits": 26261.95032997508}}