{"key_params": {"location": "CA_Palm.Springs-Thermal", "customer_type": "Hotel", "demand_charge": 10, "export_price": 0.0, "export_price_type": "none", "battery_size_kWh": 2000, "battery_power_kW": 500.0, "min_soc": 0.05, "max_soc": 1.0, "one_way_efficiency": 0.92, "start_soc": 0.5, "n_horizon": 24, "n_control": 12}, "savings": {"old_energy_charge": -327265.6119072619, "new_energy_charge": -324728.65642872464, "energy_charge_savings": 2536.9554785372457, "old_demand_charge": -58741.59810084533, "new_demand_charge": -41658.580463477716, "demand_charge_savings": 17083.017637367615, "retail_profits": 19619.97311590486, "battery_charge_cost": -35904.77974640808, "battery_discharge_revenues": 38441.73522494534, "battery_retail_profits": 2536.95547853726, "battery_export_revenue": 0.0, "total_profits": 19619.97311590486}}