{"key_params": {"location": "CA_San.Diego-Lindbergh.Field.722900_TMY3", "customer_type": "Hotel", "demand_charge": 10, "export_price": 0.14, "export_price_type": "flat high", "battery_size_kWh": 2000, "battery_power_kW": 500.0, "min_soc": 0.05, "max_soc": 1.0, "one_way_efficiency": 0.92, "start_soc": 0.5, "n_horizon": 24, "n_control": 12}, "savings": {"old_energy_charge": -384669.27305199, "new_energy_charge": -381494.7612329388, "energy_charge_savings": 3174.5118190512294, "old_demand_charge": -74509.56171433613, "new_demand_charge": -50218.70293708561, "demand_charge_savings": 24290.85877725052, "retail_profits": 27465.37059630175, "battery_charge_cost": -56681.98127807192, "battery_discharge_revenues": 59856.49309712314, "battery_retail_profits": 3174.511819051215, "battery_export_revenue": 1678.0969316208752, "total_profits": 29143.467527922625}}