{"key_params": {"location": "CA_San.Francisco.Intl", "customer_type": "Hotel", "demand_charge": 10, "export_price": 0.10531, "export_price_type": "retail ToU", "battery_size_kWh": 2000, "battery_power_kW": 500.0, "min_soc": 0.05, "max_soc": 1.0, "one_way_efficiency": 0.92, "start_soc": 0.5, "n_horizon": 24, "n_control": 12}, "savings": {"old_energy_charge": -378703.42677924107, "new_energy_charge": -376464.68055793137, "energy_charge_savings": 2238.7462213097024, "old_demand_charge": -69542.5244854225, "new_demand_charge": -47743.909202924086, "demand_charge_savings": 21798.615282498416, "retail_profits": 24037.36150380812, "battery_charge_cost": -45733.1993694818, "battery_discharge_revenues": 47971.94559079142, "battery_retail_profits": 2238.7462213096223, "battery_export_revenue": 0.0, "total_profits": 24037.36150380812}}