{"key_params": {"location": "CA_San.Diego-Lindbergh.Field.722900_TMY3", "customer_type": "Apartment", "demand_charge": 10, "export_price": 0.14, "export_price_type": "flat high", "battery_size_kWh": 2000, "battery_power_kW": 500.0, "min_soc": 0.05, "max_soc": 1.0, "one_way_efficiency": 0.92, "start_soc": 0.5, "n_horizon": 24, "n_control": 12}, "savings": {"old_energy_charge": -359297.16091487784, "new_energy_charge": -351340.96613504033, "energy_charge_savings": 7956.194779837504, "old_demand_charge": -76903.63262120778, "new_demand_charge": -48074.1002495082, "demand_charge_savings": 28829.532371699584, "retail_profits": 36785.72715153709, "battery_charge_cost": -61432.743652518955, "battery_discharge_revenues": 69388.93843235653, "battery_retail_profits": 7956.194779837577, "battery_export_revenue": 1617.8117673151266, "total_profits": 38403.53891885222}}