{"key_params": {"location": "CA_San.Diego-Lindbergh.Field.722900_TMY3", "customer_type": "Restaurant", "demand_charge": 10, "export_price": 0.032141, "export_price_type": "wholesale LMP", "battery_size_kWh": 2000, "battery_power_kW": 500.0, "min_soc": 0.05, "max_soc": 1.0, "one_way_efficiency": 0.92, "start_soc": 0.5, "n_horizon": 24, "n_control": 12}, "savings": {"old_energy_charge": -496728.4500066135, "new_energy_charge": -495319.58566389116, "energy_charge_savings": 1408.8643427223433, "old_demand_charge": -90633.56417674279, "new_demand_charge": -66065.9902776904, "demand_charge_savings": 24567.573899052382, "retail_profits": 25976.438241774726, "battery_charge_cost": -67646.00926301579, "battery_discharge_revenues": 69054.87360573818, "battery_retail_profits": 1408.864342722387, "battery_export_revenue": 0.0, "total_profits": 25976.438241774726}}