{"key_params": {"location": "CA_Palm.Springs-Thermal", "customer_type": "Hospital", "demand_charge": 10, "export_price": 0.032141, "export_price_type": "wholesale LMP", "battery_size_kWh": 2000, "battery_power_kW": 500.0, "min_soc": 0.05, "max_soc": 1.0, "one_way_efficiency": 0.92, "start_soc": 0.5, "n_horizon": 24, "n_control": 12}, "savings": {"old_energy_charge": -262552.51315214566, "new_energy_charge": -261805.40804607165, "energy_charge_savings": 747.1051060740137, "old_demand_charge": -43967.800760718026, "new_demand_charge": -37630.27348051305, "demand_charge_savings": 6337.527280204973, "retail_profits": 7084.632386278987, "battery_charge_cost": -26494.82487719391, "battery_discharge_revenues": 27241.92998326792, "battery_retail_profits": 747.1051060740101, "battery_export_revenue": 93.41412963762002, "total_profits": 7178.046515916607}}