{"key_params": {"location": "CA_Sacramento.Metro", "customer_type": "Office", "demand_charge": 10, "export_price": 0.0, "export_price_type": "none", "battery_size_kWh": 2000, "battery_power_kW": 500.0, "min_soc": 0.05, "max_soc": 1.0, "one_way_efficiency": 0.92, "start_soc": 0.5, "n_horizon": 24, "n_control": 12}, "savings": {"old_energy_charge": -329615.34966811753, "new_energy_charge": -331586.0161062717, "energy_charge_savings": -1970.6664381541777, "old_demand_charge": -88410.93697420362, "new_demand_charge": -60802.791484690155, "demand_charge_savings": 27608.145489513467, "retail_profits": 25637.47905135929, "battery_charge_cost": -60895.89370213371, "battery_discharge_revenues": 58925.227263979556, "battery_retail_profits": -1970.666438154156, "battery_export_revenue": 0.0, "total_profits": 25637.47905135929}}