{"key_params": {"location": "CA_San.Jose.Intl", "customer_type": "Apartment", "demand_charge": 10, "export_price": 0.0, "export_price_type": "none", "battery_size_kWh": 2000, "battery_power_kW": 500.0, "min_soc": 0.05, "max_soc": 1.0, "one_way_efficiency": 0.92, "start_soc": 0.5, "n_horizon": 24, "n_control": 12}, "savings": {"old_energy_charge": -370288.9832994153, "new_energy_charge": -360520.4809339354, "energy_charge_savings": 9768.502365479944, "old_demand_charge": -80398.16999848478, "new_demand_charge": -51352.67348577119, "demand_charge_savings": 29045.496512713587, "retail_profits": 38813.99887819353, "battery_charge_cost": -62559.81963573617, "battery_discharge_revenues": 72328.32200121606, "battery_retail_profits": 9768.502365479893, "battery_export_revenue": 0.0, "total_profits": 38813.99887819353}}