{"key_params": {"location": "CA_San.Francisco.Intl", "customer_type": "Hotel", "demand_charge": 10, "export_price": 0.10531, "export_price_type": "retail ToU", "battery_size_kWh": 2000, "battery_power_kW": 500.0, "min_soc": 0.05, "max_soc": 1.0, "one_way_efficiency": 0.92, "start_soc": 0.5, "n_horizon": 24, "n_control": 12}, "savings": {"old_energy_charge": -394536.50395786023, "new_energy_charge": -389153.7603919394, "energy_charge_savings": 5382.743565920857, "old_demand_charge": -77805.11042679891, "new_demand_charge": -52336.99022926744, "demand_charge_savings": 25468.120197531476, "retail_profits": 30850.863763452333, "battery_charge_cost": -59332.99338191957, "battery_discharge_revenues": 64715.73694784042, "battery_retail_profits": 5382.7435659208495, "battery_export_revenue": 7.996050636894949, "total_profits": 30858.859814089228}}