{"key_params": {"location": "CA_San.Francisco.Intl", "customer_type": "Hospital", "demand_charge": 10, "export_price": 0.12, "export_price_type": "flat low", "battery_size_kWh": 2000, "battery_power_kW": 500.0, "min_soc": 0.05, "max_soc": 1.0, "one_way_efficiency": 0.92, "start_soc": 0.5, "n_horizon": 24, "n_control": 12}, "savings": {"old_energy_charge": -259464.33519488043, "new_energy_charge": -259149.8814455253, "energy_charge_savings": 314.45374935513246, "old_demand_charge": -42424.88010224397, "new_demand_charge": -36809.2505253585, "demand_charge_savings": 5615.629576885476, "retail_profits": 5930.083326240609, "battery_charge_cost": -24914.84722504308, "battery_discharge_revenues": 25229.300974398207, "battery_retail_profits": 314.4537493551288, "battery_export_revenue": 0.0, "total_profits": 5930.083326240609}}