{"key_params": {"location": "CA_Palm.Springs-Thermal", "customer_type": "School", "demand_charge": 10, "export_price": 0.0, "export_price_type": "none", "battery_size_kWh": 2000, "battery_power_kW": 500.0, "min_soc": 0.05, "max_soc": 1.0, "one_way_efficiency": 0.92, "start_soc": 0.5, "n_horizon": 24, "n_control": 12}, "savings": {"old_energy_charge": -460099.59068072605, "new_energy_charge": -459288.32614711224, "energy_charge_savings": 811.2645336138085, "old_demand_charge": -138768.9814272731, "new_demand_charge": -104583.06713812583, "demand_charge_savings": 34185.91428914727, "retail_profits": 34997.17882276108, "battery_charge_cost": -71831.33530490132, "battery_discharge_revenues": 72642.59983851516, "battery_retail_profits": 811.2645336138376, "battery_export_revenue": 0.0, "total_profits": 34997.17882276108}}