{"key_params": {"location": "CA_Palm.Springs-Thermal", "customer_type": "Hotel", "demand_charge": 10, "export_price": 0.12, "export_price_type": "flat low", "battery_size_kWh": 2000, "battery_power_kW": 500.0, "min_soc": 0.05, "max_soc": 1.0, "one_way_efficiency": 0.92, "start_soc": 0.5, "n_horizon": 24, "n_control": 12}, "savings": {"old_energy_charge": -327265.6119072619, "new_energy_charge": -324732.37821839884, "energy_charge_savings": 2533.2336888630525, "old_demand_charge": -58741.59810084533, "new_demand_charge": -41672.49426643035, "demand_charge_savings": 17069.10383441498, "retail_profits": 19602.33752327803, "battery_charge_cost": -35685.59058166017, "battery_discharge_revenues": 38218.82427052327, "battery_retail_profits": 2533.233688863096, "battery_export_revenue": 0.0, "total_profits": 19602.33752327803}}