{"key_params": {"location": "CA_San.Francisco.Intl", "customer_type": "School", "demand_charge": 10, "export_price": 0.12, "export_price_type": "flat low", "battery_size_kWh": 2000, "battery_power_kW": 500.0, "min_soc": 0.05, "max_soc": 1.0, "one_way_efficiency": 0.92, "start_soc": 0.5, "n_horizon": 24, "n_control": 12}, "savings": {"old_energy_charge": -543971.0022639859, "new_energy_charge": -537546.1234583581, "energy_charge_savings": 6424.878805627814, "old_demand_charge": -193474.47421783418, "new_demand_charge": -153515.33164059737, "demand_charge_savings": 39959.14257723681, "retail_profits": 46384.02138286462, "battery_charge_cost": -70461.4270104286, "battery_discharge_revenues": 76886.30581605634, "battery_retail_profits": 6424.878805627741, "battery_export_revenue": 1959.4615694627025, "total_profits": 48343.48295232732}}