{"key_params": {"location": "CA_Palm.Springs-Thermal", "customer_type": "Office", "demand_charge": 10, "export_price": 0.0, "export_price_type": "none", "battery_size_kWh": 2000, "battery_power_kW": 500.0, "min_soc": 0.05, "max_soc": 1.0, "one_way_efficiency": 0.92, "start_soc": 0.5, "n_horizon": 24, "n_control": 12}, "savings": {"old_energy_charge": -367116.8905430124, "new_energy_charge": -369296.5689259258, "energy_charge_savings": -2179.6783829134074, "old_demand_charge": -94808.51402272671, "new_demand_charge": -67614.15520296426, "demand_charge_savings": 27194.35881976245, "retail_profits": 25014.68043684904, "battery_charge_cost": -66865.89955889795, "battery_discharge_revenues": 64686.22117598452, "battery_retail_profits": -2179.678382913422, "battery_export_revenue": 0.0, "total_profits": 25014.68043684904}}