{"key_params": {"location": "CA_Sacramento.Metro", "customer_type": "Restaurant", "demand_charge": 10, "export_price": 0.032141, "export_price_type": "wholesale LMP", "battery_size_kWh": 2000, "battery_power_kW": 500.0, "min_soc": 0.05, "max_soc": 1.0, "one_way_efficiency": 0.92, "start_soc": 0.5, "n_horizon": 24, "n_control": 12}, "savings": {"old_energy_charge": -477825.31744004664, "new_energy_charge": -477180.78207592823, "energy_charge_savings": 644.5353641184047, "old_demand_charge": -88660.39284115977, "new_demand_charge": -65303.909297058664, "demand_charge_savings": 23356.48354410111, "retail_profits": 24001.018908219514, "battery_charge_cost": -64735.65566602091, "battery_discharge_revenues": 65380.19103013931, "battery_retail_profits": 644.5353641183974, "battery_export_revenue": 0.0, "total_profits": 24001.018908219514}}