{"key_params": {"location": "CA_San.Diego-Lindbergh.Field.722900_TMY3", "customer_type": "Restaurant", "demand_charge": 10, "export_price": 0.032141, "export_price_type": "wholesale LMP", "battery_size_kWh": 2000, "battery_power_kW": 500.0, "min_soc": 0.05, "max_soc": 1.0, "one_way_efficiency": 0.92, "start_soc": 0.5, "n_horizon": 24, "n_control": 12}, "savings": {"old_energy_charge": -460898.953687813, "new_energy_charge": -461866.29873794044, "energy_charge_savings": -967.3450501274201, "old_demand_charge": -80306.68103860143, "new_demand_charge": -60228.02594133562, "demand_charge_savings": 20078.655097265808, "retail_profits": 19111.310047138388, "battery_charge_cost": -59539.96899863289, "battery_discharge_revenues": 58572.623948505454, "battery_retail_profits": -967.3450501274347, "battery_export_revenue": 0.0, "total_profits": 19111.310047138388}}