{"key_params": {"location": "CA_Sacramento.Metro", "customer_type": "Hospital", "demand_charge": 10, "export_price": 0.10531, "export_price_type": "retail ToU", "battery_size_kWh": 2000, "battery_power_kW": 500.0, "min_soc": 0.05, "max_soc": 1.0, "one_way_efficiency": 0.92, "start_soc": 0.5, "n_horizon": 24, "n_control": 12}, "savings": {"old_energy_charge": -260597.10369842313, "new_energy_charge": -265944.68771189963, "energy_charge_savings": -5347.584013476502, "old_demand_charge": -42782.99656766649, "new_demand_charge": -37089.771478503484, "demand_charge_savings": 5693.225089163003, "retail_profits": 345.6410756865007, "battery_charge_cost": -25868.163680641283, "battery_discharge_revenues": 20520.579667164784, "battery_retail_profits": -5347.5840134764985, "battery_export_revenue": 5825.893617670022, "total_profits": 6171.534693356522}}