{"key_params": {"location": "CA_Palm.Springs-Thermal", "customer_type": "Hotel", "demand_charge": 10, "export_price": 0.12, "export_price_type": "flat low", "battery_size_kWh": 2000, "battery_power_kW": 500.0, "min_soc": 0.05, "max_soc": 1.0, "one_way_efficiency": 0.92, "start_soc": 0.5, "n_horizon": 24, "n_control": 12}, "savings": {"old_energy_charge": -398782.183280297, "new_energy_charge": -392982.5994813758, "energy_charge_savings": 5799.583798921201, "old_demand_charge": -77397.74418421714, "new_demand_charge": -54067.56675700491, "demand_charge_savings": 23330.177427212227, "retail_profits": 29129.76122613343, "battery_charge_cost": -55978.73366678143, "battery_discharge_revenues": 61778.31746570262, "battery_retail_profits": 5799.583798921187, "battery_export_revenue": 0.0, "total_profits": 29129.76122613343}}