{"key_params": {"location": "CA_Palm.Springs-Thermal", "customer_type": "School", "demand_charge": 10, "export_price": 0.14, "export_price_type": "flat high", "battery_size_kWh": 2000, "battery_power_kW": 500.0, "min_soc": 0.05, "max_soc": 1.0, "one_way_efficiency": 0.92, "start_soc": 0.5, "n_horizon": 24, "n_control": 12}, "savings": {"old_energy_charge": -652008.9561673262, "new_energy_charge": -701643.4560774522, "energy_charge_savings": -49634.499910125975, "old_demand_charge": -172964.4309107641, "new_demand_charge": -141328.42669321463, "demand_charge_savings": 31636.00421754946, "retail_profits": -17998.495692576515, "battery_charge_cost": -135178.98244509613, "battery_discharge_revenues": 85544.48253497039, "battery_retail_profits": -49634.49991012574, "battery_export_revenue": 54690.18392323159, "total_profits": 36691.688230655076}}