{"key_params": {"location": "CA_San.Jose.Intl", "customer_type": "Restaurant", "demand_charge": 10, "export_price": 0.14, "export_price_type": "flat high", "battery_size_kWh": 2000, "battery_power_kW": 500.0, "min_soc": 0.05, "max_soc": 1.0, "one_way_efficiency": 0.92, "start_soc": 0.5, "n_horizon": 24, "n_control": 12}, "savings": {"old_energy_charge": -460821.0364250408, "new_energy_charge": -462229.1765735457, "energy_charge_savings": -1408.14014850487, "old_demand_charge": -80881.97429028056, "new_demand_charge": -60254.77884434126, "demand_charge_savings": 20627.195445939302, "retail_profits": 19219.055297434432, "battery_charge_cost": -60939.74068368347, "battery_discharge_revenues": 59531.60053517862, "battery_retail_profits": -1408.1401485048482, "battery_export_revenue": 0.6683348198352803, "total_profits": 19219.723632254267}}