{"key_params": {"location": "CA_Palm.Springs-Thermal", "customer_type": "Restaurant", "demand_charge": 10, "export_price": 0.10531, "export_price_type": "retail ToU", "battery_size_kWh": 2000, "battery_power_kW": 500.0, "min_soc": 0.05, "max_soc": 1.0, "one_way_efficiency": 0.92, "start_soc": 0.5, "n_horizon": 24, "n_control": 12}, "savings": {"old_energy_charge": -525182.4348418515, "new_energy_charge": -526001.3733866606, "energy_charge_savings": -818.9385448091198, "old_demand_charge": -96776.2981772762, "new_demand_charge": -71258.61972997453, "demand_charge_savings": 25517.678447301674, "retail_profits": 24698.739902492554, "battery_charge_cost": -70534.94041247407, "battery_discharge_revenues": 69716.00186766486, "battery_retail_profits": -818.9385448092071, "battery_export_revenue": 0.0, "total_profits": 24698.739902492554}}