{"key_params": {"location": "CA_San.Jose.Intl", "customer_type": "Hotel", "demand_charge": 10, "export_price": 0.0, "export_price_type": "none", "battery_size_kWh": 2000, "battery_power_kW": 500.0, "min_soc": 0.05, "max_soc": 1.0, "one_way_efficiency": 0.92, "start_soc": 0.5, "n_horizon": 24, "n_control": 12}, "savings": {"old_energy_charge": -367980.8108867139, "new_energy_charge": -365698.41120650165, "energy_charge_savings": 2282.3996802122565, "old_demand_charge": -67851.90803334498, "new_demand_charge": -46610.15549521773, "demand_charge_savings": 21241.75253812725, "retail_profits": 23524.152218339506, "battery_charge_cost": -44852.74685561081, "battery_discharge_revenues": 47135.14653582309, "battery_retail_profits": 2282.3996802122856, "battery_export_revenue": 0.0, "total_profits": 23524.152218339506}}