{"key_params": {"location": "CA_Palm.Springs-Thermal", "customer_type": "School", "demand_charge": 10, "export_price": 0.10531, "export_price_type": "retail ToU", "battery_size_kWh": 2000, "battery_power_kW": 500.0, "min_soc": 0.05, "max_soc": 1.0, "one_way_efficiency": 0.92, "start_soc": 0.5, "n_horizon": 24, "n_control": 12}, "savings": {"old_energy_charge": -460099.59068072605, "new_energy_charge": -469026.2984466585, "energy_charge_savings": -8926.707765932428, "old_demand_charge": -138768.9814272731, "new_demand_charge": -104583.06713812583, "demand_charge_savings": 34185.91428914727, "retail_profits": 25259.206523214845, "battery_charge_cost": -76334.51827937069, "battery_discharge_revenues": 67407.81051343822, "battery_retail_profits": -8926.707765932471, "battery_export_revenue": 10514.73215493901, "total_profits": 35773.938678153856}}