{"key_params": {"location": "CA_San.Francisco.Intl", "customer_type": "School", "demand_charge": 10, "export_price": 0.10531, "export_price_type": "retail ToU", "battery_size_kWh": 2000, "battery_power_kW": 500.0, "min_soc": 0.05, "max_soc": 1.0, "one_way_efficiency": 0.92, "start_soc": 0.5, "n_horizon": 24, "n_control": 12}, "savings": {"old_energy_charge": -543971.0022639859, "new_energy_charge": -547314.4503718268, "energy_charge_savings": -3343.4481078408426, "old_demand_charge": -193474.47421783418, "new_demand_charge": -153515.33164059737, "demand_charge_savings": 39959.14257723681, "retail_profits": 36615.69446939597, "battery_charge_cost": -74677.28869552247, "battery_discharge_revenues": 71333.84058768152, "battery_retail_profits": -3343.4481078409444, "battery_export_revenue": 12785.866493507237, "total_profits": 49401.560962903204}}