{"key_params": {"location": "CA_San.Francisco.Intl", "customer_type": "Restaurant", "demand_charge": 10, "export_price": 0.0, "export_price_type": "none", "battery_size_kWh": 2000, "battery_power_kW": 500.0, "min_soc": 0.05, "max_soc": 1.0, "one_way_efficiency": 0.92, "start_soc": 0.5, "n_horizon": 24, "n_control": 12}, "savings": {"old_energy_charge": -477993.33366338257, "new_energy_charge": -477942.61328014894, "energy_charge_savings": 50.72038323362358, "old_demand_charge": -84117.10232165184, "new_demand_charge": -62539.412246818, "demand_charge_savings": 21577.690074833838, "retail_profits": 21628.41045806746, "battery_charge_cost": -60689.89952906847, "battery_discharge_revenues": 60740.619912302165, "battery_retail_profits": 50.72038323369634, "battery_export_revenue": 0.0, "total_profits": 21628.41045806746}}