{"key_params": {"location": "CA_San.Jose.Intl", "customer_type": "Office", "demand_charge": 10, "export_price": 0.12, "export_price_type": "flat low", "battery_size_kWh": 2000, "battery_power_kW": 500.0, "min_soc": 0.05, "max_soc": 1.0, "one_way_efficiency": 0.92, "start_soc": 0.5, "n_horizon": 24, "n_control": 12}, "savings": {"old_energy_charge": -315174.0731819031, "new_energy_charge": -317910.0338681016, "energy_charge_savings": -2735.960686198494, "old_demand_charge": -81200.2425156161, "new_demand_charge": -56052.27606085479, "demand_charge_savings": 25147.966454761314, "retail_profits": 22412.00576856282, "battery_charge_cost": -60818.3116680384, "battery_discharge_revenues": 58082.35098183993, "battery_retail_profits": -2735.960686198465, "battery_export_revenue": 791.6315860750118, "total_profits": 23203.63735463783}}