{"key_params": {"location": "CA_San.Francisco.Intl", "customer_type": "Restaurant", "demand_charge": 10, "export_price": 0.14, "export_price_type": "flat high", "battery_size_kWh": 2000, "battery_power_kW": 500.0, "min_soc": 0.05, "max_soc": 1.0, "one_way_efficiency": 0.92, "start_soc": 0.5, "n_horizon": 24, "n_control": 12}, "savings": {"old_energy_charge": -477993.33366338257, "new_energy_charge": -478008.8611499312, "energy_charge_savings": -15.527486548642628, "old_demand_charge": -84117.10232165184, "new_demand_charge": -62039.13841335321, "demand_charge_savings": 22077.963908298625, "retail_profits": 22062.436421749982, "battery_charge_cost": -62997.672663814315, "battery_discharge_revenues": 62982.14517726576, "battery_retail_profits": -15.527486548555316, "battery_export_revenue": 32.27237078506336, "total_profits": 22094.708792535046}}