{"key_params": {"location": "CA_San.Francisco.Intl", "customer_type": "Restaurant", "demand_charge": 10, "export_price": 0.14, "export_price_type": "flat high", "battery_size_kWh": 2000, "battery_power_kW": 500.0, "min_soc": 0.05, "max_soc": 1.0, "one_way_efficiency": 0.92, "start_soc": 0.5, "n_horizon": 24, "n_control": 12}, "savings": {"old_energy_charge": -455182.80293513346, "new_energy_charge": -456562.34130733635, "energy_charge_savings": -1379.5383722028928, "old_demand_charge": -78085.74935778361, "new_demand_charge": -58513.06649563217, "demand_charge_savings": 19572.682862151443, "retail_profits": 18193.14448994855, "battery_charge_cost": -60168.70201452865, "battery_discharge_revenues": 58789.16364232563, "battery_retail_profits": -1379.5383722030238, "battery_export_revenue": 4.194695880422165, "total_profits": 18197.339185828972}}