{"key_params": {"location": "CA_San.Jose.Intl", "customer_type": "Office", "demand_charge": 10, "export_price": 0.14, "export_price_type": "flat high", "battery_size_kWh": 2000, "battery_power_kW": 500.0, "min_soc": 0.05, "max_soc": 1.0, "one_way_efficiency": 0.92, "start_soc": 0.5, "n_horizon": 24, "n_control": 12}, "savings": {"old_energy_charge": -535766.0509902535, "new_energy_charge": -574463.6907968237, "energy_charge_savings": -38697.63980657025, "old_demand_charge": -134964.2567731175, "new_demand_charge": -105961.33628111135, "demand_charge_savings": 29002.920492006146, "retail_profits": -9694.719314564107, "battery_charge_cost": -124491.53442137783, "battery_discharge_revenues": 85793.89461480759, "battery_retail_profits": -38697.63980657024, "battery_export_revenue": 39848.802879570736, "total_profits": 30154.08356500663}}