{"key_params": {"location": "CA_San.Francisco.Intl", "customer_type": "Office", "demand_charge": 10, "export_price": 0.14, "export_price_type": "flat high", "battery_size_kWh": 2000, "battery_power_kW": 500.0, "min_soc": 0.05, "max_soc": 1.0, "one_way_efficiency": 0.92, "start_soc": 0.5, "n_horizon": 24, "n_control": 12}, "savings": {"old_energy_charge": -513932.83536484017, "new_energy_charge": -552285.7336066754, "energy_charge_savings": -38352.89824183524, "old_demand_charge": -134927.676052752, "new_demand_charge": -104852.93872009093, "demand_charge_savings": 30074.737332661083, "retail_profits": -8278.160909174156, "battery_charge_cost": -124669.81196357381, "battery_discharge_revenues": 86316.91372173863, "battery_retail_profits": -38352.89824183518, "battery_export_revenue": 41164.96254534254, "total_profits": 32886.801636168384}}