{"key_params": {"location": "CA_Sacramento.Metro", "customer_type": "Restaurant", "demand_charge": 10, "export_price": 0.10531, "export_price_type": "retail ToU", "battery_size_kWh": 2000, "battery_power_kW": 500.0, "min_soc": 0.05, "max_soc": 1.0, "one_way_efficiency": 0.92, "start_soc": 0.5, "n_horizon": 24, "n_control": 12}, "savings": {"old_energy_charge": -516496.58468624955, "new_energy_charge": -514558.131853835, "energy_charge_savings": 1938.4528324145358, "old_demand_charge": -100324.68442400172, "new_demand_charge": -73191.26755344639, "demand_charge_savings": 27133.41687055533, "retail_profits": 29071.869702969867, "battery_charge_cost": -68519.65662030868, "battery_discharge_revenues": 70458.10945272315, "battery_retail_profits": 1938.452832414463, "battery_export_revenue": 0.0, "total_profits": 29071.869702969867}}