{"key_params": {"location": "CA_San.Diego-Lindbergh.Field.722900_TMY3", "customer_type": "Office", "demand_charge": 10, "export_price": 0.12, "export_price_type": "flat low", "battery_size_kWh": 2000, "battery_power_kW": 500.0, "min_soc": 0.05, "max_soc": 1.0, "one_way_efficiency": 0.92, "start_soc": 0.5, "n_horizon": 24, "n_control": 12}, "savings": {"old_energy_charge": -409322.0655134369, "new_energy_charge": -409991.6477244897, "energy_charge_savings": -669.5822110527661, "old_demand_charge": -108763.90000413552, "new_demand_charge": -80995.42410074094, "demand_charge_savings": 27768.475903394574, "retail_profits": 27098.893692341808, "battery_charge_cost": -70655.43185251355, "battery_discharge_revenues": 69985.84964146081, "battery_retail_profits": -669.582211052737, "battery_export_revenue": 787.2239148556275, "total_profits": 27886.117607197437}}