{"key_params": {"location": "CA_San.Diego-Lindbergh.Field.722900_TMY3", "customer_type": "Hotel", "demand_charge": 10, "export_price": 0.0, "export_price_type": "none", "battery_size_kWh": 2000, "battery_power_kW": 500.0, "min_soc": 0.05, "max_soc": 1.0, "one_way_efficiency": 0.92, "start_soc": 0.5, "n_horizon": 24, "n_control": 12}, "savings": {"old_energy_charge": -354514.5708329557, "new_energy_charge": -352457.84386869636, "energy_charge_savings": 2056.7269642593456, "old_demand_charge": -63496.34403457083, "new_demand_charge": -44369.585980226635, "demand_charge_savings": 19126.758054344195, "retail_profits": 21183.48501860354, "battery_charge_cost": -40880.42907924835, "battery_discharge_revenues": 42937.15604350778, "battery_retail_profits": 2056.7269642594256, "battery_export_revenue": 0.0, "total_profits": 21183.48501860354}}