{"key_params": {"location": "CA_San.Diego-Lindbergh.Field.722900_TMY3", "customer_type": "Market", "demand_charge": 10, "export_price": 0.0, "export_price_type": "none", "battery_size_kWh": 2000, "battery_power_kW": 500.0, "min_soc": 0.05, "max_soc": 1.0, "one_way_efficiency": 0.92, "start_soc": 0.5, "n_horizon": 24, "n_control": 12}, "savings": {"old_energy_charge": -375390.97654234077, "new_energy_charge": -376557.6893211381, "energy_charge_savings": -1166.712778797315, "old_demand_charge": -69954.42937379144, "new_demand_charge": -53432.90500387152, "demand_charge_savings": 16521.52436991992, "retail_profits": 15354.811591122605, "battery_charge_cost": -59540.71131930522, "battery_discharge_revenues": 58373.998540507855, "battery_retail_profits": -1166.712778797366, "battery_export_revenue": 0.0, "total_profits": 15354.811591122605}}