{"key_params": {"location": "CA_San.Diego-Lindbergh.Field.722900_TMY3", "customer_type": "School", "demand_charge": 10, "export_price": 0.14, "export_price_type": "flat high", "battery_size_kWh": 2000, "battery_power_kW": 500.0, "min_soc": 0.05, "max_soc": 1.0, "one_way_efficiency": 0.92, "start_soc": 0.5, "n_horizon": 24, "n_control": 12}, "savings": {"old_energy_charge": -645616.3063069365, "new_energy_charge": -696361.052019554, "energy_charge_savings": -50744.74571261741, "old_demand_charge": -191643.61984752724, "new_demand_charge": -160084.86135111272, "demand_charge_savings": 31558.75849641452, "retail_profits": -19185.98721620289, "battery_charge_cost": -143983.5619422806, "battery_discharge_revenues": 93238.81622966303, "battery_retail_profits": -50744.74571261756, "battery_export_revenue": 56471.69202147462, "total_profits": 37285.70480527173}}