{"key_params": {"location": "CA_San.Jose.Intl", "customer_type": "Office", "demand_charge": 10, "export_price": 0.14, "export_price_type": "flat high", "battery_size_kWh": 2000, "battery_power_kW": 500.0, "min_soc": 0.05, "max_soc": 1.0, "one_way_efficiency": 0.92, "start_soc": 0.5, "n_horizon": 24, "n_control": 12}, "savings": {"old_energy_charge": -428320.938402129, "new_energy_charge": -470888.6792758195, "energy_charge_savings": -42567.74087369052, "old_demand_charge": -123696.369632672, "new_demand_charge": -84948.70672116565, "demand_charge_savings": 38747.66291150634, "retail_profits": -3820.0779621841793, "battery_charge_cost": -121373.12410025123, "battery_discharge_revenues": 78805.38322656072, "battery_retail_profits": -42567.740873690505, "battery_export_revenue": 46183.01585815124, "total_profits": 42362.93789596706}}