{"key_params": {"location": "CA_San.Francisco.Intl", "customer_type": "Restaurant", "demand_charge": 10, "export_price": 0.12, "export_price_type": "flat low", "battery_size_kWh": 2000, "battery_power_kW": 500.0, "min_soc": 0.05, "max_soc": 1.0, "one_way_efficiency": 0.92, "start_soc": 0.5, "n_horizon": 24, "n_control": 12}, "savings": {"old_energy_charge": -477993.33366338257, "new_energy_charge": -477940.7634263743, "energy_charge_savings": 52.57023700827267, "old_demand_charge": -84117.10232165184, "new_demand_charge": -62539.412246818, "demand_charge_savings": 21577.690074833838, "retail_profits": 21630.26031184211, "battery_charge_cost": -60683.398623240646, "battery_discharge_revenues": 60735.96886024893, "battery_retail_profits": 52.57023700828722, "battery_export_revenue": 0.0, "total_profits": 21630.26031184211}}