{"key_params": {"location": "CA_Palm.Springs-Thermal", "customer_type": "Hotel", "demand_charge": 10, "export_price": 0.14, "export_price_type": "flat high", "battery_size_kWh": 2000, "battery_power_kW": 500.0, "min_soc": 0.05, "max_soc": 1.0, "one_way_efficiency": 0.92, "start_soc": 0.5, "n_horizon": 24, "n_control": 12}, "savings": {"old_energy_charge": -398782.183280297, "new_energy_charge": -394367.16714477574, "energy_charge_savings": 4415.016135521233, "old_demand_charge": -77397.74418421714, "new_demand_charge": -53737.17935834221, "demand_charge_savings": 23660.564825874928, "retail_profits": 28075.58096139616, "battery_charge_cost": -58687.45912972753, "battery_discharge_revenues": 63102.4752652487, "battery_retail_profits": 4415.016135521168, "battery_export_revenue": 1358.0773271756707, "total_profits": 29433.65828857183}}