{"key_params": {"location": "CA_Sacramento.Metro", "customer_type": "School", "demand_charge": 10, "export_price": 0.14, "export_price_type": "flat high", "battery_size_kWh": 2000, "battery_power_kW": 500.0, "min_soc": 0.05, "max_soc": 1.0, "one_way_efficiency": 0.92, "start_soc": 0.5, "n_horizon": 24, "n_control": 12}, "savings": {"old_energy_charge": -385800.4581855283, "new_energy_charge": -425263.8306587934, "energy_charge_savings": -39463.3724732651, "old_demand_charge": -119236.76610671355, "new_demand_charge": -84625.1777536729, "demand_charge_savings": 34611.58835304064, "retail_profits": -4851.78412022446, "battery_charge_cost": -117825.32273941458, "battery_discharge_revenues": 78361.95026614946, "battery_retail_profits": -39463.37247326512, "battery_export_revenue": 42290.49578183572, "total_profits": 37438.71166161126}}