{"key_params": {"location": "CA_San.Diego-Lindbergh.Field.722900_TMY3", "customer_type": "Restaurant", "demand_charge": 10, "export_price": 0.10531, "export_price_type": "retail ToU", "battery_size_kWh": 2000, "battery_power_kW": 500.0, "min_soc": 0.05, "max_soc": 1.0, "one_way_efficiency": 0.92, "start_soc": 0.5, "n_horizon": 24, "n_control": 12}, "savings": {"old_energy_charge": -460898.953687813, "new_energy_charge": -461766.6870727805, "energy_charge_savings": -867.7333849674906, "old_demand_charge": -80306.68103860143, "new_demand_charge": -60332.59152393047, "demand_charge_savings": 19974.08951467096, "retail_profits": 19106.35612970347, "battery_charge_cost": -59794.66266106417, "battery_discharge_revenues": 58926.9292760966, "battery_retail_profits": -867.7333849675706, "battery_export_revenue": 0.0, "total_profits": 19106.35612970347}}