{"key_params": {"location": "CA_Palm.Springs-Thermal", "customer_type": "Office", "demand_charge": 10, "export_price": 0.032141, "export_price_type": "wholesale LMP", "battery_size_kWh": 2000, "battery_power_kW": 500.0, "min_soc": 0.05, "max_soc": 1.0, "one_way_efficiency": 0.92, "start_soc": 0.5, "n_horizon": 24, "n_control": 12}, "savings": {"old_energy_charge": -367116.8905430124, "new_energy_charge": -369508.938412625, "energy_charge_savings": -2392.0478696125792, "old_demand_charge": -94808.51402272671, "new_demand_charge": -67615.35793291547, "demand_charge_savings": 27193.156089811237, "retail_profits": 24801.108220198657, "battery_charge_cost": -66928.69364236959, "battery_discharge_revenues": 64536.645772756994, "battery_retail_profits": -2392.047869612594, "battery_export_revenue": 402.8118120558496, "total_profits": 25203.920032254508}}