{"key_params": {"location": "CA_San.Diego-Lindbergh.Field.722900_TMY3", "customer_type": "Hotel", "demand_charge": 10, "export_price": 0.0, "export_price_type": "none", "battery_size_kWh": 2000, "battery_power_kW": 500.0, "min_soc": 0.05, "max_soc": 1.0, "one_way_efficiency": 0.92, "start_soc": 0.5, "n_horizon": 24, "n_control": 12}, "savings": {"old_energy_charge": -384669.27305199, "new_energy_charge": -379969.9814680698, "energy_charge_savings": 4699.291583920247, "old_demand_charge": -74509.56171433613, "new_demand_charge": -50711.08310576551, "demand_charge_savings": 23798.478608570622, "retail_profits": 28497.77019249087, "battery_charge_cost": -53559.594403473086, "battery_discharge_revenues": 58258.88598739336, "battery_retail_profits": 4699.291583920276, "battery_export_revenue": 0.0, "total_profits": 28497.77019249087}}