{"key_params": {"location": "CA_Palm.Springs-Thermal", "customer_type": "School", "demand_charge": 10, "export_price": 0.12, "export_price_type": "flat low", "battery_size_kWh": 2000, "battery_power_kW": 500.0, "min_soc": 0.05, "max_soc": 1.0, "one_way_efficiency": 0.92, "start_soc": 0.5, "n_horizon": 24, "n_control": 12}, "savings": {"old_energy_charge": -652008.9561673262, "new_energy_charge": -649943.4554959473, "energy_charge_savings": 2065.500671378919, "old_demand_charge": -172964.4309107641, "new_demand_charge": -141328.42669321471, "demand_charge_savings": 31636.004217549373, "retail_profits": 33701.50488892829, "battery_charge_cost": -72722.46832249097, "battery_discharge_revenues": 74787.96899386993, "battery_retail_profits": 2065.5006713789626, "battery_export_revenue": 331.162561161076, "total_profits": 34032.667450089364}}