{"key_params": {"location": "CA_San.Diego-Lindbergh.Field.722900_TMY3", "customer_type": "Restaurant", "demand_charge": 10, "export_price": 0.14, "export_price_type": "flat high", "battery_size_kWh": 2000, "battery_power_kW": 500.0, "min_soc": 0.05, "max_soc": 1.0, "one_way_efficiency": 0.92, "start_soc": 0.5, "n_horizon": 24, "n_control": 12}, "savings": {"old_energy_charge": -460898.953687813, "new_energy_charge": -461773.13145321055, "energy_charge_savings": -874.1777653975296, "old_demand_charge": -80306.68103860143, "new_demand_charge": -59956.339447925944, "demand_charge_savings": 20350.34159067548, "retail_profits": 19476.163825277952, "battery_charge_cost": -62420.962576982216, "battery_discharge_revenues": 61546.78481158467, "battery_retail_profits": -874.1777653975441, "battery_export_revenue": 119.56738907304972, "total_profits": 19595.731214351003}}