{"key_params": {"location": "CA_San.Jose.Intl", "customer_type": "Hotel", "demand_charge": 10, "export_price": 0.032141, "export_price_type": "wholesale LMP", "battery_size_kWh": 2000, "battery_power_kW": 500.0, "min_soc": 0.05, "max_soc": 1.0, "one_way_efficiency": 0.92, "start_soc": 0.5, "n_horizon": 24, "n_control": 12}, "savings": {"old_energy_charge": -398540.79313409387, "new_energy_charge": -393375.10658287304, "energy_charge_savings": 5165.6865512208315, "old_demand_charge": -79118.52167640337, "new_demand_charge": -53178.41569730897, "demand_charge_savings": 25940.1059790944, "retail_profits": 31105.79253031523, "battery_charge_cost": -57568.688865738, "battery_discharge_revenues": 62734.375416958945, "battery_retail_profits": 5165.686551220948, "battery_export_revenue": 18.255104302974495, "total_profits": 31124.047634618204}}