{"key_params": {"location": "CA_San.Francisco.Intl", "customer_type": "School", "demand_charge": 10, "export_price": 0.12, "export_price_type": "flat low", "battery_size_kWh": 2000, "battery_power_kW": 500.0, "min_soc": 0.05, "max_soc": 1.0, "one_way_efficiency": 0.92, "start_soc": 0.5, "n_horizon": 24, "n_control": 12}, "savings": {"old_energy_charge": -355804.5529376251, "new_energy_charge": -356957.7474136929, "energy_charge_savings": -1153.194476067787, "old_demand_charge": -100170.59704253027, "new_demand_charge": -67986.60312250924, "demand_charge_savings": 32183.99392002102, "retail_profits": 31030.799443953234, "battery_charge_cost": -67682.28267195022, "battery_discharge_revenues": 66529.08819588242, "battery_retail_profits": -1153.1944760678016, "battery_export_revenue": 1292.3656723214772, "total_profits": 32323.16511627471}}