{"key_params": {"location": "CA_San.Diego-Lindbergh.Field.722900_TMY3", "customer_type": "Hospital", "demand_charge": 10, "export_price": 0.0, "export_price_type": "none", "battery_size_kWh": 2000, "battery_power_kW": 500.0, "min_soc": 0.05, "max_soc": 1.0, "one_way_efficiency": 0.92, "start_soc": 0.5, "n_horizon": 24, "n_control": 12}, "savings": {"old_energy_charge": -259662.216523186, "new_energy_charge": -259159.99950945558, "energy_charge_savings": 502.2170137304347, "old_demand_charge": -42487.326783878896, "new_demand_charge": -36905.84703402347, "demand_charge_savings": 5581.479749855425, "retail_profits": 6083.69676358586, "battery_charge_cost": -24845.67995743222, "battery_discharge_revenues": 25347.896971162616, "battery_retail_profits": 502.2170137303947, "battery_export_revenue": 0.0, "total_profits": 6083.69676358586}}