{"key_params": {"location": "CA_San.Diego-Lindbergh.Field.722900_TMY3", "customer_type": "Office", "demand_charge": 10, "export_price": 0.10531, "export_price_type": "retail ToU", "battery_size_kWh": 2000, "battery_power_kW": 500.0, "min_soc": 0.05, "max_soc": 1.0, "one_way_efficiency": 0.92, "start_soc": 0.5, "n_horizon": 24, "n_control": 12}, "savings": {"old_energy_charge": -409322.0655134369, "new_energy_charge": -421957.30579424143, "energy_charge_savings": -12635.240280804515, "old_demand_charge": -108763.90000413552, "new_demand_charge": -80995.42410074093, "demand_charge_savings": 27768.47590339459, "retail_profits": 15133.235622590073, "battery_charge_cost": -77129.52814004867, "battery_discharge_revenues": 64494.28785924414, "battery_retail_profits": -12635.24028080453, "battery_export_revenue": 14130.244735252505, "total_profits": 29263.480357842578}}