{"key_params": {"location": "CA_San.Diego-Lindbergh.Field.722900_TMY3", "customer_type": "Office", "demand_charge": 10, "export_price": 0.12, "export_price_type": "flat low", "battery_size_kWh": 2000, "battery_power_kW": 500.0, "min_soc": 0.05, "max_soc": 1.0, "one_way_efficiency": 0.92, "start_soc": 0.5, "n_horizon": 24, "n_control": 12}, "savings": {"old_energy_charge": -574125.771972603, "new_energy_charge": -575379.687945509, "energy_charge_savings": -1253.915972905932, "old_demand_charge": -138200.2469775308, "new_demand_charge": -110383.50763650656, "demand_charge_savings": 27816.739341024237, "retail_profits": 26562.823368118305, "battery_charge_cost": -75175.88622836367, "battery_discharge_revenues": 73921.97025545777, "battery_retail_profits": -1253.915972905903, "battery_export_revenue": 123.94239254283237, "total_profits": 26686.765760661136}}