{"key_params": {"location": "CA_San.Francisco.Intl", "customer_type": "Apartment", "demand_charge": 10, "export_price": 0.12, "export_price_type": "flat low", "battery_size_kWh": 2000, "battery_power_kW": 500.0, "min_soc": 0.05, "max_soc": 1.0, "one_way_efficiency": 0.92, "start_soc": 0.5, "n_horizon": 24, "n_control": 12}, "savings": {"old_energy_charge": -357026.3147463785, "new_energy_charge": -346805.6110821249, "energy_charge_savings": 10220.70366425364, "old_demand_charge": -78272.43366770742, "new_demand_charge": -49148.737086996145, "demand_charge_savings": 29123.696580711272, "retail_profits": 39344.40024496491, "battery_charge_cost": -63013.95828286599, "battery_discharge_revenues": 73234.66194711965, "battery_retail_profits": 10220.703664253655, "battery_export_revenue": 4.358570940114432e-15, "total_profits": 39344.40024496491}}