{"key_params": {"location": "CA_Sacramento.Metro", "customer_type": "Office", "demand_charge": 10, "export_price": 0.12, "export_price_type": "flat low", "battery_size_kWh": 2000, "battery_power_kW": 500.0, "min_soc": 0.05, "max_soc": 1.0, "one_way_efficiency": 0.92, "start_soc": 0.5, "n_horizon": 24, "n_control": 12}, "savings": {"old_energy_charge": -329615.34966811753, "new_energy_charge": -332019.37785028823, "energy_charge_savings": -2404.028182170703, "old_demand_charge": -88410.93697420362, "new_demand_charge": -60815.03445993698, "demand_charge_savings": 27595.902514266643, "retail_profits": 25191.87433209594, "battery_charge_cost": -61350.21468212543, "battery_discharge_revenues": 58946.18649995476, "battery_retail_profits": -2404.0281821706667, "battery_export_revenue": 560.8127282548813, "total_profits": 25752.68706035082}}