{"key_params": {"location": "CA_San.Diego-Lindbergh.Field.722900_TMY3", "customer_type": "Office", "demand_charge": 10, "export_price": 0.14, "export_price_type": "flat high", "battery_size_kWh": 2000, "battery_power_kW": 500.0, "min_soc": 0.05, "max_soc": 1.0, "one_way_efficiency": 0.92, "start_soc": 0.5, "n_horizon": 24, "n_control": 12}, "savings": {"old_energy_charge": -324106.9528787252, "new_energy_charge": -356722.5225765961, "energy_charge_savings": -32615.56969787093, "old_demand_charge": -81346.46557147743, "new_demand_charge": -56212.77978279744, "demand_charge_savings": 25133.685788679984, "retail_profits": -7481.883909190947, "battery_charge_cost": -91642.8719401023, "battery_discharge_revenues": 59027.302242231424, "battery_retail_profits": -32615.569697870873, "battery_export_revenue": 31961.241360768232, "total_profits": 24479.357451577285}}