{"key_params": {"location": "CA_San.Diego-Lindbergh.Field.722900_TMY3", "customer_type": "School", "demand_charge": 10, "export_price": 0.12, "export_price_type": "flat low", "battery_size_kWh": 2000, "battery_power_kW": 500.0, "min_soc": 0.05, "max_soc": 1.0, "one_way_efficiency": 0.92, "start_soc": 0.5, "n_horizon": 24, "n_control": 12}, "savings": {"old_energy_charge": -645616.3063069365, "new_energy_charge": -642560.4075895882, "energy_charge_savings": 3055.8987173483474, "old_demand_charge": -191643.61984752724, "new_demand_charge": -160084.86135111286, "demand_charge_savings": 31558.758496414375, "retail_profits": 34614.65721376272, "battery_charge_cost": -72587.71229251656, "battery_discharge_revenues": 75643.61100986491, "battery_retail_profits": 3055.8987173483474, "battery_export_revenue": 1177.0057594795796, "total_profits": 35791.6629732423}}