{"key_params": {"location": "CA_San.Jose.Intl", "customer_type": "Apartment", "demand_charge": 10, "export_price": 0.14, "export_price_type": "flat high", "battery_size_kWh": 2000, "battery_power_kW": 500.0, "min_soc": 0.05, "max_soc": 1.0, "one_way_efficiency": 0.92, "start_soc": 0.5, "n_horizon": 24, "n_control": 12}, "savings": {"old_energy_charge": -370288.9832994153, "new_energy_charge": -362600.54887121066, "energy_charge_savings": 7688.434428204666, "old_demand_charge": -80398.16999848478, "new_demand_charge": -51127.33429453458, "demand_charge_savings": 29270.8357039502, "retail_profits": 36959.27013215487, "battery_charge_cost": -65676.86031012362, "battery_discharge_revenues": 73365.29473832826, "battery_retail_profits": 7688.434428204637, "battery_export_revenue": 2220.45193983308, "total_profits": 39179.72207198795}}