{"key_params": {"location": "CA_San.Diego-Lindbergh.Field.722900_TMY3", "customer_type": "Apartment", "demand_charge": 10, "export_price": 0.032141, "export_price_type": "wholesale LMP", "battery_size_kWh": 2000, "battery_power_kW": 500.0, "min_soc": 0.05, "max_soc": 1.0, "one_way_efficiency": 0.92, "start_soc": 0.5, "n_horizon": 24, "n_control": 12}, "savings": {"old_energy_charge": -359297.16091487784, "new_energy_charge": -349781.66689375305, "energy_charge_savings": 9515.494021124789, "old_demand_charge": -76903.63262120778, "new_demand_charge": -48415.513481965114, "demand_charge_savings": 28488.11913924267, "retail_profits": 38003.61316036746, "battery_charge_cost": -59920.644326785434, "battery_discharge_revenues": 69436.1383479102, "battery_retail_profits": 9515.49402112476, "battery_export_revenue": 1.7151824192862828, "total_profits": 38005.32834278674}}