{"key_params": {"location": "CA_San.Francisco.Intl", "customer_type": "Hospital", "demand_charge": 10, "export_price": 0.0, "export_price_type": "none", "battery_size_kWh": 2000, "battery_power_kW": 500.0, "min_soc": 0.05, "max_soc": 1.0, "one_way_efficiency": 0.92, "start_soc": 0.5, "n_horizon": 24, "n_control": 12}, "savings": {"old_energy_charge": -259464.33519488043, "new_energy_charge": -259157.71649168164, "energy_charge_savings": 306.6187031987938, "old_demand_charge": -42424.88010224397, "new_demand_charge": -36707.53844300175, "demand_charge_savings": 5717.341659242222, "retail_profits": 6023.960362441016, "battery_charge_cost": -24986.482379311128, "battery_discharge_revenues": 25293.101082509915, "battery_retail_profits": 306.61870319878653, "battery_export_revenue": 0.0, "total_profits": 6023.960362441016}}