{"key_params": {"location": "CA_San.Jose.Intl", "customer_type": "Hotel", "demand_charge": 10, "export_price": 0.032141, "export_price_type": "wholesale LMP", "battery_size_kWh": 2000, "battery_power_kW": 500.0, "min_soc": 0.05, "max_soc": 1.0, "one_way_efficiency": 0.92, "start_soc": 0.5, "n_horizon": 24, "n_control": 12}, "savings": {"old_energy_charge": -367980.8108867139, "new_energy_charge": -365695.0221750561, "energy_charge_savings": 2285.788711657806, "old_demand_charge": -67851.90803334498, "new_demand_charge": -46624.569725259586, "demand_charge_savings": 21227.338308085396, "retail_profits": 23513.127019743202, "battery_charge_cost": -44864.559759253425, "battery_discharge_revenues": 47150.34847091128, "battery_retail_profits": 2285.7887116578568, "battery_export_revenue": 0.0, "total_profits": 23513.127019743202}}