{"key_params": {"location": "CA_Sacramento.Metro", "customer_type": "Office", "demand_charge": 10, "export_price": 0.12, "export_price_type": "flat low", "battery_size_kWh": 2000, "battery_power_kW": 500.0, "min_soc": 0.05, "max_soc": 1.0, "one_way_efficiency": 0.92, "start_soc": 0.5, "n_horizon": 24, "n_control": 12}, "savings": {"old_energy_charge": -428378.5998696116, "new_energy_charge": -426731.37898045965, "energy_charge_savings": 1647.2208891519695, "old_demand_charge": -136139.13242226426, "new_demand_charge": -93599.26621117195, "demand_charge_savings": 42539.8662110923, "retail_profits": 44187.08710024427, "battery_charge_cost": -71229.64929168182, "battery_discharge_revenues": 72876.87018083384, "battery_retail_profits": 1647.2208891520131, "battery_export_revenue": 678.3614214806457, "total_profits": 44865.44852172492}}