{"key_params": {"location": "CA_Sacramento.Metro", "customer_type": "School", "demand_charge": 10, "export_price": 0.10531, "export_price_type": "retail ToU", "battery_size_kWh": 2000, "battery_power_kW": 500.0, "min_soc": 0.05, "max_soc": 1.0, "one_way_efficiency": 0.92, "start_soc": 0.5, "n_horizon": 24, "n_control": 12}, "savings": {"old_energy_charge": -629556.7450883541, "new_energy_charge": -630891.4582938898, "energy_charge_savings": -1334.7132055356633, "old_demand_charge": -202431.67948593738, "new_demand_charge": -159648.91245031435, "demand_charge_savings": 42782.76703562302, "retail_profits": 41448.05383008736, "battery_charge_cost": -75974.37845843848, "battery_discharge_revenues": 74639.6652529029, "battery_retail_profits": -1334.7132055355905, "battery_export_revenue": 7299.819736831742, "total_profits": 48747.8735669191}}