{"key_params": {"location": "CA_Sacramento.Metro", "customer_type": "Hotel", "demand_charge": 10, "export_price": 0.032141, "export_price_type": "wholesale LMP", "battery_size_kWh": 2000, "battery_power_kW": 500.0, "min_soc": 0.05, "max_soc": 1.0, "one_way_efficiency": 0.92, "start_soc": 0.5, "n_horizon": 24, "n_control": 12}, "savings": {"old_energy_charge": -400631.275269088, "new_energy_charge": -394221.00107113045, "energy_charge_savings": 6410.274197957537, "old_demand_charge": -83108.33319335378, "new_demand_charge": -55555.787507640525, "demand_charge_savings": 27552.54568571326, "retail_profits": 33962.819883670796, "battery_charge_cost": -61079.9409051404, "battery_discharge_revenues": 67490.21510309789, "battery_retail_profits": 6410.274197957486, "battery_export_revenue": 25.117694588042358, "total_profits": 33987.93757825884}}