{"key_params": {"location": "CA_Sacramento.Metro", "customer_type": "Hotel", "demand_charge": 10, "export_price": 0.0, "export_price_type": "none", "battery_size_kWh": 2000, "battery_power_kW": 500.0, "min_soc": 0.05, "max_soc": 1.0, "one_way_efficiency": 0.92, "start_soc": 0.5, "n_horizon": 24, "n_control": 12}, "savings": {"old_energy_charge": -400631.275269088, "new_energy_charge": -394213.5886755093, "energy_charge_savings": 6417.686593578663, "old_demand_charge": -83108.33319335378, "new_demand_charge": -55555.787507640525, "demand_charge_savings": 27552.54568571326, "retail_profits": 33970.23227929192, "battery_charge_cost": -61090.04942614385, "battery_discharge_revenues": 67507.73601972246, "battery_retail_profits": 6417.686593578612, "battery_export_revenue": 0.0, "total_profits": 33970.23227929192}}