{"key_params": {"location": "CA_Palm.Springs-Thermal", "customer_type": "Office", "demand_charge": 10, "export_price": 0.14, "export_price_type": "flat high", "battery_size_kWh": 2000, "battery_power_kW": 500.0, "min_soc": 0.05, "max_soc": 1.0, "one_way_efficiency": 0.92, "start_soc": 0.5, "n_horizon": 24, "n_control": 12}, "savings": {"old_energy_charge": -477546.7132925411, "new_energy_charge": -517085.051050822, "energy_charge_savings": -39538.33775828092, "old_demand_charge": -140064.711614865, "new_demand_charge": -104544.20593231043, "demand_charge_savings": 35520.50568255456, "retail_profits": -4017.8320757263573, "battery_charge_cost": -120709.94292954134, "battery_discharge_revenues": 81171.60517126035, "battery_retail_profits": -39538.33775828099, "battery_export_revenue": 43666.549481053116, "total_profits": 39648.71740532676}}