{"key_params": {"location": "CA_San.Francisco.Intl", "customer_type": "School", "demand_charge": 10, "export_price": 0.0, "export_price_type": "none", "battery_size_kWh": 2000, "battery_power_kW": 500.0, "min_soc": 0.05, "max_soc": 1.0, "one_way_efficiency": 0.92, "start_soc": 0.5, "n_horizon": 24, "n_control": 12}, "savings": {"old_energy_charge": -543971.0022639859, "new_energy_charge": -535814.22908585, "energy_charge_savings": 8156.773178135976, "old_demand_charge": -193474.47421783418, "new_demand_charge": -153515.33164059737, "demand_charge_savings": 39959.14257723681, "retail_profits": 48115.915755372785, "battery_charge_cost": -70381.32572891412, "battery_discharge_revenues": 78538.09890705014, "battery_retail_profits": 8156.77317813602, "battery_export_revenue": 0.0, "total_profits": 48115.915755372785}}