{"key_params": {"location": "CA_Palm.Springs-Thermal", "customer_type": "Office", "demand_charge": 10, "export_price": 0.10531, "export_price_type": "retail ToU", "battery_size_kWh": 2000, "battery_power_kW": 500.0, "min_soc": 0.05, "max_soc": 1.0, "one_way_efficiency": 0.92, "start_soc": 0.5, "n_horizon": 24, "n_control": 12}, "savings": {"old_energy_charge": -477546.7132925411, "new_energy_charge": -485721.4283961818, "energy_charge_savings": -8174.715103640687, "old_demand_charge": -140064.711614865, "new_demand_charge": -104544.2059323105, "demand_charge_savings": 35520.50568255449, "retail_profits": 27345.790578913802, "battery_charge_cost": -77307.3925927509, "battery_discharge_revenues": 69132.67748911018, "battery_retail_profits": -8174.715103640716, "battery_export_revenue": 11230.24140220508, "total_profits": 38576.03198111888}}