{"key_params": {"location": "CA_San.Jose.Intl", "customer_type": "Office", "demand_charge": 10, "export_price": 0.12, "export_price_type": "flat low", "battery_size_kWh": 2000, "battery_power_kW": 500.0, "min_soc": 0.05, "max_soc": 1.0, "one_way_efficiency": 0.92, "start_soc": 0.5, "n_horizon": 24, "n_control": 12}, "savings": {"old_energy_charge": -428320.938402129, "new_energy_charge": -427634.7879254188, "energy_charge_savings": 686.1504767101724, "old_demand_charge": -123696.369632672, "new_demand_charge": -84974.14816735088, "demand_charge_savings": 38722.22146532111, "retail_profits": 39408.371942031285, "battery_charge_cost": -71550.22730027237, "battery_discharge_revenues": 72236.37777698257, "battery_retail_profits": 686.1504767102015, "battery_export_revenue": 589.2956723595529, "total_profits": 39997.66761439084}}