{"key_params": {"location": "CA_Palm.Springs-Thermal", "customer_type": "Market", "demand_charge": 10, "export_price": 0.032141, "export_price_type": "wholesale LMP", "battery_size_kWh": 2000, "battery_power_kW": 500.0, "min_soc": 0.05, "max_soc": 1.0, "one_way_efficiency": 0.92, "start_soc": 0.5, "n_horizon": 24, "n_control": 12}, "savings": {"old_energy_charge": -416561.53452307836, "new_energy_charge": -417372.5004340685, "energy_charge_savings": -810.9659109901404, "old_demand_charge": -82756.9369444049, "new_demand_charge": -61712.63935971249, "demand_charge_savings": 21044.297584692402, "retail_profits": 20233.33167370226, "battery_charge_cost": -72178.23826397481, "battery_discharge_revenues": 71367.27235298466, "battery_retail_profits": -810.965910990155, "battery_export_revenue": 8.689179489381555, "total_profits": 20242.020853191643}}