{"key_params": {"location": "CA_Sacramento.Metro", "customer_type": "Office", "demand_charge": 10, "export_price": 0.14, "export_price_type": "flat high", "battery_size_kWh": 2000, "battery_power_kW": 500.0, "min_soc": 0.05, "max_soc": 1.0, "one_way_efficiency": 0.92, "start_soc": 0.5, "n_horizon": 24, "n_control": 12}, "savings": {"old_energy_charge": -329615.34966811753, "new_energy_charge": -361423.02502922894, "energy_charge_savings": -31807.67536111141, "old_demand_charge": -88410.93697420362, "new_demand_charge": -60161.45338304097, "demand_charge_savings": 28249.48359116265, "retail_profits": -3558.1917699487603, "battery_charge_cost": -91204.23323266815, "battery_discharge_revenues": 59396.557871556695, "battery_retail_profits": -31807.675361111455, "battery_export_revenue": 31963.002043340348, "total_profits": 28404.810273391588}}