{"key_params": {"location": "CA_Palm.Springs-Thermal", "customer_type": "Restaurant", "demand_charge": 10, "export_price": 0.032141, "export_price_type": "wholesale LMP", "battery_size_kWh": 2000, "battery_power_kW": 500.0, "min_soc": 0.05, "max_soc": 1.0, "one_way_efficiency": 0.92, "start_soc": 0.5, "n_horizon": 24, "n_control": 12}, "savings": {"old_energy_charge": -576830.0209740249, "new_energy_charge": -576890.7561492644, "energy_charge_savings": -60.735175239504315, "old_demand_charge": -107494.91510816509, "new_demand_charge": -80364.84677082402, "demand_charge_savings": 27130.068337341072, "retail_profits": 27069.333162101568, "battery_charge_cost": -74216.59282883666, "battery_discharge_revenues": 74155.85765359711, "battery_retail_profits": -60.73517523954797, "battery_export_revenue": 0.0, "total_profits": 27069.333162101568}}