{"key_params": {"location": "CA_San.Jose.Intl", "customer_type": "Restaurant", "demand_charge": 10, "export_price": 0.10531, "export_price_type": "retail ToU", "battery_size_kWh": 2000, "battery_power_kW": 500.0, "min_soc": 0.05, "max_soc": 1.0, "one_way_efficiency": 0.92, "start_soc": 0.5, "n_horizon": 24, "n_control": 12}, "savings": {"old_energy_charge": -460821.0364250408, "new_energy_charge": -462471.32060457027, "energy_charge_savings": -1650.2841795294662, "old_demand_charge": -80881.97429028056, "new_demand_charge": -60599.92571092981, "demand_charge_savings": 20282.048579350747, "retail_profits": 18631.76439982128, "battery_charge_cost": -58178.3299977887, "battery_discharge_revenues": 56528.04581825927, "battery_retail_profits": -1650.2841795294298, "battery_export_revenue": 0.0, "total_profits": 18631.76439982128}}