{"key_params": {"location": "CA_San.Jose.Intl", "customer_type": "School", "demand_charge": 10, "export_price": 0.0, "export_price_type": "none", "battery_size_kWh": 2000, "battery_power_kW": 500.0, "min_soc": 0.05, "max_soc": 1.0, "one_way_efficiency": 0.92, "start_soc": 0.5, "n_horizon": 24, "n_control": 12}, "savings": {"old_energy_charge": -614000.9740484045, "new_energy_charge": -608135.5358498013, "energy_charge_savings": 5865.438198603224, "old_demand_charge": -205602.4230952178, "new_demand_charge": -164575.47582103868, "demand_charge_savings": 41026.94727417911, "retail_profits": 46892.385472782335, "battery_charge_cost": -71747.37955761327, "battery_discharge_revenues": 77612.81775621648, "battery_retail_profits": 5865.4381986032095, "battery_export_revenue": 0.0, "total_profits": 46892.385472782335}}