{"key_params": {"location": "CA_San.Francisco.Intl", "customer_type": "School", "demand_charge": 10, "export_price": 0.032141, "export_price_type": "wholesale LMP", "battery_size_kWh": 2000, "battery_power_kW": 500.0, "min_soc": 0.05, "max_soc": 1.0, "one_way_efficiency": 0.92, "start_soc": 0.5, "n_horizon": 24, "n_control": 12}, "savings": {"old_energy_charge": -355804.5529376251, "new_energy_charge": -355933.6558491298, "energy_charge_savings": -129.10291150468402, "old_demand_charge": -100170.59704253027, "new_demand_charge": -68078.41165968214, "demand_charge_savings": 32092.185382848125, "retail_profits": 31963.08247134344, "battery_charge_cost": -67834.9132995549, "battery_discharge_revenues": 67705.81038805022, "battery_retail_profits": -129.10291150468402, "battery_export_revenue": 436.4409471393972, "total_profits": 32399.523418482837}}