{"key_params": {"location": "CA_San.Jose.Intl", "customer_type": "Office", "demand_charge": 10, "export_price": 0.032141, "export_price_type": "wholesale LMP", "battery_size_kWh": 2000, "battery_power_kW": 500.0, "min_soc": 0.05, "max_soc": 1.0, "one_way_efficiency": 0.92, "start_soc": 0.5, "n_horizon": 24, "n_control": 12}, "savings": {"old_energy_charge": -315174.0731819031, "new_energy_charge": -317802.8414488869, "energy_charge_savings": -2628.768266983796, "old_demand_charge": -81200.2425156161, "new_demand_charge": -55998.07176337622, "demand_charge_savings": 25202.170752239886, "retail_profits": 22573.40248525609, "battery_charge_cost": -60681.58272479973, "battery_discharge_revenues": 58052.81445781593, "battery_retail_profits": -2628.768266983796, "battery_export_revenue": 754.9535473507315, "total_profits": 23328.356032606822}}