{"key_params": {"location": "CA_Palm.Springs-Thermal", "customer_type": "Apartment", "demand_charge": 10, "export_price": 0.10531, "export_price_type": "retail ToU", "battery_size_kWh": 2000, "battery_power_kW": 500.0, "min_soc": 0.05, "max_soc": 1.0, "one_way_efficiency": 0.92, "start_soc": 0.5, "n_horizon": 24, "n_control": 12}, "savings": {"old_energy_charge": -350767.27996489435, "new_energy_charge": -343136.7835202359, "energy_charge_savings": 7630.4964446584345, "old_demand_charge": -70034.3703404399, "new_demand_charge": -48488.9858264224, "demand_charge_savings": 21545.384514017496, "retail_profits": 29175.88095867593, "battery_charge_cost": -53516.05816025975, "battery_discharge_revenues": 61146.554604918165, "battery_retail_profits": 7630.496444658413, "battery_export_revenue": 46.37864305355549, "total_profits": 29222.259601729485}}