{"key_params": {"location": "CA_Sacramento.Metro", "customer_type": "Office", "demand_charge": 10, "export_price": 0.14, "export_price_type": "flat high", "battery_size_kWh": 2000, "battery_power_kW": 500.0, "min_soc": 0.05, "max_soc": 1.0, "one_way_efficiency": 0.92, "start_soc": 0.5, "n_horizon": 24, "n_control": 12}, "savings": {"old_energy_charge": -532045.6085539975, "new_energy_charge": -572704.1078204791, "energy_charge_savings": -40658.49926648161, "old_demand_charge": -135309.3182106205, "new_demand_charge": -104977.66514265668, "demand_charge_savings": 30331.65306796381, "retail_profits": -10326.8461985178, "battery_charge_cost": -126524.0255188287, "battery_discharge_revenues": 85865.52625234702, "battery_retail_profits": -40658.49926648168, "battery_export_revenue": 41315.48272691576, "total_profits": 30988.63652839796}}