{"key_params": {"location": "CA_San.Francisco.Intl", "customer_type": "Market", "demand_charge": 10, "export_price": 0.032141, "export_price_type": "wholesale LMP", "battery_size_kWh": 2000, "battery_power_kW": 500.0, "min_soc": 0.05, "max_soc": 1.0, "one_way_efficiency": 0.92, "start_soc": 0.5, "n_horizon": 24, "n_control": 12}, "savings": {"old_energy_charge": -391004.5731570871, "new_energy_charge": -392190.2044559252, "energy_charge_savings": -1185.631298838125, "old_demand_charge": -75324.44414629406, "new_demand_charge": -56266.33009912135, "demand_charge_savings": 19058.114047172712, "retail_profits": 17872.482748334587, "battery_charge_cost": -64940.38698078555, "battery_discharge_revenues": 63754.75568194749, "battery_retail_profits": -1185.6312988380596, "battery_export_revenue": 20.799520024323606, "total_profits": 17893.28226835891}}