{"key_params": {"location": "CA_San.Diego-Lindbergh.Field.722900_TMY3", "customer_type": "School", "demand_charge": 10, "export_price": 0.032141, "export_price_type": "wholesale LMP", "battery_size_kWh": 2000, "battery_power_kW": 500.0, "min_soc": 0.05, "max_soc": 1.0, "one_way_efficiency": 0.92, "start_soc": 0.5, "n_horizon": 24, "n_control": 12}, "savings": {"old_energy_charge": -375358.96196777397, "new_energy_charge": -374873.9709237726, "energy_charge_savings": 484.99104400136275, "old_demand_charge": -107757.29426750382, "new_demand_charge": -76900.40752101522, "demand_charge_savings": 30856.8867464886, "retail_profits": 31341.87779048996, "battery_charge_cost": -69285.70985166449, "battery_discharge_revenues": 69770.70089566585, "battery_retail_profits": 484.99104400136275, "battery_export_revenue": 338.3867998383374, "total_profits": 31680.264590328297}}