{"key_params": {"location": "CA_Palm.Springs-Thermal", "customer_type": "Hospital", "demand_charge": 10, "export_price": 0.10531, "export_price_type": "retail ToU", "battery_size_kWh": 2000, "battery_power_kW": 500.0, "min_soc": 0.05, "max_soc": 1.0, "one_way_efficiency": 0.92, "start_soc": 0.5, "n_horizon": 24, "n_control": 12}, "savings": {"old_energy_charge": -262552.51315214566, "new_energy_charge": -267845.2306128967, "energy_charge_savings": -5292.71746075101, "old_demand_charge": -43967.800760718026, "new_demand_charge": -37701.400226958656, "demand_charge_savings": 6266.40053375937, "retail_profits": 973.6830730083602, "battery_charge_cost": -26891.818854299156, "battery_discharge_revenues": 21599.10139354816, "battery_retail_profits": -5292.717460750995, "battery_export_revenue": 6194.824368485795, "total_profits": 7168.5074414941555}}