{"key_params": {"location": "CA_San.Jose.Intl", "customer_type": "School", "demand_charge": 10, "export_price": 0.12, "export_price_type": "flat low", "battery_size_kWh": 2000, "battery_power_kW": 500.0, "min_soc": 0.05, "max_soc": 1.0, "one_way_efficiency": 0.92, "start_soc": 0.5, "n_horizon": 24, "n_control": 12}, "savings": {"old_energy_charge": -614000.9740484045, "new_energy_charge": -609294.0448245289, "energy_charge_savings": 4706.929223875632, "old_demand_charge": -205602.4230952178, "new_demand_charge": -164575.4758210387, "demand_charge_savings": 41026.94727417908, "retail_profits": 45733.87649805471, "battery_charge_cost": -71747.37955761327, "battery_discharge_revenues": 76454.30878148899, "battery_retail_profits": 4706.929223875719, "battery_export_revenue": 1320.1127810018188, "total_profits": 47053.989279056535}}