{"key_params": {"location": "CA_San.Jose.Intl", "customer_type": "Hotel", "demand_charge": 10, "export_price": 0.10531, "export_price_type": "retail ToU", "battery_size_kWh": 2000, "battery_power_kW": 500.0, "min_soc": 0.05, "max_soc": 1.0, "one_way_efficiency": 0.92, "start_soc": 0.5, "n_horizon": 24, "n_control": 12}, "savings": {"old_energy_charge": -367980.8108867139, "new_energy_charge": -365801.84193359007, "energy_charge_savings": 2178.96895312384, "old_demand_charge": -67851.90803334498, "new_demand_charge": -46580.03217924501, "demand_charge_savings": 21271.87585409997, "retail_profits": 23450.84480722381, "battery_charge_cost": -44871.67632462823, "battery_discharge_revenues": 47050.64527775211, "battery_retail_profits": 2178.9689531238837, "battery_export_revenue": 104.39357047454384, "total_profits": 23555.238377698355}}