{"key_params": {"location": "CA_San.Jose.Intl", "customer_type": "Restaurant", "demand_charge": 10, "export_price": 0.12, "export_price_type": "flat low", "battery_size_kWh": 2000, "battery_power_kW": 500.0, "min_soc": 0.05, "max_soc": 1.0, "one_way_efficiency": 0.92, "start_soc": 0.5, "n_horizon": 24, "n_control": 12}, "savings": {"old_energy_charge": -487612.3935024262, "new_energy_charge": -487768.39373553055, "energy_charge_savings": -156.00023310433608, "old_demand_charge": -88461.66479120363, "new_demand_charge": -65021.240883554, "demand_charge_savings": 23440.42390764963, "retail_profits": 23284.423674545294, "battery_charge_cost": -62461.566887774025, "battery_discharge_revenues": 62305.566654669696, "battery_retail_profits": -156.0002331043288, "battery_export_revenue": 0.0, "total_profits": 23284.423674545294}}