{"key_params": {"location": "CA_Sacramento.Metro", "customer_type": "School", "demand_charge": 10, "export_price": 0.14, "export_price_type": "flat high", "battery_size_kWh": 2000, "battery_power_kW": 500.0, "min_soc": 0.05, "max_soc": 1.0, "one_way_efficiency": 0.92, "start_soc": 0.5, "n_horizon": 24, "n_control": 12}, "savings": {"old_energy_charge": -629556.7450883541, "new_energy_charge": -679688.469855391, "energy_charge_savings": -50131.72476703685, "old_demand_charge": -202431.67948593738, "new_demand_charge": -159648.91245031412, "demand_charge_savings": 42782.767035623256, "retail_profits": -7348.957731413597, "battery_charge_cost": -145732.32936040658, "battery_discharge_revenues": 95600.60459336972, "battery_retail_profits": -50131.72476703687, "battery_export_revenue": 57243.84866464698, "total_profits": 49894.890933233386}}