{"key_params": {"location": "CA_San.Jose.Intl", "customer_type": "School", "demand_charge": 10, "export_price": 0.032141, "export_price_type": "wholesale LMP", "battery_size_kWh": 2000, "battery_power_kW": 500.0, "min_soc": 0.05, "max_soc": 1.0, "one_way_efficiency": 0.92, "start_soc": 0.5, "n_horizon": 24, "n_control": 12}, "savings": {"old_energy_charge": -369431.0541992257, "new_energy_charge": -369382.65981444094, "energy_charge_savings": 48.394384784740396, "old_demand_charge": -108944.81657225873, "new_demand_charge": -72992.56355460788, "demand_charge_savings": 35952.253017650844, "retail_profits": 36000.647402435585, "battery_charge_cost": -68955.24001117637, "battery_discharge_revenues": 69003.63439596113, "battery_retail_profits": 48.39438478475495, "battery_export_revenue": 162.32157659223563, "total_profits": 36162.96897902782}}