{"key_params": {"location": "CA_San.Francisco.Intl", "customer_type": "Restaurant", "demand_charge": 10, "export_price": 0.032141, "export_price_type": "wholesale LMP", "battery_size_kWh": 2000, "battery_power_kW": 500.0, "min_soc": 0.05, "max_soc": 1.0, "one_way_efficiency": 0.92, "start_soc": 0.5, "n_horizon": 24, "n_control": 12}, "savings": {"old_energy_charge": -477993.33366338257, "new_energy_charge": -477947.63691590214, "energy_charge_savings": 45.696747480425984, "old_demand_charge": -84117.10232165184, "new_demand_charge": -62539.412246818, "demand_charge_savings": 21577.690074833838, "retail_profits": 21623.386822314264, "battery_charge_cost": -60689.89952906847, "battery_discharge_revenues": 60735.59627654894, "battery_retail_profits": 45.69674748046964, "battery_export_revenue": 10.93985779617651, "total_profits": 21634.32668011044}}