{"key_params": {"location": "CA_Palm.Springs-Thermal", "customer_type": "Apartment", "demand_charge": 10, "export_price": 0.12, "export_price_type": "flat low", "battery_size_kWh": 2000, "battery_power_kW": 500.0, "min_soc": 0.05, "max_soc": 1.0, "one_way_efficiency": 0.92, "start_soc": 0.5, "n_horizon": 24, "n_control": 12}, "savings": {"old_energy_charge": -350767.27996489435, "new_energy_charge": -343090.2396191679, "energy_charge_savings": 7677.040345726418, "old_demand_charge": -70034.3703404399, "new_demand_charge": -48488.985826422395, "demand_charge_savings": 21545.384514017504, "retail_profits": 29222.424859743922, "battery_charge_cost": -53515.95829908499, "battery_discharge_revenues": 61192.99864481139, "battery_retail_profits": 7677.040345726404, "battery_export_revenue": -1.5301040883235185e-14, "total_profits": 29222.424859743922}}