{"key_params": {"location": "CA_Palm.Springs-Thermal", "customer_type": "Office", "demand_charge": 10, "export_price": 0.12, "export_price_type": "flat low", "battery_size_kWh": 2000, "battery_power_kW": 500.0, "min_soc": 0.05, "max_soc": 1.0, "one_way_efficiency": 0.92, "start_soc": 0.5, "n_horizon": 24, "n_control": 12}, "savings": {"old_energy_charge": -367116.8905430124, "new_energy_charge": -369768.93413578917, "energy_charge_savings": -2652.043592776754, "old_demand_charge": -94808.51402272671, "new_demand_charge": -67509.51600329865, "demand_charge_savings": 27298.998019428065, "retail_profits": 24646.95442665131, "battery_charge_cost": -67225.59406796547, "battery_discharge_revenues": 64573.55047518872, "battery_retail_profits": -2652.043592776754, "battery_export_revenue": 506.7030156861912, "total_profits": 25153.657442337502}}