{"key_params": {"location": "CA_Palm.Springs-Thermal", "customer_type": "Market", "demand_charge": 10, "export_price": 0.12, "export_price_type": "flat low", "battery_size_kWh": 2000, "battery_power_kW": 500.0, "min_soc": 0.05, "max_soc": 1.0, "one_way_efficiency": 0.92, "start_soc": 0.5, "n_horizon": 24, "n_control": 12}, "savings": {"old_energy_charge": -416561.53452307836, "new_energy_charge": -417376.32662057044, "energy_charge_savings": -814.7920974920853, "old_demand_charge": -82756.9369444049, "new_demand_charge": -61523.86201993357, "demand_charge_savings": 21233.074924471322, "retail_profits": 20418.282826979237, "battery_charge_cost": -72300.66773222022, "battery_discharge_revenues": 71485.87563472819, "battery_retail_profits": -814.7920974920271, "battery_export_revenue": 0.0, "total_profits": 20418.282826979237}}