{"key_params": {"location": "CA_San.Diego-Lindbergh.Field.722900_TMY3", "customer_type": "School", "demand_charge": 10, "export_price": 0.0, "export_price_type": "none", "battery_size_kWh": 2000, "battery_power_kW": 500.0, "min_soc": 0.05, "max_soc": 1.0, "one_way_efficiency": 0.92, "start_soc": 0.5, "n_horizon": 24, "n_control": 12}, "savings": {"old_energy_charge": -645616.3063069365, "new_energy_charge": -641527.4869518315, "energy_charge_savings": 4088.81935510505, "old_demand_charge": -191643.61984752724, "new_demand_charge": -160084.8613511129, "demand_charge_savings": 31558.758496414346, "retail_profits": 35647.577851519396, "battery_charge_cost": -72587.71229251656, "battery_discharge_revenues": 76676.53164762152, "battery_retail_profits": 4088.8193551049626, "battery_export_revenue": 0.0, "total_profits": 35647.577851519396}}