{"key_params": {"location": "CA_Sacramento.Metro", "customer_type": "Restaurant", "demand_charge": 10, "export_price": 0.14, "export_price_type": "flat high", "battery_size_kWh": 2000, "battery_power_kW": 500.0, "min_soc": 0.05, "max_soc": 1.0, "one_way_efficiency": 0.92, "start_soc": 0.5, "n_horizon": 24, "n_control": 12}, "savings": {"old_energy_charge": -516496.58468624955, "new_energy_charge": -518075.87399492087, "energy_charge_savings": -1579.2893086713157, "old_demand_charge": -100324.68442400172, "new_demand_charge": -73065.52402911492, "demand_charge_savings": 27259.1603948868, "retail_profits": 25679.871086215484, "battery_charge_cost": -75246.58663130367, "battery_discharge_revenues": 73667.29732263237, "battery_retail_profits": -1579.2893086713011, "battery_export_revenue": 3407.2944387954585, "total_profits": 29087.165525010943}}