{"key_params": {"location": "CA_San.Francisco.Intl", "customer_type": "Office", "demand_charge": 10, "export_price": 0.12, "export_price_type": "flat low", "battery_size_kWh": 2000, "battery_power_kW": 500.0, "min_soc": 0.05, "max_soc": 1.0, "one_way_efficiency": 0.92, "start_soc": 0.5, "n_horizon": 24, "n_control": 12}, "savings": {"old_energy_charge": -415457.4844846812, "new_energy_charge": -415974.1306535902, "energy_charge_savings": -516.6461689089774, "old_demand_charge": -113096.05775819233, "new_demand_charge": -77796.9998057802, "demand_charge_savings": 35299.05795241213, "retail_profits": 34782.41178350315, "battery_charge_cost": -70296.88290215832, "battery_discharge_revenues": 69780.23673324933, "battery_retail_profits": -516.646168908992, "battery_export_revenue": 514.7134595360276, "total_profits": 35297.125243039176}}