{"key_params": {"location": "CA_San.Diego-Lindbergh.Field.722900_TMY3", "customer_type": "School", "demand_charge": 10, "export_price": 0.10531, "export_price_type": "retail ToU", "battery_size_kWh": 2000, "battery_power_kW": 500.0, "min_soc": 0.05, "max_soc": 1.0, "one_way_efficiency": 0.92, "start_soc": 0.5, "n_horizon": 24, "n_control": 12}, "savings": {"old_energy_charge": -645616.3063069365, "new_energy_charge": -648280.3803732328, "energy_charge_savings": -2664.07406629622, "old_demand_charge": -191643.61984752724, "new_demand_charge": -160084.8613511129, "demand_charge_savings": 31558.758496414346, "retail_profits": 28894.684430118126, "battery_charge_cost": -76258.34865858014, "battery_discharge_revenues": 73594.27459228397, "battery_retail_profits": -2664.074066296176, "battery_export_revenue": 7404.404130152415, "total_profits": 36299.08856027054}}