{"key_params": {"location": "CA_Sacramento.Metro", "customer_type": "Market", "demand_charge": 10, "export_price": 0.12, "export_price_type": "flat low", "battery_size_kWh": 2000, "battery_power_kW": 500.0, "min_soc": 0.05, "max_soc": 1.0, "one_way_efficiency": 0.92, "start_soc": 0.5, "n_horizon": 24, "n_control": 12}, "savings": {"old_energy_charge": -405258.4248160301, "new_energy_charge": -405293.29177492426, "energy_charge_savings": -34.86695889418479, "old_demand_charge": -81457.37774323861, "new_demand_charge": -61186.726596104854, "demand_charge_savings": 20270.651147133758, "retail_profits": 20235.784188239573, "battery_charge_cost": -70495.44530746338, "battery_discharge_revenues": 70460.57834856912, "battery_retail_profits": -34.86695889425755, "battery_export_revenue": 0.0, "total_profits": 20235.784188239573}}