{"key_params": {"location": "CA_San.Jose.Intl", "customer_type": "Market", "demand_charge": 10, "export_price": 0.032141, "export_price_type": "wholesale LMP", "battery_size_kWh": 2000, "battery_power_kW": 500.0, "min_soc": 0.05, "max_soc": 1.0, "one_way_efficiency": 0.92, "start_soc": 0.5, "n_horizon": 24, "n_control": 12}, "savings": {"old_energy_charge": -394877.9164566167, "new_energy_charge": -395645.21548505675, "energy_charge_savings": -767.2990284400294, "old_demand_charge": -76406.27181251263, "new_demand_charge": -57259.567834712405, "demand_charge_savings": 19146.70397780022, "retail_profits": 18379.404949360192, "battery_charge_cost": -66300.15042619748, "battery_discharge_revenues": 65532.85139775749, "battery_retail_profits": -767.2990284399857, "battery_export_revenue": 13.133608205703915, "total_profits": 18392.538557565895}}