{"key_params": {"location": "CA_Palm.Springs-Thermal", "customer_type": "School", "demand_charge": 10, "export_price": 0.10531, "export_price_type": "retail ToU", "battery_size_kWh": 2000, "battery_power_kW": 500.0, "min_soc": 0.05, "max_soc": 1.0, "one_way_efficiency": 0.92, "start_soc": 0.5, "n_horizon": 24, "n_control": 12}, "savings": {"old_energy_charge": -652008.9561673262, "new_energy_charge": -655082.0013207457, "energy_charge_savings": -3073.045153419487, "old_demand_charge": -172964.4309107641, "new_demand_charge": -141328.42669321474, "demand_charge_savings": 31636.004217549344, "retail_profits": 28562.959064129856, "battery_charge_cost": -77148.92357197718, "battery_discharge_revenues": 74075.87841855774, "battery_retail_profits": -3073.0451534194435, "battery_export_revenue": 5911.574462497749, "total_profits": 34474.53352662761}}