{"key_params": {"location": "CA_San.Jose.Intl", "customer_type": "Office", "demand_charge": 10, "export_price": 0.12, "export_price_type": "flat low", "battery_size_kWh": 2000, "battery_power_kW": 500.0, "min_soc": 0.05, "max_soc": 1.0, "one_way_efficiency": 0.92, "start_soc": 0.5, "n_horizon": 24, "n_control": 12}, "savings": {"old_energy_charge": -535766.0509902535, "new_energy_charge": -535710.4554925973, "energy_charge_savings": 55.59549765614793, "old_demand_charge": -134964.2567731175, "new_demand_charge": -105961.33628111138, "demand_charge_savings": 29002.920492006117, "retail_profits": 29058.515989662264, "battery_charge_cost": -74715.36206223276, "battery_discharge_revenues": 74770.95755988894, "battery_retail_profits": 55.59549765617703, "battery_export_revenue": 157.51773828140776, "total_profits": 29216.03372794367}}