{"key_params": {"location": "CA_San.Francisco.Intl", "customer_type": "School", "demand_charge": 10, "export_price": 0.14, "export_price_type": "flat high", "battery_size_kWh": 2000, "battery_power_kW": 500.0, "min_soc": 0.05, "max_soc": 1.0, "one_way_efficiency": 0.92, "start_soc": 0.5, "n_horizon": 24, "n_control": 12}, "savings": {"old_energy_charge": -355804.5529376251, "new_energy_charge": -392976.49899548356, "energy_charge_savings": -37171.94605785847, "old_demand_charge": -100170.59704253027, "new_demand_charge": -67878.87766722123, "demand_charge_savings": 32291.71937530904, "retail_profits": -4880.22668254943, "battery_charge_cost": -108373.81746496566, "battery_discharge_revenues": 71201.87140710719, "battery_retail_profits": -37171.94605785847, "battery_export_revenue": 39098.490967265025, "total_profits": 34218.264284715595}}