{"key_params": {"location": "CA_Palm.Springs-Thermal", "customer_type": "Market", "demand_charge": 10, "export_price": 0.14, "export_price_type": "flat high", "battery_size_kWh": 2000, "battery_power_kW": 500.0, "min_soc": 0.05, "max_soc": 1.0, "one_way_efficiency": 0.92, "start_soc": 0.5, "n_horizon": 24, "n_control": 12}, "savings": {"old_energy_charge": -416561.53452307836, "new_energy_charge": -423360.38857772306, "energy_charge_savings": -6798.854054644704, "old_demand_charge": -82756.9369444049, "new_demand_charge": -60980.61355372597, "demand_charge_savings": 21776.323390678925, "retail_profits": 14977.46933603422, "battery_charge_cost": -76961.18131323034, "battery_discharge_revenues": 70162.3272585856, "battery_retail_profits": -6798.854054644733, "battery_export_revenue": 5630.836865095004, "total_profits": 20608.306201129224}}