{"key_params": {"location": "CA_San.Diego-Lindbergh.Field.722900_TMY3", "customer_type": "Office", "demand_charge": 10, "export_price": 0.14, "export_price_type": "flat high", "battery_size_kWh": 2000, "battery_power_kW": 500.0, "min_soc": 0.05, "max_soc": 1.0, "one_way_efficiency": 0.92, "start_soc": 0.5, "n_horizon": 24, "n_control": 12}, "savings": {"old_energy_charge": -409322.0655134369, "new_energy_charge": -454096.05580648454, "energy_charge_savings": -44773.990293047624, "old_demand_charge": -108763.90000413552, "new_demand_charge": -80995.42410074094, "demand_charge_savings": 27768.475903394574, "retail_profits": -17005.51438965305, "battery_charge_cost": -120712.97462155702, "battery_discharge_revenues": 75938.98432850947, "battery_retail_profits": -44773.99029304755, "battery_export_revenue": 47260.48210859409, "total_profits": 30254.967718941043}}