{"key_params": {"location": "CA_Sacramento.Metro", "customer_type": "Market", "demand_charge": 10, "export_price": 0.0, "export_price_type": "none", "battery_size_kWh": 2000, "battery_power_kW": 500.0, "min_soc": 0.05, "max_soc": 1.0, "one_way_efficiency": 0.92, "start_soc": 0.5, "n_horizon": 24, "n_control": 12}, "savings": {"old_energy_charge": -405258.4248160301, "new_energy_charge": -405333.6274857631, "energy_charge_savings": -75.20266973302932, "old_demand_charge": -81457.37774323861, "new_demand_charge": -61192.59977862262, "demand_charge_savings": 20264.77796461599, "retail_profits": 20189.57529488296, "battery_charge_cost": -69833.56493519859, "battery_discharge_revenues": 69758.3622654656, "battery_retail_profits": -75.20266973298567, "battery_export_revenue": 0.0, "total_profits": 20189.57529488296}}