{"key_params": {"location": "CA_Sacramento.Metro", "customer_type": "Hotel", "demand_charge": 10, "export_price": 0.14, "export_price_type": "flat high", "battery_size_kWh": 2000, "battery_power_kW": 500.0, "min_soc": 0.05, "max_soc": 1.0, "one_way_efficiency": 0.92, "start_soc": 0.5, "n_horizon": 24, "n_control": 12}, "savings": {"old_energy_charge": -366956.9222091071, "new_energy_charge": -365388.92233191413, "energy_charge_savings": 1567.9998771929531, "old_demand_charge": -67761.42114879194, "new_demand_charge": -47012.43298491998, "demand_charge_savings": 20748.98816387196, "retail_profits": 22316.988041064913, "battery_charge_cost": -45994.72084703729, "battery_discharge_revenues": 47562.720724230254, "battery_retail_profits": 1567.9998771929604, "battery_export_revenue": 1117.2938104626883, "total_profits": 23434.2818515276}}