{"key_params": {"location": "CA_San.Diego-Lindbergh.Field.722900_TMY3", "customer_type": "Restaurant", "demand_charge": 10, "export_price": 0.12, "export_price_type": "flat low", "battery_size_kWh": 2000, "battery_power_kW": 500.0, "min_soc": 0.05, "max_soc": 1.0, "one_way_efficiency": 0.92, "start_soc": 0.5, "n_horizon": 24, "n_control": 12}, "savings": {"old_energy_charge": -460898.953687813, "new_energy_charge": -461764.8271545774, "energy_charge_savings": -865.8734667644021, "old_demand_charge": -80306.68103860143, "new_demand_charge": -60332.591523930474, "demand_charge_savings": 19974.08951467095, "retail_profits": 19108.21604790655, "battery_charge_cost": -59815.03095720746, "battery_discharge_revenues": 58949.15749044305, "battery_retail_profits": -865.8734667644094, "battery_export_revenue": 0.0, "total_profits": 19108.21604790655}}