{"key_params": {"location": "CA_San.Jose.Intl", "customer_type": "Hospital", "demand_charge": 10, "export_price": 0.14, "export_price_type": "flat high", "battery_size_kWh": 2000, "battery_power_kW": 500.0, "min_soc": 0.05, "max_soc": 1.0, "one_way_efficiency": 0.92, "start_soc": 0.5, "n_horizon": 24, "n_control": 12}, "savings": {"old_energy_charge": -259793.35028252908, "new_energy_charge": -264952.6179771326, "energy_charge_savings": -5159.267694603535, "old_demand_charge": -42863.626991420795, "new_demand_charge": -36900.25458952985, "demand_charge_savings": 5963.372401890942, "retail_profits": 804.1047072874062, "battery_charge_cost": -27706.12493463559, "battery_discharge_revenues": 22546.857240032045, "battery_retail_profits": -5159.267694603546, "battery_export_revenue": 5914.2709892998, "total_profits": 6718.375696587206}}