{"key_params": {"location": "CA_San.Diego-Lindbergh.Field.722900_TMY3", "customer_type": "Office", "demand_charge": 10, "export_price": 0.0, "export_price_type": "none", "battery_size_kWh": 2000, "battery_power_kW": 500.0, "min_soc": 0.05, "max_soc": 1.0, "one_way_efficiency": 0.92, "start_soc": 0.5, "n_horizon": 24, "n_control": 12}, "savings": {"old_energy_charge": -409322.0655134369, "new_energy_charge": -409316.9101012257, "energy_charge_savings": 5.155412211199291, "old_demand_charge": -108763.90000413552, "new_demand_charge": -80995.42410074094, "demand_charge_savings": 27768.475903394574, "retail_profits": 27773.631315605773, "battery_charge_cost": -70506.53224365368, "battery_discharge_revenues": 70511.68765586492, "battery_retail_profits": 5.155412211242947, "battery_export_revenue": 0.0, "total_profits": 27773.631315605773}}