{"key_params": {"location": "CA_Palm.Springs-Thermal", "customer_type": "Hotel", "demand_charge": 10, "export_price": 0.10531, "export_price_type": "retail ToU", "battery_size_kWh": 2000, "battery_power_kW": 500.0, "min_soc": 0.05, "max_soc": 1.0, "one_way_efficiency": 0.92, "start_soc": 0.5, "n_horizon": 24, "n_control": 12}, "savings": {"old_energy_charge": -398782.183280297, "new_energy_charge": -393181.5087717526, "energy_charge_savings": 5600.674508544384, "old_demand_charge": -77397.74418421714, "new_demand_charge": -54022.52723194333, "demand_charge_savings": 23375.21695227381, "retail_profits": 28975.891460818195, "battery_charge_cost": -55976.7408845112, "battery_discharge_revenues": 61577.415393055504, "battery_retail_profits": 5600.6745085443035, "battery_export_revenue": 137.61456824412573, "total_profits": 29113.506029062322}}