{"key_params": {"location": "CA_San.Francisco.Intl", "customer_type": "Market", "demand_charge": 10, "export_price": 0.0, "export_price_type": "none", "battery_size_kWh": 2000, "battery_power_kW": 500.0, "min_soc": 0.05, "max_soc": 1.0, "one_way_efficiency": 0.92, "start_soc": 0.5, "n_horizon": 24, "n_control": 12}, "savings": {"old_energy_charge": -391004.5731570871, "new_energy_charge": -392176.55490878434, "energy_charge_savings": -1171.9817516972544, "old_demand_charge": -75324.44414629406, "new_demand_charge": -56268.51023555841, "demand_charge_savings": 19055.93391073565, "retail_profits": 17883.952159038396, "battery_charge_cost": -64998.25250687681, "battery_discharge_revenues": 63826.27075517962, "battery_retail_profits": -1171.9817516971889, "battery_export_revenue": 0.0, "total_profits": 17883.952159038396}}