{"key_params": {"location": "CA_San.Francisco.Intl", "customer_type": "Hotel", "demand_charge": 10, "export_price": 0.032141, "export_price_type": "wholesale LMP", "battery_size_kWh": 2000, "battery_power_kW": 500.0, "min_soc": 0.05, "max_soc": 1.0, "one_way_efficiency": 0.92, "start_soc": 0.5, "n_horizon": 24, "n_control": 12}, "savings": {"old_energy_charge": -378703.42677924107, "new_energy_charge": -376464.95641841675, "energy_charge_savings": 2238.4703608243144, "old_demand_charge": -69542.5244854225, "new_demand_charge": -47723.32028519135, "demand_charge_savings": 21819.20420023115, "retail_profits": 24057.674561055464, "battery_charge_cost": -45832.979502563394, "battery_discharge_revenues": 48071.44986338767, "battery_retail_profits": 2238.470360824278, "battery_export_revenue": 0.0, "total_profits": 24057.674561055464}}