{"key_params": {"location": "CA_Sacramento.Metro", "customer_type": "Office", "demand_charge": 10, "export_price": 0.10531, "export_price_type": "retail ToU", "battery_size_kWh": 2000, "battery_power_kW": 500.0, "min_soc": 0.05, "max_soc": 1.0, "one_way_efficiency": 0.92, "start_soc": 0.5, "n_horizon": 24, "n_control": 12}, "savings": {"old_energy_charge": -428378.5998696116, "new_energy_charge": -437938.5545029394, "energy_charge_savings": -9559.954633327783, "old_demand_charge": -136139.13242226426, "new_demand_charge": -93599.266211172, "demand_charge_savings": 42539.86621109226, "retail_profits": 32979.91157776448, "battery_charge_cost": -77372.03157127474, "battery_discharge_revenues": 67812.07693794703, "battery_retail_profits": -9559.95463332771, "battery_export_revenue": 13145.965295645743, "total_profits": 46125.87687341022}}