{"key_params": {"location": "CA_San.Diego-Lindbergh.Field.722900_TMY3", "customer_type": "Hotel", "demand_charge": 10, "export_price": 0.032141, "export_price_type": "wholesale LMP", "battery_size_kWh": 2000, "battery_power_kW": 500.0, "min_soc": 0.05, "max_soc": 1.0, "one_way_efficiency": 0.92, "start_soc": 0.5, "n_horizon": 24, "n_control": 12}, "savings": {"old_energy_charge": -384669.27305199, "new_energy_charge": -379971.6354945787, "energy_charge_savings": 4697.637557411334, "old_demand_charge": -74509.56171433613, "new_demand_charge": -50757.11546387418, "demand_charge_savings": 23752.44625046195, "retail_profits": 28450.083807873285, "battery_charge_cost": -53689.0383645762, "battery_discharge_revenues": 58386.67592198752, "battery_retail_profits": 4697.637557411319, "battery_export_revenue": 53.91087030102252, "total_profits": 28503.99467817431}}