{"key_params": {"location": "CA_San.Jose.Intl", "customer_type": "Hotel", "demand_charge": 10, "export_price": 0.10531, "export_price_type": "retail ToU", "battery_size_kWh": 2000, "battery_power_kW": 500.0, "min_soc": 0.05, "max_soc": 1.0, "one_way_efficiency": 0.92, "start_soc": 0.5, "n_horizon": 24, "n_control": 12}, "savings": {"old_energy_charge": -398540.79313409387, "new_energy_charge": -393301.03433636716, "energy_charge_savings": 5239.75879772671, "old_demand_charge": -79118.52167640337, "new_demand_charge": -53220.691166116485, "demand_charge_savings": 25897.830510286884, "retail_profits": 31137.589308013594, "battery_charge_cost": -57978.63222736502, "battery_discharge_revenues": 63218.391025091754, "battery_retail_profits": 5239.758797726732, "battery_export_revenue": 47.915837146619154, "total_profits": 31185.505145160212}}