{"key_params": {"location": "CA_San.Francisco.Intl", "customer_type": "Market", "demand_charge": 10, "export_price": 0.14, "export_price_type": "flat high", "battery_size_kWh": 2000, "battery_power_kW": 500.0, "min_soc": 0.05, "max_soc": 1.0, "one_way_efficiency": 0.92, "start_soc": 0.5, "n_horizon": 24, "n_control": 12}, "savings": {"old_energy_charge": -391004.5731570871, "new_energy_charge": -396438.01314831397, "energy_charge_savings": -5433.4399912268855, "old_demand_charge": -75324.44414629406, "new_demand_charge": -55605.24438775459, "demand_charge_savings": 19719.19975853947, "retail_profits": 14285.759767312586, "battery_charge_cost": -71097.78716043246, "battery_discharge_revenues": 65664.34716920558, "battery_retail_profits": -5433.4399912268855, "battery_export_revenue": 4349.572373670057, "total_profits": 18635.332140982642}}