{"key_params": {"location": "CA_San.Francisco.Intl", "customer_type": "Hotel", "demand_charge": 10, "export_price": 0.12, "export_price_type": "flat low", "battery_size_kWh": 2000, "battery_power_kW": 500.0, "min_soc": 0.05, "max_soc": 1.0, "one_way_efficiency": 0.92, "start_soc": 0.5, "n_horizon": 24, "n_control": 12}, "savings": {"old_energy_charge": -394536.50395786023, "new_energy_charge": -389162.73783621966, "energy_charge_savings": 5373.766121640569, "old_demand_charge": -77805.11042679891, "new_demand_charge": -52337.79267166789, "demand_charge_savings": 25467.317755131022, "retail_profits": 30841.08387677159, "battery_charge_cost": -59236.20546137936, "battery_discharge_revenues": 64609.97158301995, "battery_retail_profits": 5373.76612164059, "battery_export_revenue": 0.0, "total_profits": 30841.08387677159}}