{"key_params": {"location": "CA_Palm.Springs-Thermal", "customer_type": "Market", "demand_charge": 10, "export_price": 0.10531, "export_price_type": "retail ToU", "battery_size_kWh": 2000, "battery_power_kW": 500.0, "min_soc": 0.05, "max_soc": 1.0, "one_way_efficiency": 0.92, "start_soc": 0.5, "n_horizon": 24, "n_control": 12}, "savings": {"old_energy_charge": -416561.53452307836, "new_energy_charge": -417555.03777872154, "energy_charge_savings": -993.5032556431834, "old_demand_charge": -82756.9369444049, "new_demand_charge": -61523.86201993357, "demand_charge_savings": 21233.074924471322, "retail_profits": 20239.57166882814, "battery_charge_cost": -72301.87950693096, "battery_discharge_revenues": 71308.37625128783, "battery_retail_profits": -993.5032556431252, "battery_export_revenue": 172.23295153859226, "total_profits": 20411.804620366733}}