{"key_params": {"location": "CA_Sacramento.Metro", "customer_type": "Hospital", "demand_charge": 10, "export_price": 0.12, "export_price_type": "flat low", "battery_size_kWh": 2000, "battery_power_kW": 500.0, "min_soc": 0.05, "max_soc": 1.0, "one_way_efficiency": 0.92, "start_soc": 0.5, "n_horizon": 24, "n_control": 12}, "savings": {"old_energy_charge": -260597.10369842313, "new_energy_charge": -260111.91127862874, "energy_charge_savings": 485.1924197943881, "old_demand_charge": -42782.99656766649, "new_demand_charge": -37059.12208873242, "demand_charge_savings": 5723.8744789340635, "retail_profits": 6209.066898728452, "battery_charge_cost": -25872.7741319547, "battery_discharge_revenues": 26357.966551749058, "battery_retail_profits": 485.192419794359, "battery_export_revenue": -3.922195901395753e-16, "total_profits": 6209.066898728452}}