{"key_params": {"location": "CA_San.Diego-Lindbergh.Field.722900_TMY3", "customer_type": "Office", "demand_charge": 10, "export_price": 0.12, "export_price_type": "flat low", "battery_size_kWh": 2000, "battery_power_kW": 500.0, "min_soc": 0.05, "max_soc": 1.0, "one_way_efficiency": 0.92, "start_soc": 0.5, "n_horizon": 24, "n_control": 12}, "savings": {"old_energy_charge": -324106.9528787252, "new_energy_charge": -326963.71202645125, "energy_charge_savings": -2856.7591477260576, "old_demand_charge": -81346.46557147743, "new_demand_charge": -57475.94074867522, "demand_charge_savings": 23870.52482280221, "retail_profits": 21013.765675076153, "battery_charge_cost": -63422.75201626006, "battery_discharge_revenues": 60565.99286853403, "battery_retail_profits": -2856.7591477260357, "battery_export_revenue": 492.70417470184105, "total_profits": 21506.469849777994}}