{"key_params": {"location": "CA_Sacramento.Metro", "customer_type": "Apartment", "demand_charge": 10, "export_price": 0.12, "export_price_type": "flat low", "battery_size_kWh": 2000, "battery_power_kW": 500.0, "min_soc": 0.05, "max_soc": 1.0, "one_way_efficiency": 0.92, "start_soc": 0.5, "n_horizon": 24, "n_control": 12}, "savings": {"old_energy_charge": -371826.2542969233, "new_energy_charge": -362341.7235537971, "energy_charge_savings": 9484.530743126175, "old_demand_charge": -84032.50219173956, "new_demand_charge": -53874.34136631155, "demand_charge_savings": 30158.160825428015, "retail_profits": 39642.69156855419, "battery_charge_cost": -61334.149547587396, "battery_discharge_revenues": 70818.68029071357, "battery_retail_profits": 9484.530743126175, "battery_export_revenue": -1.0252966833043998e-14, "total_profits": 39642.69156855419}}