{"key_params": {"location": "CA_Sacramento.Metro", "customer_type": "Office", "demand_charge": 10, "export_price": 0.032141, "export_price_type": "wholesale LMP", "battery_size_kWh": 2000, "battery_power_kW": 500.0, "min_soc": 0.05, "max_soc": 1.0, "one_way_efficiency": 0.92, "start_soc": 0.5, "n_horizon": 24, "n_control": 12}, "savings": {"old_energy_charge": -329615.34966811753, "new_energy_charge": -331929.97732337343, "energy_charge_savings": -2314.6276552558993, "old_demand_charge": -88410.93697420362, "new_demand_charge": -60815.47817583586, "demand_charge_savings": 27595.458798367763, "retail_profits": 25280.831143111864, "battery_charge_cost": -60864.51719693877, "battery_discharge_revenues": 58549.889541682816, "battery_retail_profits": -2314.6276552559502, "battery_export_revenue": 594.7089726734608, "total_profits": 25875.540115785323}}