{"key_params": {"location": "CA_San.Diego-Lindbergh.Field.722900_TMY3", "customer_type": "School", "demand_charge": 10, "export_price": 0.10531, "export_price_type": "retail ToU", "battery_size_kWh": 2000, "battery_power_kW": 500.0, "min_soc": 0.05, "max_soc": 1.0, "one_way_efficiency": 0.92, "start_soc": 0.5, "n_horizon": 24, "n_control": 12}, "savings": {"old_energy_charge": -375358.96196777397, "new_energy_charge": -387661.73725512094, "energy_charge_savings": -12302.775287346973, "old_demand_charge": -107757.29426750382, "new_demand_charge": -76900.4075210152, "demand_charge_savings": 30856.886746488628, "retail_profits": 18554.111459141655, "battery_charge_cost": -73989.65988190498, "battery_discharge_revenues": 61686.88459455804, "battery_retail_profits": -12302.775287346944, "battery_export_revenue": 14384.265393117304, "total_profits": 32938.37685225896}}