{"key_params": {"location": "CA_San.Jose.Intl", "customer_type": "Hospital", "demand_charge": 10, "export_price": 0.0, "export_price_type": "none", "battery_size_kWh": 2000, "battery_power_kW": 500.0, "min_soc": 0.05, "max_soc": 1.0, "one_way_efficiency": 0.92, "start_soc": 0.5, "n_horizon": 24, "n_control": 12}, "savings": {"old_energy_charge": -259793.35028252908, "new_energy_charge": -259431.85881638317, "energy_charge_savings": 361.49146614590427, "old_demand_charge": -42863.626991420795, "new_demand_charge": -36852.37060686124, "demand_charge_savings": 6011.256384559558, "retail_profits": 6372.747850705462, "battery_charge_cost": -25197.39350985087, "battery_discharge_revenues": 25558.884975996778, "battery_retail_profits": 361.4914661459079, "battery_export_revenue": 0.0, "total_profits": 6372.747850705462}}