{"key_params": {"location": "CA_San.Diego-Lindbergh.Field.722900_TMY3", "customer_type": "Hotel", "demand_charge": 10, "export_price": 0.10531, "export_price_type": "retail ToU", "battery_size_kWh": 2000, "battery_power_kW": 500.0, "min_soc": 0.05, "max_soc": 1.0, "one_way_efficiency": 0.92, "start_soc": 0.5, "n_horizon": 24, "n_control": 12}, "savings": {"old_energy_charge": -354514.5708329557, "new_energy_charge": -352471.5414389146, "energy_charge_savings": 2043.0293940411066, "old_demand_charge": -63496.34403457083, "new_demand_charge": -44354.760342933, "demand_charge_savings": 19141.583691637832, "retail_profits": 21184.61308567894, "battery_charge_cost": -40837.53549692402, "battery_discharge_revenues": 42880.56489096512, "battery_retail_profits": 2043.0293940410993, "battery_export_revenue": 0.0, "total_profits": 21184.61308567894}}