{"key_params": {"location": "CA_San.Francisco.Intl", "customer_type": "Market", "demand_charge": 10, "export_price": 0.12, "export_price_type": "flat low", "battery_size_kWh": 2000, "battery_power_kW": 500.0, "min_soc": 0.05, "max_soc": 1.0, "one_way_efficiency": 0.92, "start_soc": 0.5, "n_horizon": 24, "n_control": 12}, "savings": {"old_energy_charge": -391004.5731570871, "new_energy_charge": -392070.0157371736, "energy_charge_savings": -1065.4425800865283, "old_demand_charge": -75324.44414629406, "new_demand_charge": -56213.38439251238, "demand_charge_savings": 19111.05975378168, "retail_profits": 18045.61717369515, "battery_charge_cost": -65598.01629071802, "battery_discharge_revenues": 64532.57371063151, "battery_retail_profits": -1065.4425800865138, "battery_export_revenue": 1.8009244919746735e-15, "total_profits": 18045.61717369515}}