{"key_params": {"location": "CA_San.Jose.Intl", "customer_type": "Market", "demand_charge": 10, "export_price": 0.0, "export_price_type": "none", "battery_size_kWh": 2000, "battery_power_kW": 500.0, "min_soc": 0.05, "max_soc": 1.0, "one_way_efficiency": 0.92, "start_soc": 0.5, "n_horizon": 24, "n_control": 12}, "savings": {"old_energy_charge": -394877.9164566167, "new_energy_charge": -395640.4492054949, "energy_charge_savings": -762.5327488781768, "old_demand_charge": -76406.27181251263, "new_demand_charge": -57259.5678347124, "demand_charge_savings": 19146.70397780023, "retail_profits": 18384.171228922052, "battery_charge_cost": -66259.12045769443, "battery_discharge_revenues": 65496.58770881625, "battery_retail_profits": -762.5327488781768, "battery_export_revenue": 0.0, "total_profits": 18384.171228922052}}