{"key_params": {"location": "CA_San.Jose.Intl", "customer_type": "Market", "demand_charge": 10, "export_price": 0.10531, "export_price_type": "retail ToU", "battery_size_kWh": 2000, "battery_power_kW": 500.0, "min_soc": 0.05, "max_soc": 1.0, "one_way_efficiency": 0.92, "start_soc": 0.5, "n_horizon": 24, "n_control": 12}, "savings": {"old_energy_charge": -394877.9164566167, "new_energy_charge": -395931.99026819866, "energy_charge_savings": -1054.0738115819404, "old_demand_charge": -76406.27181251263, "new_demand_charge": -57067.65476506183, "demand_charge_savings": 19338.617047450796, "retail_profits": 18284.543235868856, "battery_charge_cost": -66348.63482281836, "battery_discharge_revenues": 65294.561011236474, "battery_retail_profits": -1054.0738115818895, "battery_export_revenue": 145.91978037905233, "total_profits": 18430.463016247908}}