{"key_params": {"location": "CA_San.Diego-Lindbergh.Field.722900_TMY3", "customer_type": "Market", "demand_charge": 10, "export_price": 0.032141, "export_price_type": "wholesale LMP", "battery_size_kWh": 2000, "battery_power_kW": 500.0, "min_soc": 0.05, "max_soc": 1.0, "one_way_efficiency": 0.92, "start_soc": 0.5, "n_horizon": 24, "n_control": 12}, "savings": {"old_energy_charge": -375390.97654234077, "new_energy_charge": -376601.8932099106, "energy_charge_savings": -1210.9166675698361, "old_demand_charge": -69954.42937379144, "new_demand_charge": -53432.90500387153, "demand_charge_savings": 16521.524369919913, "retail_profits": 15310.607702350077, "battery_charge_cost": -59466.49232262244, "battery_discharge_revenues": 58255.575655052664, "battery_retail_profits": -1210.916667569778, "battery_export_revenue": 14.918622813826698, "total_profits": 15325.526325163903}}