{"key_params": {"location": "CA_Palm.Springs-Thermal", "customer_type": "Restaurant", "demand_charge": 10, "export_price": 0.14, "export_price_type": "flat high", "battery_size_kWh": 2000, "battery_power_kW": 500.0, "min_soc": 0.05, "max_soc": 1.0, "one_way_efficiency": 0.92, "start_soc": 0.5, "n_horizon": 24, "n_control": 12}, "savings": {"old_energy_charge": -576830.0209740249, "new_energy_charge": -580244.6526629911, "energy_charge_savings": -3414.631688966183, "old_demand_charge": -107494.91510816509, "new_demand_charge": -80338.65999895066, "demand_charge_savings": 27156.255109214428, "retail_profits": 23741.623420248245, "battery_charge_cost": -79680.86981390636, "battery_discharge_revenues": 76266.23812494018, "battery_retail_profits": -3414.631688966183, "battery_export_revenue": 3247.5706448830706, "total_profits": 26989.194065131316}}