{"key_params": {"location": "CA_San.Diego-Lindbergh.Field.722900_TMY3", "customer_type": "Restaurant", "demand_charge": 10, "export_price": 0.14, "export_price_type": "flat high", "battery_size_kWh": 2000, "battery_power_kW": 500.0, "min_soc": 0.05, "max_soc": 1.0, "one_way_efficiency": 0.92, "start_soc": 0.5, "n_horizon": 24, "n_control": 12}, "savings": {"old_energy_charge": -496728.4500066135, "new_energy_charge": -495343.71185070544, "energy_charge_savings": 1384.7381559080677, "old_demand_charge": -90633.56417674279, "new_demand_charge": -65684.20129094926, "demand_charge_savings": 24949.362885793525, "retail_profits": 26334.101041701593, "battery_charge_cost": -70148.64059638647, "battery_discharge_revenues": 71533.37875229464, "battery_retail_profits": 1384.7381559081696, "battery_export_revenue": 0.0, "total_profits": 26334.101041701593}}