{"key_params": {"location": "CA_San.Diego-Lindbergh.Field.722900_TMY3", "customer_type": "School", "demand_charge": 10, "export_price": 0.14, "export_price_type": "flat high", "battery_size_kWh": 2000, "battery_power_kW": 500.0, "min_soc": 0.05, "max_soc": 1.0, "one_way_efficiency": 0.92, "start_soc": 0.5, "n_horizon": 24, "n_control": 12}, "savings": {"old_energy_charge": -375358.96196777397, "new_energy_charge": -416496.2093697973, "energy_charge_savings": -41137.24740202335, "old_demand_charge": -107757.29426750382, "new_demand_charge": -76714.2329015328, "demand_charge_savings": 31043.06136597102, "retail_profits": -10094.186036052328, "battery_charge_cost": -117886.28084450008, "battery_discharge_revenues": 76749.03344247678, "battery_retail_profits": -41137.247402023306, "battery_export_revenue": 43689.231110391185, "total_profits": 33595.04507433886}}