{"key_params": {"location": "CA_Sacramento.Metro", "customer_type": "Hotel", "demand_charge": 10, "export_price": 0.12, "export_price_type": "flat low", "battery_size_kWh": 2000, "battery_power_kW": 500.0, "min_soc": 0.05, "max_soc": 1.0, "one_way_efficiency": 0.92, "start_soc": 0.5, "n_horizon": 24, "n_control": 12}, "savings": {"old_energy_charge": -400631.275269088, "new_energy_charge": -394191.58437202626, "energy_charge_savings": 6439.690897061722, "old_demand_charge": -83108.33319335378, "new_demand_charge": -55566.55598435479, "demand_charge_savings": 27541.777208998996, "retail_profits": 33981.46810606072, "battery_charge_cost": -61253.79300338004, "battery_discharge_revenues": 67693.48390044177, "battery_retail_profits": 6439.690897061737, "battery_export_revenue": 0.0, "total_profits": 33981.46810606072}}