{"key_params": {"location": "CA_San.Francisco.Intl", "customer_type": "Office", "demand_charge": 10, "export_price": 0.10531, "export_price_type": "retail ToU", "battery_size_kWh": 2000, "battery_power_kW": 500.0, "min_soc": 0.05, "max_soc": 1.0, "one_way_efficiency": 0.92, "start_soc": 0.5, "n_horizon": 24, "n_control": 12}, "savings": {"old_energy_charge": -415457.4844846812, "new_energy_charge": -428543.70388789894, "energy_charge_savings": -13086.219403217721, "old_demand_charge": -113096.05775819233, "new_demand_charge": -77828.07512359633, "demand_charge_savings": 35267.982634596, "retail_profits": 22181.76323137828, "battery_charge_cost": -77157.2625599044, "battery_discharge_revenues": 64071.04315668666, "battery_retail_profits": -13086.219403217736, "battery_export_revenue": 14601.316407762504, "total_profits": 36783.079639140786}}