{"key_params": {"location": "CA_San.Jose.Intl", "customer_type": "Hotel", "demand_charge": 10, "export_price": 0.14, "export_price_type": "flat high", "battery_size_kWh": 2000, "battery_power_kW": 500.0, "min_soc": 0.05, "max_soc": 1.0, "one_way_efficiency": 0.92, "start_soc": 0.5, "n_horizon": 24, "n_control": 12}, "savings": {"old_energy_charge": -398540.79313409387, "new_energy_charge": -394197.53346024296, "energy_charge_savings": 4343.259673850902, "old_demand_charge": -79118.52167640337, "new_demand_charge": -52737.82859022712, "demand_charge_savings": 26380.693086176252, "retail_profits": 30723.952760027154, "battery_charge_cost": -61379.28038911483, "battery_discharge_revenues": 65722.54006296574, "battery_retail_profits": 4343.259673850909, "battery_export_revenue": 1147.882411971211, "total_profits": 31871.835171998366}}