{"key_params": {"location": "CA_Sacramento.Metro", "customer_type": "Apartment", "demand_charge": 10, "export_price": 0.0, "export_price_type": "none", "battery_size_kWh": 2000, "battery_power_kW": 500.0, "min_soc": 0.05, "max_soc": 1.0, "one_way_efficiency": 0.92, "start_soc": 0.5, "n_horizon": 24, "n_control": 12}, "savings": {"old_energy_charge": -371826.2542969233, "new_energy_charge": -362332.48967187566, "energy_charge_savings": 9493.764625047625, "old_demand_charge": -84032.50219173956, "new_demand_charge": -53923.0687700516, "demand_charge_savings": 30109.433421687965, "retail_profits": 39603.19804673559, "battery_charge_cost": -61368.209888562786, "battery_discharge_revenues": 70861.97451361046, "battery_retail_profits": 9493.764625047676, "battery_export_revenue": 0.0, "total_profits": 39603.19804673559}}