{"key_params": {"location": "CA_Sacramento.Metro", "customer_type": "Restaurant", "demand_charge": 10, "export_price": 0.12, "export_price_type": "flat low", "battery_size_kWh": 2000, "battery_power_kW": 500.0, "min_soc": 0.05, "max_soc": 1.0, "one_way_efficiency": 0.92, "start_soc": 0.5, "n_horizon": 24, "n_control": 12}, "savings": {"old_energy_charge": -477825.31744004664, "new_energy_charge": -477171.78673320095, "energy_charge_savings": 653.5307068456896, "old_demand_charge": -88660.39284115977, "new_demand_charge": -65303.909297058664, "demand_charge_savings": 23356.48354410111, "retail_profits": 24010.0142509468, "battery_charge_cost": -64760.75243102933, "battery_discharge_revenues": 65414.28313787502, "battery_retail_profits": 653.5307068456896, "battery_export_revenue": 0.0, "total_profits": 24010.0142509468}}