{"key_params": {"location": "CA_San.Francisco.Intl", "customer_type": "Hospital", "demand_charge": 10, "export_price": 0.032141, "export_price_type": "wholesale LMP", "battery_size_kWh": 2000, "battery_power_kW": 500.0, "min_soc": 0.05, "max_soc": 1.0, "one_way_efficiency": 0.92, "start_soc": 0.5, "n_horizon": 24, "n_control": 12}, "savings": {"old_energy_charge": -259464.33519488043, "new_energy_charge": -259119.80342893326, "energy_charge_savings": 344.5317659471766, "old_demand_charge": -42424.88010224397, "new_demand_charge": -36812.69182640975, "demand_charge_savings": 5612.188275834225, "retail_profits": 5956.720041781402, "battery_charge_cost": -25083.67679139993, "battery_discharge_revenues": 25428.208557347083, "battery_retail_profits": 344.5317659471548, "battery_export_revenue": 71.53396317614316, "total_profits": 6028.2540049575455}}