{"key_params": {"location": "CA_San.Francisco.Intl", "customer_type": "School", "demand_charge": 10, "export_price": 0.0, "export_price_type": "none", "battery_size_kWh": 2000, "battery_power_kW": 500.0, "min_soc": 0.05, "max_soc": 1.0, "one_way_efficiency": 0.92, "start_soc": 0.5, "n_horizon": 24, "n_control": 12}, "savings": {"old_energy_charge": -355804.5529376251, "new_energy_charge": -355721.00976417575, "energy_charge_savings": 83.5431734493468, "old_demand_charge": -100170.59704253027, "new_demand_charge": -68078.54240642776, "demand_charge_savings": 32092.054636102504, "retail_profits": 32175.59780955185, "battery_charge_cost": -67799.10545359521, "battery_discharge_revenues": 67882.64862704456, "battery_retail_profits": 83.5431734493468, "battery_export_revenue": 0.0, "total_profits": 32175.59780955185}}