{"key_params": {"location": "CA_San.Francisco.Intl", "customer_type": "School", "demand_charge": 10, "export_price": 0.032141, "export_price_type": "wholesale LMP", "battery_size_kWh": 2000, "battery_power_kW": 500.0, "min_soc": 0.05, "max_soc": 1.0, "one_way_efficiency": 0.92, "start_soc": 0.5, "n_horizon": 24, "n_control": 12}, "savings": {"old_energy_charge": -543971.0022639859, "new_energy_charge": -535888.8521825316, "energy_charge_savings": 8082.150081454311, "old_demand_charge": -193474.47421783418, "new_demand_charge": -153515.33164059737, "demand_charge_savings": 39959.14257723681, "retail_profits": 48041.29265869112, "battery_charge_cost": -70417.99978406075, "battery_discharge_revenues": 78500.14986551511, "battery_retail_profits": 8082.150081454354, "battery_export_revenue": 129.50598629448274, "total_profits": 48170.7986449856}}