{"key_params": {"location": "CA_San.Jose.Intl", "customer_type": "Office", "demand_charge": 10, "export_price": 0.0, "export_price_type": "none", "battery_size_kWh": 2000, "battery_power_kW": 500.0, "min_soc": 0.05, "max_soc": 1.0, "one_way_efficiency": 0.92, "start_soc": 0.5, "n_horizon": 24, "n_control": 12}, "savings": {"old_energy_charge": -315174.0731819031, "new_energy_charge": -317405.9438078217, "energy_charge_savings": -2231.8706259186147, "old_demand_charge": -81200.2425156161, "new_demand_charge": -55998.07176337622, "demand_charge_savings": 25202.170752239886, "retail_profits": 22970.30012632127, "battery_charge_cost": -60649.923297125584, "battery_discharge_revenues": 58418.05267120699, "battery_retail_profits": -2231.870625918593, "battery_export_revenue": 0.0, "total_profits": 22970.30012632127}}