{"key_params": {"location": "CA_San.Diego-Lindbergh.Field.722900_TMY3", "customer_type": "Market", "demand_charge": 10, "export_price": 0.14, "export_price_type": "flat high", "battery_size_kWh": 2000, "battery_power_kW": 500.0, "min_soc": 0.05, "max_soc": 1.0, "one_way_efficiency": 0.92, "start_soc": 0.5, "n_horizon": 24, "n_control": 12}, "savings": {"old_energy_charge": -375390.97654234077, "new_energy_charge": -380801.54616423027, "energy_charge_savings": -5410.569621889503, "old_demand_charge": -69954.42937379144, "new_demand_charge": -52492.28478849166, "demand_charge_savings": 17462.14458529978, "retail_profits": 12051.574963410276, "battery_charge_cost": -64905.314124117904, "battery_discharge_revenues": 59494.74450222844, "battery_retail_profits": -5410.569621889466, "battery_export_revenue": 4131.616171881848, "total_profits": 16183.191135292123}}