{"key_params": {"location": "CA_San.Jose.Intl", "customer_type": "Office", "demand_charge": 10, "export_price": 0.10531, "export_price_type": "retail ToU", "battery_size_kWh": 2000, "battery_power_kW": 500.0, "min_soc": 0.05, "max_soc": 1.0, "one_way_efficiency": 0.92, "start_soc": 0.5, "n_horizon": 24, "n_control": 12}, "savings": {"old_energy_charge": -315174.0731819031, "new_energy_charge": -331762.43989920383, "energy_charge_savings": -16588.366717300727, "old_demand_charge": -81200.2425156161, "new_demand_charge": -55759.69922683106, "demand_charge_savings": 25440.543288785047, "retail_profits": 8852.17657148432, "battery_charge_cost": -68275.69970024895, "battery_discharge_revenues": 51687.33298294823, "battery_retail_profits": -16588.36671730072, "battery_export_revenue": 16010.780485585716, "total_profits": 24862.957057070038}}