{"key_params": {"location": "CA_Sacramento.Metro", "customer_type": "Office", "demand_charge": 10, "export_price": 0.032141, "export_price_type": "wholesale LMP", "battery_size_kWh": 2000, "battery_power_kW": 500.0, "min_soc": 0.05, "max_soc": 1.0, "one_way_efficiency": 0.92, "start_soc": 0.5, "n_horizon": 24, "n_control": 12}, "savings": {"old_energy_charge": -428378.5998696116, "new_energy_charge": -426274.7158690724, "energy_charge_savings": 2103.8840005391976, "old_demand_charge": -136139.13242226426, "new_demand_charge": -93599.26621117198, "demand_charge_savings": 42539.866211092274, "retail_profits": 44643.75021163147, "battery_charge_cost": -71132.84736220588, "battery_discharge_revenues": 73236.73136274515, "battery_retail_profits": 2103.8840005392703, "battery_export_revenue": 225.17790035289957, "total_profits": 44868.92811198437}}