{"key_params": {"location": "CA_San.Diego-Lindbergh.Field.722900_TMY3", "customer_type": "Hotel", "demand_charge": 10, "export_price": 0.032141, "export_price_type": "wholesale LMP", "battery_size_kWh": 2000, "battery_power_kW": 500.0, "min_soc": 0.05, "max_soc": 1.0, "one_way_efficiency": 0.92, "start_soc": 0.5, "n_horizon": 24, "n_control": 12}, "savings": {"old_energy_charge": -354514.5708329557, "new_energy_charge": -352456.0412270902, "energy_charge_savings": 2058.5296058655367, "old_demand_charge": -63496.34403457083, "new_demand_charge": -44369.585980226635, "demand_charge_savings": 19126.758054344195, "retail_profits": 21185.28766020973, "battery_charge_cost": -40899.934090355986, "battery_discharge_revenues": 42958.4636962216, "battery_retail_profits": 2058.5296058656168, "battery_export_revenue": 0.0, "total_profits": 21185.28766020973}}