{"key_params": {"location": "CA_Palm.Springs-Thermal", "customer_type": "Hospital", "demand_charge": 10, "export_price": 0.12, "export_price_type": "flat low", "battery_size_kWh": 2000, "battery_power_kW": 500.0, "min_soc": 0.05, "max_soc": 1.0, "one_way_efficiency": 0.92, "start_soc": 0.5, "n_horizon": 24, "n_control": 12}, "savings": {"old_energy_charge": -262552.51315214566, "new_energy_charge": -261766.06288768578, "energy_charge_savings": 786.4502644598833, "old_demand_charge": -43967.800760718026, "new_demand_charge": -37596.07870338347, "demand_charge_savings": 6371.722057334555, "retail_profits": 7158.172321794438, "battery_charge_cost": -26475.848020295114, "battery_discharge_revenues": 27262.298284754943, "battery_retail_profits": 786.4502644598288, "battery_export_revenue": -1.7043344841119766e-14, "total_profits": 7158.172321794438}}