{"key_params": {"location": "CA_San.Francisco.Intl", "customer_type": "School", "demand_charge": 10, "export_price": 0.14, "export_price_type": "flat high", "battery_size_kWh": 2000, "battery_power_kW": 500.0, "min_soc": 0.05, "max_soc": 1.0, "one_way_efficiency": 0.92, "start_soc": 0.5, "n_horizon": 24, "n_control": 12}, "savings": {"old_energy_charge": -543971.0022639859, "new_energy_charge": -597987.0613335487, "energy_charge_savings": -54016.05906956282, "old_demand_charge": -193474.47421783418, "new_demand_charge": -153515.33164059726, "demand_charge_savings": 39959.142577236926, "retail_profits": -14056.916492325894, "battery_charge_cost": -149113.40242731333, "battery_discharge_revenues": 95097.34335775062, "battery_retail_profits": -54016.0590695627, "battery_export_revenue": 64478.628423071015, "total_profits": 50421.71193074512}}