{"key_params": {"location": "CA_San.Jose.Intl", "customer_type": "Restaurant", "demand_charge": 10, "export_price": 0.14, "export_price_type": "flat high", "battery_size_kWh": 2000, "battery_power_kW": 500.0, "min_soc": 0.05, "max_soc": 1.0, "one_way_efficiency": 0.92, "start_soc": 0.5, "n_horizon": 24, "n_control": 12}, "savings": {"old_energy_charge": -487612.3935024262, "new_energy_charge": -487860.46210095956, "energy_charge_savings": -248.06859853334026, "old_demand_charge": -88461.66479120363, "new_demand_charge": -64636.03164494899, "demand_charge_savings": 23825.633146254637, "retail_profits": 23577.564547721297, "battery_charge_cost": -64824.05599119188, "battery_discharge_revenues": 64575.98739265856, "battery_retail_profits": -248.0685985333257, "battery_export_revenue": 14.68701685384002, "total_profits": 23592.251564575137}}