{"key_params": {"location": "CA_Palm.Springs-Thermal", "customer_type": "Restaurant", "demand_charge": 10, "export_price": 0.14, "export_price_type": "flat high", "battery_size_kWh": 2000, "battery_power_kW": 500.0, "min_soc": 0.05, "max_soc": 1.0, "one_way_efficiency": 0.92, "start_soc": 0.5, "n_horizon": 24, "n_control": 12}, "savings": {"old_energy_charge": -525182.4348418515, "new_energy_charge": -527145.7604709663, "energy_charge_savings": -1963.3256291148718, "old_demand_charge": -96776.2981772762, "new_demand_charge": -71067.69499070385, "demand_charge_savings": 25708.60318657235, "retail_profits": 23745.277557457477, "battery_charge_cost": -73407.28406465176, "battery_discharge_revenues": 71443.95843553683, "battery_retail_profits": -1963.32562911493, "battery_export_revenue": 1000.6285633087883, "total_profits": 24745.906120766267}}