{"key_params": {"location": "CA_San.Diego-Lindbergh.Field.722900_TMY3", "customer_type": "Office", "demand_charge": 10, "export_price": 0.0, "export_price_type": "none", "battery_size_kWh": 2000, "battery_power_kW": 500.0, "min_soc": 0.05, "max_soc": 1.0, "one_way_efficiency": 0.92, "start_soc": 0.5, "n_horizon": 24, "n_control": 12}, "savings": {"old_energy_charge": -574125.771972603, "new_energy_charge": -575270.9181748605, "energy_charge_savings": -1145.1462022574851, "old_demand_charge": -138200.2469775308, "new_demand_charge": -110383.50763650655, "demand_charge_savings": 27816.73934102425, "retail_profits": 26671.593138766766, "battery_charge_cost": -75175.88619330747, "battery_discharge_revenues": 74030.73999104995, "battery_retail_profits": -1145.1462022575142, "battery_export_revenue": 0.0, "total_profits": 26671.593138766766}}