{"key_params": {"location": "CA_San.Jose.Intl", "customer_type": "Hospital", "demand_charge": 10, "export_price": 0.12, "export_price_type": "flat low", "battery_size_kWh": 2000, "battery_power_kW": 500.0, "min_soc": 0.05, "max_soc": 1.0, "one_way_efficiency": 0.92, "start_soc": 0.5, "n_horizon": 24, "n_control": 12}, "savings": {"old_energy_charge": -259793.35028252908, "new_energy_charge": -259399.66537567572, "energy_charge_savings": 393.6849068533629, "old_demand_charge": -42863.626991420795, "new_demand_charge": -36808.68124700655, "demand_charge_savings": 6054.945744414246, "retail_profits": 6448.630651267609, "battery_charge_cost": -25372.873959962748, "battery_discharge_revenues": 25766.558866816114, "battery_retail_profits": 393.68490685336656, "battery_export_revenue": 4.973532859259013e-15, "total_profits": 6448.630651267609}}