{"key_params": {"location": "CA_San.Francisco.Intl", "customer_type": "Hotel", "demand_charge": 10, "export_price": 0.12, "export_price_type": "flat low", "battery_size_kWh": 2000, "battery_power_kW": 500.0, "min_soc": 0.05, "max_soc": 1.0, "one_way_efficiency": 0.92, "start_soc": 0.5, "n_horizon": 24, "n_control": 12}, "savings": {"old_energy_charge": -378703.42677924107, "new_energy_charge": -376458.9718567653, "energy_charge_savings": 2244.454922475794, "old_demand_charge": -69542.5244854225, "new_demand_charge": -47743.909202924086, "demand_charge_savings": 21798.615282498416, "retail_profits": 24043.07020497421, "battery_charge_cost": -45791.39069746421, "battery_discharge_revenues": 48035.84561993997, "battery_retail_profits": 2244.4549224757648, "battery_export_revenue": 0.0, "total_profits": 24043.07020497421}}