{"key_params": {"location": "CA_San.Diego-Lindbergh.Field.722900_TMY3", "customer_type": "Hospital", "demand_charge": 10, "export_price": 0.10531, "export_price_type": "retail ToU", "battery_size_kWh": 2000, "battery_power_kW": 500.0, "min_soc": 0.05, "max_soc": 1.0, "one_way_efficiency": 0.92, "start_soc": 0.5, "n_horizon": 24, "n_control": 12}, "savings": {"old_energy_charge": -259662.216523186, "new_energy_charge": -265102.67891158216, "energy_charge_savings": -5440.462388396147, "old_demand_charge": -42487.326783878896, "new_demand_charge": -36858.35158856123, "demand_charge_savings": 5628.975195317667, "retail_profits": 188.51280692152068, "battery_charge_cost": -25102.925846497223, "battery_discharge_revenues": 19662.463458101054, "battery_retail_profits": -5440.4623883961685, "battery_export_revenue": 5977.481136106091, "total_profits": 6165.993943027612}}