{"key_params": {"location": "CA_San.Diego-Lindbergh.Field.722900_TMY3", "customer_type": "Hospital", "demand_charge": 10, "export_price": 0.032141, "export_price_type": "wholesale LMP", "battery_size_kWh": 2000, "battery_power_kW": 500.0, "min_soc": 0.05, "max_soc": 1.0, "one_way_efficiency": 0.92, "start_soc": 0.5, "n_horizon": 24, "n_control": 12}, "savings": {"old_energy_charge": -259662.216523186, "new_energy_charge": -259172.76884740818, "energy_charge_savings": 489.44767577783205, "old_demand_charge": -42487.326783878896, "new_demand_charge": -36892.12916868348, "demand_charge_savings": 5595.197615195415, "retail_profits": 6084.645290973247, "battery_charge_cost": -25112.792379605977, "battery_discharge_revenues": 25602.2400553838, "battery_retail_profits": 489.44767577782477, "battery_export_revenue": 92.84956997933608, "total_profits": 6177.494860952583}}