{"key_params": {"location": "CA_San.Jose.Intl", "customer_type": "Restaurant", "demand_charge": 10, "export_price": 0.12, "export_price_type": "flat low", "battery_size_kWh": 2000, "battery_power_kW": 500.0, "min_soc": 0.05, "max_soc": 1.0, "one_way_efficiency": 0.92, "start_soc": 0.5, "n_horizon": 24, "n_control": 12}, "savings": {"old_energy_charge": -460821.0364250408, "new_energy_charge": -462473.8001254289, "energy_charge_savings": -1652.763700388081, "old_demand_charge": -80881.97429028056, "new_demand_charge": -60599.92571092981, "demand_charge_savings": 20282.048579350747, "retail_profits": 18629.284878962666, "battery_charge_cost": -58162.966059107246, "battery_discharge_revenues": 56510.20235871918, "battery_retail_profits": -1652.7637003880664, "battery_export_revenue": 0.0, "total_profits": 18629.284878962666}}