{"key_params": {"location": "CA_San.Jose.Intl", "customer_type": "Restaurant", "demand_charge": 10, "export_price": 0.032141, "export_price_type": "wholesale LMP", "battery_size_kWh": 2000, "battery_power_kW": 500.0, "min_soc": 0.05, "max_soc": 1.0, "one_way_efficiency": 0.92, "start_soc": 0.5, "n_horizon": 24, "n_control": 12}, "savings": {"old_energy_charge": -487612.3935024262, "new_energy_charge": -487754.75872274546, "energy_charge_savings": -142.36522031924687, "old_demand_charge": -88461.66479120363, "new_demand_charge": -65021.240883554, "demand_charge_savings": 23440.42390764963, "retail_profits": 23298.058687330384, "battery_charge_cost": -62625.25973544224, "battery_discharge_revenues": 62482.894515122964, "battery_retail_profits": -142.36522031927598, "battery_export_revenue": 1.533367120952455, "total_profits": 23299.592054451336}}