{"key_params": {"location": "CA_Palm.Springs-Thermal", "customer_type": "Restaurant", "demand_charge": 10, "export_price": 0.12, "export_price_type": "flat low", "battery_size_kWh": 2000, "battery_power_kW": 500.0, "min_soc": 0.05, "max_soc": 1.0, "one_way_efficiency": 0.92, "start_soc": 0.5, "n_horizon": 24, "n_control": 12}, "savings": {"old_energy_charge": -525182.4348418515, "new_energy_charge": -525999.9752408094, "energy_charge_savings": -817.5403989579063, "old_demand_charge": -96776.2981772762, "new_demand_charge": -71258.61972997453, "demand_charge_savings": 25517.678447301674, "retail_profits": 24700.138048343768, "battery_charge_cost": -70550.06868326523, "battery_discharge_revenues": 69732.52828430722, "battery_retail_profits": -817.5403989580082, "battery_export_revenue": 0.0, "total_profits": 24700.138048343768}}