{"key_params": {"location": "CA_San.Francisco.Intl", "customer_type": "Restaurant", "demand_charge": 10, "export_price": 0.0, "export_price_type": "none", "battery_size_kWh": 2000, "battery_power_kW": 500.0, "min_soc": 0.05, "max_soc": 1.0, "one_way_efficiency": 0.92, "start_soc": 0.5, "n_horizon": 24, "n_control": 12}, "savings": {"old_energy_charge": -455182.80293513346, "new_energy_charge": -457161.43770306755, "energy_charge_savings": -1978.634767934098, "old_demand_charge": -78085.74935778361, "new_demand_charge": -58609.71426180695, "demand_charge_savings": 19476.035095976666, "retail_profits": 17497.400328042568, "battery_charge_cost": -56552.65467333647, "battery_discharge_revenues": 54574.01990540229, "battery_retail_profits": -1978.634767934178, "battery_export_revenue": 0.0, "total_profits": 17497.400328042568}}