{"key_params": {"location": "CA_Palm.Springs-Thermal", "customer_type": "Apartment", "demand_charge": 10, "export_price": 0.032141, "export_price_type": "wholesale LMP", "battery_size_kWh": 2000, "battery_power_kW": 500.0, "min_soc": 0.05, "max_soc": 1.0, "one_way_efficiency": 0.92, "start_soc": 0.5, "n_horizon": 24, "n_control": 12}, "savings": {"old_energy_charge": -350767.27996489435, "new_energy_charge": -343140.1687753713, "energy_charge_savings": 7627.1111895230715, "old_demand_charge": -70034.3703404399, "new_demand_charge": -48488.985826422395, "demand_charge_savings": 21545.384514017504, "retail_profits": 29172.495703540575, "battery_charge_cost": -53515.95829908499, "battery_discharge_revenues": 61143.069488608046, "battery_retail_profits": 7627.111189523057, "battery_export_revenue": 69.89349800612102, "total_profits": 29242.389201546695}}