{"key_params": {"location": "CA_San.Francisco.Intl", "customer_type": "Apartment", "demand_charge": 10, "export_price": 0.14, "export_price_type": "flat high", "battery_size_kWh": 2000, "battery_power_kW": 500.0, "min_soc": 0.05, "max_soc": 1.0, "one_way_efficiency": 0.92, "start_soc": 0.5, "n_horizon": 24, "n_control": 12}, "savings": {"old_energy_charge": -357026.3147463785, "new_energy_charge": -347996.4064774843, "energy_charge_savings": 9029.908268894185, "old_demand_charge": -78272.43366770742, "new_demand_charge": -48574.239073259305, "demand_charge_savings": 29698.194594448112, "retail_profits": 38728.1028633423, "battery_charge_cost": -64618.67898954761, "battery_discharge_revenues": 73648.5872584418, "battery_retail_profits": 9029.908268894185, "battery_export_revenue": 1216.196243256822, "total_profits": 39944.29910659912}}