{"key_params": {"location": "CA_Sacramento.Metro", "customer_type": "Office", "demand_charge": 10, "export_price": 0.10531, "export_price_type": "retail ToU", "battery_size_kWh": 2000, "battery_power_kW": 500.0, "min_soc": 0.05, "max_soc": 1.0, "one_way_efficiency": 0.92, "start_soc": 0.5, "n_horizon": 24, "n_control": 12}, "savings": {"old_energy_charge": -532045.6085539975, "new_energy_charge": -538526.4896025996, "energy_charge_savings": -6480.881048602168, "old_demand_charge": -135309.3182106205, "new_demand_charge": -104977.6651426567, "demand_charge_savings": 30331.653067963794, "retail_profits": 23850.772019361626, "battery_charge_cost": -77504.39265804454, "battery_discharge_revenues": 71023.5116094424, "battery_retail_profits": -6480.881048602139, "battery_export_revenue": 6387.943092625166, "total_profits": 30238.715111986792}}