{"key_params": {"location": "CA_Sacramento.Metro", "customer_type": "Hospital", "demand_charge": 10, "export_price": 0.0, "export_price_type": "none", "battery_size_kWh": 2000, "battery_power_kW": 500.0, "min_soc": 0.05, "max_soc": 1.0, "one_way_efficiency": 0.92, "start_soc": 0.5, "n_horizon": 24, "n_control": 12}, "savings": {"old_energy_charge": -260597.10369842313, "new_energy_charge": -259981.1163226717, "energy_charge_savings": 615.9873757514288, "old_demand_charge": -42782.99656766649, "new_demand_charge": -37237.47072234872, "demand_charge_savings": 5545.525845317767, "retail_profits": 6161.513221069195, "battery_charge_cost": -26134.2111797958, "battery_discharge_revenues": 26750.198555547184, "battery_retail_profits": 615.9873757513851, "battery_export_revenue": 0.0, "total_profits": 6161.513221069195}}