{"key_params": {"location": "CA_San.Francisco.Intl", "customer_type": "Office", "demand_charge": 10, "export_price": 0.12, "export_price_type": "flat low", "battery_size_kWh": 2000, "battery_power_kW": 500.0, "min_soc": 0.05, "max_soc": 1.0, "one_way_efficiency": 0.92, "start_soc": 0.5, "n_horizon": 24, "n_control": 12}, "savings": {"old_energy_charge": -307295.3068925501, "new_energy_charge": -309895.4698156169, "energy_charge_savings": -2600.1629230668186, "old_demand_charge": -77475.75655571025, "new_demand_charge": -54011.486289014756, "demand_charge_savings": 23464.270266695494, "retail_profits": 20864.107343628675, "battery_charge_cost": -58306.84359534584, "battery_discharge_revenues": 55706.68067227902, "battery_retail_profits": -2600.1629230668186, "battery_export_revenue": 496.0348833831682, "total_profits": 21360.142227011842}}