{"key_params": {"location": "CA_San.Diego-Lindbergh.Field.722900_TMY3", "customer_type": "Office", "demand_charge": 10, "export_price": 0.14, "export_price_type": "flat high", "battery_size_kWh": 2000, "battery_power_kW": 500.0, "min_soc": 0.05, "max_soc": 1.0, "one_way_efficiency": 0.92, "start_soc": 0.5, "n_horizon": 24, "n_control": 12}, "savings": {"old_energy_charge": -574125.771972603, "new_energy_charge": -613779.297857654, "energy_charge_savings": -39653.525885051, "old_demand_charge": -138200.2469775308, "new_demand_charge": -110383.50763650655, "demand_charge_savings": 27816.73934102425, "retail_profits": -11836.786544026749, "battery_charge_cost": -123991.79265407467, "battery_discharge_revenues": 84338.26676902379, "battery_retail_profits": -39653.52588505088, "battery_export_revenue": 39416.908419823434, "total_profits": 27580.121875796685}}