{"key_params": {"location": "CA_San.Jose.Intl", "customer_type": "Office", "demand_charge": 10, "export_price": 0.14, "export_price_type": "flat high", "battery_size_kWh": 2000, "battery_power_kW": 500.0, "min_soc": 0.05, "max_soc": 1.0, "one_way_efficiency": 0.92, "start_soc": 0.5, "n_horizon": 24, "n_control": 12}, "savings": {"old_energy_charge": -315174.0731819031, "new_energy_charge": -346747.5021696048, "energy_charge_savings": -31573.428987701715, "old_demand_charge": -81200.2425156161, "new_demand_charge": -54093.74339017877, "demand_charge_savings": 27106.49912543733, "retail_profits": -4466.929862264384, "battery_charge_cost": -87953.07522437951, "battery_discharge_revenues": 56379.64623667776, "battery_retail_profits": -31573.42898770175, "battery_export_revenue": 30835.80318038048, "total_profits": 26368.873318116097}}