{"key_params": {"location": "CA_Sacramento.Metro", "customer_type": "Hotel", "demand_charge": 10, "export_price": 0.14, "export_price_type": "flat high", "battery_size_kWh": 2000, "battery_power_kW": 500.0, "min_soc": 0.05, "max_soc": 1.0, "one_way_efficiency": 0.92, "start_soc": 0.5, "n_horizon": 24, "n_control": 12}, "savings": {"old_energy_charge": -400631.275269088, "new_energy_charge": -395552.9050791108, "energy_charge_savings": 5078.3701899771695, "old_demand_charge": -83108.33319335378, "new_demand_charge": -55007.52845791973, "demand_charge_savings": 28100.804735434052, "retail_profits": 33179.17492541122, "battery_charge_cost": -63262.18804772699, "battery_discharge_revenues": 68340.55823770416, "battery_retail_profits": 5078.3701899771695, "battery_export_revenue": 1157.801181382734, "total_profits": 34336.976106793954}}