{"key_params": {"location": "CA_Sacramento.Metro", "customer_type": "School", "demand_charge": 10, "export_price": 0.0, "export_price_type": "none", "battery_size_kWh": 2000, "battery_power_kW": 500.0, "min_soc": 0.05, "max_soc": 1.0, "one_way_efficiency": 0.92, "start_soc": 0.5, "n_horizon": 24, "n_control": 12}, "savings": {"old_energy_charge": -385800.4581855283, "new_energy_charge": -384776.9345066796, "energy_charge_savings": 1023.5236788486945, "old_demand_charge": -119236.76610671355, "new_demand_charge": -84857.37900172197, "demand_charge_savings": 34379.387104991576, "retail_profits": 35402.91078384027, "battery_charge_cost": -70232.39235782085, "battery_discharge_revenues": 71255.91603666954, "battery_retail_profits": 1023.5236788486945, "battery_export_revenue": 0.0, "total_profits": 35402.91078384027}}