{"key_params": {"location": "CA_San.Francisco.Intl", "customer_type": "Office", "demand_charge": 10, "export_price": 0.14, "export_price_type": "flat high", "battery_size_kWh": 2000, "battery_power_kW": 500.0, "min_soc": 0.05, "max_soc": 1.0, "one_way_efficiency": 0.92, "start_soc": 0.5, "n_horizon": 24, "n_control": 12}, "savings": {"old_energy_charge": -307295.3068925501, "new_energy_charge": -337497.90808336437, "energy_charge_savings": -30202.601190814283, "old_demand_charge": -77475.75655571025, "new_demand_charge": -52231.32909280528, "demand_charge_savings": 25244.42746290497, "retail_profits": -4958.173727909314, "battery_charge_cost": -85034.59087470132, "battery_discharge_revenues": 54831.98968388706, "battery_retail_profits": -30202.601190814254, "battery_export_revenue": 29722.614437336357, "total_profits": 24764.440709427043}}