{"key_params": {"location": "CA_San.Jose.Intl", "customer_type": "Office", "demand_charge": 10, "export_price": 0.0, "export_price_type": "none", "battery_size_kWh": 2000, "battery_power_kW": 500.0, "min_soc": 0.05, "max_soc": 1.0, "one_way_efficiency": 0.92, "start_soc": 0.5, "n_horizon": 24, "n_control": 12}, "savings": {"old_energy_charge": -535766.0509902535, "new_energy_charge": -535572.2205665063, "energy_charge_savings": 193.83042374718934, "old_demand_charge": -134964.2567731175, "new_demand_charge": -105961.33628111135, "demand_charge_savings": 29002.920492006146, "retail_profits": 29196.750915753335, "battery_charge_cost": -74715.36198712538, "battery_discharge_revenues": 74909.19241087265, "battery_retail_profits": 193.83042374727665, "battery_export_revenue": 0.0, "total_profits": 29196.750915753335}}