{"key_params": {"location": "CA_Sacramento.Metro", "customer_type": "Apartment", "demand_charge": 10, "export_price": 0.032141, "export_price_type": "wholesale LMP", "battery_size_kWh": 2000, "battery_power_kW": 500.0, "min_soc": 0.05, "max_soc": 1.0, "one_way_efficiency": 0.92, "start_soc": 0.5, "n_horizon": 24, "n_control": 12}, "savings": {"old_energy_charge": -371826.2542969233, "new_energy_charge": -362344.0888087204, "energy_charge_savings": 9482.165488202882, "old_demand_charge": -84032.50219173956, "new_demand_charge": -53874.34136631155, "demand_charge_savings": 30158.160825428015, "retail_profits": 39640.326313630896, "battery_charge_cost": -61371.98844330639, "battery_discharge_revenues": 70854.15393150928, "battery_retail_profits": 9482.165488202889, "battery_export_revenue": 16.435157487666267, "total_profits": 39656.76147111856}}