{"key_params": {"location": "CA_San.Francisco.Intl", "customer_type": "Apartment", "demand_charge": 10, "export_price": 0.032141, "export_price_type": "wholesale LMP", "battery_size_kWh": 2000, "battery_power_kW": 500.0, "min_soc": 0.05, "max_soc": 1.0, "one_way_efficiency": 0.92, "start_soc": 0.5, "n_horizon": 24, "n_control": 12}, "savings": {"old_energy_charge": -357026.3147463785, "new_energy_charge": -346811.23367707705, "energy_charge_savings": 10215.081069301465, "old_demand_charge": -78272.43366770742, "new_demand_charge": -49148.73708699613, "demand_charge_savings": 29123.696580711287, "retail_profits": 39338.77765001275, "battery_charge_cost": -63013.958282866, "battery_discharge_revenues": 73229.03935216751, "battery_retail_profits": 10215.081069301516, "battery_export_revenue": 10.633230514456404, "total_profits": 39349.410880527204}}