{"key_params": {"location": "CA_Palm.Springs-Thermal", "customer_type": "School", "demand_charge": 10, "export_price": 0.0, "export_price_type": "none", "battery_size_kWh": 2000, "battery_power_kW": 500.0, "min_soc": 0.05, "max_soc": 1.0, "one_way_efficiency": 0.92, "start_soc": 0.5, "n_horizon": 24, "n_control": 12}, "savings": {"old_energy_charge": -652008.9561673262, "new_energy_charge": -649652.8327516484, "energy_charge_savings": 2356.123415677808, "old_demand_charge": -172964.4309107641, "new_demand_charge": -141328.4266932147, "demand_charge_savings": 31636.0042175494, "retail_profits": 33992.12763322721, "battery_charge_cost": -72722.46832249097, "battery_discharge_revenues": 75078.59173816886, "battery_retail_profits": 2356.1234156778955, "battery_export_revenue": 0.0, "total_profits": 33992.12763322721}}