{"key_params": {"location": "CA_San.Jose.Intl", "customer_type": "Hotel", "demand_charge": 10, "export_price": 0.14, "export_price_type": "flat high", "battery_size_kWh": 2000, "battery_power_kW": 500.0, "min_soc": 0.05, "max_soc": 1.0, "one_way_efficiency": 0.92, "start_soc": 0.5, "n_horizon": 24, "n_control": 12}, "savings": {"old_energy_charge": -367980.8108867139, "new_energy_charge": -366278.327094473, "energy_charge_savings": 1702.483792240906, "old_demand_charge": -67851.90803334498, "new_demand_charge": -46506.0842698094, "demand_charge_savings": 21345.823763535584, "retail_profits": 23048.30755577649, "battery_charge_cost": -46136.260517856164, "battery_discharge_revenues": 47838.744310097085, "battery_retail_profits": 1702.4837922409206, "battery_export_revenue": 688.5881053543308, "total_profits": 23736.89566113082}}