{"key_params": {"location": "CA_Palm.Springs-Thermal", "customer_type": "Office", "demand_charge": 10, "export_price": 0.14, "export_price_type": "flat high", "battery_size_kWh": 2000, "battery_power_kW": 500.0, "min_soc": 0.05, "max_soc": 1.0, "one_way_efficiency": 0.92, "start_soc": 0.5, "n_horizon": 24, "n_control": 12}, "savings": {"old_energy_charge": -367116.8905430124, "new_energy_charge": -401466.9917533504, "energy_charge_savings": -34350.101210338005, "old_demand_charge": -94808.51402272671, "new_demand_charge": -67391.93346628193, "demand_charge_savings": 27416.58055644478, "retail_profits": -6933.520653893225, "battery_charge_cost": -99955.93824086251, "battery_discharge_revenues": 65605.8370305245, "battery_retail_profits": -34350.101210338005, "battery_export_revenue": 34344.90108123444, "total_profits": 27411.380427341217}}