{"key_params": {"location": "CA_San.Diego-Lindbergh.Field.722900_TMY3", "customer_type": "School", "demand_charge": 10, "export_price": 0.12, "export_price_type": "flat low", "battery_size_kWh": 2000, "battery_power_kW": 500.0, "min_soc": 0.05, "max_soc": 1.0, "one_way_efficiency": 0.92, "start_soc": 0.5, "n_horizon": 24, "n_control": 12}, "savings": {"old_energy_charge": -375358.96196777397, "new_energy_charge": -376053.3731421609, "energy_charge_savings": -694.4111743869144, "old_demand_charge": -107757.29426750382, "new_demand_charge": -76900.4075210152, "demand_charge_savings": 30856.886746488628, "retail_profits": 30162.475572101714, "battery_charge_cost": -69275.74120526029, "battery_discharge_revenues": 68581.33003087339, "battery_retail_profits": -694.4111743868998, "battery_export_revenue": 1532.2649305140608, "total_profits": 31694.740502615776}}