{"key_params": {"location": "CA_San.Jose.Intl", "customer_type": "Hospital", "demand_charge": 10, "export_price": 0.032141, "export_price_type": "wholesale LMP", "battery_size_kWh": 2000, "battery_power_kW": 500.0, "min_soc": 0.05, "max_soc": 1.0, "one_way_efficiency": 0.92, "start_soc": 0.5, "n_horizon": 24, "n_control": 12}, "savings": {"old_energy_charge": -259793.35028252908, "new_energy_charge": -259528.3381129041, "energy_charge_savings": 265.01216962496983, "old_demand_charge": -42863.626991420795, "new_demand_charge": -36812.007504756686, "demand_charge_savings": 6051.619486664109, "retail_profits": 6316.631656289079, "battery_charge_cost": -25256.760379374824, "battery_discharge_revenues": 25521.772548999845, "battery_retail_profits": 265.01216962502076, "battery_export_revenue": 112.67934547835173, "total_profits": 6429.311001767431}}