{"key_params": {"location": "CA_San.Diego-Lindbergh.Field.722900_TMY3", "customer_type": "Market", "demand_charge": 10, "export_price": 0.12, "export_price_type": "flat low", "battery_size_kWh": 2000, "battery_power_kW": 500.0, "min_soc": 0.05, "max_soc": 1.0, "one_way_efficiency": 0.92, "start_soc": 0.5, "n_horizon": 24, "n_control": 12}, "savings": {"old_energy_charge": -375390.97654234077, "new_energy_charge": -376510.11763322627, "energy_charge_savings": -1119.1410908855032, "old_demand_charge": -69954.42937379144, "new_demand_charge": -53443.870825781385, "demand_charge_savings": 16510.558548010056, "retail_profits": 15391.417457124553, "battery_charge_cost": -59801.35536330184, "battery_discharge_revenues": 58682.21427241631, "battery_retail_profits": -1119.141090885525, "battery_export_revenue": 2.303750585223221e-14, "total_profits": 15391.417457124553}}