{"key_params": {"location": "CA_Palm.Springs-Thermal", "customer_type": "Office", "demand_charge": 10, "export_price": 0.10531, "export_price_type": "retail ToU", "battery_size_kWh": 2000, "battery_power_kW": 500.0, "min_soc": 0.05, "max_soc": 1.0, "one_way_efficiency": 0.92, "start_soc": 0.5, "n_horizon": 24, "n_control": 12}, "savings": {"old_energy_charge": -532532.3461376418, "new_energy_charge": -537361.2277886885, "energy_charge_savings": -4828.881651046686, "old_demand_charge": -127347.59407724414, "new_demand_charge": -99406.61166627471, "demand_charge_savings": 27940.98241096943, "retail_profits": 23112.100759922745, "battery_charge_cost": -77838.15421588541, "battery_discharge_revenues": 73009.27256483883, "battery_retail_profits": -4828.881651046584, "battery_export_revenue": 5174.930438098624, "total_profits": 28287.03119802137}}