{"key_params": {"location": "CA_San.Francisco.Intl", "customer_type": "Hotel", "demand_charge": 10, "export_price": 0.14, "export_price_type": "flat high", "battery_size_kWh": 2000, "battery_power_kW": 500.0, "min_soc": 0.05, "max_soc": 1.0, "one_way_efficiency": 0.92, "start_soc": 0.5, "n_horizon": 24, "n_control": 12}, "savings": {"old_energy_charge": -378703.42677924107, "new_energy_charge": -376505.77084332367, "energy_charge_savings": 2197.655935917399, "old_demand_charge": -69542.5244854225, "new_demand_charge": -47725.895457308565, "demand_charge_savings": 21816.629028113937, "retail_profits": 24014.284964031336, "battery_charge_cost": -48417.93827868048, "battery_discharge_revenues": 50615.59421459779, "battery_retail_profits": 2197.6559359173116, "battery_export_revenue": 341.251604031116, "total_profits": 24355.536568062453}}