{"key_params": {"location": "CA_Palm.Springs-Thermal", "customer_type": "Office", "demand_charge": 10, "export_price": 0.12, "export_price_type": "flat low", "battery_size_kWh": 2000, "battery_power_kW": 500.0, "min_soc": 0.05, "max_soc": 1.0, "one_way_efficiency": 0.92, "start_soc": 0.5, "n_horizon": 24, "n_control": 12}, "savings": {"old_energy_charge": -477546.7132925411, "new_energy_charge": -475931.9131079844, "energy_charge_savings": 1614.8001845566905, "old_demand_charge": -140064.711614865, "new_demand_charge": -104544.20593231052, "demand_charge_savings": 35520.505682554474, "retail_profits": 37135.305867111165, "battery_charge_cost": -71338.13247799622, "battery_discharge_revenues": 72952.93266255285, "battery_retail_profits": 1614.8001845566323, "battery_export_revenue": 601.3387834701182, "total_profits": 37736.644650581286}}