{"key_params": {"location": "CA_San.Francisco.Intl", "customer_type": "Office", "demand_charge": 10, "export_price": 0.0, "export_price_type": "none", "battery_size_kWh": 2000, "battery_power_kW": 500.0, "min_soc": 0.05, "max_soc": 1.0, "one_way_efficiency": 0.92, "start_soc": 0.5, "n_horizon": 24, "n_control": 12}, "savings": {"old_energy_charge": -415457.4844846812, "new_energy_charge": -415590.5435368975, "energy_charge_savings": -133.05905221629655, "old_demand_charge": -113096.05775819233, "new_demand_charge": -77796.9998057802, "demand_charge_savings": 35299.05795241213, "retail_profits": 35165.99890019583, "battery_charge_cost": -70146.23696224343, "battery_discharge_revenues": 70013.17791002712, "battery_retail_profits": -133.0590522163111, "battery_export_revenue": 0.0, "total_profits": 35165.99890019583}}