{"key_params": {"location": "CA_San.Francisco.Intl", "customer_type": "Restaurant", "demand_charge": 10, "export_price": 0.032141, "export_price_type": "wholesale LMP", "battery_size_kWh": 2000, "battery_power_kW": 500.0, "min_soc": 0.05, "max_soc": 1.0, "one_way_efficiency": 0.92, "start_soc": 0.5, "n_horizon": 24, "n_control": 12}, "savings": {"old_energy_charge": -455182.80293513346, "new_energy_charge": -457163.8589089344, "energy_charge_savings": -1981.055973800947, "old_demand_charge": -78085.74935778361, "new_demand_charge": -58609.71426180695, "demand_charge_savings": 19476.035095976666, "retail_profits": 17494.97912217572, "battery_charge_cost": -56540.43547735897, "battery_discharge_revenues": 54559.37950355798, "battery_retail_profits": -1981.0559738009906, "battery_export_revenue": 0.8870015973545827, "total_profits": 17495.866123773074}}