{"key_params": {"location": "CA_San.Francisco.Intl", "customer_type": "School", "demand_charge": 10, "export_price": 0.10531, "export_price_type": "retail ToU", "battery_size_kWh": 2000, "battery_power_kW": 500.0, "min_soc": 0.05, "max_soc": 1.0, "one_way_efficiency": 0.92, "start_soc": 0.5, "n_horizon": 24, "n_control": 12}, "savings": {"old_energy_charge": -355804.5529376251, "new_energy_charge": -368847.400951804, "energy_charge_savings": -13042.848014178919, "old_demand_charge": -100170.59704253027, "new_demand_charge": -67945.12402581632, "demand_charge_savings": 32225.47301671395, "retail_profits": 19182.62500253503, "battery_charge_cost": -73021.67011015222, "battery_discharge_revenues": 59978.82209597327, "battery_retail_profits": -13042.848014178948, "battery_export_revenue": 14495.906760639005, "total_profits": 33678.53176317403}}