{"key_params": {"location": "CA_Sacramento.Metro", "customer_type": "Office", "demand_charge": 10, "export_price": 0.032141, "export_price_type": "wholesale LMP", "battery_size_kWh": 2000, "battery_power_kW": 500.0, "min_soc": 0.05, "max_soc": 1.0, "one_way_efficiency": 0.92, "start_soc": 0.5, "n_horizon": 24, "n_control": 12}, "savings": {"old_energy_charge": -532045.6085539975, "new_energy_charge": -532562.2398342516, "energy_charge_savings": -516.631280254107, "old_demand_charge": -135309.3182106205, "new_demand_charge": -104977.6651426567, "demand_charge_savings": 30331.653067963794, "retail_profits": 29815.021787709687, "battery_charge_cost": -74650.00378201713, "battery_discharge_revenues": 74133.37250176303, "battery_retail_profits": -516.6312802540924, "battery_export_revenue": 133.50136208056335, "total_profits": 29948.52314979025}}