{"key_params": {"location": "CA_San.Francisco.Intl", "customer_type": "Office", "demand_charge": 10, "export_price": 0.0, "export_price_type": "none", "battery_size_kWh": 2000, "battery_power_kW": 500.0, "min_soc": 0.05, "max_soc": 1.0, "one_way_efficiency": 0.92, "start_soc": 0.5, "n_horizon": 24, "n_control": 12}, "savings": {"old_energy_charge": -307295.3068925501, "new_energy_charge": -309523.42209984234, "energy_charge_savings": -2228.115207292256, "old_demand_charge": -77475.75655571025, "new_demand_charge": -53953.88259901545, "demand_charge_savings": 23521.8739566948, "retail_profits": 21293.758749402543, "battery_charge_cost": -57673.713079219015, "battery_discharge_revenues": 55445.597871926744, "battery_retail_profits": -2228.1152072922705, "battery_export_revenue": 0.0, "total_profits": 21293.758749402543}}