{"key_params": {"location": "CA_Sacramento.Metro", "customer_type": "Market", "demand_charge": 10, "export_price": 0.14, "export_price_type": "flat high", "battery_size_kWh": 2000, "battery_power_kW": 500.0, "min_soc": 0.05, "max_soc": 1.0, "one_way_efficiency": 0.92, "start_soc": 0.5, "n_horizon": 24, "n_control": 12}, "savings": {"old_energy_charge": -405258.4248160301, "new_energy_charge": -410197.7572436813, "energy_charge_savings": -4939.332427651214, "old_demand_charge": -81457.37774323861, "new_demand_charge": -60773.86646243893, "demand_charge_savings": 20683.511280799685, "retail_profits": 15744.17885314847, "battery_charge_cost": -75198.51400920439, "battery_discharge_revenues": 70259.1815815532, "battery_retail_profits": -4939.332427651185, "battery_export_revenue": 4624.790570103798, "total_profits": 20368.969423252267}}