{"key_params": {"location": "CA_Sacramento.Metro", "customer_type": "Apartment", "demand_charge": 10, "export_price": 0.14, "export_price_type": "flat high", "battery_size_kWh": 2000, "battery_power_kW": 500.0, "min_soc": 0.05, "max_soc": 1.0, "one_way_efficiency": 0.92, "start_soc": 0.5, "n_horizon": 24, "n_control": 12}, "savings": {"old_energy_charge": -371826.2542969233, "new_energy_charge": -365500.0744162553, "energy_charge_savings": 6326.179880668002, "old_demand_charge": -84032.50219173956, "new_demand_charge": -53766.54168424266, "demand_charge_savings": 30265.960507496908, "retail_profits": 36592.14038816491, "battery_charge_cost": -66260.54696678229, "battery_discharge_revenues": 72586.72684745029, "battery_retail_profits": 6326.179880668002, "battery_export_revenue": 3175.4982959915756, "total_profits": 39767.63868415648}}