{"key_params": {"location": "CA_Sacramento.Metro", "customer_type": "School", "demand_charge": 10, "export_price": 0.10531, "export_price_type": "retail ToU", "battery_size_kWh": 2000, "battery_power_kW": 500.0, "min_soc": 0.05, "max_soc": 1.0, "one_way_efficiency": 0.92, "start_soc": 0.5, "n_horizon": 24, "n_control": 12}, "savings": {"old_energy_charge": -385800.4581855283, "new_energy_charge": -397124.76675307436, "energy_charge_savings": -11324.308567546075, "old_demand_charge": -119236.76610671355, "new_demand_charge": -84857.37900172197, "demand_charge_savings": 34379.387104991576, "retail_profits": 23055.0785374455, "battery_charge_cost": -74973.257165989, "battery_discharge_revenues": 63648.948598442905, "battery_retail_profits": -11324.30856754609, "battery_export_revenue": 13594.551008554303, "total_profits": 36649.62954599981}}