{"key_params": {"location": "CA_San.Jose.Intl", "customer_type": "Market", "demand_charge": 10, "export_price": 0.14, "export_price_type": "flat high", "battery_size_kWh": 2000, "battery_power_kW": 500.0, "min_soc": 0.05, "max_soc": 1.0, "one_way_efficiency": 0.92, "start_soc": 0.5, "n_horizon": 24, "n_control": 12}, "savings": {"old_energy_charge": -394877.9164566167, "new_energy_charge": -400638.3063205066, "energy_charge_savings": -5760.389863889897, "old_demand_charge": -76406.27181251263, "new_demand_charge": -56688.33300799135, "demand_charge_savings": 19717.938804521276, "retail_profits": 13957.548940631379, "battery_charge_cost": -71732.06427269391, "battery_discharge_revenues": 65971.67440880398, "battery_retail_profits": -5760.389863889926, "battery_export_revenue": 5008.229677691635, "total_profits": 18965.778618323013}}