{"key_params": {"location": "CA_Sacramento.Metro", "customer_type": "Hotel", "demand_charge": 10, "export_price": 0.032141, "export_price_type": "wholesale LMP", "battery_size_kWh": 2000, "battery_power_kW": 500.0, "min_soc": 0.05, "max_soc": 1.0, "one_way_efficiency": 0.92, "start_soc": 0.5, "n_horizon": 24, "n_control": 12}, "savings": {"old_energy_charge": -366956.9222091071, "new_energy_charge": -364397.8141329639, "energy_charge_savings": 2559.108076143195, "old_demand_charge": -67761.42114879194, "new_demand_charge": -47079.22691941975, "demand_charge_savings": 20682.194229372188, "retail_profits": 23241.302305515383, "battery_charge_cost": -44556.24639046325, "battery_discharge_revenues": 47115.35446660648, "battery_retail_profits": 2559.108076143224, "battery_export_revenue": 1.287216200508696, "total_profits": 23242.58952171589}}