{"key_params": {"location": "CA_San.Diego-Lindbergh.Field.722900_TMY3", "customer_type": "Hotel", "demand_charge": 10, "export_price": 0.12, "export_price_type": "flat low", "battery_size_kWh": 2000, "battery_power_kW": 500.0, "min_soc": 0.05, "max_soc": 1.0, "one_way_efficiency": 0.92, "start_soc": 0.5, "n_horizon": 24, "n_control": 12}, "savings": {"old_energy_charge": -384669.27305199, "new_energy_charge": -380028.0972573487, "energy_charge_savings": 4641.175794641313, "old_demand_charge": -74509.56171433613, "new_demand_charge": -50689.89978086633, "demand_charge_savings": 23819.661933469797, "retail_profits": 28460.83772811111, "battery_charge_cost": -53453.767290191696, "battery_discharge_revenues": 58094.943084833016, "battery_retail_profits": 4641.17579464132, "battery_export_revenue": 0.0, "total_profits": 28460.83772811111}}