{"key_params": {"location": "CA_San.Jose.Intl", "customer_type": "School", "demand_charge": 10, "export_price": 0.10531, "export_price_type": "retail ToU", "battery_size_kWh": 2000, "battery_power_kW": 500.0, "min_soc": 0.05, "max_soc": 1.0, "one_way_efficiency": 0.92, "start_soc": 0.5, "n_horizon": 24, "n_control": 12}, "savings": {"old_energy_charge": -369431.0541992257, "new_energy_charge": -381843.4731387831, "energy_charge_savings": -12412.41893955745, "old_demand_charge": -108944.81657225873, "new_demand_charge": -72783.56693640523, "demand_charge_savings": 36161.2496358535, "retail_profits": 23748.83069629605, "battery_charge_cost": -73982.3524080696, "battery_discharge_revenues": 61569.9334685122, "battery_retail_profits": -12412.418939557392, "battery_export_revenue": 13860.480425837273, "total_profits": 37609.311122133324}}