{"key_params": {"location": "CA_San.Jose.Intl", "customer_type": "School", "demand_charge": 10, "export_price": 0.14, "export_price_type": "flat high", "battery_size_kWh": 2000, "battery_power_kW": 500.0, "min_soc": 0.05, "max_soc": 1.0, "one_way_efficiency": 0.92, "start_soc": 0.5, "n_horizon": 24, "n_control": 12}, "savings": {"old_energy_charge": -369431.0541992257, "new_energy_charge": -406751.64158871456, "energy_charge_savings": -37320.58738948888, "old_demand_charge": -108944.81657225873, "new_demand_charge": -72767.96555331894, "demand_charge_savings": 36176.85101893979, "retail_profits": -1143.7363705490861, "battery_charge_cost": -110779.37127319316, "battery_discharge_revenues": 73458.78388370431, "battery_retail_profits": -37320.58738948885, "battery_export_revenue": 39285.38418230716, "total_profits": 38141.64781175808}}