{"key_params": {"location": "CA_San.Jose.Intl", "customer_type": "Hospital", "demand_charge": 10, "export_price": 0.10531, "export_price_type": "retail ToU", "battery_size_kWh": 2000, "battery_power_kW": 500.0, "min_soc": 0.05, "max_soc": 1.0, "one_way_efficiency": 0.92, "start_soc": 0.5, "n_horizon": 24, "n_control": 12}, "savings": {"old_energy_charge": -259793.35028252908, "new_energy_charge": -265513.0502468974, "energy_charge_savings": -5719.699964368308, "old_demand_charge": -42863.626991420795, "new_demand_charge": -36880.58375886648, "demand_charge_savings": 5983.043232554315, "retail_profits": 263.34326818600675, "battery_charge_cost": -25455.891020619416, "battery_discharge_revenues": 19736.191056251126, "battery_retail_profits": -5719.69996436829, "battery_export_revenue": 6111.986267440648, "total_profits": 6375.329535626654}}