{"key_params": {"location": "CA_San.Jose.Intl", "customer_type": "School", "demand_charge": 10, "export_price": 0.14, "export_price_type": "flat high", "battery_size_kWh": 2000, "battery_power_kW": 500.0, "min_soc": 0.05, "max_soc": 1.0, "one_way_efficiency": 0.92, "start_soc": 0.5, "n_horizon": 24, "n_control": 12}, "savings": {"old_energy_charge": -614000.9740484045, "new_energy_charge": -667621.2658979003, "energy_charge_savings": -53620.29184949584, "old_demand_charge": -205602.4230952178, "new_demand_charge": -164575.4758210386, "demand_charge_savings": 41026.9472741792, "retail_profits": -12593.344575316645, "battery_charge_cost": -149431.48946681735, "battery_discharge_revenues": 95811.19761732167, "battery_retail_profits": -53620.29184949568, "battery_export_revenue": 61293.97760581005, "total_profits": 48700.6330304934}}