{"key_params": {"location": "CA_San.Francisco.Intl", "customer_type": "Hotel", "demand_charge": 10, "export_price": 0.032141, "export_price_type": "wholesale LMP", "battery_size_kWh": 2000, "battery_power_kW": 500.0, "min_soc": 0.05, "max_soc": 1.0, "one_way_efficiency": 0.92, "start_soc": 0.5, "n_horizon": 24, "n_control": 12}, "savings": {"old_energy_charge": -394536.50395786023, "new_energy_charge": -389313.0317196047, "energy_charge_savings": 5223.472238255548, "old_demand_charge": -77805.11042679891, "new_demand_charge": -52315.37281182606, "demand_charge_savings": 25489.73761497285, "retail_profits": 30713.2098532284, "battery_charge_cost": -58563.749811161855, "battery_discharge_revenues": 63787.22204941736, "battery_retail_profits": 5223.472238255505, "battery_export_revenue": 91.6332365992273, "total_profits": 30804.843089827627}}