{"key_params": {"location": "CA_Palm.Springs-Thermal", "customer_type": "Hospital", "demand_charge": 10, "export_price": 0.14, "export_price_type": "flat high", "battery_size_kWh": 2000, "battery_power_kW": 500.0, "min_soc": 0.05, "max_soc": 1.0, "one_way_efficiency": 0.92, "start_soc": 0.5, "n_horizon": 24, "n_control": 12}, "savings": {"old_energy_charge": -262552.51315214566, "new_energy_charge": -267353.72785703046, "energy_charge_savings": -4801.214704884798, "old_demand_charge": -43967.800760718026, "new_demand_charge": -37574.69895066391, "demand_charge_savings": 6393.101810054119, "retail_profits": 1591.8871051693204, "battery_charge_cost": -28748.309971842533, "battery_discharge_revenues": 23947.095266957673, "battery_retail_profits": -4801.21470488486, "battery_export_revenue": 5978.369470151354, "total_profits": 7570.2565753206745}}