{"key_params": {"location": "CA_Sacramento.Metro", "customer_type": "Office", "demand_charge": 10, "export_price": 0.0, "export_price_type": "none", "battery_size_kWh": 2000, "battery_power_kW": 500.0, "min_soc": 0.05, "max_soc": 1.0, "one_way_efficiency": 0.92, "start_soc": 0.5, "n_horizon": 24, "n_control": 12}, "savings": {"old_energy_charge": -532045.6085539975, "new_energy_charge": -532488.3481344936, "energy_charge_savings": -442.7395804960979, "old_demand_charge": -135309.3182106205, "new_demand_charge": -104977.66514265671, "demand_charge_savings": 30331.65306796378, "retail_profits": 29888.913487467682, "battery_charge_cost": -74650.00378201713, "battery_discharge_revenues": 74207.26420152096, "battery_retail_profits": -442.7395804961707, "battery_export_revenue": 0.0, "total_profits": 29888.913487467682}}