{"key_params": {"location": "CA_San.Diego-Lindbergh.Field.722900_TMY3", "customer_type": "Hospital", "demand_charge": 10, "export_price": 0.14, "export_price_type": "flat high", "battery_size_kWh": 2000, "battery_power_kW": 500.0, "min_soc": 0.05, "max_soc": 1.0, "one_way_efficiency": 0.92, "start_soc": 0.5, "n_horizon": 24, "n_control": 12}, "savings": {"old_energy_charge": -259662.216523186, "new_energy_charge": -263981.847449147, "energy_charge_savings": -4319.630925961013, "old_demand_charge": -42487.326783878896, "new_demand_charge": -37038.42763219186, "demand_charge_savings": 5448.899151687037, "retail_profits": 1129.268225726024, "battery_charge_cost": -26789.69415807338, "battery_discharge_revenues": 22470.063232112305, "battery_retail_profits": -4319.630925961075, "battery_export_revenue": 5179.4587734323595, "total_profits": 6308.7269991583835}}