{"key_params": {"location": "CA_Palm.Springs-Thermal", "customer_type": "Office", "demand_charge": 10, "export_price": 0.12, "export_price_type": "flat low", "battery_size_kWh": 2000, "battery_power_kW": 500.0, "min_soc": 0.05, "max_soc": 1.0, "one_way_efficiency": 0.92, "start_soc": 0.5, "n_horizon": 24, "n_control": 12}, "savings": {"old_energy_charge": -532532.3461376418, "new_energy_charge": -532462.3130018634, "energy_charge_savings": 70.03313577838708, "old_demand_charge": -127347.59407724414, "new_demand_charge": -99406.6116662747, "demand_charge_savings": 27940.982410969445, "retail_profits": 28011.015546747833, "battery_charge_cost": -74851.59919268594, "battery_discharge_revenues": 74921.6323284643, "battery_retail_profits": 70.03313577835797, "battery_export_revenue": 7.970393045337731e-15, "total_profits": 28011.015546747833}}