{"key_params": {"location": "CA_San.Diego-Lindbergh.Field.722900_TMY3", "customer_type": "School", "demand_charge": 10, "export_price": 0.0, "export_price_type": "none", "battery_size_kWh": 2000, "battery_power_kW": 500.0, "min_soc": 0.05, "max_soc": 1.0, "one_way_efficiency": 0.92, "start_soc": 0.5, "n_horizon": 24, "n_control": 12}, "savings": {"old_energy_charge": -375358.96196777397, "new_energy_charge": -374702.34722402337, "energy_charge_savings": 656.6147437506006, "old_demand_charge": -107757.29426750382, "new_demand_charge": -76900.40752101521, "demand_charge_savings": 30856.886746488613, "retail_profits": 31513.501490239214, "battery_charge_cost": -69305.53374346861, "battery_discharge_revenues": 69962.1484872193, "battery_retail_profits": 656.6147437506879, "battery_export_revenue": 0.0, "total_profits": 31513.501490239214}}