{"key_params": {"location": "CA_Palm.Springs-Thermal", "customer_type": "School", "demand_charge": 10, "export_price": 0.14, "export_price_type": "flat high", "battery_size_kWh": 2000, "battery_power_kW": 500.0, "min_soc": 0.05, "max_soc": 1.0, "one_way_efficiency": 0.92, "start_soc": 0.5, "n_horizon": 24, "n_control": 12}, "savings": {"old_energy_charge": -460099.59068072605, "new_energy_charge": -506336.59133794456, "energy_charge_savings": -46237.00065721851, "old_demand_charge": -138768.9814272731, "new_demand_charge": -104583.06713812583, "demand_charge_savings": 34185.91428914727, "retail_profits": -12051.086368071235, "battery_charge_cost": -132070.3397298283, "battery_discharge_revenues": 85833.33907260979, "battery_retail_profits": -46237.00065721851, "battery_export_revenue": 48662.568458860784, "total_profits": 36611.48209078955}}