{"key_params": {"location": "CA_San.Jose.Intl", "customer_type": "Hotel", "demand_charge": 10, "export_price": 0.12, "export_price_type": "flat low", "battery_size_kWh": 2000, "battery_power_kW": 500.0, "min_soc": 0.05, "max_soc": 1.0, "one_way_efficiency": 0.92, "start_soc": 0.5, "n_horizon": 24, "n_control": 12}, "savings": {"old_energy_charge": -367980.8108867139, "new_energy_charge": -365706.1488732745, "energy_charge_savings": 2274.6620134394034, "old_demand_charge": -67851.90803334498, "new_demand_charge": -46536.078399659906, "demand_charge_savings": 21315.829633685076, "retail_profits": 23590.49164712448, "battery_charge_cost": -44839.40876675561, "battery_discharge_revenues": 47114.070780195034, "battery_retail_profits": 2274.662013439425, "battery_export_revenue": 0.0, "total_profits": 23590.49164712448}}