{"key_params": {"location": "CA_San.Jose.Intl", "customer_type": "Office", "demand_charge": 10, "export_price": 0.0, "export_price_type": "none", "battery_size_kWh": 2000, "battery_power_kW": 500.0, "min_soc": 0.05, "max_soc": 1.0, "one_way_efficiency": 0.92, "start_soc": 0.5, "n_horizon": 24, "n_control": 12}, "savings": {"old_energy_charge": -428320.938402129, "new_energy_charge": -427145.05691699666, "energy_charge_savings": 1175.881485132326, "old_demand_charge": -123696.369632672, "new_demand_charge": -84974.14816735088, "demand_charge_savings": 38722.22146532111, "retail_profits": 39898.10295045344, "battery_charge_cost": -71491.18047536943, "battery_discharge_revenues": 72667.06196050177, "battery_retail_profits": 1175.8814851323405, "battery_export_revenue": 0.0, "total_profits": 39898.10295045344}}