{"key_params": {"location": "CA_Palm.Springs-Thermal", "customer_type": "Market", "demand_charge": 10, "export_price": 0.0, "export_price_type": "none", "battery_size_kWh": 2000, "battery_power_kW": 500.0, "min_soc": 0.05, "max_soc": 1.0, "one_way_efficiency": 0.92, "start_soc": 0.5, "n_horizon": 24, "n_control": 12}, "savings": {"old_energy_charge": -416561.53452307836, "new_energy_charge": -417326.0657849823, "energy_charge_savings": -764.5312619039323, "old_demand_charge": -82756.9369444049, "new_demand_charge": -61778.74574988024, "demand_charge_savings": 20978.191194524654, "retail_profits": 20213.65993262072, "battery_charge_cost": -72240.03829356525, "battery_discharge_revenues": 71475.50703166128, "battery_retail_profits": -764.5312619039614, "battery_export_revenue": 0.0, "total_profits": 20213.65993262072}}