{"key_params": {"location": "CA_San.Diego-Lindbergh.Field.722900_TMY3", "customer_type": "Market", "demand_charge": 10, "export_price": 0.10531, "export_price_type": "retail ToU", "battery_size_kWh": 2000, "battery_power_kW": 500.0, "min_soc": 0.05, "max_soc": 1.0, "one_way_efficiency": 0.92, "start_soc": 0.5, "n_horizon": 24, "n_control": 12}, "savings": {"old_energy_charge": -375390.97654234077, "new_energy_charge": -376671.71568376955, "energy_charge_savings": -1280.739141428785, "old_demand_charge": -69954.42937379144, "new_demand_charge": -53448.6481093319, "demand_charge_savings": 16505.78126445954, "retail_profits": 15225.042123030755, "battery_charge_cost": -59715.2844356399, "battery_discharge_revenues": 58434.54529421115, "battery_retail_profits": -1280.7391414287486, "battery_export_revenue": 186.11243747011716, "total_profits": 15411.154560500872}}