{"key_params": {"location": "CA_Sacramento.Metro", "customer_type": "Office", "demand_charge": 10, "export_price": 0.14, "export_price_type": "flat high", "battery_size_kWh": 2000, "battery_power_kW": 500.0, "min_soc": 0.05, "max_soc": 1.0, "one_way_efficiency": 0.92, "start_soc": 0.5, "n_horizon": 24, "n_control": 12}, "savings": {"old_energy_charge": -428378.5998696116, "new_energy_charge": -471793.1586720598, "energy_charge_savings": -43414.55880244821, "old_demand_charge": -136139.13242226426, "new_demand_charge": -93599.26621117195, "demand_charge_savings": 42539.8662110923, "retail_profits": -874.6925913559098, "battery_charge_cost": -123632.67996539835, "battery_discharge_revenues": 80218.12116295018, "battery_retail_profits": -43414.55880244817, "battery_export_revenue": 48153.62824571648, "total_profits": 47278.93565436057}}