{"key_params": {"location": "CA_Palm.Springs-Thermal", "customer_type": "Hotel", "demand_charge": 10, "export_price": 0.0, "export_price_type": "none", "battery_size_kWh": 2000, "battery_power_kW": 500.0, "min_soc": 0.05, "max_soc": 1.0, "one_way_efficiency": 0.92, "start_soc": 0.5, "n_horizon": 24, "n_control": 12}, "savings": {"old_energy_charge": -398782.183280297, "new_energy_charge": -393081.8354172156, "energy_charge_savings": 5700.347863081377, "old_demand_charge": -77397.74418421714, "new_demand_charge": -54028.7068324627, "demand_charge_savings": 23369.037351754436, "retail_profits": 29069.385214835813, "battery_charge_cost": -55808.38159370544, "battery_discharge_revenues": 61508.72945678681, "battery_retail_profits": 5700.34786308137, "battery_export_revenue": 0.0, "total_profits": 29069.385214835813}}