{"key_params": {"location": "CA_Sacramento.Metro", "customer_type": "Hospital", "demand_charge": 10, "export_price": 0.14, "export_price_type": "flat high", "battery_size_kWh": 2000, "battery_power_kW": 500.0, "min_soc": 0.05, "max_soc": 1.0, "one_way_efficiency": 0.92, "start_soc": 0.5, "n_horizon": 24, "n_control": 12}, "savings": {"old_energy_charge": -260597.10369842313, "new_energy_charge": -266473.9611273656, "energy_charge_savings": -5876.857428942458, "old_demand_charge": -42782.99656766649, "new_demand_charge": -37241.381424346786, "demand_charge_savings": 5541.615143319701, "retail_profits": -335.24228562275675, "battery_charge_cost": -28963.1310027582, "battery_discharge_revenues": 23086.27357381569, "battery_retail_profits": -5876.857428942509, "battery_export_revenue": 6900.251779391822, "total_profits": 6565.009493769066}}