{"key_params": {"location": "CA_Palm.Springs-Thermal", "customer_type": "Hotel", "demand_charge": 10, "export_price": 0.032141, "export_price_type": "wholesale LMP", "battery_size_kWh": 2000, "battery_power_kW": 500.0, "min_soc": 0.05, "max_soc": 1.0, "one_way_efficiency": 0.92, "start_soc": 0.5, "n_horizon": 24, "n_control": 12}, "savings": {"old_energy_charge": -398782.183280297, "new_energy_charge": -393080.4839942404, "energy_charge_savings": 5701.699286056566, "old_demand_charge": -77397.74418421714, "new_demand_charge": -54025.10466895488, "demand_charge_savings": 23372.639515262257, "retail_profits": 29074.338801318823, "battery_charge_cost": -55945.5000724716, "battery_discharge_revenues": 61647.19935852811, "battery_retail_profits": 5701.699286056508, "battery_export_revenue": 60.2711404777592, "total_profits": 29134.60994179658}}