{"key_params": {"location": "CA_Palm.Springs-Thermal", "customer_type": "Office", "demand_charge": 10, "export_price": 0.032141, "export_price_type": "wholesale LMP", "battery_size_kWh": 2000, "battery_power_kW": 500.0, "min_soc": 0.05, "max_soc": 1.0, "one_way_efficiency": 0.92, "start_soc": 0.5, "n_horizon": 24, "n_control": 12}, "savings": {"old_energy_charge": -477546.7132925411, "new_energy_charge": -475475.3760436398, "energy_charge_savings": 2071.3372489013127, "old_demand_charge": -140064.711614865, "new_demand_charge": -104544.20593231049, "demand_charge_savings": 35520.5056825545, "retail_profits": 37591.842931455816, "battery_charge_cost": -71317.356387594, "battery_discharge_revenues": 73388.69363649524, "battery_retail_profits": 2071.33724890124, "battery_export_revenue": 119.7565949968364, "total_profits": 37711.59952645265}}