{"key_params": {"location": "CA_San.Francisco.Intl", "customer_type": "Restaurant", "demand_charge": 10, "export_price": 0.12, "export_price_type": "flat low", "battery_size_kWh": 2000, "battery_power_kW": 500.0, "min_soc": 0.05, "max_soc": 1.0, "one_way_efficiency": 0.92, "start_soc": 0.5, "n_horizon": 24, "n_control": 12}, "savings": {"old_energy_charge": -455182.80293513346, "new_energy_charge": -456991.2367757438, "energy_charge_savings": -1808.4338406103197, "old_demand_charge": -78085.74935778361, "new_demand_charge": -58729.4957843261, "demand_charge_savings": 19356.253573457514, "retail_profits": 17547.819732847194, "battery_charge_cost": -56834.47793190068, "battery_discharge_revenues": 55026.04409129032, "battery_retail_profits": -1808.4338406103561, "battery_export_revenue": 0.0, "total_profits": 17547.819732847194}}