{"key_params": {"location": "CA_San.Diego-Lindbergh.Field.722900_TMY3", "customer_type": "Hotel", "demand_charge": 10, "export_price": 0.10531, "export_price_type": "retail ToU", "battery_size_kWh": 2000, "battery_power_kW": 500.0, "min_soc": 0.05, "max_soc": 1.0, "one_way_efficiency": 0.92, "start_soc": 0.5, "n_horizon": 24, "n_control": 12}, "savings": {"old_energy_charge": -384669.27305199, "new_energy_charge": -380006.97126327, "energy_charge_savings": 4662.301788720011, "old_demand_charge": -74509.56171433613, "new_demand_charge": -50676.346801216656, "demand_charge_savings": 23833.214913119475, "retail_profits": 28495.516701839486, "battery_charge_cost": -53671.472469622655, "battery_discharge_revenues": 58333.77425834264, "battery_retail_profits": 4662.301788719982, "battery_export_revenue": 29.203735755572765, "total_profits": 28524.720437595057}}