{"key_params": {"location": "CA_San.Francisco.Intl", "customer_type": "Office", "demand_charge": 10, "export_price": 0.032141, "export_price_type": "wholesale LMP", "battery_size_kWh": 2000, "battery_power_kW": 500.0, "min_soc": 0.05, "max_soc": 1.0, "one_way_efficiency": 0.92, "start_soc": 0.5, "n_horizon": 24, "n_control": 12}, "savings": {"old_energy_charge": -307295.3068925501, "new_energy_charge": -309959.73107142164, "energy_charge_savings": -2664.424178871559, "old_demand_charge": -77475.75655571025, "new_demand_charge": -53995.09914844945, "demand_charge_savings": 23480.6574072608, "retail_profits": 20816.23322838924, "battery_charge_cost": -57809.71320595964, "battery_discharge_revenues": 55145.28902708809, "battery_retail_profits": -2664.4241788715517, "battery_export_revenue": 879.6073754600819, "total_profits": 21695.84060384932}}