{"key_params": {"location": "CA_San.Jose.Intl", "customer_type": "Market", "demand_charge": 10, "export_price": 0.12, "export_price_type": "flat low", "battery_size_kWh": 2000, "battery_power_kW": 500.0, "min_soc": 0.05, "max_soc": 1.0, "one_way_efficiency": 0.92, "start_soc": 0.5, "n_horizon": 24, "n_control": 12}, "savings": {"old_energy_charge": -394877.9164566167, "new_energy_charge": -395696.31274719664, "energy_charge_savings": -818.3962905799272, "old_demand_charge": -76406.27181251263, "new_demand_charge": -57160.70907437155, "demand_charge_savings": 19245.562738141074, "retail_profits": 18427.166447561147, "battery_charge_cost": -66272.21825335298, "battery_discharge_revenues": 65453.821962773116, "battery_retail_profits": -818.396290579869, "battery_export_revenue": 1.8553815910039563e-14, "total_profits": 18427.166447561147}}