{"key_params": {"location": "CA_San.Diego-Lindbergh.Field.722900_TMY3", "customer_type": "Office", "demand_charge": 10, "export_price": 0.10531, "export_price_type": "retail ToU", "battery_size_kWh": 2000, "battery_power_kW": 500.0, "min_soc": 0.05, "max_soc": 1.0, "one_way_efficiency": 0.92, "start_soc": 0.5, "n_horizon": 24, "n_control": 12}, "savings": {"old_energy_charge": -324106.9528787252, "new_energy_charge": -340272.70977486763, "energy_charge_savings": -16165.75689614244, "old_demand_charge": -81346.46557147743, "new_demand_charge": -57747.375319156556, "demand_charge_savings": 23599.09025232087, "retail_profits": 7433.333356178431, "battery_charge_cost": -71122.7223074001, "battery_discharge_revenues": 54956.96541125768, "battery_retail_profits": -16165.756896142411, "battery_export_revenue": 15585.305656872508, "total_profits": 23018.63901305094}}