{"key_params": {"location": "CA_Palm.Springs-Thermal", "customer_type": "Apartment", "demand_charge": 10, "export_price": 0.14, "export_price_type": "flat high", "battery_size_kWh": 2000, "battery_power_kW": 500.0, "min_soc": 0.05, "max_soc": 1.0, "one_way_efficiency": 0.92, "start_soc": 0.5, "n_horizon": 24, "n_control": 12}, "savings": {"old_energy_charge": -350767.27996489435, "new_energy_charge": -346569.36506228853, "energy_charge_savings": 4197.914902605815, "old_demand_charge": -70034.3703404399, "new_demand_charge": -48190.7655765264, "demand_charge_savings": 21843.6047639135, "retail_profits": 26041.519666519314, "battery_charge_cost": -55587.84450967438, "battery_discharge_revenues": 59785.75941228019, "battery_retail_profits": 4197.914902605808, "battery_export_revenue": 3503.9802305825588, "total_profits": 29545.499897101872}}