{"key_params": {"location": "CA_Sacramento.Metro", "customer_type": "Restaurant", "demand_charge": 10, "export_price": 0.14, "export_price_type": "flat high", "battery_size_kWh": 2000, "battery_power_kW": 500.0, "min_soc": 0.05, "max_soc": 1.0, "one_way_efficiency": 0.92, "start_soc": 0.5, "n_horizon": 24, "n_control": 12}, "savings": {"old_energy_charge": -477825.31744004664, "new_energy_charge": -477865.8119267306, "energy_charge_savings": -40.49448668397963, "old_demand_charge": -88660.39284115977, "new_demand_charge": -64915.75585278809, "demand_charge_savings": 23744.636988371683, "retail_profits": 23704.142501687704, "battery_charge_cost": -67431.16296471583, "battery_discharge_revenues": 67390.66847803186, "battery_retail_profits": -40.49448668396508, "battery_export_revenue": 521.6239847145308, "total_profits": 24225.766486402234}}