{"key_params": {"location": "CA_Palm.Springs-Thermal", "customer_type": "Office", "demand_charge": 10, "export_price": 0.14, "export_price_type": "flat high", "battery_size_kWh": 2000, "battery_power_kW": 500.0, "min_soc": 0.05, "max_soc": 1.0, "one_way_efficiency": 0.92, "start_soc": 0.5, "n_horizon": 24, "n_control": 12}, "savings": {"old_energy_charge": -532532.3461376418, "new_energy_charge": -573284.8961708607, "energy_charge_savings": -40752.550033218926, "old_demand_charge": -127347.59407724414, "new_demand_charge": -99406.61166627468, "demand_charge_savings": 27940.98241096946, "retail_profits": -12811.567622249466, "battery_charge_cost": -124799.64834667806, "battery_discharge_revenues": 84047.0983134591, "battery_retail_profits": -40752.55003321897, "battery_export_revenue": 42227.670997105, "total_profits": 29416.103374855535}}