{"key_params": {"location": "CA_San.Diego-Lindbergh.Field.722900_TMY3", "customer_type": "Apartment", "demand_charge": 10, "export_price": 0.0, "export_price_type": "none", "battery_size_kWh": 2000, "battery_power_kW": 500.0, "min_soc": 0.05, "max_soc": 1.0, "one_way_efficiency": 0.92, "start_soc": 0.5, "n_horizon": 24, "n_control": 12}, "savings": {"old_energy_charge": -359297.16091487784, "new_energy_charge": -349780.8429700878, "energy_charge_savings": 9516.317944790062, "old_demand_charge": -76903.63262120778, "new_demand_charge": -48415.513481965114, "demand_charge_savings": 28488.11913924267, "retail_profits": 38004.43708403273, "battery_charge_cost": -59920.644326785434, "battery_discharge_revenues": 69436.96227157544, "battery_retail_profits": 9516.317944790004, "battery_export_revenue": 0.0, "total_profits": 38004.43708403273}}