{"key_params": {"location": "CA_San.Diego-Lindbergh.Field.722900_TMY3", "customer_type": "Office", "demand_charge": 10, "export_price": 0.10531, "export_price_type": "retail ToU", "battery_size_kWh": 2000, "battery_power_kW": 500.0, "min_soc": 0.05, "max_soc": 1.0, "one_way_efficiency": 0.92, "start_soc": 0.5, "n_horizon": 24, "n_control": 12}, "savings": {"old_energy_charge": -574125.771972603, "new_energy_charge": -581635.741954124, "energy_charge_savings": -7509.969981520902, "old_demand_charge": -138200.2469775308, "new_demand_charge": -110383.50763650655, "demand_charge_savings": 27816.73934102425, "retail_profits": 20306.76935950335, "battery_charge_cost": -77608.10957691699, "battery_discharge_revenues": 70098.13959539616, "battery_retail_profits": -7509.96998152083, "battery_export_revenue": 6725.357770169922, "total_profits": 27032.12712967327}}