{"key_params": {"location": "CA_Sacramento.Metro", "customer_type": "School", "demand_charge": 10, "export_price": 0.032141, "export_price_type": "wholesale LMP", "battery_size_kWh": 2000, "battery_power_kW": 500.0, "min_soc": 0.05, "max_soc": 1.0, "one_way_efficiency": 0.92, "start_soc": 0.5, "n_horizon": 24, "n_control": 12}, "savings": {"old_energy_charge": -385800.4581855283, "new_energy_charge": -384913.20188511536, "energy_charge_savings": 887.2563004129333, "old_demand_charge": -119236.76610671355, "new_demand_charge": -84857.37900172197, "demand_charge_savings": 34379.387104991576, "retail_profits": 35266.64340540451, "battery_charge_cost": -70261.47122903635, "battery_discharge_revenues": 71148.72752944929, "battery_retail_profits": 887.2563004129333, "battery_export_revenue": 246.72062871775734, "total_profits": 35513.36403412226}}