{"key_params": {"location": "CA_San.Jose.Intl", "customer_type": "Office", "demand_charge": 10, "export_price": 0.10531, "export_price_type": "retail ToU", "battery_size_kWh": 2000, "battery_power_kW": 500.0, "min_soc": 0.05, "max_soc": 1.0, "one_way_efficiency": 0.92, "start_soc": 0.5, "n_horizon": 24, "n_control": 12}, "savings": {"old_energy_charge": -428320.938402129, "new_energy_charge": -439347.22288549435, "energy_charge_savings": -11026.284483365365, "old_demand_charge": -123696.369632672, "new_demand_charge": -84984.59516366664, "demand_charge_savings": 38711.77446900535, "retail_profits": 27685.489985639986, "battery_charge_cost": -77883.84491386739, "battery_discharge_revenues": 66857.56043050201, "battery_retail_profits": -11026.28448336538, "battery_export_revenue": 13617.009101106029, "total_profits": 41302.499086746015}}