{"key_params": {"location": "CA_San.Francisco.Intl", "customer_type": "Office", "demand_charge": 10, "export_price": 0.12, "export_price_type": "flat low", "battery_size_kWh": 2000, "battery_power_kW": 500.0, "min_soc": 0.05, "max_soc": 1.0, "one_way_efficiency": 0.92, "start_soc": 0.5, "n_horizon": 24, "n_control": 12}, "savings": {"old_energy_charge": -513932.83536484017, "new_energy_charge": -512617.61479302373, "energy_charge_savings": 1315.2205718164332, "old_demand_charge": -134927.676052752, "new_demand_charge": -104852.93872009093, "demand_charge_savings": 30074.737332661083, "retail_profits": 31389.957904477516, "battery_charge_cost": -74365.31727985149, "battery_discharge_revenues": 75680.53785166799, "battery_retail_profits": 1315.220571816506, "battery_export_revenue": 418.876581779777, "total_profits": 31808.834486257292}}