{"key_params": {"location": "CA_Palm.Springs-Thermal", "customer_type": "Hotel", "demand_charge": 10, "export_price": 0.14, "export_price_type": "flat high", "battery_size_kWh": 2000, "battery_power_kW": 500.0, "min_soc": 0.05, "max_soc": 1.0, "one_way_efficiency": 0.92, "start_soc": 0.5, "n_horizon": 24, "n_control": 12}, "savings": {"old_energy_charge": -327265.6119072619, "new_energy_charge": -325325.2870949995, "energy_charge_savings": 1940.3248122623772, "old_demand_charge": -58741.59810084533, "new_demand_charge": -41706.92867310306, "demand_charge_savings": 17034.669427742272, "retail_profits": 18974.99424000465, "battery_charge_cost": -36575.981604039254, "battery_discharge_revenues": 38516.30641630161, "battery_retail_profits": 1940.3248122623554, "battery_export_revenue": 723.6590939464579, "total_profits": 19698.653333951108}}