{"key_params": {"location": "CA_Sacramento.Metro", "customer_type": "Hotel", "demand_charge": 10, "export_price": 0.10531, "export_price_type": "retail ToU", "battery_size_kWh": 2000, "battery_power_kW": 500.0, "min_soc": 0.05, "max_soc": 1.0, "one_way_efficiency": 0.92, "start_soc": 0.5, "n_horizon": 24, "n_control": 12}, "savings": {"old_energy_charge": -366956.9222091071, "new_energy_charge": -364477.4528777986, "energy_charge_savings": 2479.469331308501, "old_demand_charge": -67761.42114879194, "new_demand_charge": -47091.41329252087, "demand_charge_savings": 20670.00785627107, "retail_profits": 23149.47718757957, "battery_charge_cost": -44497.6072634443, "battery_discharge_revenues": 46977.076594752776, "battery_retail_profits": 2479.469331308479, "battery_export_revenue": 83.3343961115481, "total_profits": 23232.81158369112}}