{"key_params": {"location": "CA_San.Francisco.Intl", "customer_type": "Office", "demand_charge": 10, "export_price": 0.032141, "export_price_type": "wholesale LMP", "battery_size_kWh": 2000, "battery_power_kW": 500.0, "min_soc": 0.05, "max_soc": 1.0, "one_way_efficiency": 0.92, "start_soc": 0.5, "n_horizon": 24, "n_control": 12}, "savings": {"old_energy_charge": -415457.4844846812, "new_energy_charge": -415752.4239276965, "energy_charge_savings": -294.9394430152606, "old_demand_charge": -113096.05775819233, "new_demand_charge": -77796.9998057802, "demand_charge_savings": 35299.05795241213, "retail_profits": 35004.11850939687, "battery_charge_cost": -70159.63654436519, "battery_discharge_revenues": 69864.6971013499, "battery_retail_profits": -294.9394430152897, "battery_export_revenue": 350.8157285712999, "total_profits": 35354.93423796817}}