{"key_params": {"location": "CA_San.Jose.Intl", "customer_type": "Hotel", "demand_charge": 10, "export_price": 0.12, "export_price_type": "flat low", "battery_size_kWh": 2000, "battery_power_kW": 500.0, "min_soc": 0.05, "max_soc": 1.0, "one_way_efficiency": 0.92, "start_soc": 0.5, "n_horizon": 24, "n_control": 12}, "savings": {"old_energy_charge": -398540.79313409387, "new_energy_charge": -393254.41193091153, "energy_charge_savings": 5286.381203182333, "old_demand_charge": -79118.52167640337, "new_demand_charge": -53220.691166116485, "demand_charge_savings": 25897.830510286884, "retail_profits": 31184.211713469216, "battery_charge_cost": -57994.22124554626, "battery_discharge_revenues": 63280.602448728634, "battery_retail_profits": 5286.381203182376, "battery_export_revenue": 0.0, "total_profits": 31184.211713469216}}