{"key_params": {"location": "CA_Palm.Springs-Thermal", "customer_type": "Hotel", "demand_charge": 10, "export_price": 0.032141, "export_price_type": "wholesale LMP", "battery_size_kWh": 2000, "battery_power_kW": 500.0, "min_soc": 0.05, "max_soc": 1.0, "one_way_efficiency": 0.92, "start_soc": 0.5, "n_horizon": 24, "n_control": 12}, "savings": {"old_energy_charge": -327265.6119072619, "new_energy_charge": -324771.5496857132, "energy_charge_savings": 2494.0622215486947, "old_demand_charge": -58741.59810084533, "new_demand_charge": -41658.580463477716, "demand_charge_savings": 17083.017637367615, "retail_profits": 19577.07985891631, "battery_charge_cost": -35902.48169038896, "battery_discharge_revenues": 38396.54391193762, "battery_retail_profits": 2494.0622215486583, "battery_export_revenue": 95.5041986764238, "total_profits": 19672.584057592732}}