{"key_params": {"location": "CA_San.Diego-Lindbergh.Field.722900_TMY3", "customer_type": "Apartment", "demand_charge": 10, "export_price": 0.12, "export_price_type": "flat low", "battery_size_kWh": 2000, "battery_power_kW": 500.0, "min_soc": 0.05, "max_soc": 1.0, "one_way_efficiency": 0.92, "start_soc": 0.5, "n_horizon": 24, "n_control": 12}, "savings": {"old_energy_charge": -359297.16091487784, "new_energy_charge": -349779.7428035951, "energy_charge_savings": 9517.41811128275, "old_demand_charge": -76903.63262120778, "new_demand_charge": -48415.51348196511, "demand_charge_savings": 28488.119139242677, "retail_profits": 38005.53725052543, "battery_charge_cost": -59928.55715211618, "battery_discharge_revenues": 69445.97526339891, "battery_retail_profits": 9517.418111282735, "battery_export_revenue": 0.0, "total_profits": 38005.53725052543}}