{"key_params": {"location": "CA_San.Jose.Intl", "customer_type": "School", "demand_charge": 10, "export_price": 0.0, "export_price_type": "none", "battery_size_kWh": 2000, "battery_power_kW": 500.0, "min_soc": 0.05, "max_soc": 1.0, "one_way_efficiency": 0.92, "start_soc": 0.5, "n_horizon": 24, "n_control": 12}, "savings": {"old_energy_charge": -369431.0541992257, "new_energy_charge": -369298.28047412966, "energy_charge_savings": 132.77372509601992, "old_demand_charge": -108944.81657225873, "new_demand_charge": -72992.5635546079, "demand_charge_savings": 35952.25301765083, "retail_profits": 36085.02674274685, "battery_charge_cost": -68953.53607527626, "battery_discharge_revenues": 69086.30980037228, "battery_retail_profits": 132.77372509601992, "battery_export_revenue": 0.0, "total_profits": 36085.02674274685}}