{"key_params": {"location": "CA_Montague-Siskiyou.County", "customer_type": "Hospital", "demand_charge": 20, "export_price": 0.0, "export_price_type": "None", "battery_size_kWh": 300, "battery_power_kW": 150.0, "min_soc": 0.05, "max_soc": 1.0, "one_way_efficiency": 0.92, "start_soc": 0.5, "n_horizon": 24, "n_control": 12}, "savings": {"old_energy_charge": -253841.84158027172, "new_energy_charge": -253725.07317046123, "energy_charge_savings": 116.76840981049463, "old_demand_charge": -86039.60802502927, "new_demand_charge": -77323.80843334607, "demand_charge_savings": 8715.7995916832, "retail_profits": 8832.568001493695, "battery_charge_cost": -11641.357576329254, "battery_discharge_revenues": 11758.12598613973, "battery_retail_profits": 116.76840981047644, "battery_export_revenue": 0.0, "total_profits": 8832.568001493677, "irr": 0.00771, "npv": -26173.271}}