{"key_params": {"location": "CA_Lompoc.AWOS.722895_TMY3", "customer_type": "Restaurant", "demand_charge": 20, "export_price": 0.0, "export_price_type": "None", "battery_size_kWh": 300, "battery_power_kW": 150.0, "min_soc": 0.05, "max_soc": 1.0, "one_way_efficiency": 0.92, "start_soc": 0.5, "n_horizon": 24, "n_control": 12}, "savings": {"old_energy_charge": -453322.5143290106, "new_energy_charge": -452596.44054372504, "energy_charge_savings": 726.0737852855818, "old_demand_charge": -166058.39153243345, "new_demand_charge": -140993.11125569683, "demand_charge_savings": 25065.280276736623, "retail_profits": 25791.354062022205, "battery_charge_cost": -15196.008580460926, "battery_discharge_revenues": 15922.082365746417, "battery_retail_profits": 726.0737852854909, "battery_export_revenue": 0.0, "total_profits": 25791.354062022114, "irr": 0.19378, "npv": 81160.462}}