{"key_params": {"location": "CA_Truckee.Tahoe", "customer_type": "School", "demand_charge": 20, "export_price": 0.0, "export_price_type": "None", "battery_size_kWh": 300, "battery_power_kW": 150.0, "min_soc": 0.05, "max_soc": 1.0, "one_way_efficiency": 0.92, "start_soc": 0.5, "n_horizon": 24, "n_control": 12}, "savings": {"old_energy_charge": -330890.234438178, "new_energy_charge": -330194.0298879482, "energy_charge_savings": 696.2045502298279, "old_demand_charge": -178492.01241243133, "new_demand_charge": -161538.8888864764, "demand_charge_savings": 16953.12352595493, "retail_profits": 17649.328076184756, "battery_charge_cost": -11379.718657372981, "battery_discharge_revenues": 12075.923207602864, "battery_retail_profits": 696.2045502298824, "battery_export_revenue": 0.0, "total_profits": 17649.32807618481, "irr": 0.11223, "npv": 29795.402}}