{"key_params": {"location": "CA_March.AFB.722860_TMY3", "customer_type": "School", "demand_charge": 20, "export_price": 0.0, "export_price_type": "None", "battery_size_kWh": 300, "battery_power_kW": 150.0, "min_soc": 0.05, "max_soc": 1.0, "one_way_efficiency": 0.92, "start_soc": 0.5, "n_horizon": 24, "n_control": 12}, "savings": {"old_energy_charge": -636432.4322359817, "new_energy_charge": -634537.0694904706, "energy_charge_savings": 1895.3627455111127, "old_demand_charge": -402586.2794019936, "new_demand_charge": -384698.5394376422, "demand_charge_savings": 17887.739964351407, "retail_profits": 19783.10270986252, "battery_charge_cost": -10937.09224598417, "battery_discharge_revenues": 12832.454991495262, "battery_retail_profits": 1895.3627455110927, "battery_export_revenue": 0.0, "total_profits": 19783.102709862498, "irr": 0.13438, "npv": 43256.605}}