{"key_params": {"location": "CA_Camp.Pendleton.MCAS.722926_TMY3", "customer_type": "Restaurant", "demand_charge": 20, "export_price": 0.0, "export_price_type": "None", "battery_size_kWh": 300, "battery_power_kW": 150.0, "min_soc": 0.05, "max_soc": 1.0, "one_way_efficiency": 0.92, "start_soc": 0.5, "n_horizon": 24, "n_control": 12}, "savings": {"old_energy_charge": -437654.92850483744, "new_energy_charge": -437409.20759289875, "energy_charge_savings": 245.7209119386971, "old_demand_charge": -156419.73526327263, "new_demand_charge": -135369.6482185563, "demand_charge_savings": 21050.087044716318, "retail_profits": 21295.807956655015, "battery_charge_cost": -17253.89828020973, "battery_discharge_revenues": 17499.61919214831, "battery_retail_profits": 245.72091193858068, "battery_export_revenue": 0.0, "total_profits": 21295.8079566549, "irr": 0.14969, "npv": 52799.708}}