{"key_params": {"location": "CA_Van.Nuys", "customer_type": "Office", "demand_charge": 20, "export_price": 0.0, "export_price_type": "None", "battery_size_kWh": 300, "battery_power_kW": 150.0, "min_soc": 0.05, "max_soc": 1.0, "one_way_efficiency": 0.92, "start_soc": 0.5, "n_horizon": 24, "n_control": 12}, "savings": {"old_energy_charge": -533638.4868966881, "new_energy_charge": -532752.2939824205, "energy_charge_savings": 886.1929142676527, "old_demand_charge": -265543.18993761955, "new_demand_charge": -242336.2511136679, "demand_charge_savings": 23206.93882395164, "retail_profits": 24093.131738219294, "battery_charge_cost": -11687.281280226101, "battery_discharge_revenues": 12573.474194493638, "battery_retail_profits": 886.1929142675363, "battery_export_revenue": 0.0, "total_profits": 24093.131738219177, "irr": 0.17734, "npv": 70446.999}}