{"key_params": {"location": "CA_Blythe-Riverside.County", "customer_type": "Hospital", "demand_charge": 20, "export_price": 0.0, "export_price_type": "None", "battery_size_kWh": 300, "battery_power_kW": 150.0, "min_soc": 0.05, "max_soc": 1.0, "one_way_efficiency": 0.92, "start_soc": 0.5, "n_horizon": 24, "n_control": 12}, "savings": {"old_energy_charge": -246196.36455199082, "new_energy_charge": -245898.0025736012, "energy_charge_savings": 298.3619783896138, "old_demand_charge": -82092.67670055195, "new_demand_charge": -73388.52105748186, "demand_charge_savings": 8704.155643070088, "retail_profits": 9002.517621459701, "battery_charge_cost": -11644.395758034765, "battery_discharge_revenues": 11942.75773642437, "battery_retail_profits": 298.3619783896047, "battery_export_revenue": 0.0, "total_profits": 9002.517621459692, "irr": 0.01019, "npv": -25047.101}}