{"key_params": {"location": "CA_Salinas.Muni", "customer_type": "Office", "demand_charge": 20, "export_price": 0.0, "export_price_type": "None", "battery_size_kWh": 300, "battery_power_kW": 150.0, "min_soc": 0.05, "max_soc": 1.0, "one_way_efficiency": 0.92, "start_soc": 0.5, "n_horizon": 24, "n_control": 12}, "savings": {"old_energy_charge": -292183.4281552557, "new_energy_charge": -291219.1152012319, "energy_charge_savings": 964.3129540237715, "old_demand_charge": -149043.32784004815, "new_demand_charge": -133586.26884656234, "demand_charge_savings": 15457.058993485814, "retail_profits": 16421.371947509586, "battery_charge_cost": -11612.793073468412, "battery_discharge_revenues": 12577.106027492224, "battery_retail_profits": 964.3129540238115, "battery_export_revenue": 0.0, "total_profits": 16421.371947509626, "irr": 0.09914, "npv": 22048.676}}