{"key_params": {"location": "CA_Livermore.Muni", "customer_type": "Hotel", "demand_charge": 20, "export_price": 0.0, "export_price_type": "None", "battery_size_kWh": 300, "battery_power_kW": 150.0, "min_soc": 0.05, "max_soc": 1.0, "one_way_efficiency": 0.92, "start_soc": 0.5, "n_horizon": 24, "n_control": 12}, "savings": {"old_energy_charge": -381046.05545346945, "new_energy_charge": -378661.16575727804, "energy_charge_savings": 2384.8896961914143, "old_demand_charge": -152921.87996031274, "new_demand_charge": -129294.65661248918, "demand_charge_savings": 23627.223347823558, "retail_profits": 26012.113044014972, "battery_charge_cost": -11859.225375484632, "battery_discharge_revenues": 14244.115071676006, "battery_retail_profits": 2384.8896961913742, "battery_export_revenue": 0.0, "total_profits": 26012.11304401493, "irr": 0.1959, "npv": 82553.15}}