{"key_params": {"location": "CA_Oakland.Intl", "customer_type": "Hotel", "demand_charge": 20, "export_price": 0.0, "export_price_type": "None", "battery_size_kWh": 300, "battery_power_kW": 150.0, "min_soc": 0.05, "max_soc": 1.0, "one_way_efficiency": 0.92, "start_soc": 0.5, "n_horizon": 24, "n_control": 12}, "savings": {"old_energy_charge": -354049.9518573913, "new_energy_charge": -351816.9529431955, "energy_charge_savings": 2232.9989141958067, "old_demand_charge": -130468.50678358598, "new_demand_charge": -107225.36987215908, "demand_charge_savings": 23243.136911426904, "retail_profits": 25476.13582562271, "battery_charge_cost": -12771.802928820802, "battery_discharge_revenues": 15004.801843016588, "battery_retail_profits": 2232.9989141957867, "battery_export_revenue": 0.0, "total_profits": 25476.13582562269, "irr": 0.19074, "npv": 79171.866}}