{"key_params": {"location": "CA_San.Diego-Montgomery.Field.722903_TMY3", "customer_type": "Hotel", "demand_charge": 20, "export_price": 0.0, "export_price_type": "None", "battery_size_kWh": 300, "battery_power_kW": 150.0, "min_soc": 0.05, "max_soc": 1.0, "one_way_efficiency": 0.92, "start_soc": 0.5, "n_horizon": 24, "n_control": 12}, "savings": {"old_energy_charge": -367837.2243002937, "new_energy_charge": -365594.08686595137, "energy_charge_savings": 2243.137434342352, "old_demand_charge": -142664.47183718497, "new_demand_charge": -118751.75550997694, "demand_charge_savings": 23912.716327208036, "retail_profits": 26155.85376155039, "battery_charge_cost": -12676.031358448, "battery_discharge_revenues": 14919.168792790322, "battery_retail_profits": 2243.1374343423213, "battery_export_revenue": 0.0, "total_profits": 26155.85376155036, "irr": 0.19728, "npv": 83459.957}}