{"key_params": {"location": "CA_Van.Nuys", "customer_type": "Market", "demand_charge": 20, "export_price": 0.0, "export_price_type": "None", "battery_size_kWh": 300, "battery_power_kW": 150.0, "min_soc": 0.05, "max_soc": 1.0, "one_way_efficiency": 0.92, "start_soc": 0.5, "n_horizon": 24, "n_control": 12}, "savings": {"old_energy_charge": -374330.2329824004, "new_energy_charge": -373570.79234996665, "energy_charge_savings": 759.4406324337469, "old_demand_charge": -149942.05982649847, "new_demand_charge": -135644.25361227454, "demand_charge_savings": 14297.806214223936, "retail_profits": 15057.246846657683, "battery_charge_cost": -11754.215830626337, "battery_discharge_revenues": 12513.656463060059, "battery_retail_profits": 759.4406324337215, "battery_export_revenue": 0.0, "total_profits": 15057.246846657657, "irr": 0.08423, "npv": 13442.91}}