{"key_params": {"location": "CA_Oakland.Intl", "customer_type": "School", "demand_charge": 20, "export_price": 0.0, "export_price_type": "None", "battery_size_kWh": 300, "battery_power_kW": 150.0, "min_soc": 0.05, "max_soc": 1.0, "one_way_efficiency": 0.92, "start_soc": 0.5, "n_horizon": 24, "n_control": 12}, "savings": {"old_energy_charge": -339108.90495830326, "new_energy_charge": -337947.91726017906, "energy_charge_savings": 1160.9876981241978, "old_demand_charge": -194319.26962515953, "new_demand_charge": -174168.68874016096, "demand_charge_savings": 20150.580884998577, "retail_profits": 21311.568583122775, "battery_charge_cost": -11468.315291177942, "battery_discharge_revenues": 12629.302989302152, "battery_retail_profits": 1160.9876981242105, "battery_export_revenue": 0.0, "total_profits": 21311.56858312279, "irr": 0.14985, "npv": 52899.136}}