{"key_params": {"location": "CA_San.Luis.Obispo", "customer_type": "School", "demand_charge": 20, "export_price": 0.0, "export_price_type": "None", "battery_size_kWh": 300, "battery_power_kW": 150.0, "min_soc": 0.05, "max_soc": 1.0, "one_way_efficiency": 0.92, "start_soc": 0.5, "n_horizon": 24, "n_control": 12}, "savings": {"old_energy_charge": -346825.4994200268, "new_energy_charge": -345647.4377943715, "energy_charge_savings": 1178.0616256552748, "old_demand_charge": -211562.16123957752, "new_demand_charge": -191961.70078010968, "demand_charge_savings": 19600.46045946784, "retail_profits": 20778.522085123113, "battery_charge_cost": -11531.85525406338, "battery_discharge_revenues": 12709.916879718587, "battery_retail_profits": 1178.0616256552075, "battery_export_revenue": 0.0, "total_profits": 20778.522085123048, "irr": 0.14449, "npv": 49536.341}}