{"key_params": {"location": "CA_Edwards.AFB.723810_TMY3", "customer_type": "Office", "demand_charge": 20, "export_price": 0.0, "export_price_type": "None", "battery_size_kWh": 300, "battery_power_kW": 150.0, "min_soc": 0.05, "max_soc": 1.0, "one_way_efficiency": 0.92, "start_soc": 0.5, "n_horizon": 24, "n_control": 12}, "savings": {"old_energy_charge": -417417.80524388363, "new_energy_charge": -415518.1839191172, "energy_charge_savings": 1899.6213247664273, "old_demand_charge": -264865.3137296334, "new_demand_charge": -235746.08571160145, "demand_charge_savings": 29119.22801803195, "retail_profits": 31018.849342798378, "battery_charge_cost": -11714.853706015692, "battery_discharge_revenues": 13614.475030782036, "battery_retail_profits": 1899.6213247663436, "battery_export_revenue": 0.0, "total_profits": 31018.849342798294, "irr": 0.24319, "npv": 114138.816}}