{"key_params": {"location": "CA_Los.Angeles.Intl", "customer_type": "Apartment", "demand_charge": 20, "export_price": 0.0, "export_price_type": "None", "battery_size_kWh": 300, "battery_power_kW": 150.0, "min_soc": 0.05, "max_soc": 1.0, "one_way_efficiency": 0.92, "start_soc": 0.5, "n_horizon": 24, "n_control": 12}, "savings": {"old_energy_charge": -340522.64180524787, "new_energy_charge": -337758.35048837826, "energy_charge_savings": 2764.2913168696105, "old_demand_charge": -143384.6643004395, "new_demand_charge": -122424.54767405713, "demand_charge_savings": 20960.11662638237, "retail_profits": 23724.40794325198, "battery_charge_cost": -10729.564239130434, "battery_discharge_revenues": 13493.855556, "battery_retail_profits": 2764.291316869567, "battery_export_revenue": 0.0, "total_profits": 23724.407943251936, "irr": 0.17374, "npv": 68120.856}}