{"key_params": {"location": "CA_Santa.Ana-John.Wayne", "customer_type": "Restaurant", "demand_charge": 20, "export_price": 0.0, "export_price_type": "None", "battery_size_kWh": 300, "battery_power_kW": 150.0, "min_soc": 0.05, "max_soc": 1.0, "one_way_efficiency": 0.92, "start_soc": 0.5, "n_horizon": 24, "n_control": 12}, "savings": {"old_energy_charge": -436572.3985383601, "new_energy_charge": -435921.99841576105, "energy_charge_savings": 650.400122599036, "old_demand_charge": -154540.69872594136, "new_demand_charge": -134701.18332810717, "demand_charge_savings": 19839.515397834184, "retail_profits": 20489.91552043322, "battery_charge_cost": -16546.33927474649, "battery_discharge_revenues": 17196.739397345522, "battery_retail_profits": 650.4001225990323, "battery_export_revenue": 0.0, "total_profits": 20489.915520433216, "irr": 0.14157, "npv": 47715.628}}