{"key_params": {"location": "CA_Hayward.Air.Terminal.724935_TMY3", "customer_type": "Office", "demand_charge": 20, "export_price": 0.0, "export_price_type": "None", "battery_size_kWh": 300, "battery_power_kW": 150.0, "min_soc": 0.05, "max_soc": 1.0, "one_way_efficiency": 0.92, "start_soc": 0.5, "n_horizon": 24, "n_control": 12}, "savings": {"old_energy_charge": -506357.8846726882, "new_energy_charge": -505154.63059182954, "energy_charge_savings": 1203.2540808586637, "old_demand_charge": -256734.6434789528, "new_demand_charge": -237673.49892082607, "demand_charge_savings": 19061.144558126747, "retail_profits": 20264.39863898541, "battery_charge_cost": -11534.769367889496, "battery_discharge_revenues": 12738.023448748214, "battery_retail_profits": 1203.2540808587182, "battery_export_revenue": 0.0, "total_profits": 20264.398638985465, "irr": 0.13928, "npv": 46292.924}}