{"key_params": {"location": "CA_March.AFB.722860_TMY3", "customer_type": "Market", "demand_charge": 20, "export_price": 0.0, "export_price_type": "None", "battery_size_kWh": 300, "battery_power_kW": 150.0, "min_soc": 0.05, "max_soc": 1.0, "one_way_efficiency": 0.92, "start_soc": 0.5, "n_horizon": 24, "n_control": 12}, "savings": {"old_energy_charge": -386728.013761589, "new_energy_charge": -386082.4430918266, "energy_charge_savings": 645.570669762441, "old_demand_charge": -155420.44372983504, "new_demand_charge": -140320.42886552046, "demand_charge_savings": 15100.01486431458, "retail_profits": 15745.585534077021, "battery_charge_cost": -11817.819663953522, "battery_discharge_revenues": 12463.390333716043, "battery_retail_profits": 645.570669762521, "battery_export_revenue": 0.0, "total_profits": 15745.585534077101, "irr": 0.0918, "npv": 17785.387}}