{"key_params": {"location": "CA_China.Lake.NAF.746120_TMY3", "customer_type": "Restaurant", "demand_charge": 20, "export_price": 0.0, "export_price_type": "None", "battery_size_kWh": 300, "battery_power_kW": 150.0, "min_soc": 0.05, "max_soc": 1.0, "one_way_efficiency": 0.92, "start_soc": 0.5, "n_horizon": 24, "n_control": 12}, "savings": {"old_energy_charge": -524412.52776068, "new_energy_charge": -523086.9298093302, "energy_charge_savings": 1325.597951349744, "old_demand_charge": -193664.53523264336, "new_demand_charge": -172534.94790757188, "demand_charge_savings": 21129.58732507148, "retail_profits": 22455.185276421224, "battery_charge_cost": -14341.804484881779, "battery_discharge_revenues": 15667.402436231478, "battery_retail_profits": 1325.5979513496986, "battery_export_revenue": 0.0, "total_profits": 22455.18527642118, "irr": 0.16125, "npv": 60113.795}}