{"key_params": {"location": "CA_South.Lake.Tahoe-Lake.Tahoe", "customer_type": "Hotel", "demand_charge": 20, "export_price": 0.0, "export_price_type": "None", "battery_size_kWh": 300, "battery_power_kW": 150.0, "min_soc": 0.05, "max_soc": 1.0, "one_way_efficiency": 0.92, "start_soc": 0.5, "n_horizon": 24, "n_control": 12}, "savings": {"old_energy_charge": -356354.68639905326, "new_energy_charge": -354171.2187326981, "energy_charge_savings": 2183.4676663551363, "old_demand_charge": -140679.5543698097, "new_demand_charge": -115293.66513334747, "demand_charge_savings": 25385.889236462215, "retail_profits": 27569.35690281735, "battery_charge_cost": -12982.415292792171, "battery_discharge_revenues": 15165.882959147279, "battery_retail_profits": 2183.467666355107, "battery_export_revenue": 0.0, "total_profits": 27569.356902817322, "irr": 0.21076, "npv": 92377.231}}