{"key_params": {"location": "CA_San.Jose.Intl", "customer_type": "School", "demand_charge": 20, "export_price": 0.0, "export_price_type": "None", "battery_size_kWh": 300, "battery_power_kW": 150.0, "min_soc": 0.05, "max_soc": 1.0, "one_way_efficiency": 0.92, "start_soc": 0.5, "n_horizon": 24, "n_control": 12}, "savings": {"old_energy_charge": -349987.8160186495, "new_energy_charge": -348282.9801695554, "energy_charge_savings": 1704.8358490940882, "old_demand_charge": -206422.05350779695, "new_demand_charge": -184397.59282612673, "demand_charge_savings": 22024.46068167023, "retail_profits": 23729.296530764317, "battery_charge_cost": -11118.663345593679, "battery_discharge_revenues": 12823.49919468777, "battery_retail_profits": 1704.8358490940918, "battery_export_revenue": 0.0, "total_profits": 23729.29653076432, "irr": 0.17378, "npv": 68151.696}}