{"key_params": {"location": "CA_Lancaster-Gen.Wm.Fox.Field.723816_TMY3", "customer_type": "Office", "demand_charge": 20, "export_price": 0.0, "export_price_type": "None", "battery_size_kWh": 300, "battery_power_kW": 150.0, "min_soc": 0.05, "max_soc": 1.0, "one_way_efficiency": 0.92, "start_soc": 0.5, "n_horizon": 24, "n_control": 12}, "savings": {"old_energy_charge": -323057.32536586164, "new_energy_charge": -321855.3557626394, "energy_charge_savings": 1201.969603222271, "old_demand_charge": -168060.01089272037, "new_demand_charge": -152858.82187227454, "demand_charge_savings": 15201.189020445832, "retail_profits": 16403.158623668103, "battery_charge_cost": -11366.363311395064, "battery_discharge_revenues": 12568.332914617358, "battery_retail_profits": 1201.9696032222946, "battery_export_revenue": 0.0, "total_profits": 16403.158623668125, "irr": 0.09894, "npv": 21933.775}}