{"key_params": {"location": "CA_Sandberg.723830_TMY3", "customer_type": "Apartment", "demand_charge": 20, "export_price": 0.0, "export_price_type": "None", "battery_size_kWh": 300, "battery_power_kW": 150.0, "min_soc": 0.05, "max_soc": 1.0, "one_way_efficiency": 0.92, "start_soc": 0.5, "n_horizon": 24, "n_control": 12}, "savings": {"old_energy_charge": -331754.36061491753, "new_energy_charge": -328991.6331223615, "energy_charge_savings": 2762.727492556034, "old_demand_charge": -141673.1343460165, "new_demand_charge": -121834.2361793241, "demand_charge_savings": 19838.89816669241, "retail_profits": 22601.625659248442, "battery_charge_cost": -10729.564239130434, "battery_discharge_revenues": 13492.291731686566, "battery_retail_profits": 2762.7274925561323, "battery_export_revenue": 0.0, "total_profits": 22601.62565924854, "irr": 0.1627, "npv": 61037.634}}