{"key_params": {"location": "CA_Santa.Barbara.Muni", "customer_type": "Restaurant", "demand_charge": 20, "export_price": 0.0, "export_price_type": "None", "battery_size_kWh": 300, "battery_power_kW": 150.0, "min_soc": 0.05, "max_soc": 1.0, "one_way_efficiency": 0.92, "start_soc": 0.5, "n_horizon": 24, "n_control": 12}, "savings": {"old_energy_charge": -433000.1489209613, "new_energy_charge": -433531.291774257, "energy_charge_savings": -531.1428532957216, "old_demand_charge": -145735.5445877397, "new_demand_charge": -126732.29085653105, "demand_charge_savings": 19003.253731208664, "retail_profits": 18472.110877912943, "battery_charge_cost": -19895.825667921774, "battery_discharge_revenues": 19364.682814626074, "battery_retail_profits": -531.1428532956998, "battery_export_revenue": 0.0, "total_profits": 18472.110877912964, "irr": 0.12086, "npv": 34986.037}}