{"key_params": {"location": "CA_Santa.Maria.Public", "customer_type": "School", "demand_charge": 20, "export_price": 0.0, "export_price_type": "None", "battery_size_kWh": 300, "battery_power_kW": 150.0, "min_soc": 0.05, "max_soc": 1.0, "one_way_efficiency": 0.92, "start_soc": 0.5, "n_horizon": 24, "n_control": 12}, "savings": {"old_energy_charge": -341430.6077063673, "new_energy_charge": -340155.7958446804, "energy_charge_savings": 1274.8118616868742, "old_demand_charge": -200194.35402155053, "new_demand_charge": -181168.44988344295, "demand_charge_savings": 19025.90413810758, "retail_profits": 20300.715999794455, "battery_charge_cost": -11408.931086004752, "battery_discharge_revenues": 12683.742947691628, "battery_retail_profits": 1274.811861686876, "battery_export_revenue": 0.0, "total_profits": 20300.715999794455, "irr": 0.13965, "npv": 46522.037}}