{"key_params": {"location": "CA_Livermore.Muni", "customer_type": "Apartment", "demand_charge": 20, "export_price": 0.0, "export_price_type": "None", "battery_size_kWh": 300, "battery_power_kW": 150.0, "min_soc": 0.05, "max_soc": 1.0, "one_way_efficiency": 0.92, "start_soc": 0.5, "n_horizon": 24, "n_control": 12}, "savings": {"old_energy_charge": -351273.13265480555, "new_energy_charge": -348518.3382037206, "energy_charge_savings": 2754.7944510849775, "old_demand_charge": -155593.60457583648, "new_demand_charge": -135593.55798730982, "demand_charge_savings": 20000.04658852666, "retail_profits": 22754.841039611638, "battery_charge_cost": -10729.564239130435, "battery_discharge_revenues": 13484.358690215366, "battery_retail_profits": 2754.79445108493, "battery_export_revenue": 0.0, "total_profits": 22754.84103961159, "irr": 0.16421, "npv": 62004.214}}