{"key_params": {"location": "CA_Alturas.725958_TMY3", "customer_type": "Market", "demand_charge": 20, "export_price": 0.0, "export_price_type": "None", "battery_size_kWh": 300, "battery_power_kW": 150.0, "min_soc": 0.05, "max_soc": 1.0, "one_way_efficiency": 0.92, "start_soc": 0.5, "n_horizon": 24, "n_control": 12}, "savings": {"old_energy_charge": -412447.44495062967, "new_energy_charge": -411902.6914328126, "energy_charge_savings": 544.7535178170656, "old_demand_charge": -166173.13566432445, "new_demand_charge": -149571.4253087744, "demand_charge_savings": 16601.71035555005, "retail_profits": 17146.463873367116, "battery_charge_cost": -11987.47768173323, "battery_discharge_revenues": 12532.231199550293, "battery_retail_profits": 544.7535178170638, "battery_export_revenue": 0.0, "total_profits": 17146.463873367116, "irr": 0.1069, "npv": 26623.016}}