{"key_params": {"location": "CA_Santa.Monica.Muni", "customer_type": "Restaurant", "demand_charge": 20, "export_price": 0.0, "export_price_type": "None", "battery_size_kWh": 300, "battery_power_kW": 150.0, "min_soc": 0.05, "max_soc": 1.0, "one_way_efficiency": 0.92, "start_soc": 0.5, "n_horizon": 24, "n_control": 12}, "savings": {"old_energy_charge": -465593.08325669065, "new_energy_charge": -464822.36297620105, "energy_charge_savings": 770.7202804895933, "old_demand_charge": -167567.66982738004, "new_demand_charge": -144076.15998039988, "demand_charge_savings": 23491.50984698016, "retail_profits": 24262.230127469753, "battery_charge_cost": -15484.023674009166, "battery_discharge_revenues": 16254.74395449875, "battery_retail_profits": 770.7202804895842, "battery_export_revenue": 0.0, "total_profits": 24262.230127469746, "irr": 0.17898, "npv": 71513.779}}