{"key_params": {"location": "CA_Oxnard", "customer_type": "Office", "demand_charge": 20, "export_price": 0.0, "export_price_type": "None", "battery_size_kWh": 300, "battery_power_kW": 150.0, "min_soc": 0.05, "max_soc": 1.0, "one_way_efficiency": 0.92, "start_soc": 0.5, "n_horizon": 24, "n_control": 12}, "savings": {"old_energy_charge": -524701.8085324491, "new_energy_charge": -523877.7817733455, "energy_charge_savings": 824.0267591035808, "old_demand_charge": -256932.0986052294, "new_demand_charge": -240073.75425537847, "demand_charge_savings": 16858.34434985093, "retail_profits": 17682.37110895451, "battery_charge_cost": -11807.634667241322, "battery_discharge_revenues": 12631.661426344954, "battery_retail_profits": 824.0267591036318, "battery_export_revenue": 0.0, "total_profits": 17682.37110895456, "irr": 0.11258, "npv": 30003.858}}