{"key_params": {"location": "CA_Monterey.NAF.724915_TMY3", "customer_type": "Market", "demand_charge": 20, "export_price": 0.0, "export_price_type": "None", "battery_size_kWh": 300, "battery_power_kW": 150.0, "min_soc": 0.05, "max_soc": 1.0, "one_way_efficiency": 0.92, "start_soc": 0.5, "n_horizon": 24, "n_control": 12}, "savings": {"old_energy_charge": -372041.1202431756, "new_energy_charge": -371597.44660938944, "energy_charge_savings": 443.6736337861512, "old_demand_charge": -144889.1395242068, "new_demand_charge": -129149.04138971836, "demand_charge_savings": 15740.09813448845, "retail_profits": 16183.7717682746, "battery_charge_cost": -11990.542442817303, "battery_discharge_revenues": 12434.216076603543, "battery_retail_profits": 443.6736337862403, "battery_export_revenue": 0.0, "total_profits": 16183.77176827469, "irr": 0.09657, "npv": 20549.744}}