{"key_params": {"location": "CA_Point.Mugu.NAS.723910_TMY3", "customer_type": "School", "demand_charge": 20, "export_price": 0.0, "export_price_type": "None", "battery_size_kWh": 300, "battery_power_kW": 150.0, "min_soc": 0.05, "max_soc": 1.0, "one_way_efficiency": 0.92, "start_soc": 0.5, "n_horizon": 24, "n_control": 12}, "savings": {"old_energy_charge": -585050.4194422783, "new_energy_charge": -583493.8371822401, "energy_charge_savings": 1556.582260038238, "old_demand_charge": -369179.72865124675, "new_demand_charge": -350366.3861896435, "demand_charge_savings": 18813.342461603228, "retail_profits": 20369.924721641466, "battery_charge_cost": -11381.157139344272, "battery_discharge_revenues": 12937.73939938241, "battery_retail_profits": 1556.582260038138, "battery_export_revenue": 0.0, "total_profits": 20369.924721641364, "irr": 0.14035, "npv": 46958.65}}