{"key_params": {"location": "CA_Needles", "customer_type": "School", "demand_charge": 20, "export_price": 0.0, "export_price_type": "None", "battery_size_kWh": 300, "battery_power_kW": 150.0, "min_soc": 0.05, "max_soc": 1.0, "one_way_efficiency": 0.92, "start_soc": 0.5, "n_horizon": 24, "n_control": 12}, "savings": {"old_energy_charge": -516051.93896400946, "new_energy_charge": -514273.3040266439, "energy_charge_savings": 1778.6349373655394, "old_demand_charge": -259864.48076552345, "new_demand_charge": -244130.65091861156, "demand_charge_savings": 15733.829846911889, "retail_profits": 17512.46478427743, "battery_charge_cost": -11012.280428674485, "battery_discharge_revenues": 12790.91536604, "battery_retail_profits": 1778.6349373655157, "battery_export_revenue": 0.0, "total_profits": 17512.464784277407, "irr": 0.11079, "npv": 28931.981}}