{"key_params": {"location": "CA_Sacramento.Metro", "customer_type": "School", "demand_charge": 20, "export_price": 0.0, "export_price_type": "None", "battery_size_kWh": 300, "battery_power_kW": 150.0, "min_soc": 0.05, "max_soc": 1.0, "one_way_efficiency": 0.92, "start_soc": 0.5, "n_horizon": 24, "n_control": 12}, "savings": {"old_energy_charge": -596423.0342002055, "new_energy_charge": -594537.3390149144, "energy_charge_savings": 1885.6951852911152, "old_demand_charge": -383555.31074582296, "new_demand_charge": -356095.03445358167, "demand_charge_savings": 27460.276292241295, "retail_profits": 29345.97147753241, "battery_charge_cost": -10903.549072251983, "battery_discharge_revenues": 12789.24425754301, "battery_retail_profits": 1885.6951852910279, "battery_export_revenue": 0.0, "total_profits": 29345.971477532323, "irr": 0.22754, "npv": 103585.242}}