{"key_params": {"location": "CA_Santa.Maria.Public", "customer_type": "Hotel", "demand_charge": 20, "export_price": 0.0, "export_price_type": "None", "battery_size_kWh": 300, "battery_power_kW": 150.0, "min_soc": 0.05, "max_soc": 1.0, "one_way_efficiency": 0.92, "start_soc": 0.5, "n_horizon": 24, "n_control": 12}, "savings": {"old_energy_charge": -359671.0409799653, "new_energy_charge": -357429.2563744248, "energy_charge_savings": 2241.78460554051, "old_demand_charge": -132089.79593957544, "new_demand_charge": -108653.292049623, "demand_charge_savings": 23436.503889952437, "retail_profits": 25678.288495492947, "battery_charge_cost": -12692.645712924654, "battery_discharge_revenues": 14934.43031846518, "battery_retail_profits": 2241.784605540526, "battery_export_revenue": 0.0, "total_profits": 25678.28849549296, "irr": 0.19269, "npv": 80447.173}}