{"key_params": {"location": "CA_San.Francisco.Intl", "customer_type": "Hospital", "demand_charge": 20, "export_price": 0.0, "export_price_type": "None", "battery_size_kWh": 300, "battery_power_kW": 150.0, "min_soc": 0.05, "max_soc": 1.0, "one_way_efficiency": 0.92, "start_soc": 0.5, "n_horizon": 24, "n_control": 12}, "savings": {"old_energy_charge": -245808.66978393105, "new_energy_charge": -245787.09385091058, "energy_charge_savings": 21.575933020474622, "old_demand_charge": -80384.09853780261, "new_demand_charge": -72531.94008095548, "demand_charge_savings": 7852.15845684713, "retail_profits": 7873.7343898676045, "battery_charge_cost": -11635.439047187765, "battery_discharge_revenues": 11657.01498020826, "battery_retail_profits": 21.57593302049463, "battery_export_revenue": 0.0, "total_profits": 7873.7343898676245, "irr": -0.00725, "npv": -32704.963}}