{"key_params": {"location": "CA_Porterville.AWOS.723895_TMY3", "customer_type": "School", "demand_charge": 20, "export_price": 0.0, "export_price_type": "None", "battery_size_kWh": 300, "battery_power_kW": 150.0, "min_soc": 0.05, "max_soc": 1.0, "one_way_efficiency": 0.92, "start_soc": 0.5, "n_horizon": 24, "n_control": 12}, "savings": {"old_energy_charge": -626705.0153262325, "new_energy_charge": -624700.4517258402, "energy_charge_savings": 2004.5636003923137, "old_demand_charge": -393399.0577573451, "new_demand_charge": -371010.9293463937, "demand_charge_savings": 22388.12841095141, "retail_profits": 24392.692011343723, "battery_charge_cost": -10898.949448427938, "battery_discharge_revenues": 12903.513048820236, "battery_retail_profits": 2004.5636003922973, "battery_export_revenue": 0.0, "total_profits": 24392.692011343708, "irr": 0.18025, "npv": 72336.816}}