{"key_params": {"location": "CA_March.AFB.722860_TMY3", "customer_type": "Office", "demand_charge": 20, "export_price": 0.0, "export_price_type": "None", "battery_size_kWh": 300, "battery_power_kW": 150.0, "min_soc": 0.05, "max_soc": 1.0, "one_way_efficiency": 0.92, "start_soc": 0.5, "n_horizon": 24, "n_control": 12}, "savings": {"old_energy_charge": -516600.12076999305, "new_energy_charge": -515591.4133909465, "energy_charge_savings": 1008.7073790465365, "old_demand_charge": -257600.33930818204, "new_demand_charge": -239038.25059654948, "demand_charge_savings": 18562.08871163256, "retail_profits": 19570.796090679098, "battery_charge_cost": -11758.190615268475, "battery_discharge_revenues": 12766.8979943151, "battery_retail_profits": 1008.7073790466256, "battery_export_revenue": 0.0, "total_profits": 19570.796090679185, "irr": 0.13221, "npv": 41917.24}}