{"key_params": {"location": "CA_Riverside.Muni", "customer_type": "Office", "demand_charge": 20, "export_price": 0.0, "export_price_type": "None", "battery_size_kWh": 300, "battery_power_kW": 150.0, "min_soc": 0.05, "max_soc": 1.0, "one_way_efficiency": 0.92, "start_soc": 0.5, "n_horizon": 24, "n_control": 12}, "savings": {"old_energy_charge": -399500.194284112, "new_energy_charge": -397846.8802299638, "energy_charge_savings": 1653.3140541482135, "old_demand_charge": -234128.9827554092, "new_demand_charge": -212442.34261793835, "demand_charge_savings": 21686.64013747085, "retail_profits": 23339.954191619065, "battery_charge_cost": -11333.191302368015, "battery_discharge_revenues": 12986.505356516223, "battery_retail_profits": 1653.314054148208, "battery_export_revenue": 0.0, "total_profits": 23339.954191619057, "irr": 0.16997, "npv": 65695.478}}