{"key_params": {"location": "CA_China.Lake.NAF.746120_TMY3", "customer_type": "Hotel", "demand_charge": 20, "export_price": 0.0, "export_price_type": "None", "battery_size_kWh": 300, "battery_power_kW": 150.0, "min_soc": 0.05, "max_soc": 1.0, "one_way_efficiency": 0.92, "start_soc": 0.5, "n_horizon": 24, "n_control": 12}, "savings": {"old_energy_charge": -381180.6878954031, "new_energy_charge": -378765.6189273515, "energy_charge_savings": 2415.068968051637, "old_demand_charge": -150879.41999002494, "new_demand_charge": -127665.05472054044, "demand_charge_savings": 23214.365269484493, "retail_profits": 25629.43423753613, "battery_charge_cost": -11703.66238146156, "battery_discharge_revenues": 14118.731349513166, "battery_retail_profits": 2415.068968051606, "battery_export_revenue": 0.0, "total_profits": 25629.4342375361, "irr": 0.19222, "npv": 80138.969}}