{"key_params": {"location": "CA_South.Lake.Tahoe-Lake.Tahoe", "customer_type": "Hotel", "demand_charge": 20, "export_price": 0.0, "export_price_type": "None", "battery_size_kWh": 300, "battery_power_kW": 150.0, "min_soc": 0.05, "max_soc": 1.0, "one_way_efficiency": 0.92, "start_soc": 0.5, "n_horizon": 24, "n_control": 12}, "savings": {"old_energy_charge": -360294.98715194204, "new_energy_charge": -358084.54874399636, "energy_charge_savings": 2210.4384079456795, "old_demand_charge": -136212.54601521193, "new_demand_charge": -111947.45219692466, "demand_charge_savings": 24265.093818287278, "retail_profits": 26475.532226232957, "battery_charge_cost": -12828.084629086734, "battery_discharge_revenues": 15038.52303703243, "battery_retail_profits": 2210.438407945696, "battery_export_revenue": 0.0, "total_profits": 26475.532226232972, "irr": 0.20034, "npv": 85476.692}}