{"key_params": {"location": "CA_Modesto.Muni", "customer_type": "Restaurant", "demand_charge": 20, "export_price": 0.0, "export_price_type": "None", "battery_size_kWh": 300, "battery_power_kW": 150.0, "min_soc": 0.05, "max_soc": 1.0, "one_way_efficiency": 0.92, "start_soc": 0.5, "n_horizon": 24, "n_control": 12}, "savings": {"old_energy_charge": -453633.8469863303, "new_energy_charge": -453106.45851875603, "energy_charge_savings": 527.3884675742593, "old_demand_charge": -165606.38234257454, "new_demand_charge": -144569.25765952194, "demand_charge_savings": 21037.124683052592, "retail_profits": 21564.51315062685, "battery_charge_cost": -17137.891542255413, "battery_discharge_revenues": 17665.280009829647, "battery_retail_profits": 527.3884675742338, "battery_export_revenue": 0.0, "total_profits": 21564.513150626826, "irr": 0.15238, "npv": 54494.871}}