{"key_params": {"location": "CA_Visalia.Muni.AWOS.723896_TMY3", "customer_type": "School", "demand_charge": 20, "export_price": 0.0, "export_price_type": "None", "battery_size_kWh": 300, "battery_power_kW": 150.0, "min_soc": 0.05, "max_soc": 1.0, "one_way_efficiency": 0.92, "start_soc": 0.5, "n_horizon": 24, "n_control": 12}, "savings": {"old_energy_charge": -370088.9420093004, "new_energy_charge": -368345.2011750804, "energy_charge_savings": 1743.7408342200215, "old_demand_charge": -220711.15467893286, "new_demand_charge": -202228.7122174775, "demand_charge_savings": 18482.442461455357, "retail_profits": 20226.18329567538, "battery_charge_cost": -10998.756036219984, "battery_discharge_revenues": 12742.496870440049, "battery_retail_profits": 1743.7408342200652, "battery_export_revenue": 0.0, "total_profits": 20226.183295675422, "irr": 0.1389, "npv": 46051.838}}