{"key_params": {"location": "CA_Bakersfield-Meadows.Field.723840_TMY3", "customer_type": "Apartment", "demand_charge": 20, "export_price": 0.0, "export_price_type": "None", "battery_size_kWh": 300, "battery_power_kW": 150.0, "min_soc": 0.05, "max_soc": 1.0, "one_way_efficiency": 0.92, "start_soc": 0.5, "n_horizon": 24, "n_control": 12}, "savings": {"old_energy_charge": -350124.035386028, "new_energy_charge": -347360.97457686876, "energy_charge_savings": 2763.060809159244, "old_demand_charge": -150433.93947302902, "new_demand_charge": -130025.42835655295, "demand_charge_savings": 20408.511116476075, "retail_profits": 23171.57192563532, "battery_charge_cost": -10729.564239130434, "battery_discharge_revenues": 13492.625048289634, "battery_retail_profits": 2763.0608091592003, "battery_export_revenue": 0.0, "total_profits": 23171.571925635275, "irr": 0.16832, "npv": 64633.216}}