{"key_params": {"location": "CA_Twentynine.Palms.690150_TMY3", "customer_type": "Apartment", "demand_charge": 20, "export_price": 0.0, "export_price_type": "None", "battery_size_kWh": 300, "battery_power_kW": 150.0, "min_soc": 0.05, "max_soc": 1.0, "one_way_efficiency": 0.92, "start_soc": 0.5, "n_horizon": 24, "n_control": 12}, "savings": {"old_energy_charge": -338255.1791698051, "new_energy_charge": -335493.5766936036, "energy_charge_savings": 2761.602476201486, "old_demand_charge": -139733.65254237465, "new_demand_charge": -120109.15796997062, "demand_charge_savings": 19624.49457240403, "retail_profits": 22386.097048605516, "battery_charge_cost": -10729.564239130435, "battery_discharge_revenues": 13491.166715331949, "battery_retail_profits": 2761.602476201513, "battery_export_revenue": 0.0, "total_profits": 22386.097048605545, "irr": 0.16056, "npv": 59677.943}}