{"key_params": {"location": "CA_Monterey.NAF.724915_TMY3", "customer_type": "School", "demand_charge": 20, "export_price": 0.0, "export_price_type": "None", "battery_size_kWh": 300, "battery_power_kW": 150.0, "min_soc": 0.05, "max_soc": 1.0, "one_way_efficiency": 0.92, "start_soc": 0.5, "n_horizon": 24, "n_control": 12}, "savings": {"old_energy_charge": -498089.9732609331, "new_energy_charge": -496147.25875645434, "energy_charge_savings": 1942.7145044787903, "old_demand_charge": -366553.9567188035, "new_demand_charge": -344710.5108170858, "demand_charge_savings": 21843.4459017177, "retail_profits": 23786.16040619649, "battery_charge_cost": -11267.553728870356, "battery_discharge_revenues": 13210.268233349056, "battery_retail_profits": 1942.7145044786994, "battery_export_revenue": 0.0, "total_profits": 23786.1604061964, "irr": 0.17434, "npv": 68510.43}}