{"key_params": {"location": "CA_Palm.Springs-Thermal", "customer_type": "Restaurant", "demand_charge": 20, "export_price": 0.0, "export_price_type": "None", "battery_size_kWh": 300, "battery_power_kW": 150.0, "min_soc": 0.05, "max_soc": 1.0, "one_way_efficiency": 0.92, "start_soc": 0.5, "n_horizon": 24, "n_control": 12}, "savings": {"old_energy_charge": -497541.96701215365, "new_energy_charge": -496880.52760159544, "energy_charge_savings": 661.4394105582032, "old_demand_charge": -183365.88035270537, "new_demand_charge": -163036.77187481985, "demand_charge_savings": 20329.108477885515, "retail_profits": 20990.547888443718, "battery_charge_cost": -15211.634575179978, "battery_discharge_revenues": 15873.073985738098, "battery_retail_profits": 661.4394105581196, "battery_export_revenue": 0.0, "total_profits": 20990.547888443634, "irr": 0.14663, "npv": 50873.934}}