{"key_params": {"location": "CA_Crescent.City-Jack.McNamara.Field.725946_TMY3", "customer_type": "Hotel", "demand_charge": 20, "export_price": 0.0, "export_price_type": "None", "battery_size_kWh": 300, "battery_power_kW": 150.0, "min_soc": 0.05, "max_soc": 1.0, "one_way_efficiency": 0.92, "start_soc": 0.5, "n_horizon": 24, "n_control": 12}, "savings": {"old_energy_charge": -362793.1271337152, "new_energy_charge": -360684.6038289626, "energy_charge_savings": 2108.523304752598, "old_demand_charge": -144213.76125865948, "new_demand_charge": -119084.07348547393, "demand_charge_savings": 25129.68777318555, "retail_profits": 27238.211077938147, "battery_charge_cost": -13475.765533242455, "battery_discharge_revenues": 15584.28883799497, "battery_retail_profits": 2108.523304752516, "battery_export_revenue": 0.0, "total_profits": 27238.211077938067, "irr": 0.20761, "npv": 90288.153}}