{"key_params": {"location": "CA_Sandberg.723830_TMY3", "customer_type": "Hotel", "demand_charge": 20, "export_price": 0.0, "export_price_type": "None", "battery_size_kWh": 300, "battery_power_kW": 150.0, "min_soc": 0.05, "max_soc": 1.0, "one_way_efficiency": 0.92, "start_soc": 0.5, "n_horizon": 24, "n_control": 12}, "savings": {"old_energy_charge": -363717.37642511574, "new_energy_charge": -361450.6510413565, "energy_charge_savings": 2266.7253837592434, "old_demand_charge": -143765.1961493214, "new_demand_charge": -119968.01798233508, "demand_charge_savings": 23797.178166986312, "retail_profits": 26063.903550745556, "battery_charge_cost": -12545.119944717697, "battery_discharge_revenues": 14811.845328476984, "battery_retail_profits": 2266.725383759287, "battery_export_revenue": 0.0, "total_profits": 26063.9035507456, "irr": 0.19639, "npv": 82879.877}}