{"key_params": {"location": "CA_Yuba.County", "customer_type": "School", "demand_charge": 20, "export_price": 0.0, "export_price_type": "None", "battery_size_kWh": 300, "battery_power_kW": 150.0, "min_soc": 0.05, "max_soc": 1.0, "one_way_efficiency": 0.92, "start_soc": 0.5, "n_horizon": 24, "n_control": 12}, "savings": {"old_energy_charge": -368856.2711195836, "new_energy_charge": -367102.1192336965, "energy_charge_savings": 1754.151885887084, "old_demand_charge": -223354.11974411938, "new_demand_charge": -205197.81216617225, "demand_charge_savings": 18156.307577947126, "retail_profits": 19910.45946383421, "battery_charge_cost": -10904.628549814675, "battery_discharge_revenues": 12658.780435701769, "battery_retail_profits": 1754.1518858870932, "battery_export_revenue": 0.0, "total_profits": 19910.459463834217, "irr": 0.13568, "npv": 44060.052}}