{"key_params": {"location": "CA_Santa.Maria.Public", "customer_type": "School", "demand_charge": 20, "export_price": 0.0, "export_price_type": "None", "battery_size_kWh": 300, "battery_power_kW": 150.0, "min_soc": 0.05, "max_soc": 1.0, "one_way_efficiency": 0.92, "start_soc": 0.5, "n_horizon": 24, "n_control": 12}, "savings": {"old_energy_charge": -539215.4007448963, "new_energy_charge": -537426.201939467, "energy_charge_savings": 1789.1988054292742, "old_demand_charge": -390783.53244463046, "new_demand_charge": -371324.6378646724, "demand_charge_savings": 19458.894579958054, "retail_profits": 21248.09338538733, "battery_charge_cost": -11434.126136509327, "battery_discharge_revenues": 13223.324941938601, "battery_retail_profits": 1789.1988054292742, "battery_export_revenue": 0.0, "total_profits": 21248.09338538733, "irr": 0.14921, "npv": 52498.694}}