{"key_params": {"location": "CA_Salinas.Muni", "customer_type": "Market", "demand_charge": 20, "export_price": 0.0, "export_price_type": "None", "battery_size_kWh": 300, "battery_power_kW": 150.0, "min_soc": 0.05, "max_soc": 1.0, "one_way_efficiency": 0.92, "start_soc": 0.5, "n_horizon": 24, "n_control": 12}, "savings": {"old_energy_charge": -372624.183993982, "new_energy_charge": -372084.595635384, "energy_charge_savings": 539.5883585980046, "old_demand_charge": -146222.35634210712, "new_demand_charge": -129333.54872272795, "demand_charge_savings": 16888.807619379164, "retail_profits": 17428.39597797717, "battery_charge_cost": -12038.848026364425, "battery_discharge_revenues": 12578.436384962364, "battery_retail_profits": 539.5883585979391, "battery_export_revenue": 0.0, "total_profits": 17428.395977977103, "irr": 0.1099, "npv": 28401.622}}