{"key_params": {"location": "CA_Bishop", "customer_type": "Restaurant", "demand_charge": 20, "export_price": 0.0, "export_price_type": "None", "battery_size_kWh": 300, "battery_power_kW": 150.0, "min_soc": 0.05, "max_soc": 1.0, "one_way_efficiency": 0.92, "start_soc": 0.5, "n_horizon": 24, "n_control": 12}, "savings": {"old_energy_charge": -504616.90420684573, "new_energy_charge": -503432.529322692, "energy_charge_savings": 1184.3748841537163, "old_demand_charge": -184882.51106046996, "new_demand_charge": -162126.15855707478, "demand_charge_savings": 22756.352503395174, "retail_profits": 23940.72738754889, "battery_charge_cost": -15428.826441919013, "battery_discharge_revenues": 16613.201326072707, "battery_retail_profits": 1184.3748841536944, "battery_export_revenue": 0.0, "total_profits": 23940.727387548868, "irr": 0.17585, "npv": 69485.536}}