{"key_params": {"location": "CA_Chino", "customer_type": "Restaurant", "demand_charge": 20, "export_price": 0.0, "export_price_type": "None", "battery_size_kWh": 300, "battery_power_kW": 150.0, "min_soc": 0.05, "max_soc": 1.0, "one_way_efficiency": 0.92, "start_soc": 0.5, "n_horizon": 24, "n_control": 12}, "savings": {"old_energy_charge": -452212.9596708811, "new_energy_charge": -451743.8771613066, "energy_charge_savings": 469.08250957448035, "old_demand_charge": -169177.68643844506, "new_demand_charge": -146678.73330674722, "demand_charge_savings": 22498.95313169784, "retail_profits": 22968.03564127232, "battery_charge_cost": -15463.348893620845, "battery_discharge_revenues": 15932.431403195387, "battery_retail_profits": 469.0825095745422, "battery_export_revenue": 0.0, "total_profits": 22968.03564127238, "irr": 0.16631, "npv": 63349.18}}