{"key_params": {"location": "CA_Sacramento.Metro", "customer_type": "Hotel", "demand_charge": 20, "export_price": 0.0, "export_price_type": "None", "battery_size_kWh": 300, "battery_power_kW": 150.0, "min_soc": 0.05, "max_soc": 1.0, "one_way_efficiency": 0.92, "start_soc": 0.5, "n_horizon": 24, "n_control": 12}, "savings": {"old_energy_charge": -347643.898142984, "new_energy_charge": -345429.3627380586, "energy_charge_savings": 2214.5354049254092, "old_demand_charge": -128390.24510049069, "new_demand_charge": -104868.33454330926, "demand_charge_savings": 23521.91055718143, "retail_profits": 25736.445962106838, "battery_charge_cost": -12761.8467509711, "battery_discharge_revenues": 14976.382155896574, "battery_retail_profits": 2214.535404925473, "battery_export_revenue": 0.0, "total_profits": 25736.445962106904, "irr": 0.19325, "npv": 80814.067}}