{"key_params": {"location": "CA_Fairfield-Travis.AFB.745160_TMY3", "customer_type": "Office", "demand_charge": 20, "export_price": 0.0, "export_price_type": "None", "battery_size_kWh": 300, "battery_power_kW": 150.0, "min_soc": 0.05, "max_soc": 1.0, "one_way_efficiency": 0.92, "start_soc": 0.5, "n_horizon": 24, "n_control": 12}, "savings": {"old_energy_charge": -401382.8905423052, "new_energy_charge": -399928.6080205355, "energy_charge_savings": 1454.2825217696954, "old_demand_charge": -248451.67431449282, "new_demand_charge": -221012.74072495743, "demand_charge_savings": 27438.933589535387, "retail_profits": 28893.216111305082, "battery_charge_cost": -11970.836892892343, "battery_discharge_revenues": 13425.119414662026, "battery_retail_profits": 1454.2825217696827, "battery_export_revenue": 0.0, "total_profits": 28893.216111305068, "irr": 0.22328, "npv": 100728.974}}