{"key_params": {"location": "CA_San.Diego-Montgomery.Field.722903_TMY3", "customer_type": "Market", "demand_charge": 20, "export_price": 0.0, "export_price_type": "None", "battery_size_kWh": 300, "battery_power_kW": 150.0, "min_soc": 0.05, "max_soc": 1.0, "one_way_efficiency": 0.92, "start_soc": 0.5, "n_horizon": 24, "n_control": 12}, "savings": {"old_energy_charge": -361746.014078583, "new_energy_charge": -361446.2884431438, "energy_charge_savings": 299.7256354391575, "old_demand_charge": -138258.69831596033, "new_demand_charge": -123344.24137666386, "demand_charge_savings": 14914.456939296462, "retail_profits": 15214.18257473562, "battery_charge_cost": -12022.716983535247, "battery_discharge_revenues": 12322.442618974464, "battery_retail_profits": 299.7256354392175, "battery_export_revenue": 0.0, "total_profits": 15214.18257473568, "irr": 0.08597, "npv": 14432.96}}