{"key_params": {"location": "CA_Palm.Springs.Intl", "customer_type": "School", "demand_charge": 20, "export_price": 0.0, "export_price_type": "None", "battery_size_kWh": 300, "battery_power_kW": 150.0, "min_soc": 0.05, "max_soc": 1.0, "one_way_efficiency": 0.92, "start_soc": 0.5, "n_horizon": 24, "n_control": 12}, "savings": {"old_energy_charge": -434444.24998715514, "new_energy_charge": -432561.0298698338, "energy_charge_savings": 1883.2201173213543, "old_demand_charge": -259557.50723586287, "new_demand_charge": -243793.3887456753, "demand_charge_savings": 15764.118490187568, "retail_profits": 17647.338607508922, "battery_charge_cost": -10977.911137552237, "battery_discharge_revenues": 12861.131254873537, "battery_retail_profits": 1883.2201173212998, "battery_export_revenue": 0.0, "total_profits": 17647.338607508867, "irr": 0.11221, "npv": 29782.851}}