{"key_params": {"location": "CA_Beale.AFB.724837_TMY3", "customer_type": "Office", "demand_charge": 20, "export_price": 0.0, "export_price_type": "None", "battery_size_kWh": 300, "battery_power_kW": 150.0, "min_soc": 0.05, "max_soc": 1.0, "one_way_efficiency": 0.92, "start_soc": 0.5, "n_horizon": 24, "n_control": 12}, "savings": {"old_energy_charge": -509257.6772121156, "new_energy_charge": -507979.2183660108, "energy_charge_savings": 1278.458846104797, "old_demand_charge": -257192.29099952697, "new_demand_charge": -236592.78322269156, "demand_charge_savings": 20599.50777683541, "retail_profits": 21877.966622940206, "battery_charge_cost": -11685.165299971788, "battery_discharge_revenues": 12963.624146076574, "battery_retail_profits": 1278.458846104786, "battery_export_revenue": 0.0, "total_profits": 21877.966622940196, "irr": 0.15551, "npv": 56472.334}}