{"key_params": {"location": "CA_Visalia.Muni.AWOS.723896_TMY3", "customer_type": "Restaurant", "demand_charge": 20, "export_price": 0.0, "export_price_type": "None", "battery_size_kWh": 300, "battery_power_kW": 150.0, "min_soc": 0.05, "max_soc": 1.0, "one_way_efficiency": 0.92, "start_soc": 0.5, "n_horizon": 24, "n_control": 12}, "savings": {"old_energy_charge": -495269.8568099972, "new_energy_charge": -493825.99175628903, "energy_charge_savings": 1443.8650537081412, "old_demand_charge": -184859.45645903, "new_demand_charge": -161314.39105416863, "demand_charge_savings": 23545.06540486138, "retail_profits": 24988.93045856952, "battery_charge_cost": -14592.546394532901, "battery_discharge_revenues": 16036.41144824096, "battery_retail_profits": 1443.8650537080593, "battery_export_revenue": 0.0, "total_profits": 24988.93045856944, "irr": 0.18604, "npv": 76098.266}}