{"key_params": {"location": "CA_Truckee.Tahoe", "customer_type": "School", "demand_charge": 20, "export_price": 0.0, "export_price_type": "None", "battery_size_kWh": 300, "battery_power_kW": 150.0, "min_soc": 0.05, "max_soc": 1.0, "one_way_efficiency": 0.92, "start_soc": 0.5, "n_horizon": 24, "n_control": 12}, "savings": {"old_energy_charge": -455657.38418267464, "new_energy_charge": -454498.1858933684, "energy_charge_savings": 1159.1982893062523, "old_demand_charge": -275753.5815369151, "new_demand_charge": -256912.85218385805, "demand_charge_savings": 18840.729353057046, "retail_profits": 19999.9276423633, "battery_charge_cost": -11137.510133156673, "battery_discharge_revenues": 12296.708422462962, "battery_retail_profits": 1159.1982893062886, "battery_export_revenue": 0.0, "total_profits": 19999.927642363335, "irr": 0.13659, "npv": 44624.474}}