{"key_params": {"location": "CA_Point.Mugu.NAS.723910_TMY3", "customer_type": "Hospital", "demand_charge": 20, "export_price": 0.0, "export_price_type": "None", "battery_size_kWh": 300, "battery_power_kW": 150.0, "min_soc": 0.05, "max_soc": 1.0, "one_way_efficiency": 0.92, "start_soc": 0.5, "n_horizon": 24, "n_control": 12}, "savings": {"old_energy_charge": -247520.04303791808, "new_energy_charge": -247439.7539567685, "energy_charge_savings": 80.28908114958904, "old_demand_charge": -81383.73524879714, "new_demand_charge": -73621.02905401005, "demand_charge_savings": 7762.7061947870825, "retail_profits": 7842.9952759366715, "battery_charge_cost": -11637.31338406311, "battery_discharge_revenues": 11717.602465212673, "battery_retail_profits": 80.28908114956175, "battery_export_revenue": 0.0, "total_profits": 7842.995275936644, "irr": -0.00777, "npv": -32920.911}}