{"key_params": {"location": "CA_Chula.Vista-Brown.Field.Muni", "customer_type": "Office", "demand_charge": 20, "export_price": 0.0, "export_price_type": "None", "battery_size_kWh": 300, "battery_power_kW": 150.0, "min_soc": 0.05, "max_soc": 1.0, "one_way_efficiency": 0.92, "start_soc": 0.5, "n_horizon": 24, "n_control": 12}, "savings": {"old_energy_charge": -521506.0226553603, "new_energy_charge": -520341.4250733536, "energy_charge_savings": 1164.5975820067106, "old_demand_charge": -261361.59624472942, "new_demand_charge": -243482.17448052717, "demand_charge_savings": 17879.42176420224, "retail_profits": 19044.019346208952, "battery_charge_cost": -11708.272662041918, "battery_discharge_revenues": 12872.870244048552, "battery_retail_profits": 1164.5975820066342, "battery_export_revenue": 0.0, "total_profits": 19044.019346208876, "irr": 0.12679, "npv": 38593.998}}