{"key_params": {"location": "CA_Sacramento.Metro", "customer_type": "Apartment", "demand_charge": 20, "export_price": 0.0, "export_price_type": "None", "battery_size_kWh": 300, "battery_power_kW": 150.0, "min_soc": 0.05, "max_soc": 1.0, "one_way_efficiency": 0.92, "start_soc": 0.5, "n_horizon": 24, "n_control": 12}, "savings": {"old_energy_charge": -352256.95620486885, "new_energy_charge": -349493.7209052822, "energy_charge_savings": 2763.2352995866677, "old_demand_charge": -159219.70599043893, "new_demand_charge": -139055.49384057862, "demand_charge_savings": 20164.21214986031, "retail_profits": 22927.447449446976, "battery_charge_cost": -10729.564239130434, "battery_discharge_revenues": 13492.799538717154, "battery_retail_profits": 2763.2352995867204, "battery_export_revenue": 0.0, "total_profits": 22927.447449447027, "irr": 0.16591, "npv": 63093.124}}