{"key_params": {"location": "CA_Fullerton.Muni", "customer_type": "Office", "demand_charge": 20, "export_price": 0.0, "export_price_type": "None", "battery_size_kWh": 300, "battery_power_kW": 150.0, "min_soc": 0.05, "max_soc": 1.0, "one_way_efficiency": 0.92, "start_soc": 0.5, "n_horizon": 24, "n_control": 12}, "savings": {"old_energy_charge": -533965.6523432167, "new_energy_charge": -533062.7826382659, "energy_charge_savings": 902.8697049508337, "old_demand_charge": -261907.4615458975, "new_demand_charge": -242185.09384757813, "demand_charge_savings": 19722.367698319373, "retail_profits": 20625.237403270206, "battery_charge_cost": -11727.557599594016, "battery_discharge_revenues": 12630.427304544864, "battery_retail_profits": 902.8697049508482, "battery_export_revenue": 0.0, "total_profits": 20625.23740327022, "irr": 0.14294, "npv": 48569.324}}