{"key_params": {"location": "CA_Yuba.County", "customer_type": "Office", "demand_charge": 20, "export_price": 0.0, "export_price_type": "None", "battery_size_kWh": 300, "battery_power_kW": 150.0, "min_soc": 0.05, "max_soc": 1.0, "one_way_efficiency": 0.92, "start_soc": 0.5, "n_horizon": 24, "n_control": 12}, "savings": {"old_energy_charge": -410132.6291092253, "new_energy_charge": -408219.7393324771, "energy_charge_savings": 1912.8897767481976, "old_demand_charge": -254583.59289432454, "new_demand_charge": -225892.12807269488, "demand_charge_savings": 28691.464821629663, "retail_profits": 30604.35459837786, "battery_charge_cost": -11430.04252151887, "battery_discharge_revenues": 13342.932298267071, "battery_retail_profits": 1912.8897767482013, "battery_export_revenue": 0.0, "total_profits": 30604.354598377864, "irr": 0.23932, "npv": 111523.92}}