{"key_params": {"location": "CA_Beale.AFB.724837_TMY3", "customer_type": "School", "demand_charge": 20, "export_price": 0.0, "export_price_type": "None", "battery_size_kWh": 300, "battery_power_kW": 150.0, "min_soc": 0.05, "max_soc": 1.0, "one_way_efficiency": 0.92, "start_soc": 0.5, "n_horizon": 24, "n_control": 12}, "savings": {"old_energy_charge": -372483.49343931716, "new_energy_charge": -370755.7152349512, "energy_charge_savings": 1727.7782043659827, "old_demand_charge": -222358.95856545828, "new_demand_charge": -202635.22633927467, "demand_charge_savings": 19723.73222618361, "retail_profits": 21451.51043054959, "battery_charge_cost": -11004.07367853252, "battery_discharge_revenues": 12731.851882898525, "battery_retail_profits": 1727.7782043660045, "battery_export_revenue": 0.0, "total_profits": 21451.510430549613, "irr": 0.15125, "npv": 53781.978}}