{"key_params": {"location": "CA_Redding.Muni", "customer_type": "Market", "demand_charge": 20, "export_price": 0.0, "export_price_type": "None", "battery_size_kWh": 300, "battery_power_kW": 150.0, "min_soc": 0.05, "max_soc": 1.0, "one_way_efficiency": 0.92, "start_soc": 0.5, "n_horizon": 24, "n_control": 12}, "savings": {"old_energy_charge": -388351.2972869524, "new_energy_charge": -387413.84093243093, "energy_charge_savings": 937.4563545214478, "old_demand_charge": -153244.40142629558, "new_demand_charge": -139743.20507646695, "demand_charge_savings": 13501.19634982862, "retail_profits": 14438.652704350068, "battery_charge_cost": -11711.973186244559, "battery_discharge_revenues": 12649.429540766048, "battery_retail_profits": 937.4563545214896, "battery_export_revenue": 0.0, "total_profits": 14438.65270435011, "irr": 0.07732, "npv": 9540.426}}