{"key_params": {"location": "CA_Blythe-Riverside.County", "customer_type": "Hotel", "demand_charge": 20, "export_price": 0.0, "export_price_type": "None", "battery_size_kWh": 300, "battery_power_kW": 150.0, "min_soc": 0.05, "max_soc": 1.0, "one_way_efficiency": 0.92, "start_soc": 0.5, "n_horizon": 24, "n_control": 12}, "savings": {"old_energy_charge": -369622.7269144674, "new_energy_charge": -367207.87729454576, "energy_charge_savings": 2414.849619921646, "old_demand_charge": -144025.26232519993, "new_demand_charge": -121843.9726144205, "demand_charge_savings": 22181.289710779427, "retail_profits": 24596.139330701073, "battery_charge_cost": -11613.230820906556, "battery_discharge_revenues": 14028.080440828136, "battery_retail_profits": 2414.8496199215806, "battery_export_revenue": 0.0, "total_profits": 24596.139330701008, "irr": 0.18223, "npv": 73620.29}}