{"key_params": {"location": "CA_Long.Beach-Daugherty.Field.722970_TMY3", "customer_type": "Office", "demand_charge": 20, "export_price": 0.0, "export_price_type": "None", "battery_size_kWh": 300, "battery_power_kW": 150.0, "min_soc": 0.05, "max_soc": 1.0, "one_way_efficiency": 0.92, "start_soc": 0.5, "n_horizon": 24, "n_control": 12}, "savings": {"old_energy_charge": -307882.49431834125, "new_energy_charge": -306588.5543663449, "energy_charge_savings": 1293.9399519963772, "old_demand_charge": -159487.7279772287, "new_demand_charge": -144708.74430241386, "demand_charge_savings": 14778.983674814837, "retail_profits": 16072.923626811214, "battery_charge_cost": -11365.538820334205, "battery_discharge_revenues": 12659.478772330545, "battery_retail_profits": 1293.9399519963408, "battery_export_revenue": 0.0, "total_profits": 16072.923626811178, "irr": 0.09537, "npv": 19850.443}}