{"key_params": {"location": "CA_Livermore.Muni", "customer_type": "Hospital", "demand_charge": 20, "export_price": 0.0, "export_price_type": "None", "battery_size_kWh": 300, "battery_power_kW": 150.0, "min_soc": 0.05, "max_soc": 1.0, "one_way_efficiency": 0.92, "start_soc": 0.5, "n_horizon": 24, "n_control": 12}, "savings": {"old_energy_charge": -247203.8210571327, "new_energy_charge": -247071.4321578534, "energy_charge_savings": 132.38889927929267, "old_demand_charge": -82089.7221859153, "new_demand_charge": -73781.48317581532, "demand_charge_savings": 8308.239010099991, "retail_profits": 8440.627909379284, "battery_charge_cost": -11638.793799161456, "battery_discharge_revenues": 11771.18269844073, "battery_retail_profits": 132.38889927927448, "battery_export_revenue": 0.0, "total_profits": 8440.627909379265, "irr": 0.00181, "npv": -28807.973}}