{"key_params": {"location": "CA_Los.Angeles.Intl", "customer_type": "Hotel", "demand_charge": 20, "export_price": 0.0, "export_price_type": "None", "battery_size_kWh": 300, "battery_power_kW": 150.0, "min_soc": 0.05, "max_soc": 1.0, "one_way_efficiency": 0.92, "start_soc": 0.5, "n_horizon": 24, "n_control": 12}, "savings": {"old_energy_charge": -345978.295842788, "new_energy_charge": -343737.7188184946, "energy_charge_savings": 2240.577024293423, "old_demand_charge": -124680.37538801719, "new_demand_charge": -102082.94151466308, "demand_charge_savings": 22597.433873354108, "retail_profits": 24838.01089764753, "battery_charge_cost": -12712.042045473103, "battery_discharge_revenues": 14952.61906976657, "battery_retail_profits": 2240.577024293467, "battery_export_revenue": 0.0, "total_profits": 24838.010897647575, "irr": 0.18458, "npv": 75146.169}}