{"key_params": {"location": "CA_Twentynine.Palms.690150_TMY3", "customer_type": "School", "demand_charge": 20, "export_price": 0.0, "export_price_type": "None", "battery_size_kWh": 300, "battery_power_kW": 150.0, "min_soc": 0.05, "max_soc": 1.0, "one_way_efficiency": 0.92, "start_soc": 0.5, "n_horizon": 24, "n_control": 12}, "savings": {"old_energy_charge": -410619.95491094084, "new_energy_charge": -409209.86509053124, "energy_charge_savings": 1410.089820409601, "old_demand_charge": -247497.6868081094, "new_demand_charge": -230223.9296915046, "demand_charge_savings": 17273.7571166048, "retail_profits": 18683.8469370144, "battery_charge_cost": -11132.257318328226, "battery_discharge_revenues": 12542.347138737861, "battery_retail_profits": 1410.0898204096356, "battery_export_revenue": 0.0, "total_profits": 18683.846937014438, "irr": 0.12306, "npv": 36321.802}}