{"key_params": {"location": "CA_Barstow.Daggett", "customer_type": "Hotel", "demand_charge": 20, "export_price": 0.0, "export_price_type": "None", "battery_size_kWh": 300, "battery_power_kW": 150.0, "min_soc": 0.05, "max_soc": 1.0, "one_way_efficiency": 0.92, "start_soc": 0.5, "n_horizon": 24, "n_control": 12}, "savings": {"old_energy_charge": -374053.79986235674, "new_energy_charge": -371643.93009128404, "energy_charge_savings": 2409.869771072699, "old_demand_charge": -148894.61106429077, "new_demand_charge": -125706.96252660853, "demand_charge_savings": 23187.64853768224, "retail_profits": 25597.518308754938, "battery_charge_cost": -11663.092112455133, "battery_discharge_revenues": 14072.961883527854, "battery_retail_profits": 2409.869771072721, "battery_export_revenue": 0.0, "total_profits": 25597.51830875496, "irr": 0.19191, "npv": 79937.624}}