{"key_params": {"location": "CA_Hayward.Air.Terminal.724935_TMY3", "customer_type": "Apartment", "demand_charge": 20, "export_price": 0.0, "export_price_type": "None", "battery_size_kWh": 300, "battery_power_kW": 150.0, "min_soc": 0.05, "max_soc": 1.0, "one_way_efficiency": 0.92, "start_soc": 0.5, "n_horizon": 24, "n_control": 12}, "savings": {"old_energy_charge": -346816.35588048166, "new_energy_charge": -344059.4058207228, "energy_charge_savings": 2756.9500597588485, "old_demand_charge": -156801.08086522928, "new_demand_charge": -136312.17475007568, "demand_charge_savings": 20488.9061151536, "retail_profits": 23245.85617491245, "battery_charge_cost": -10729.564239130434, "battery_discharge_revenues": 13486.514298889299, "battery_retail_profits": 2756.950059758865, "battery_export_revenue": 0.0, "total_profits": 23245.856174912464, "irr": 0.16905, "npv": 65101.848}}