{"key_params": {"location": "CA_Redding.Muni", "customer_type": "Office", "demand_charge": 20, "export_price": 0.0, "export_price_type": "None", "battery_size_kWh": 300, "battery_power_kW": 150.0, "min_soc": 0.05, "max_soc": 1.0, "one_way_efficiency": 0.92, "start_soc": 0.5, "n_horizon": 24, "n_control": 12}, "savings": {"old_energy_charge": -504929.7972836505, "new_energy_charge": -503749.5093614113, "energy_charge_savings": 1180.287922239164, "old_demand_charge": -254506.35173879063, "new_demand_charge": -234508.7468473002, "demand_charge_savings": 19997.604891490424, "retail_profits": 21177.892813729588, "battery_charge_cost": -11539.180421521352, "battery_discharge_revenues": 12719.468343760538, "battery_retail_profits": 1180.2879222391857, "battery_export_revenue": 0.0, "total_profits": 21177.89281372961, "irr": 0.14851, "npv": 52055.825}}