{"key_params": {"location": "CA_Visalia.Muni.AWOS.723896_TMY3", "customer_type": "Office", "demand_charge": 20, "export_price": 0.0, "export_price_type": "None", "battery_size_kWh": 300, "battery_power_kW": 150.0, "min_soc": 0.05, "max_soc": 1.0, "one_way_efficiency": 0.92, "start_soc": 0.5, "n_horizon": 24, "n_control": 12}, "savings": {"old_energy_charge": -316554.7857528606, "new_energy_charge": -315554.15550097113, "energy_charge_savings": 1000.6302518894663, "old_demand_charge": -163571.2925563592, "new_demand_charge": -146410.72495072748, "demand_charge_savings": 17160.567605631717, "retail_profits": 18161.197857521183, "battery_charge_cost": -11402.580689117318, "battery_discharge_revenues": 12403.210941006719, "battery_retail_profits": 1000.6302518894008, "battery_export_revenue": 0.0, "total_profits": 18161.197857521118, "irr": 0.11761, "npv": 33024.601}}