{"key_params": {"location": "CA_March.AFB.722860_TMY3", "customer_type": "Office", "demand_charge": 20, "export_price": 0.0, "export_price_type": "None", "battery_size_kWh": 300, "battery_power_kW": 150.0, "min_soc": 0.05, "max_soc": 1.0, "one_way_efficiency": 0.92, "start_soc": 0.5, "n_horizon": 24, "n_control": 12}, "savings": {"old_energy_charge": -321643.2046098353, "new_energy_charge": -320379.796342374, "energy_charge_savings": 1263.4082674612873, "old_demand_charge": -172673.0549493319, "new_demand_charge": -157570.26176351565, "demand_charge_savings": 15102.793185816263, "retail_profits": 16366.20145327755, "battery_charge_cost": -11336.238900188928, "battery_discharge_revenues": 12599.647167650217, "battery_retail_profits": 1263.4082674612891, "battery_export_revenue": 0.0, "total_profits": 16366.201453277552, "irr": 0.09854, "npv": 21700.626}}