{"key_params": {"location": "CA_San.Diego-Montgomery.Field.722903_TMY3", "customer_type": "Apartment", "demand_charge": 20, "export_price": 0.0, "export_price_type": "None", "battery_size_kWh": 300, "battery_power_kW": 150.0, "min_soc": 0.05, "max_soc": 1.0, "one_way_efficiency": 0.92, "start_soc": 0.5, "n_horizon": 24, "n_control": 12}, "savings": {"old_energy_charge": -342538.53571862314, "new_energy_charge": -339774.35714834405, "energy_charge_savings": 2764.178570279095, "old_demand_charge": -145833.6104517223, "new_demand_charge": -124920.94788427623, "demand_charge_savings": 20912.66256744608, "retail_profits": 23676.841137725176, "battery_charge_cost": -10729.564239130434, "battery_discharge_revenues": 13493.742809409525, "battery_retail_profits": 2764.178570279091, "battery_export_revenue": 0.0, "total_profits": 23676.841137725172, "irr": 0.17327, "npv": 67820.775}}