{"key_params": {"location": "CA_Modesto.Muni", "customer_type": "School", "demand_charge": 20, "export_price": 0.0, "export_price_type": "None", "battery_size_kWh": 300, "battery_power_kW": 150.0, "min_soc": 0.05, "max_soc": 1.0, "one_way_efficiency": 0.92, "start_soc": 0.5, "n_horizon": 24, "n_control": 12}, "savings": {"old_energy_charge": -610700.9059195527, "new_energy_charge": -608735.1232835756, "energy_charge_savings": 1965.782635977026, "old_demand_charge": -376223.43601112405, "new_demand_charge": -350439.94474517537, "demand_charge_savings": 25783.491265948687, "retail_profits": 27749.273901925713, "battery_charge_cost": -10876.09461299162, "battery_discharge_revenues": 12841.877248968665, "battery_retail_profits": 1965.782635977046, "battery_export_revenue": 0.0, "total_profits": 27749.273901925735, "irr": 0.21247, "npv": 93512.262}}