{"key_params": {"location": "CA_Santa.Monica.Muni", "customer_type": "Market", "demand_charge": 20, "export_price": 0.0, "export_price_type": "None", "battery_size_kWh": 300, "battery_power_kW": 150.0, "min_soc": 0.05, "max_soc": 1.0, "one_way_efficiency": 0.92, "start_soc": 0.5, "n_horizon": 24, "n_control": 12}, "savings": {"old_energy_charge": -360256.2401266368, "new_energy_charge": -360247.87696181994, "energy_charge_savings": 8.363164816866629, "old_demand_charge": -135920.71017409518, "new_demand_charge": -121307.12321169567, "demand_charge_savings": 14613.58696239951, "retail_profits": 14621.950127216376, "battery_charge_cost": -11962.655255703106, "battery_discharge_revenues": 11971.01842051991, "battery_retail_profits": 8.363164816802964, "battery_export_revenue": 0.0, "total_profits": 14621.950127216312, "irr": 0.07938, "npv": 10696.783}}