{"key_params": {"location": "CA_Fresno.Air.Terminal.723890_TMY3", "customer_type": "Office", "demand_charge": 20, "export_price": 0.0, "export_price_type": "None", "battery_size_kWh": 300, "battery_power_kW": 150.0, "min_soc": 0.05, "max_soc": 1.0, "one_way_efficiency": 0.92, "start_soc": 0.5, "n_horizon": 24, "n_control": 12}, "savings": {"old_energy_charge": -322707.57203607267, "new_energy_charge": -321603.29354007525, "energy_charge_savings": 1104.2784959974233, "old_demand_charge": -167780.76770705168, "new_demand_charge": -149812.75656734538, "demand_charge_savings": 17968.0111397063, "retail_profits": 19072.289635703724, "battery_charge_cost": -11424.214751089808, "battery_discharge_revenues": 12528.493247087188, "battery_retail_profits": 1104.2784959973797, "battery_export_revenue": 0.0, "total_profits": 19072.28963570368, "irr": 0.12708, "npv": 38772.345}}