{"key_params": {"location": "CA_Barstow.Daggett", "customer_type": "Hospital", "demand_charge": 20, "export_price": 0.0, "export_price_type": "None", "battery_size_kWh": 300, "battery_power_kW": 150.0, "min_soc": 0.05, "max_soc": 1.0, "one_way_efficiency": 0.92, "start_soc": 0.5, "n_horizon": 24, "n_control": 12}, "savings": {"old_energy_charge": -247794.10046292664, "new_energy_charge": -247456.8762132173, "energy_charge_savings": 337.22424970933935, "old_demand_charge": -82944.13972276963, "new_demand_charge": -74289.81122915128, "demand_charge_savings": 8654.328493618348, "retail_profits": 8991.552743327687, "battery_charge_cost": -11630.888653403392, "battery_discharge_revenues": 11968.112903112764, "battery_retail_profits": 337.2242497093721, "battery_export_revenue": 0.0, "total_profits": 8991.55274332772, "irr": 0.01003, "npv": -25119.76}}