{"key_params": {"location": "CA_Monterey.NAF.724915_TMY3", "customer_type": "Hotel", "demand_charge": 20, "export_price": 0.0, "export_price_type": "None", "battery_size_kWh": 300, "battery_power_kW": 150.0, "min_soc": 0.05, "max_soc": 1.0, "one_way_efficiency": 0.92, "start_soc": 0.5, "n_horizon": 24, "n_control": 12}, "savings": {"old_energy_charge": -373756.693919063, "new_energy_charge": -371522.9019781489, "energy_charge_savings": 2233.7919409141177, "old_demand_charge": -148850.53099404206, "new_demand_charge": -124505.52295170624, "demand_charge_savings": 24345.008042335816, "retail_profits": 26578.799983249934, "battery_charge_cost": -12729.456419892502, "battery_discharge_revenues": 14963.248360806652, "battery_retail_profits": 2233.7919409141505, "battery_export_revenue": 0.0, "total_profits": 26578.799983249966, "irr": 0.20132, "npv": 86128.17}}