{"key_params": {"location": "CA_San.Diego-Lindbergh.Field.722900_TMY3", "customer_type": "Office", "demand_charge": 20, "export_price": 0.0, "export_price_type": "None", "battery_size_kWh": 300, "battery_power_kW": 150.0, "min_soc": 0.05, "max_soc": 1.0, "one_way_efficiency": 0.92, "start_soc": 0.5, "n_horizon": 24, "n_control": 12}, "savings": {"old_energy_charge": -387779.3545748722, "new_energy_charge": -386299.7549563579, "energy_charge_savings": 1479.5996185143013, "old_demand_charge": -206079.26372962707, "new_demand_charge": -188769.72169000047, "demand_charge_savings": 17309.542039626598, "retail_profits": 18789.1416581409, "battery_charge_cost": -11427.324484412304, "battery_discharge_revenues": 12906.924102926672, "battery_retail_profits": 1479.5996185143686, "battery_export_revenue": 0.0, "total_profits": 18789.141658140965, "irr": 0.12415, "npv": 36986.068}}