{"key_params": {"location": "CA_Sacramento.Exec", "customer_type": "Hospital", "demand_charge": 20, "export_price": 0.0, "export_price_type": "None", "battery_size_kWh": 300, "battery_power_kW": 150.0, "min_soc": 0.05, "max_soc": 1.0, "one_way_efficiency": 0.92, "start_soc": 0.5, "n_horizon": 24, "n_control": 12}, "savings": {"old_energy_charge": -245530.83677530938, "new_energy_charge": -245537.05348755376, "energy_charge_savings": -6.2167122443788685, "old_demand_charge": -80650.01914120803, "new_demand_charge": -72221.47881889675, "demand_charge_savings": 8428.54032231128, "retail_profits": 8422.323610066902, "battery_charge_cost": -11635.777123409503, "battery_discharge_revenues": 11629.560411165116, "battery_retail_profits": -6.216712244387963, "battery_export_revenue": 0.0, "total_profits": 8422.323610066893, "irr": 0.00152, "npv": -28932.563}}