{"key_params": {"location": "CA_Napa.County", "customer_type": "School", "demand_charge": 20, "export_price": 0.0, "export_price_type": "None", "battery_size_kWh": 300, "battery_power_kW": 150.0, "min_soc": 0.05, "max_soc": 1.0, "one_way_efficiency": 0.92, "start_soc": 0.5, "n_horizon": 24, "n_control": 12}, "savings": {"old_energy_charge": -344984.38975270995, "new_energy_charge": -343300.79361896357, "energy_charge_savings": 1683.5961337463814, "old_demand_charge": -205122.41816513008, "new_demand_charge": -182695.9592116304, "demand_charge_savings": 22426.458953499678, "retail_profits": 24110.05508724606, "battery_charge_cost": -11183.57583342993, "battery_discharge_revenues": 12867.171967176282, "battery_retail_profits": 1683.5961337463523, "battery_export_revenue": 0.0, "total_profits": 24110.05508724603, "irr": 0.1775, "npv": 70553.763}}