{"key_params": {"location": "CA_Hayward.Air.Terminal.724935_TMY3", "customer_type": "Restaurant", "demand_charge": 20, "export_price": 0.0, "export_price_type": "None", "battery_size_kWh": 300, "battery_power_kW": 150.0, "min_soc": 0.05, "max_soc": 1.0, "one_way_efficiency": 0.92, "start_soc": 0.5, "n_horizon": 24, "n_control": 12}, "savings": {"old_energy_charge": -434792.9605228331, "new_energy_charge": -434473.46174509375, "energy_charge_savings": 319.4987777393544, "old_demand_charge": -153833.70312431335, "new_demand_charge": -133212.99899538493, "demand_charge_savings": 20620.704128928424, "retail_profits": 20940.20290666778, "battery_charge_cost": -17427.131582635942, "battery_discharge_revenues": 17746.63036037524, "battery_retail_profits": 319.4987777392962, "battery_export_revenue": 0.0, "total_profits": 20940.20290666772, "irr": 0.14612, "npv": 50556.326}}