{"key_params": {"location": "CA_Napa.County", "customer_type": "Hotel", "demand_charge": 20, "export_price": 0.0, "export_price_type": "None", "battery_size_kWh": 300, "battery_power_kW": 150.0, "min_soc": 0.05, "max_soc": 1.0, "one_way_efficiency": 0.92, "start_soc": 0.5, "n_horizon": 24, "n_control": 12}, "savings": {"old_energy_charge": -357659.05615058064, "new_energy_charge": -355402.3566664667, "energy_charge_savings": 2256.699484113953, "old_demand_charge": -133036.5263345337, "new_demand_charge": -109700.64894670177, "demand_charge_savings": 23335.877387831933, "retail_profits": 25592.576871945887, "battery_charge_cost": -12700.472057623096, "battery_discharge_revenues": 14957.171541737029, "battery_retail_profits": 2256.699484113933, "battery_export_revenue": 0.0, "total_profits": 25592.576871945865, "irr": 0.19186, "npv": 79906.45}}