{"key_params": {"location": "CA_Blythe-Riverside.County", "customer_type": "Office", "demand_charge": 20, "export_price": 0.0, "export_price_type": "None", "battery_size_kWh": 300, "battery_power_kW": 150.0, "min_soc": 0.05, "max_soc": 1.0, "one_way_efficiency": 0.92, "start_soc": 0.5, "n_horizon": 24, "n_control": 12}, "savings": {"old_energy_charge": -455237.0297713898, "new_energy_charge": -453314.24697633815, "energy_charge_savings": 1922.7827950516366, "old_demand_charge": -264888.0282242319, "new_demand_charge": -242135.25792108744, "demand_charge_savings": 22752.77030314447, "retail_profits": 24675.553098196106, "battery_charge_cost": -11032.66743335718, "battery_discharge_revenues": 12955.450228408781, "battery_retail_profits": 1922.782795051602, "battery_export_revenue": 0.0, "total_profits": 24675.55309819607, "irr": 0.183, "npv": 74121.283}}