{"key_params": {"location": "CA_Ukiah.Muni", "customer_type": "School", "demand_charge": 20, "export_price": 0.0, "export_price_type": "None", "battery_size_kWh": 300, "battery_power_kW": 150.0, "min_soc": 0.05, "max_soc": 1.0, "one_way_efficiency": 0.92, "start_soc": 0.5, "n_horizon": 24, "n_control": 12}, "savings": {"old_energy_charge": -362387.8080462641, "new_energy_charge": -360544.68716220884, "energy_charge_savings": 1843.1208840552717, "old_demand_charge": -240179.96712500651, "new_demand_charge": -215831.3558256065, "demand_charge_savings": 24348.611299400014, "retail_profits": 26191.732183455286, "battery_charge_cost": -10934.372616965711, "battery_discharge_revenues": 12777.49350102099, "battery_retail_profits": 1843.120884055279, "battery_export_revenue": 0.0, "total_profits": 26191.732183455293, "irr": 0.19762, "npv": 83686.301}}