{"key_params": {"location": "CA_San.Diego-Miramar.NAS.722930_TMY3", "customer_type": "Restaurant", "demand_charge": 20, "export_price": 0.0, "export_price_type": "None", "battery_size_kWh": 300, "battery_power_kW": 150.0, "min_soc": 0.05, "max_soc": 1.0, "one_way_efficiency": 0.92, "start_soc": 0.5, "n_horizon": 24, "n_control": 12}, "savings": {"old_energy_charge": -472873.55261701666, "new_energy_charge": -471752.2980039578, "energy_charge_savings": 1121.2546130588744, "old_demand_charge": -177379.82925844248, "new_demand_charge": -150847.1820154136, "demand_charge_savings": 26532.647243028885, "retail_profits": 27653.90185608776, "battery_charge_cost": -15027.206791507677, "battery_discharge_revenues": 16148.461404566564, "battery_retail_profits": 1121.2546130588871, "battery_export_revenue": 0.0, "total_profits": 27653.901856087774, "irr": 0.21156, "npv": 92910.594}}