{"key_params": {"location": "CA_Arcata", "customer_type": "Restaurant", "demand_charge": 20, "export_price": 0.0, "export_price_type": "None", "battery_size_kWh": 300, "battery_power_kW": 150.0, "min_soc": 0.05, "max_soc": 1.0, "one_way_efficiency": 0.92, "start_soc": 0.5, "n_horizon": 24, "n_control": 12}, "savings": {"old_energy_charge": -428378.5508889911, "new_energy_charge": -430219.41100571305, "energy_charge_savings": -1840.8601167219458, "old_demand_charge": -140697.4539762307, "new_demand_charge": -119616.02182139084, "demand_charge_savings": 21081.43215483986, "retail_profits": 19240.572038117913, "battery_charge_cost": -23458.053858053707, "battery_discharge_revenues": 21617.193741331776, "battery_retail_profits": -1840.8601167219313, "battery_export_revenue": 0.0, "total_profits": 19240.572038117927, "irr": 0.12881, "npv": 39833.977}}