{"key_params": {"location": "CA_San.Diego-North.Island.NAS.722906_TMY3", "customer_type": "Restaurant", "demand_charge": 20, "export_price": 0.0, "export_price_type": "None", "battery_size_kWh": 300, "battery_power_kW": 150.0, "min_soc": 0.05, "max_soc": 1.0, "one_way_efficiency": 0.92, "start_soc": 0.5, "n_horizon": 24, "n_control": 12}, "savings": {"old_energy_charge": -432183.7267454184, "new_energy_charge": -432197.2779332375, "energy_charge_savings": -13.551187819102779, "old_demand_charge": -148107.3863031904, "new_demand_charge": -128276.94084832224, "demand_charge_savings": 19830.445454868168, "retail_profits": 19816.894267049065, "battery_charge_cost": -18108.65512782614, "battery_discharge_revenues": 18095.10394000704, "battery_retail_profits": -13.551187819099141, "battery_export_revenue": 0.0, "total_profits": 19816.89426704907, "irr": 0.13473, "npv": 43469.783}}