{"key_params": {"location": "CA_Palmdale", "customer_type": "Office", "demand_charge": 20, "export_price": 0.0, "export_price_type": "None", "battery_size_kWh": 300, "battery_power_kW": 150.0, "min_soc": 0.05, "max_soc": 1.0, "one_way_efficiency": 0.92, "start_soc": 0.5, "n_horizon": 24, "n_control": 12}, "savings": {"old_energy_charge": -325276.5712254855, "new_energy_charge": -324239.37910376035, "energy_charge_savings": 1037.192121725122, "old_demand_charge": -170669.4133559018, "new_demand_charge": -154550.49261739245, "demand_charge_savings": 16118.920738509361, "retail_profits": 17156.112860234483, "battery_charge_cost": -11450.32425805359, "battery_discharge_revenues": 12487.516379778726, "battery_retail_profits": 1037.1921217251365, "battery_export_revenue": 0.0, "total_profits": 17156.112860234498, "irr": 0.10701, "npv": 26683.887}}