{"key_params": {"location": "CA_Fullerton.Muni", "customer_type": "Market", "demand_charge": 20, "export_price": 0.0, "export_price_type": "None", "battery_size_kWh": 300, "battery_power_kW": 150.0, "min_soc": 0.05, "max_soc": 1.0, "one_way_efficiency": 0.92, "start_soc": 0.5, "n_horizon": 24, "n_control": 12}, "savings": {"old_energy_charge": -365569.06829790527, "new_energy_charge": -364924.11838478834, "energy_charge_savings": 644.9499131169287, "old_demand_charge": -140149.96916747486, "new_demand_charge": -126196.42860479184, "demand_charge_savings": 13953.540562683018, "retail_profits": 14598.490475799947, "battery_charge_cost": -11963.8156854314, "battery_discharge_revenues": 12608.765598548358, "battery_retail_profits": 644.9499131169578, "battery_export_revenue": 0.0, "total_profits": 14598.490475799976, "irr": 0.07912, "npv": 10548.784}}