{"key_params": {"location": "CA_Van.Nuys", "customer_type": "Office", "demand_charge": 20, "export_price": 0.0, "export_price_type": "None", "battery_size_kWh": 300, "battery_power_kW": 150.0, "min_soc": 0.05, "max_soc": 1.0, "one_way_efficiency": 0.92, "start_soc": 0.5, "n_horizon": 24, "n_control": 12}, "savings": {"old_energy_charge": -316118.64975213556, "new_energy_charge": -314838.71316049143, "energy_charge_savings": 1279.936591644131, "old_demand_charge": -171908.734056995, "new_demand_charge": -154492.1953409811, "demand_charge_savings": 17416.538716013893, "retail_profits": 18696.475307658024, "battery_charge_cost": -11407.845630012485, "battery_discharge_revenues": 12687.782221656653, "battery_retail_profits": 1279.9365916441675, "battery_export_revenue": 0.0, "total_profits": 18696.47530765806, "irr": 0.12319, "npv": 36401.47}}