{"key_params": {"location": "CA_Oxnard", "customer_type": "Office", "demand_charge": 20, "export_price": 0.0, "export_price_type": "None", "battery_size_kWh": 300, "battery_power_kW": 150.0, "min_soc": 0.05, "max_soc": 1.0, "one_way_efficiency": 0.92, "start_soc": 0.5, "n_horizon": 24, "n_control": 12}, "savings": {"old_energy_charge": -396813.56258895225, "new_energy_charge": -395584.6298633824, "energy_charge_savings": 1228.9327255698736, "old_demand_charge": -203243.29472188844, "new_demand_charge": -183316.28996528813, "demand_charge_savings": 19927.004756600305, "retail_profits": 21155.93748217018, "battery_charge_cost": -12111.211307484813, "battery_discharge_revenues": 13340.144033054636, "battery_retail_profits": 1228.9327255698227, "battery_export_revenue": 0.0, "total_profits": 21155.937482170128, "irr": 0.14829, "npv": 51917.316}}