{"key_params": {"location": "CA_Chula.Vista-Brown.Field.Muni", "customer_type": "Hotel", "demand_charge": 20, "export_price": 0.0, "export_price_type": "None", "battery_size_kWh": 300, "battery_power_kW": 150.0, "min_soc": 0.05, "max_soc": 1.0, "one_way_efficiency": 0.92, "start_soc": 0.5, "n_horizon": 24, "n_control": 12}, "savings": {"old_energy_charge": -347303.9125564916, "new_energy_charge": -345054.43589180306, "energy_charge_savings": 2249.4766646885546, "old_demand_charge": -125600.6637705389, "new_demand_charge": -103080.79921570633, "demand_charge_savings": 22519.864554832573, "retail_profits": 24769.341219521128, "battery_charge_cost": -12652.382538893531, "battery_discharge_revenues": 14901.859203582188, "battery_retail_profits": 2249.4766646886565, "battery_export_revenue": 0.0, "total_profits": 24769.34121952123, "irr": 0.18391, "npv": 74712.958}}