{"key_params": {"location": "CA_Riverside.Muni", "customer_type": "Office", "demand_charge": 20, "export_price": 0.0, "export_price_type": "None", "battery_size_kWh": 300, "battery_power_kW": 150.0, "min_soc": 0.05, "max_soc": 1.0, "one_way_efficiency": 0.92, "start_soc": 0.5, "n_horizon": 24, "n_control": 12}, "savings": {"old_energy_charge": -526553.3741235879, "new_energy_charge": -525609.9811148035, "energy_charge_savings": 943.393008784391, "old_demand_charge": -263113.9964156706, "new_demand_charge": -241809.54491269408, "demand_charge_savings": 21304.45150297653, "retail_profits": 22247.844511760923, "battery_charge_cost": -11599.763417124808, "battery_discharge_revenues": 12543.15642590914, "battery_retail_profits": 943.393008784331, "battery_export_revenue": 0.0, "total_profits": 22247.844511760864, "irr": 0.15919, "npv": 58805.758}}