{"key_params": {"location": "CA_Ukiah.Muni", "customer_type": "Hospital", "demand_charge": 20, "export_price": 0.0, "export_price_type": "None", "battery_size_kWh": 300, "battery_power_kW": 150.0, "min_soc": 0.05, "max_soc": 1.0, "one_way_efficiency": 0.92, "start_soc": 0.5, "n_horizon": 24, "n_control": 12}, "savings": {"old_energy_charge": -246986.65229977595, "new_energy_charge": -246815.10029038985, "energy_charge_savings": 171.55200938609778, "old_demand_charge": -82114.84973026761, "new_demand_charge": -73545.86569568377, "demand_charge_savings": 8568.984034583846, "retail_profits": 8740.536043969943, "battery_charge_cost": -11641.442374690743, "battery_discharge_revenues": 11812.994384076854, "battery_retail_profits": 171.5520093861105, "battery_export_revenue": 0.0, "total_profits": 8740.536043969956, "irr": 0.00635, "npv": -26789.851}}