{"key_params": {"location": "CA_Fresno.Air.Terminal.723890_TMY3", "customer_type": "Hotel", "demand_charge": 20, "export_price": 0.0, "export_price_type": "None", "battery_size_kWh": 300, "battery_power_kW": 150.0, "min_soc": 0.05, "max_soc": 1.0, "one_way_efficiency": 0.92, "start_soc": 0.5, "n_horizon": 24, "n_control": 12}, "savings": {"old_energy_charge": -377661.5412750507, "new_energy_charge": -375234.42729005637, "energy_charge_savings": 2427.1139849943575, "old_demand_charge": -151819.61481056566, "new_demand_charge": -128462.4900433629, "demand_charge_savings": 23357.124767202768, "retail_profits": 25784.238752197125, "battery_charge_cost": -11612.164325645506, "battery_discharge_revenues": 14039.278310639766, "battery_retail_profits": 2427.113984994259, "battery_export_revenue": 0.0, "total_profits": 25784.238752197027, "irr": 0.19371, "npv": 81115.574}}