{"key_params": {"location": "CA_Chula.Vista-Brown.Field.Muni", "customer_type": "Office", "demand_charge": 20, "export_price": 0.0, "export_price_type": "None", "battery_size_kWh": 300, "battery_power_kW": 150.0, "min_soc": 0.05, "max_soc": 1.0, "one_way_efficiency": 0.92, "start_soc": 0.5, "n_horizon": 24, "n_control": 12}, "savings": {"old_energy_charge": -378662.48820077203, "new_energy_charge": -377401.60432314477, "energy_charge_savings": 1260.8838776272605, "old_demand_charge": -206945.94596512153, "new_demand_charge": -187911.60766956612, "demand_charge_savings": 19034.33829555541, "retail_profits": 20295.222173182672, "battery_charge_cost": -11600.06715568364, "battery_discharge_revenues": 12860.951033310821, "battery_retail_profits": 1260.8838776271805, "battery_export_revenue": 0.0, "total_profits": 20295.222173182592, "irr": 0.1396, "npv": 46487.379}}