{"key_params": {"location": "CA_Chula.Vista-Brown.Field.Muni", "customer_type": "Office", "demand_charge": 20, "export_price": 0.0, "export_price_type": "None", "battery_size_kWh": 300, "battery_power_kW": 150.0, "min_soc": 0.05, "max_soc": 1.0, "one_way_efficiency": 0.92, "start_soc": 0.5, "n_horizon": 24, "n_control": 12}, "savings": {"old_energy_charge": -304281.47052905307, "new_energy_charge": -303437.01712375134, "energy_charge_savings": 844.4534053017269, "old_demand_charge": -155317.69295108877, "new_demand_charge": -141981.83868140154, "demand_charge_savings": 13335.854269687232, "retail_profits": 14180.307674988959, "battery_charge_cost": -11553.942511618789, "battery_discharge_revenues": 12398.395916920503, "battery_retail_profits": 844.4534053017142, "battery_export_revenue": 0.0, "total_profits": 14180.307674988946, "irr": 0.07441, "npv": 7910.622}}