{"key_params": {"location": "CA_Paso.Robles.Muni", "customer_type": "Hotel", "demand_charge": 20, "export_price": 0.0, "export_price_type": "None", "battery_size_kWh": 300, "battery_power_kW": 150.0, "min_soc": 0.05, "max_soc": 1.0, "one_way_efficiency": 0.92, "start_soc": 0.5, "n_horizon": 24, "n_control": 12}, "savings": {"old_energy_charge": -390007.23597391933, "new_energy_charge": -387587.8749380615, "energy_charge_savings": 2419.3610358578153, "old_demand_charge": -156838.73155875911, "new_demand_charge": -134114.48186810612, "demand_charge_savings": 22724.249690653, "retail_profits": 25143.610726510815, "battery_charge_cost": -11552.276123665704, "battery_discharge_revenues": 13971.637159523478, "battery_retail_profits": 2419.3610358577735, "battery_export_revenue": 0.0, "total_profits": 25143.61072651077, "irr": 0.18753, "npv": 77074.087}}