{"key_params": {"location": "CA_Redding.Muni", "customer_type": "School", "demand_charge": 20, "export_price": 0.0, "export_price_type": "None", "battery_size_kWh": 300, "battery_power_kW": 150.0, "min_soc": 0.05, "max_soc": 1.0, "one_way_efficiency": 0.92, "start_soc": 0.5, "n_horizon": 24, "n_control": 12}, "savings": {"old_energy_charge": -626666.5756312531, "new_energy_charge": -624617.3832275481, "energy_charge_savings": 2049.1924037049757, "old_demand_charge": -387942.54593623796, "new_demand_charge": -366037.70339470985, "demand_charge_savings": 21904.84254152811, "retail_profits": 23954.034945233085, "battery_charge_cost": -10850.494734534248, "battery_discharge_revenues": 12899.687138239233, "battery_retail_profits": 2049.192403704985, "battery_export_revenue": 0.0, "total_profits": 23954.034945233092, "irr": 0.17598, "npv": 69569.489}}