{"key_params": {"location": "CA_Santa.Maria.Public", "customer_type": "Apartment", "demand_charge": 20, "export_price": 0.0, "export_price_type": "None", "battery_size_kWh": 300, "battery_power_kW": 150.0, "min_soc": 0.05, "max_soc": 1.0, "one_way_efficiency": 0.92, "start_soc": 0.5, "n_horizon": 24, "n_control": 12}, "savings": {"old_energy_charge": -343230.9997137221, "new_energy_charge": -340468.97713645693, "energy_charge_savings": 2762.022577265161, "old_demand_charge": -145897.55531103685, "new_demand_charge": -124986.6787556364, "demand_charge_savings": 20910.87655540045, "retail_profits": 23672.89913266561, "battery_charge_cost": -10729.564239130435, "battery_discharge_revenues": 13491.586816395573, "battery_retail_profits": 2762.0225772651374, "battery_export_revenue": 0.0, "total_profits": 23672.89913266559, "irr": 0.17323, "npv": 67795.906}}