{"key_params": {"location": "CA_San.Luis.Obispo", "customer_type": "Restaurant", "demand_charge": 20, "export_price": 0.0, "export_price_type": "None", "battery_size_kWh": 300, "battery_power_kW": 150.0, "min_soc": 0.05, "max_soc": 1.0, "one_way_efficiency": 0.92, "start_soc": 0.5, "n_horizon": 24, "n_control": 12}, "savings": {"old_energy_charge": -459555.4487532442, "new_energy_charge": -459112.19346307736, "energy_charge_savings": 443.2552901668241, "old_demand_charge": -173071.4441414174, "new_demand_charge": -147284.89926782923, "demand_charge_savings": 25786.544873588166, "retail_profits": 26229.80016375499, "battery_charge_cost": -15776.488672900552, "battery_discharge_revenues": 16219.743963067323, "battery_retail_profits": 443.2552901667714, "battery_export_revenue": 0.0, "total_profits": 26229.80016375494, "irr": 0.19798, "npv": 83926.458}}