{"key_params": {"location": "CA_Palmdale", "customer_type": "School", "demand_charge": 20, "export_price": 0.0, "export_price_type": "None", "battery_size_kWh": 300, "battery_power_kW": 150.0, "min_soc": 0.05, "max_soc": 1.0, "one_way_efficiency": 0.92, "start_soc": 0.5, "n_horizon": 24, "n_control": 12}, "savings": {"old_energy_charge": -631025.9563287005, "new_energy_charge": -629280.498151226, "energy_charge_savings": 1745.4581774745602, "old_demand_charge": -387618.6266245004, "new_demand_charge": -365857.6028393711, "demand_charge_savings": 21761.023785129306, "retail_profits": 23506.481962603866, "battery_charge_cost": -11051.436526841124, "battery_discharge_revenues": 12796.894704315539, "battery_retail_profits": 1745.4581774744147, "battery_export_revenue": 0.0, "total_profits": 23506.48196260372, "irr": 0.1716, "npv": 66746.041}}