{"key_params": {"location": "CA_March.AFB.722860_TMY3", "customer_type": "Office", "demand_charge": 20, "export_price": 0.0, "export_price_type": "None", "battery_size_kWh": 300, "battery_power_kW": 150.0, "min_soc": 0.05, "max_soc": 1.0, "one_way_efficiency": 0.92, "start_soc": 0.5, "n_horizon": 24, "n_control": 12}, "savings": {"old_energy_charge": -409265.5292785437, "new_energy_charge": -407567.249675882, "energy_charge_savings": 1698.2796026617289, "old_demand_charge": -242093.02262239912, "new_demand_charge": -220065.8547260708, "demand_charge_savings": 22027.16789632832, "retail_profits": 23725.44749899005, "battery_charge_cost": -11350.268090885053, "battery_discharge_revenues": 13048.547693546756, "battery_retail_profits": 1698.2796026617034, "battery_export_revenue": 0.0, "total_profits": 23725.447498990023, "irr": 0.17375, "npv": 68127.414}}