{"key_params": {"location": "CA_Redding.Muni", "customer_type": "Hospital", "demand_charge": 20, "export_price": 0.0, "export_price_type": "None", "battery_size_kWh": 300, "battery_power_kW": 150.0, "min_soc": 0.05, "max_soc": 1.0, "one_way_efficiency": 0.92, "start_soc": 0.5, "n_horizon": 24, "n_control": 12}, "savings": {"old_energy_charge": -247338.96933433134, "new_energy_charge": -247105.72271597304, "energy_charge_savings": 233.24661835830193, "old_demand_charge": -82324.74208606263, "new_demand_charge": -73901.57893795014, "demand_charge_savings": 8423.163148112493, "retail_profits": 8656.409766470795, "battery_charge_cost": -11634.174844496762, "battery_discharge_revenues": 11867.421462855064, "battery_retail_profits": 233.24661835830193, "battery_export_revenue": 0.0, "total_profits": 8656.409766470795, "irr": 0.00509, "npv": -27354.515}}