{"key_params": {"location": "CA_Hawthorne-Jack.Northrop.Field.722956_TMY3", "customer_type": "Office", "demand_charge": 20, "export_price": 0.0, "export_price_type": "None", "battery_size_kWh": 300, "battery_power_kW": 150.0, "min_soc": 0.05, "max_soc": 1.0, "one_way_efficiency": 0.92, "start_soc": 0.5, "n_horizon": 24, "n_control": 12}, "savings": {"old_energy_charge": -531544.3726506126, "new_energy_charge": -530702.1498703805, "energy_charge_savings": 842.2227802320849, "old_demand_charge": -260599.90036203264, "new_demand_charge": -242257.10056522593, "demand_charge_savings": 18342.799796806707, "retail_profits": 19185.02257703879, "battery_charge_cost": -11795.964899032797, "battery_discharge_revenues": 12638.187679264856, "battery_retail_profits": 842.2227802320594, "battery_export_revenue": 0.0, "total_profits": 19185.022577038766, "irr": 0.12824, "npv": 39483.536}}