{"key_params": {"location": "CA_Carlsbad.722927_TMY3", "customer_type": "Hospital", "demand_charge": 20, "export_price": 0.0, "export_price_type": "None", "battery_size_kWh": 300, "battery_power_kW": 150.0, "min_soc": 0.05, "max_soc": 1.0, "one_way_efficiency": 0.92, "start_soc": 0.5, "n_horizon": 24, "n_control": 12}, "savings": {"old_energy_charge": -245423.28653854228, "new_energy_charge": -245370.80027240718, "energy_charge_savings": 52.48626613509259, "old_demand_charge": -80085.10626419076, "new_demand_charge": -72211.62016746425, "demand_charge_savings": 7873.486096726512, "retail_profits": 7925.972362861605, "battery_charge_cost": -11641.805672054847, "battery_discharge_revenues": 11694.291938189963, "battery_retail_profits": 52.48626613511624, "battery_export_revenue": 0.0, "total_profits": 7925.972362861628, "irr": -0.00638, "npv": -32339.002}}