{"key_params": {"location": "CA_San.Francisco.Intl", "customer_type": "Restaurant", "demand_charge": 20, "export_price": 0.0, "export_price_type": "None", "battery_size_kWh": 300, "battery_power_kW": 150.0, "min_soc": 0.05, "max_soc": 1.0, "one_way_efficiency": 0.92, "start_soc": 0.5, "n_horizon": 24, "n_control": 12}, "savings": {"old_energy_charge": -452836.4386771456, "new_energy_charge": -451461.49039268115, "energy_charge_savings": 1374.9482844644226, "old_demand_charge": -159380.0012031252, "new_demand_charge": -136615.6742137235, "demand_charge_savings": 22764.326989401685, "retail_profits": 24139.275273866107, "battery_charge_cost": -15524.937354651709, "battery_discharge_revenues": 16899.88563911615, "battery_retail_profits": 1374.9482844644408, "battery_export_revenue": 0.0, "total_profits": 24139.275273866126, "irr": 0.17779, "npv": 70738.102}}