{"key_params": {"location": "CA_Oxnard", "customer_type": "Hotel", "demand_charge": 20, "export_price": 0.0, "export_price_type": "None", "battery_size_kWh": 300, "battery_power_kW": 150.0, "min_soc": 0.05, "max_soc": 1.0, "one_way_efficiency": 0.92, "start_soc": 0.5, "n_horizon": 24, "n_control": 12}, "savings": {"old_energy_charge": -374456.86556799256, "new_energy_charge": -372256.68363585364, "energy_charge_savings": 2200.1819321389194, "old_demand_charge": -145425.11115587392, "new_demand_charge": -120732.33197038897, "demand_charge_savings": 24692.77918548495, "retail_profits": 26892.96111762387, "battery_charge_cost": -12953.814359270902, "battery_discharge_revenues": 15153.996291409805, "battery_retail_profits": 2200.181932138903, "battery_export_revenue": 0.0, "total_profits": 26892.961117623854, "irr": 0.20432, "npv": 88110.098}}