{"key_params": {"location": "CA_San.Francisco.Intl", "customer_type": "Office", "demand_charge": 20, "export_price": 0.0, "export_price_type": "None", "battery_size_kWh": 300, "battery_power_kW": 150.0, "min_soc": 0.05, "max_soc": 1.0, "one_way_efficiency": 0.92, "start_soc": 0.5, "n_horizon": 24, "n_control": 12}, "savings": {"old_energy_charge": -486884.4364464627, "new_energy_charge": -485304.8080711918, "energy_charge_savings": 1579.6283752709278, "old_demand_charge": -255652.80517380775, "new_demand_charge": -234348.50579423382, "demand_charge_savings": 21304.29937957393, "retail_profits": 22883.92775484486, "battery_charge_cost": -11320.83137022842, "battery_discharge_revenues": 12900.459745499353, "battery_retail_profits": 1579.6283752709332, "battery_export_revenue": 0.0, "total_profits": 22883.927754844866, "irr": 0.16548, "npv": 62818.574}}