{"key_params": {"location": "CA_China.Lake.NAF.746120_TMY3", "customer_type": "Hospital", "demand_charge": 20, "export_price": 0.0, "export_price_type": "None", "battery_size_kWh": 300, "battery_power_kW": 150.0, "min_soc": 0.05, "max_soc": 1.0, "one_way_efficiency": 0.92, "start_soc": 0.5, "n_horizon": 24, "n_control": 12}, "savings": {"old_energy_charge": -247439.5980502697, "new_energy_charge": -247056.00209104051, "energy_charge_savings": 383.59595922919107, "old_demand_charge": -83960.44413905765, "new_demand_charge": -74886.27254703325, "demand_charge_savings": 9074.171592024402, "retail_profits": 9457.767551253593, "battery_charge_cost": -11631.394701182768, "battery_discharge_revenues": 12014.99066041198, "battery_retail_profits": 383.5959592292129, "battery_export_revenue": 0.0, "total_profits": 9457.767551253615, "irr": 0.01664, "npv": -22052.566}}