{"key_params": {"location": "CA_Blythe-Riverside.County", "customer_type": "Restaurant", "demand_charge": 20, "export_price": 0.0, "export_price_type": "None", "battery_size_kWh": 300, "battery_power_kW": 150.0, "min_soc": 0.05, "max_soc": 1.0, "one_way_efficiency": 0.92, "start_soc": 0.5, "n_horizon": 24, "n_control": 12}, "savings": {"old_energy_charge": -557411.0298352358, "new_energy_charge": -555748.6248066244, "energy_charge_savings": 1662.4050286114216, "old_demand_charge": -204176.84810498863, "new_demand_charge": -182667.46191680396, "demand_charge_savings": 21509.386188184668, "retail_profits": 23171.79121679609, "battery_charge_cost": -12793.843406473754, "battery_discharge_revenues": 14456.24843508509, "battery_retail_profits": 1662.405028611336, "battery_export_revenue": 0.0, "total_profits": 23171.791216796002, "irr": 0.16832, "npv": 64634.6}}