{"key_params": {"location": "CA_Chino", "customer_type": "Office", "demand_charge": 20, "export_price": 0.0, "export_price_type": "None", "battery_size_kWh": 300, "battery_power_kW": 150.0, "min_soc": 0.05, "max_soc": 1.0, "one_way_efficiency": 0.92, "start_soc": 0.5, "n_horizon": 24, "n_control": 12}, "savings": {"old_energy_charge": -525597.4341778146, "new_energy_charge": -524804.7210475157, "energy_charge_savings": 792.7131302988855, "old_demand_charge": -261968.09651767075, "new_demand_charge": -241648.4436921848, "demand_charge_savings": 20319.652825485944, "retail_profits": 21112.36595578483, "battery_charge_cost": -11694.853365080362, "battery_discharge_revenues": 12487.56649537925, "battery_retail_profits": 792.7131302988873, "battery_export_revenue": 0.0, "total_profits": 21112.36595578483, "irr": 0.14785, "npv": 51642.44}}