{"key_params": {"location": "CA_Bakersfield-Meadows.Field.723840_TMY3", "customer_type": "Hotel", "demand_charge": 20, "export_price": 0.0, "export_price_type": "None", "battery_size_kWh": 300, "battery_power_kW": 150.0, "min_soc": 0.05, "max_soc": 1.0, "one_way_efficiency": 0.92, "start_soc": 0.5, "n_horizon": 24, "n_control": 12}, "savings": {"old_energy_charge": -327228.6788342289, "new_energy_charge": -325020.29200244416, "energy_charge_savings": 2208.3868317847373, "old_demand_charge": -119021.36272571934, "new_demand_charge": -96481.33056885346, "demand_charge_savings": 22540.032156865884, "retail_profits": 24748.41898865062, "battery_charge_cost": -12791.863509348106, "battery_discharge_revenues": 15000.250341132893, "battery_retail_profits": 2208.3868317847864, "battery_export_revenue": 0.0, "total_profits": 24748.418988650672, "irr": 0.18371, "npv": 74580.967}}