{"key_params": {"location": "CA_Camp.Pendleton.MCAS.722926_TMY3", "customer_type": "Market", "demand_charge": 20, "export_price": 0.0, "export_price_type": "None", "battery_size_kWh": 300, "battery_power_kW": 150.0, "min_soc": 0.05, "max_soc": 1.0, "one_way_efficiency": 0.92, "start_soc": 0.5, "n_horizon": 24, "n_control": 12}, "savings": {"old_energy_charge": -370225.25187388406, "new_energy_charge": -369773.6657025558, "energy_charge_savings": 451.58617132826475, "old_demand_charge": -143203.20316640148, "new_demand_charge": -127724.78748653732, "demand_charge_savings": 15478.415679864163, "retail_profits": 15930.001851192428, "battery_charge_cost": -11970.638451576673, "battery_discharge_revenues": 12422.224622904896, "battery_retail_profits": 451.5861713282229, "battery_export_revenue": 0.0, "total_profits": 15930.001851192386, "irr": 0.09381, "npv": 18948.802}}