{"key_params": {"location": "CA_Blue.Canyon", "customer_type": "Office", "demand_charge": 20, "export_price": 0.0, "export_price_type": "None", "battery_size_kWh": 300, "battery_power_kW": 150.0, "min_soc": 0.05, "max_soc": 1.0, "one_way_efficiency": 0.92, "start_soc": 0.5, "n_horizon": 24, "n_control": 12}, "savings": {"old_energy_charge": -396196.9043401963, "new_energy_charge": -394409.73812413454, "energy_charge_savings": 1787.1662160617416, "old_demand_charge": -250567.93309833453, "new_demand_charge": -220538.82380552907, "demand_charge_savings": 30029.109292805457, "retail_profits": 31816.2755088672, "battery_charge_cost": -11778.414593720592, "battery_discharge_revenues": 13565.580809782377, "battery_retail_profits": 1787.1662160617852, "battery_export_revenue": 0.0, "total_profits": 31816.275508867242, "irr": 0.2506, "npv": 119169.486}}