{"key_params": {"location": "CA_Blythe-Riverside.County", "customer_type": "Hotel", "demand_charge": 20, "export_price": 0.0, "export_price_type": "None", "battery_size_kWh": 300, "battery_power_kW": 150.0, "min_soc": 0.05, "max_soc": 1.0, "one_way_efficiency": 0.92, "start_soc": 0.5, "n_horizon": 24, "n_control": 12}, "savings": {"old_energy_charge": -307870.4038126673, "new_energy_charge": -305573.0754551395, "energy_charge_savings": 2297.328357527789, "old_demand_charge": -111026.46063264893, "new_demand_charge": -89172.88523612327, "demand_charge_savings": 21853.57539652566, "retail_profits": 24150.90375405345, "battery_charge_cost": -12339.842540641057, "battery_discharge_revenues": 14637.170898168835, "battery_retail_profits": 2297.3283575277783, "battery_export_revenue": 0.0, "total_profits": 24150.903754053437, "irr": 0.1779, "npv": 70811.462}}