{"key_params": {"location": "CA_Montague-Siskiyou.County", "customer_type": "School", "demand_charge": 20, "export_price": 0.0, "export_price_type": "None", "battery_size_kWh": 300, "battery_power_kW": 150.0, "min_soc": 0.05, "max_soc": 1.0, "one_way_efficiency": 0.92, "start_soc": 0.5, "n_horizon": 24, "n_control": 12}, "savings": {"old_energy_charge": -510076.5051150405, "new_energy_charge": -508066.83707983827, "energy_charge_savings": 2009.6680352022522, "old_demand_charge": -317259.582196969, "new_demand_charge": -291949.50785023556, "demand_charge_savings": 25310.074346733454, "retail_profits": 27319.742381935706, "battery_charge_cost": -10780.65419985811, "battery_discharge_revenues": 12790.322235060321, "battery_retail_profits": 2009.6680352022104, "battery_export_revenue": 0.0, "total_profits": 27319.742381935663, "irr": 0.20839, "npv": 90802.505}}