{"key_params": {"location": "CA_Twentynine.Palms.690150_TMY3", "customer_type": "Hotel", "demand_charge": 20, "export_price": 0.0, "export_price_type": "None", "battery_size_kWh": 300, "battery_power_kW": 150.0, "min_soc": 0.05, "max_soc": 1.0, "one_way_efficiency": 0.92, "start_soc": 0.5, "n_horizon": 24, "n_control": 12}, "savings": {"old_energy_charge": -373256.61699616053, "new_energy_charge": -370843.6966333833, "energy_charge_savings": 2412.9203627772513, "old_demand_charge": -147636.2866445817, "new_demand_charge": -124629.6191044151, "demand_charge_savings": 23006.6675401666, "retail_profits": 25419.58790294385, "battery_charge_cost": -11714.713909084265, "battery_discharge_revenues": 14127.6342718616, "battery_retail_profits": 2412.920362777335, "battery_export_revenue": 0.0, "total_profits": 25419.587902943935, "irr": 0.1902, "npv": 78815.126}}