{"key_params": {"location": "CA_Montague-Siskiyou.County", "customer_type": "Hotel", "demand_charge": 20, "export_price": 0.0, "export_price_type": "None", "battery_size_kWh": 300, "battery_power_kW": 150.0, "min_soc": 0.05, "max_soc": 1.0, "one_way_efficiency": 0.92, "start_soc": 0.5, "n_horizon": 24, "n_control": 12}, "savings": {"old_energy_charge": -349495.35334324004, "new_energy_charge": -347288.96988629835, "energy_charge_savings": 2206.383456941694, "old_demand_charge": -130147.20242939271, "new_demand_charge": -106767.73498135901, "demand_charge_savings": 23379.467448033698, "retail_profits": 25585.850904975392, "battery_charge_cost": -12806.770497469597, "battery_discharge_revenues": 15013.153954411247, "battery_retail_profits": 2206.3834569416504, "battery_export_revenue": 0.0, "total_profits": 25585.85090497535, "irr": 0.1918, "npv": 79864.018}}