{"key_params": {"location": "CA_Napa.County", "customer_type": "Restaurant", "demand_charge": 20, "export_price": 0.0, "export_price_type": "None", "battery_size_kWh": 300, "battery_power_kW": 150.0, "min_soc": 0.05, "max_soc": 1.0, "one_way_efficiency": 0.92, "start_soc": 0.5, "n_horizon": 24, "n_control": 12}, "savings": {"old_energy_charge": -436333.36040642724, "new_energy_charge": -436391.4748176607, "energy_charge_savings": -58.11441123345867, "old_demand_charge": -153555.17468579815, "new_demand_charge": -132868.47164091605, "demand_charge_savings": 20686.703044882102, "retail_profits": 20628.588633648644, "battery_charge_cost": -18928.357270850534, "battery_discharge_revenues": 18870.242859617152, "battery_retail_profits": -58.11441123338227, "battery_export_revenue": 0.0, "total_profits": 20628.58863364872, "irr": 0.14297, "npv": 48590.466}}