{"key_params": {"location": "CA_Blue.Canyon", "customer_type": "Market", "demand_charge": 20, "export_price": 0.0, "export_price_type": "None", "battery_size_kWh": 300, "battery_power_kW": 150.0, "min_soc": 0.05, "max_soc": 1.0, "one_way_efficiency": 0.92, "start_soc": 0.5, "n_horizon": 24, "n_control": 12}, "savings": {"old_energy_charge": -399681.5786964879, "new_energy_charge": -399209.2810615495, "energy_charge_savings": 472.29763493838254, "old_demand_charge": -156984.63822192576, "new_demand_charge": -141090.24820845667, "demand_charge_savings": 15894.390013469092, "retail_profits": 16366.687648407475, "battery_charge_cost": -12097.05823838274, "battery_discharge_revenues": 12569.355873321205, "battery_retail_profits": 472.2976349384644, "battery_export_revenue": 0.0, "total_profits": 16366.687648407556, "irr": 0.09855, "npv": 21703.693}}