{"key_params": {"location": "CA_Redding.Muni", "customer_type": "Office", "demand_charge": 20, "export_price": 0.0, "export_price_type": "None", "battery_size_kWh": 300, "battery_power_kW": 150.0, "min_soc": 0.05, "max_soc": 1.0, "one_way_efficiency": 0.92, "start_soc": 0.5, "n_horizon": 24, "n_control": 12}, "savings": {"old_energy_charge": -416862.5302808476, "new_energy_charge": -415281.0529049494, "energy_charge_savings": 1581.4773758982192, "old_demand_charge": -257518.21083715258, "new_demand_charge": -230637.5552865393, "demand_charge_savings": 26880.65555061327, "retail_profits": 28462.13292651149, "battery_charge_cost": -11863.639711209102, "battery_discharge_revenues": 13445.11708710732, "battery_retail_profits": 1581.4773758982174, "battery_export_revenue": 0.0, "total_profits": 28462.13292651149, "irr": 0.21921, "npv": 98009.428}}