{"key_params": {"location": "CA_Yuba.County", "customer_type": "Restaurant", "demand_charge": 20, "export_price": 0.0, "export_price_type": "None", "battery_size_kWh": 300, "battery_power_kW": 150.0, "min_soc": 0.05, "max_soc": 1.0, "one_way_efficiency": 0.92, "start_soc": 0.5, "n_horizon": 24, "n_control": 12}, "savings": {"old_energy_charge": -456552.47254610184, "new_energy_charge": -455732.2192016979, "energy_charge_savings": 820.2533444039291, "old_demand_charge": -167084.18635939545, "new_demand_charge": -146039.328130615, "demand_charge_savings": 21044.858228780446, "retail_profits": 21865.111573184375, "battery_charge_cost": -16642.09737187232, "battery_discharge_revenues": 17462.350716276236, "battery_retail_profits": 820.2533444039145, "battery_export_revenue": 0.0, "total_profits": 21865.11157318436, "irr": 0.15538, "npv": 56391.236}}