{"key_params": {"location": "CA_Mountain.View-Moffett.Field.NAS.745090_TMY3", "customer_type": "Office", "demand_charge": 20, "export_price": 0.0, "export_price_type": "None", "battery_size_kWh": 300, "battery_power_kW": 150.0, "min_soc": 0.05, "max_soc": 1.0, "one_way_efficiency": 0.92, "start_soc": 0.5, "n_horizon": 24, "n_control": 12}, "savings": {"old_energy_charge": -298321.54052534443, "new_energy_charge": -297336.4865974371, "energy_charge_savings": 985.0539279073128, "old_demand_charge": -152878.5968516819, "new_demand_charge": -137716.79134033184, "demand_charge_savings": 15161.805511350074, "retail_profits": 16146.859439257387, "battery_charge_cost": -11490.67034053089, "battery_discharge_revenues": 12475.7242684382, "battery_retail_profits": 985.0539279073091, "battery_export_revenue": 0.0, "total_profits": 16146.859439257383, "irr": 0.09617, "npv": 20316.877}}