{"key_params": {"location": "CA_Bakersfield-Meadows.Field.723840_TMY3", "customer_type": "School", "demand_charge": 20, "export_price": 0.0, "export_price_type": "None", "battery_size_kWh": 300, "battery_power_kW": 150.0, "min_soc": 0.05, "max_soc": 1.0, "one_way_efficiency": 0.92, "start_soc": 0.5, "n_horizon": 24, "n_control": 12}, "savings": {"old_energy_charge": -381295.8942607319, "new_energy_charge": -379305.3122583641, "energy_charge_savings": 1990.582002367766, "old_demand_charge": -229061.69276408735, "new_demand_charge": -211042.61067058716, "demand_charge_savings": 18019.082093500183, "retail_profits": 20009.66409586795, "battery_charge_cost": -10858.081843855936, "battery_discharge_revenues": 12848.66384622375, "battery_retail_profits": 1990.5820023678134, "battery_export_revenue": 0.0, "total_profits": 20009.664095867996, "irr": 0.13669, "npv": 44685.897}}