{"key_params": {"location": "CA_Mountain.View-Moffett.Field.NAS.745090_TMY3", "customer_type": "Apartment", "demand_charge": 20, "export_price": 0.0, "export_price_type": "None", "battery_size_kWh": 300, "battery_power_kW": 150.0, "min_soc": 0.05, "max_soc": 1.0, "one_way_efficiency": 0.92, "start_soc": 0.5, "n_horizon": 24, "n_control": 12}, "savings": {"old_energy_charge": -347978.02197855804, "new_energy_charge": -345217.53585435945, "energy_charge_savings": 2760.4861241985927, "old_demand_charge": -152475.96703376013, "new_demand_charge": -131294.33789311984, "demand_charge_savings": 21181.62914064029, "retail_profits": 23942.11526483888, "battery_charge_cost": -10729.564239130435, "battery_discharge_revenues": 13490.050363329095, "battery_retail_profits": 2760.48612419866, "battery_export_revenue": 0.0, "total_profits": 23942.115264838947, "irr": 0.17586, "npv": 69494.292}}