{"key_params": {"location": "CA_Blue.Canyon", "customer_type": "Hospital", "demand_charge": 20, "export_price": 0.0, "export_price_type": "None", "battery_size_kWh": 300, "battery_power_kW": 150.0, "min_soc": 0.05, "max_soc": 1.0, "one_way_efficiency": 0.92, "start_soc": 0.5, "n_horizon": 24, "n_control": 12}, "savings": {"old_energy_charge": -250478.81506349958, "new_energy_charge": -249925.55952253478, "energy_charge_savings": 553.2555409648048, "old_demand_charge": -85222.71914741962, "new_demand_charge": -77350.63828310769, "demand_charge_savings": 7872.0808643119235, "retail_profits": 8425.336405276728, "battery_charge_cost": -11598.82843945956, "battery_discharge_revenues": 12152.083980424397, "battery_retail_profits": 553.2555409648376, "battery_export_revenue": 0.0, "total_profits": 8425.336405276761, "irr": 0.00157, "npv": -28912.056}}