{"key_params": {"location": "CA_Crescent.City-Jack.McNamara.Field.725946_TMY3", "customer_type": "School", "demand_charge": 20, "export_price": 0.0, "export_price_type": "None", "battery_size_kWh": 300, "battery_power_kW": 150.0, "min_soc": 0.05, "max_soc": 1.0, "one_way_efficiency": 0.92, "start_soc": 0.5, "n_horizon": 24, "n_control": 12}, "savings": {"old_energy_charge": -408447.62367559894, "new_energy_charge": -407348.98410463845, "energy_charge_savings": 1098.639570960484, "old_demand_charge": -265526.3112953206, "new_demand_charge": -247253.1037299913, "demand_charge_savings": 18273.20756532927, "retail_profits": 19371.847136289754, "battery_charge_cost": -11569.64926193369, "battery_discharge_revenues": 12668.288832894172, "battery_retail_profits": 1098.6395709604822, "battery_export_revenue": 0.0, "total_profits": 19371.847136289754, "irr": 0.13016, "npv": 40662.144}}