{"key_params": {"location": "CA_Red.Bluff.Muni", "customer_type": "School", "demand_charge": 20, "export_price": 0.0, "export_price_type": "None", "battery_size_kWh": 300, "battery_power_kW": 150.0, "min_soc": 0.05, "max_soc": 1.0, "one_way_efficiency": 0.92, "start_soc": 0.5, "n_horizon": 24, "n_control": 12}, "savings": {"old_energy_charge": -374888.423033057, "new_energy_charge": -373392.053216669, "energy_charge_savings": 1496.3698163880035, "old_demand_charge": -224719.0887316082, "new_demand_charge": -205947.1999774131, "demand_charge_savings": 18771.888754195097, "retail_profits": 20268.2585705831, "battery_charge_cost": -11172.358043719396, "battery_discharge_revenues": 12668.727860107376, "battery_retail_profits": 1496.3698163879799, "battery_export_revenue": 0.0, "total_profits": 20268.25857058308, "irr": 0.13932, "npv": 46317.275}}