{"key_params": {"location": "CA_Chino", "customer_type": "Market", "demand_charge": 20, "export_price": 0.0, "export_price_type": "None", "battery_size_kWh": 300, "battery_power_kW": 150.0, "min_soc": 0.05, "max_soc": 1.0, "one_way_efficiency": 0.92, "start_soc": 0.5, "n_horizon": 24, "n_control": 12}, "savings": {"old_energy_charge": -379684.034647426, "new_energy_charge": -379005.7701710494, "energy_charge_savings": 678.2644763765857, "old_demand_charge": -151243.92325606977, "new_demand_charge": -136996.87558943703, "demand_charge_savings": 14247.047666632745, "retail_profits": 14925.31214300933, "battery_charge_cost": -11816.617860887894, "battery_discharge_revenues": 12494.882337264491, "battery_retail_profits": 678.2644763765966, "battery_export_revenue": 0.0, "total_profits": 14925.312143009342, "irr": 0.08276, "npv": 12610.583}}