{"key_params": {"location": "CA_South.Lake.Tahoe-Lake.Tahoe", "customer_type": "Office", "demand_charge": 20, "export_price": 0.0, "export_price_type": "None", "battery_size_kWh": 300, "battery_power_kW": 150.0, "min_soc": 0.05, "max_soc": 1.0, "one_way_efficiency": 0.92, "start_soc": 0.5, "n_horizon": 24, "n_control": 12}, "savings": {"old_energy_charge": -409975.81929695973, "new_energy_charge": -407875.1080536897, "energy_charge_savings": 2100.7112432700233, "old_demand_charge": -256728.021725131, "new_demand_charge": -225791.4818333217, "demand_charge_savings": 30936.539891809283, "retail_profits": 33037.25113507931, "battery_charge_cost": -11767.0296574746, "battery_discharge_revenues": 13867.740900744657, "battery_retail_profits": 2100.711243270056, "battery_export_revenue": 0.0, "total_profits": 33037.251135079336, "irr": 0.2619, "npv": 126872.174}}