{"key_params": {"location": "CA_Lemoore.NAS.747020_TMY3", "customer_type": "School", "demand_charge": 20, "export_price": 0.0, "export_price_type": "None", "battery_size_kWh": 300, "battery_power_kW": 150.0, "min_soc": 0.05, "max_soc": 1.0, "one_way_efficiency": 0.92, "start_soc": 0.5, "n_horizon": 24, "n_control": 12}, "savings": {"old_energy_charge": -636387.0319816014, "new_energy_charge": -634450.7114013024, "energy_charge_savings": 1936.3205802990124, "old_demand_charge": -391506.1778778053, "new_demand_charge": -367707.10035180836, "demand_charge_savings": 23799.077525996952, "retail_profits": 25735.398106295965, "battery_charge_cost": -10923.825167358154, "battery_discharge_revenues": 12860.145747657261, "battery_retail_profits": 1936.320580299107, "battery_export_revenue": 0.0, "total_profits": 25735.39810629606, "irr": 0.19324, "npv": 80807.457}}