{"key_params": {"location": "CA_Napa.County", "customer_type": "School", "demand_charge": 20, "export_price": 0.0, "export_price_type": "None", "battery_size_kWh": 300, "battery_power_kW": 150.0, "min_soc": 0.05, "max_soc": 1.0, "one_way_efficiency": 0.92, "start_soc": 0.5, "n_horizon": 24, "n_control": 12}, "savings": {"old_energy_charge": -544742.2847492422, "new_energy_charge": -542649.2859097875, "energy_charge_savings": 2092.9988394547254, "old_demand_charge": -383286.58883663994, "new_demand_charge": -358880.5509598655, "demand_charge_savings": 24406.03787677444, "retail_profits": 26499.036716229166, "battery_charge_cost": -10914.796529316754, "battery_discharge_revenues": 13007.795368771436, "battery_retail_profits": 2092.9988394546817, "battery_export_revenue": 0.0, "total_profits": 26499.036716229122, "irr": 0.20056, "npv": 85624.973}}