{"key_params": {"location": "CA_Truckee.Tahoe", "customer_type": "Apartment", "demand_charge": 20, "export_price": 0.0, "export_price_type": "None", "battery_size_kWh": 300, "battery_power_kW": 150.0, "min_soc": 0.05, "max_soc": 1.0, "one_way_efficiency": 0.92, "start_soc": 0.5, "n_horizon": 24, "n_control": 12}, "savings": {"old_energy_charge": -320684.02640399465, "new_energy_charge": -317922.13761716266, "energy_charge_savings": 2761.888786831987, "old_demand_charge": -137890.78898573198, "new_demand_charge": -117288.55210605732, "demand_charge_savings": 20602.23687967466, "retail_profits": 23364.125666506647, "battery_charge_cost": -10729.564239130434, "battery_discharge_revenues": 13491.453025962483, "battery_retail_profits": 2761.888786832049, "battery_export_revenue": 0.0, "total_profits": 23364.12566650671, "irr": 0.17021, "npv": 65847.967}}