{"key_params": {"location": "CA_Edwards.AFB.723810_TMY3", "customer_type": "School", "demand_charge": 20, "export_price": 0.0, "export_price_type": "None", "battery_size_kWh": 300, "battery_power_kW": 150.0, "min_soc": 0.05, "max_soc": 1.0, "one_way_efficiency": 0.92, "start_soc": 0.5, "n_horizon": 24, "n_control": 12}, "savings": {"old_energy_charge": -612998.3646187165, "new_energy_charge": -611001.6597351973, "energy_charge_savings": 1996.7048835192109, "old_demand_charge": -387354.7276765099, "new_demand_charge": -364279.41004026635, "demand_charge_savings": 23075.317636243533, "retail_profits": 25072.022519762744, "battery_charge_cost": -10917.124395784575, "battery_discharge_revenues": 12913.829279303873, "battery_retail_profits": 1996.7048835192982, "battery_export_revenue": 0.0, "total_profits": 25072.02251976283, "irr": 0.18684, "npv": 76622.463}}