{"key_params": {"location": "CA_Santa.Maria.Public", "customer_type": "Market", "demand_charge": 20, "export_price": 0.0, "export_price_type": "None", "battery_size_kWh": 300, "battery_power_kW": 150.0, "min_soc": 0.05, "max_soc": 1.0, "one_way_efficiency": 0.92, "start_soc": 0.5, "n_horizon": 24, "n_control": 12}, "savings": {"old_energy_charge": -378140.0025301742, "new_energy_charge": -377913.0372015844, "energy_charge_savings": 226.96532858983846, "old_demand_charge": -147435.50021379656, "new_demand_charge": -130958.68358210966, "demand_charge_savings": 16476.816631686903, "retail_profits": 16703.78196027674, "battery_charge_cost": -12007.133484941112, "battery_discharge_revenues": 12234.098813530929, "battery_retail_profits": 226.96532858981664, "battery_export_revenue": 0.0, "total_profits": 16703.78196027672, "irr": 0.10218, "npv": 23830.297}}