{"key_params": {"location": "CA_San.Diego-Lindbergh.Field.722900_TMY3", "customer_type": "School", "demand_charge": 20, "export_price": 0.0, "export_price_type": "None", "battery_size_kWh": 300, "battery_power_kW": 150.0, "min_soc": 0.05, "max_soc": 1.0, "one_way_efficiency": 0.92, "start_soc": 0.5, "n_horizon": 24, "n_control": 12}, "savings": {"old_energy_charge": -355603.7366888035, "new_energy_charge": -354097.08586224366, "energy_charge_savings": 1506.6508265598095, "old_demand_charge": -204172.0080219593, "new_demand_charge": -187968.8073763888, "demand_charge_savings": 16203.200645570498, "retail_profits": 17709.851472130307, "battery_charge_cost": -11204.7256003932, "battery_discharge_revenues": 12711.376426953057, "battery_retail_profits": 1506.6508265598568, "battery_export_revenue": 0.0, "total_profits": 17709.851472130355, "irr": 0.11287, "npv": 30177.222}}