{"key_params": {"location": "CA_Long.Beach-Daugherty.Field.722970_TMY3", "customer_type": "Hotel", "demand_charge": 20, "export_price": 0.0, "export_price_type": "None", "battery_size_kWh": 300, "battery_power_kW": 150.0, "min_soc": 0.05, "max_soc": 1.0, "one_way_efficiency": 0.92, "start_soc": 0.5, "n_horizon": 24, "n_control": 12}, "savings": {"old_energy_charge": -340831.905679451, "new_energy_charge": -338580.2467190229, "energy_charge_savings": 2251.658960428089, "old_demand_charge": -122802.90490094008, "new_demand_charge": -100424.20683864517, "demand_charge_savings": 22378.698062294905, "retail_profits": 24630.357022722994, "battery_charge_cost": -12691.58192491268, "battery_discharge_revenues": 14943.240885340803, "battery_retail_profits": 2251.6589604281235, "battery_export_revenue": 0.0, "total_profits": 24630.35702272303, "irr": 0.18256, "npv": 73836.157}}