{"key_params": {"location": "CA_San.Diego-Miramar.NAS.722930_TMY3", "customer_type": "Apartment", "demand_charge": 20, "export_price": 0.0, "export_price_type": "None", "battery_size_kWh": 300, "battery_power_kW": 150.0, "min_soc": 0.05, "max_soc": 1.0, "one_way_efficiency": 0.92, "start_soc": 0.5, "n_horizon": 24, "n_control": 12}, "savings": {"old_energy_charge": -345832.2641551469, "new_energy_charge": -343068.5508131659, "energy_charge_savings": 2763.713341980998, "old_demand_charge": -145694.86663770286, "new_demand_charge": -124533.16789008467, "demand_charge_savings": 21161.698747618182, "retail_profits": 23925.41208959918, "battery_charge_cost": -10729.564239130435, "battery_discharge_revenues": 13493.277581111435, "battery_retail_profits": 2763.7133419809998, "battery_export_revenue": 0.0, "total_profits": 23925.41208959918, "irr": 0.1757, "npv": 69388.918}}