{"key_params": {"location": "CA_Fairfield-Travis.AFB.745160_TMY3", "customer_type": "Office", "demand_charge": 20, "export_price": 0.0, "export_price_type": "None", "battery_size_kWh": 300, "battery_power_kW": 150.0, "min_soc": 0.05, "max_soc": 1.0, "one_way_efficiency": 0.92, "start_soc": 0.5, "n_horizon": 24, "n_control": 12}, "savings": {"old_energy_charge": -501866.1957693058, "new_energy_charge": -500930.3732454448, "energy_charge_savings": 935.8225238610175, "old_demand_charge": -254479.04171591418, "new_demand_charge": -235434.8244346943, "demand_charge_savings": 19044.21728121987, "retail_profits": 19980.039805080887, "battery_charge_cost": -11559.30775367631, "battery_discharge_revenues": 12495.130277537288, "battery_retail_profits": 935.8225238609775, "battery_export_revenue": 0.0, "total_profits": 19980.039805080847, "irr": 0.13639, "npv": 44499.009}}