{"key_params": {"location": "CA_Modesto.Muni", "customer_type": "Office", "demand_charge": 20, "export_price": 0.0, "export_price_type": "None", "battery_size_kWh": 300, "battery_power_kW": 150.0, "min_soc": 0.05, "max_soc": 1.0, "one_way_efficiency": 0.92, "start_soc": 0.5, "n_horizon": 24, "n_control": 12}, "savings": {"old_energy_charge": -404056.1588854269, "new_energy_charge": -402219.4791177935, "energy_charge_savings": 1836.6797676333808, "old_demand_charge": -249717.93278564565, "new_demand_charge": -220757.16765704288, "demand_charge_savings": 28960.76512860277, "retail_profits": 30797.44489623615, "battery_charge_cost": -11481.105621067632, "battery_discharge_revenues": 13317.785388701048, "battery_retail_profits": 1836.6797676334154, "battery_export_revenue": 0.0, "total_profits": 30797.444896236186, "irr": 0.24112, "npv": 112742.056}}