{"key_params": {"location": "CA_Imperial.County", "customer_type": "Hospital", "demand_charge": 20, "export_price": 0.0, "export_price_type": "None", "battery_size_kWh": 300, "battery_power_kW": 150.0, "min_soc": 0.05, "max_soc": 1.0, "one_way_efficiency": 0.92, "start_soc": 0.5, "n_horizon": 24, "n_control": 12}, "savings": {"old_energy_charge": -240851.13266837262, "new_energy_charge": -240597.07439808507, "energy_charge_savings": 254.05827028755448, "old_demand_charge": -78121.87077412446, "new_demand_charge": -69871.2440650565, "demand_charge_savings": 8250.626709067961, "retail_profits": 8504.684979355516, "battery_charge_cost": -11641.474935467022, "battery_discharge_revenues": 11895.533205754551, "battery_retail_profits": 254.058270287529, "battery_export_revenue": 0.0, "total_profits": 8504.68497935549, "irr": 0.00279, "npv": -28372.905}}