{"key_params": {"location": "CA_Alturas.725958_TMY3", "customer_type": "Office", "demand_charge": 20, "export_price": 0.0, "export_price_type": "None", "battery_size_kWh": 300, "battery_power_kW": 150.0, "min_soc": 0.05, "max_soc": 1.0, "one_way_efficiency": 0.92, "start_soc": 0.5, "n_horizon": 24, "n_control": 12}, "savings": {"old_energy_charge": -457038.0489188722, "new_energy_charge": -455725.4604741754, "energy_charge_savings": 1312.5884446967975, "old_demand_charge": -237038.4502731307, "new_demand_charge": -216476.95724461932, "demand_charge_savings": 20561.49302851138, "retail_profits": 21874.081473208178, "battery_charge_cost": -11371.906368042159, "battery_discharge_revenues": 12684.494812738874, "battery_retail_profits": 1312.5884446967157, "battery_export_revenue": 0.0, "total_profits": 21874.081473208098, "irr": 0.15547, "npv": 56447.824}}