{"key_params": {"location": "CA_Palmdale", "customer_type": "Restaurant", "demand_charge": 20, "export_price": 0.0, "export_price_type": "None", "battery_size_kWh": 300, "battery_power_kW": 150.0, "min_soc": 0.05, "max_soc": 1.0, "one_way_efficiency": 0.92, "start_soc": 0.5, "n_horizon": 24, "n_control": 12}, "savings": {"old_energy_charge": -507475.73554708564, "new_energy_charge": -506259.8432593196, "energy_charge_savings": 1215.892287766037, "old_demand_charge": -188393.41233858853, "new_demand_charge": -167248.74399079027, "demand_charge_savings": 21144.66834779826, "retail_profits": 22360.560635564296, "battery_charge_cost": -14927.90279597889, "battery_discharge_revenues": 16143.795083744935, "battery_retail_profits": 1215.8922877660461, "battery_export_revenue": 0.0, "total_profits": 22360.560635564303, "irr": 0.16031, "npv": 59516.843}}