{"key_params": {"location": "CA_Santa.Barbara.Muni", "customer_type": "Hospital", "demand_charge": 20, "export_price": 0.0, "export_price_type": "None", "battery_size_kWh": 300, "battery_power_kW": 150.0, "min_soc": 0.05, "max_soc": 1.0, "one_way_efficiency": 0.92, "start_soc": 0.5, "n_horizon": 24, "n_control": 12}, "savings": {"old_energy_charge": -246991.7091788774, "new_energy_charge": -246813.74019105863, "energy_charge_savings": 177.96898781877826, "old_demand_charge": -81810.5425375528, "new_demand_charge": -73491.52298600723, "demand_charge_savings": 8319.01955154557, "retail_profits": 8496.988539364349, "battery_charge_cost": -11630.853304401367, "battery_discharge_revenues": 11808.822292220113, "battery_retail_profits": 177.96898781874552, "battery_export_revenue": 0.0, "total_profits": 8496.988539364316, "irr": 0.00268, "npv": -28424.564}}