{"key_params": {"location": "CA_Bishop", "customer_type": "Apartment", "demand_charge": 20, "export_price": 0.0, "export_price_type": "None", "battery_size_kWh": 300, "battery_power_kW": 150.0, "min_soc": 0.05, "max_soc": 1.0, "one_way_efficiency": 0.92, "start_soc": 0.5, "n_horizon": 24, "n_control": 12}, "savings": {"old_energy_charge": -352369.067968025, "new_energy_charge": -349605.75774176535, "energy_charge_savings": 2763.3102262596367, "old_demand_charge": -150344.11960556585, "new_demand_charge": -130037.60201264257, "demand_charge_savings": 20306.51759292328, "retail_profits": 23069.827819182916, "battery_charge_cost": -10729.564239130434, "battery_discharge_revenues": 13492.87446539007, "battery_retail_profits": 2763.3102262596367, "battery_export_revenue": 0.0, "total_profits": 23069.827819182916, "irr": 0.16731, "npv": 63991.35}}