{"key_params": {"location": "CA_Oakland.Intl", "customer_type": "Apartment", "demand_charge": 20, "export_price": 0.0, "export_price_type": "None", "battery_size_kWh": 300, "battery_power_kW": 150.0, "min_soc": 0.05, "max_soc": 1.0, "one_way_efficiency": 0.92, "start_soc": 0.5, "n_horizon": 24, "n_control": 12}, "savings": {"old_energy_charge": -339627.6129904468, "new_energy_charge": -336865.31968630326, "energy_charge_savings": 2762.2933041435317, "old_demand_charge": -150347.55700267904, "new_demand_charge": -130147.45408660205, "demand_charge_savings": 20200.102916076983, "retail_profits": 22962.396220220515, "battery_charge_cost": -10729.564239130432, "battery_discharge_revenues": 13491.857543274005, "battery_retail_profits": 2762.2933041435736, "battery_export_revenue": 0.0, "total_profits": 22962.39622022056, "irr": 0.16626, "npv": 63313.603}}