{"key_params": {"location": "CA_Porterville.AWOS.723895_TMY3", "customer_type": "School", "demand_charge": 20, "export_price": 0.0, "export_price_type": "None", "battery_size_kWh": 300, "battery_power_kW": 150.0, "min_soc": 0.05, "max_soc": 1.0, "one_way_efficiency": 0.92, "start_soc": 0.5, "n_horizon": 24, "n_control": 12}, "savings": {"old_energy_charge": -372034.90804046055, "new_energy_charge": -370251.67775453907, "energy_charge_savings": 1783.2302859214833, "old_demand_charge": -228451.93974093927, "new_demand_charge": -209630.3659887262, "demand_charge_savings": 18821.573752213066, "retail_profits": 20604.80403813455, "battery_charge_cost": -10994.703021567027, "battery_discharge_revenues": 12777.933307488487, "battery_retail_profits": 1783.2302859214597, "battery_export_revenue": 0.0, "total_profits": 20604.804038134527, "irr": 0.14273, "npv": 48440.417}}