{"key_params": {"location": "CA_South.Lake.Tahoe-Lake.Tahoe", "customer_type": "Hospital", "demand_charge": 20, "export_price": 0.0, "export_price_type": "None", "battery_size_kWh": 300, "battery_power_kW": 150.0, "min_soc": 0.05, "max_soc": 1.0, "one_way_efficiency": 0.92, "start_soc": 0.5, "n_horizon": 24, "n_control": 12}, "savings": {"old_energy_charge": -264784.947812599, "new_energy_charge": -264439.1437145538, "energy_charge_savings": 345.8040980452206, "old_demand_charge": -92097.03445057198, "new_demand_charge": -83468.904632934, "demand_charge_savings": 8628.129817637979, "retail_profits": 8973.9339156832, "battery_charge_cost": -11652.961006469466, "battery_discharge_revenues": 11998.765104514674, "battery_retail_profits": 345.80409804520787, "battery_export_revenue": 0.0, "total_profits": 8973.933915683187, "irr": 0.00977, "npv": -25236.511}}