{"key_params": {"location": "CA_Lancaster-Gen.Wm.Fox.Field.723816_TMY3", "customer_type": "Restaurant", "demand_charge": 20, "export_price": 0.0, "export_price_type": "None", "battery_size_kWh": 300, "battery_power_kW": 150.0, "min_soc": 0.05, "max_soc": 1.0, "one_way_efficiency": 0.92, "start_soc": 0.5, "n_horizon": 24, "n_control": 12}, "savings": {"old_energy_charge": -504967.749734893, "new_energy_charge": -503570.12794109544, "energy_charge_savings": 1397.6217937975307, "old_demand_charge": -189853.0705661923, "new_demand_charge": -167128.85763504676, "demand_charge_savings": 22724.212931145536, "retail_profits": 24121.834724943066, "battery_charge_cost": -14232.751752328788, "battery_discharge_revenues": 15630.37354612632, "battery_retail_profits": 1397.6217937975325, "battery_export_revenue": 0.0, "total_profits": 24121.834724943066, "irr": 0.17762, "npv": 70628.076}}