{"key_params": {"location": "CA_Fullerton.Muni", "customer_type": "Hotel", "demand_charge": 20, "export_price": 0.0, "export_price_type": "None", "battery_size_kWh": 300, "battery_power_kW": 150.0, "min_soc": 0.05, "max_soc": 1.0, "one_way_efficiency": 0.92, "start_soc": 0.5, "n_horizon": 24, "n_control": 12}, "savings": {"old_energy_charge": -371825.40686825046, "new_energy_charge": -369493.6334877531, "energy_charge_savings": 2331.773380497354, "old_demand_charge": -144092.340182285, "new_demand_charge": -121051.14532770596, "demand_charge_savings": 23041.194854579036, "retail_profits": 25372.96823507639, "battery_charge_cost": -12182.339026938325, "battery_discharge_revenues": 14514.11240743563, "battery_retail_profits": 2331.773380497305, "battery_export_revenue": 0.0, "total_profits": 25372.96823507634, "irr": 0.18975, "npv": 78521.019}}