{"key_params": {"location": "CA_Camarillo.AWOS.723926_TMY3", "customer_type": "School", "demand_charge": 20, "export_price": 0.0, "export_price_type": "None", "battery_size_kWh": 300, "battery_power_kW": 150.0, "min_soc": 0.05, "max_soc": 1.0, "one_way_efficiency": 0.92, "start_soc": 0.5, "n_horizon": 24, "n_control": 12}, "savings": {"old_energy_charge": -354052.08823500224, "new_energy_charge": -352532.47634584206, "energy_charge_savings": 1519.61188916018, "old_demand_charge": -218888.07528933542, "new_demand_charge": -197233.38554817598, "demand_charge_savings": 21654.68974115944, "retail_profits": 23174.30163031962, "battery_charge_cost": -11282.315259642548, "battery_discharge_revenues": 12801.927148802803, "battery_retail_profits": 1519.6118891602546, "battery_export_revenue": 0.0, "total_profits": 23174.301630319693, "irr": 0.16834, "npv": 64650.437}}