{"key_params": {"location": "CA_Mountain.View-Moffett.Field.NAS.745090_TMY3", "customer_type": "Hotel", "demand_charge": 20, "export_price": 0.0, "export_price_type": "None", "battery_size_kWh": 300, "battery_power_kW": 150.0, "min_soc": 0.05, "max_soc": 1.0, "one_way_efficiency": 0.92, "start_soc": 0.5, "n_horizon": 24, "n_control": 12}, "savings": {"old_energy_charge": -347961.25403734704, "new_energy_charge": -345715.8493080761, "energy_charge_savings": 2245.4047292709583, "old_demand_charge": -128248.88772696053, "new_demand_charge": -105155.81205088634, "demand_charge_savings": 23093.075676074193, "retail_profits": 25338.48040534515, "battery_charge_cost": -12713.494322519675, "battery_discharge_revenues": 14958.899051790599, "battery_retail_profits": 2245.404729270924, "battery_export_revenue": 0.0, "total_profits": 25338.480405345115, "irr": 0.18941, "npv": 78303.448}}