{"key_params": {"location": "CA_Camarillo.AWOS.723926_TMY3", "customer_type": "Hotel", "demand_charge": 20, "export_price": 0.0, "export_price_type": "None", "battery_size_kWh": 300, "battery_power_kW": 150.0, "min_soc": 0.05, "max_soc": 1.0, "one_way_efficiency": 0.92, "start_soc": 0.5, "n_horizon": 24, "n_control": 12}, "savings": {"old_energy_charge": -346768.71013622516, "new_energy_charge": -344508.01910463796, "energy_charge_savings": 2260.6910315871937, "old_demand_charge": -127438.0451702316, "new_demand_charge": -104355.18393324032, "demand_charge_savings": 23082.861236991288, "retail_profits": 25343.55226857848, "battery_charge_cost": -12597.931756905577, "battery_discharge_revenues": 14858.622788492788, "battery_retail_profits": 2260.691031587212, "battery_export_revenue": 0.0, "total_profits": 25343.5522685785, "irr": 0.18946, "npv": 78335.445}}