{"key_params": {"location": "CA_Sacramento.Exec", "customer_type": "Restaurant", "demand_charge": 20, "export_price": 0.0, "export_price_type": "None", "battery_size_kWh": 300, "battery_power_kW": 150.0, "min_soc": 0.05, "max_soc": 1.0, "one_way_efficiency": 0.92, "start_soc": 0.5, "n_horizon": 24, "n_control": 12}, "savings": {"old_energy_charge": -483653.642805535, "new_energy_charge": -482267.0982755352, "energy_charge_savings": 1386.544529999781, "old_demand_charge": -181990.432265541, "new_demand_charge": -158046.19047165138, "demand_charge_savings": 23944.24179388961, "retail_profits": 25330.78632388939, "battery_charge_cost": -15039.238057522654, "battery_discharge_revenues": 16425.782587522463, "battery_retail_profits": 1386.5445299998082, "battery_export_revenue": 0.0, "total_profits": 25330.78632388942, "irr": 0.18934, "npv": 78254.909}}