{"key_params": {"location": "CA_Oxnard", "customer_type": "Office", "demand_charge": 20, "export_price": 0.0, "export_price_type": "None", "battery_size_kWh": 300, "battery_power_kW": 150.0, "min_soc": 0.05, "max_soc": 1.0, "one_way_efficiency": 0.92, "start_soc": 0.5, "n_horizon": 24, "n_control": 12}, "savings": {"old_energy_charge": -296243.07214250753, "new_energy_charge": -295677.8953333849, "energy_charge_savings": 565.1768091226113, "old_demand_charge": -146242.55185484805, "new_demand_charge": -133203.1542820661, "demand_charge_savings": 13039.397572781949, "retail_profits": 13604.57438190456, "battery_charge_cost": -11664.933195860915, "battery_discharge_revenues": 12230.110004983511, "battery_retail_profits": 565.1768091225968, "battery_export_revenue": 0.0, "total_profits": 13604.574381904546, "irr": 0.06785, "npv": 4278.532}}