{"key_params": {"location": "CA_Camp.Pendleton.MCAS.722926_TMY3", "customer_type": "Office", "demand_charge": 20, "export_price": 0.0, "export_price_type": "None", "battery_size_kWh": 300, "battery_power_kW": 150.0, "min_soc": 0.05, "max_soc": 1.0, "one_way_efficiency": 0.92, "start_soc": 0.5, "n_horizon": 24, "n_control": 12}, "savings": {"old_energy_charge": -521241.26252717944, "new_energy_charge": -520332.6730612187, "energy_charge_savings": 908.5894659607438, "old_demand_charge": -260558.6838673497, "new_demand_charge": -241192.02341785943, "demand_charge_savings": 19366.66044949027, "retail_profits": 20275.249915451015, "battery_charge_cost": -11722.729068408073, "battery_discharge_revenues": 12631.318534368773, "battery_retail_profits": 908.5894659607002, "battery_export_revenue": 0.0, "total_profits": 20275.24991545097, "irr": 0.13939, "npv": 46361.381}}