{"key_params": {"location": "CA_Blue.Canyon", "customer_type": "Hotel", "demand_charge": 20, "export_price": 0.0, "export_price_type": "None", "battery_size_kWh": 300, "battery_power_kW": 150.0, "min_soc": 0.05, "max_soc": 1.0, "one_way_efficiency": 0.92, "start_soc": 0.5, "n_horizon": 24, "n_control": 12}, "savings": {"old_energy_charge": -357777.9676664595, "new_energy_charge": -355514.1125425269, "energy_charge_savings": 2263.85512393259, "old_demand_charge": -143037.69547319144, "new_demand_charge": -118665.55326748366, "demand_charge_savings": 24372.142205707787, "retail_profits": 26635.997329640377, "battery_charge_cost": -12648.183959410804, "battery_discharge_revenues": 14912.039083343387, "battery_retail_profits": 2263.8551239325825, "battery_export_revenue": 0.0, "total_profits": 26635.99732964037, "irr": 0.20187, "npv": 86489.007}}