{"key_params": {"location": "CA_Palmdale", "customer_type": "School", "demand_charge": 20, "export_price": 0.0, "export_price_type": "None", "battery_size_kWh": 300, "battery_power_kW": 150.0, "min_soc": 0.05, "max_soc": 1.0, "one_way_efficiency": 0.92, "start_soc": 0.5, "n_horizon": 24, "n_control": 12}, "savings": {"old_energy_charge": -377542.74714993883, "new_energy_charge": -375896.871383657, "energy_charge_savings": 1645.8757662818534, "old_demand_charge": -233883.30737558365, "new_demand_charge": -214635.34013900143, "demand_charge_savings": 19247.96723658222, "retail_profits": 20893.843002864072, "battery_charge_cost": -11059.851881780987, "battery_discharge_revenues": 12705.727648062795, "battery_retail_profits": 1645.875766281808, "battery_export_revenue": 0.0, "total_profits": 20893.84300286403, "irr": 0.14565, "npv": 50263.858}}