{"key_params": {"location": "CA_Chino", "customer_type": "Hotel", "demand_charge": 20, "export_price": 0.0, "export_price_type": "None", "battery_size_kWh": 300, "battery_power_kW": 150.0, "min_soc": 0.05, "max_soc": 1.0, "one_way_efficiency": 0.92, "start_soc": 0.5, "n_horizon": 24, "n_control": 12}, "savings": {"old_energy_charge": -381426.29103999375, "new_energy_charge": -379049.36802833574, "energy_charge_savings": 2376.9230116580147, "old_demand_charge": -148788.9200149773, "new_demand_charge": -126276.96331296206, "demand_charge_savings": 22511.956702015246, "retail_profits": 24888.87971367326, "battery_charge_cost": -11910.023171091252, "battery_discharge_revenues": 14286.946182749252, "battery_retail_profits": 2376.923011658, "battery_export_revenue": 0.0, "total_profits": 24888.879713673246, "irr": 0.18507, "npv": 75467.082}}