{"key_params": {"location": "CA_Beale.AFB.724837_TMY3", "customer_type": "Restaurant", "demand_charge": 20, "export_price": 0.0, "export_price_type": "None", "battery_size_kWh": 300, "battery_power_kW": 150.0, "min_soc": 0.05, "max_soc": 1.0, "one_way_efficiency": 0.92, "start_soc": 0.5, "n_horizon": 24, "n_control": 12}, "savings": {"old_energy_charge": -499842.87580786017, "new_energy_charge": -498477.56586742454, "energy_charge_savings": 1365.3099404356326, "old_demand_charge": -186656.1399959362, "new_demand_charge": -163801.71813806833, "demand_charge_savings": 22854.421857867856, "retail_profits": 24219.731798303488, "battery_charge_cost": -14950.88648116071, "battery_discharge_revenues": 16316.196421596323, "battery_retail_profits": 1365.3099404356126, "battery_export_revenue": 0.0, "total_profits": 24219.731798303466, "irr": 0.17857, "npv": 71245.673}}