{"key_params": {"location": "CA_Ukiah.Muni", "customer_type": "Office", "demand_charge": 20, "export_price": 0.0, "export_price_type": "None", "battery_size_kWh": 300, "battery_power_kW": 150.0, "min_soc": 0.05, "max_soc": 1.0, "one_way_efficiency": 0.92, "start_soc": 0.5, "n_horizon": 24, "n_control": 12}, "savings": {"old_energy_charge": -306796.9744364324, "new_energy_charge": -305576.2125311767, "energy_charge_savings": 1220.7619052557275, "old_demand_charge": -167610.86499440382, "new_demand_charge": -149626.21076480285, "demand_charge_savings": 17984.654229600972, "retail_profits": 19205.4161348567, "battery_charge_cost": -11389.864629065221, "battery_discharge_revenues": 12610.626534321016, "battery_retail_profits": 1220.7619052557948, "battery_export_revenue": 0.0, "total_profits": 19205.416134856765, "irr": 0.12845, "npv": 39612.191}}