{"key_params": {"location": "CA_Los.Angeles.Intl", "customer_type": "School", "demand_charge": 20, "export_price": 0.0, "export_price_type": "None", "battery_size_kWh": 300, "battery_power_kW": 150.0, "min_soc": 0.05, "max_soc": 1.0, "one_way_efficiency": 0.92, "start_soc": 0.5, "n_horizon": 24, "n_control": 12}, "savings": {"old_energy_charge": -583886.2363865076, "new_energy_charge": -582171.2567819281, "energy_charge_savings": 1714.9796045795083, "old_demand_charge": -360207.39483446593, "new_demand_charge": -340355.18494406925, "demand_charge_savings": 19852.209890396683, "retail_profits": 21567.18949497619, "battery_charge_cost": -11198.356841355053, "battery_discharge_revenues": 12913.336445934578, "battery_retail_profits": 1714.9796045795247, "battery_export_revenue": 0.0, "total_profits": 21567.189494976206, "irr": 0.15241, "npv": 54511.755}}