{"key_params": {"location": "CA_Modesto.Muni", "customer_type": "Office", "demand_charge": 20, "export_price": 0.0, "export_price_type": "None", "battery_size_kWh": 300, "battery_power_kW": 150.0, "min_soc": 0.05, "max_soc": 1.0, "one_way_efficiency": 0.92, "start_soc": 0.5, "n_horizon": 24, "n_control": 12}, "savings": {"old_energy_charge": -313562.5064985595, "new_energy_charge": -312595.68938262865, "energy_charge_savings": 966.8171159308404, "old_demand_charge": -164762.44129858736, "new_demand_charge": -147808.47922507877, "demand_charge_savings": 16953.962073508592, "retail_profits": 17920.779189439432, "battery_charge_cost": -11425.707440132566, "battery_discharge_revenues": 12392.524556063368, "battery_retail_profits": 966.8171159308022, "battery_export_revenue": 0.0, "total_profits": 17920.779189439396, "irr": 0.11509, "npv": 31507.887}}