{"key_params": {"location": "CA_Mountain.View-Moffett.Field.NAS.745090_TMY3", "customer_type": "Restaurant", "demand_charge": 20, "export_price": 0.0, "export_price_type": "None", "battery_size_kWh": 300, "battery_power_kW": 150.0, "min_soc": 0.05, "max_soc": 1.0, "one_way_efficiency": 0.92, "start_soc": 0.5, "n_horizon": 24, "n_control": 12}, "savings": {"old_energy_charge": -436218.17236675083, "new_energy_charge": -436315.5816237109, "energy_charge_savings": -97.40925696009072, "old_demand_charge": -152280.0581474891, "new_demand_charge": -131443.74820652843, "demand_charge_savings": 20836.309940960666, "retail_profits": 20738.900684000575, "battery_charge_cost": -18824.987364507055, "battery_discharge_revenues": 18727.578107546942, "battery_retail_profits": -97.40925696011254, "battery_export_revenue": 0.0, "total_profits": 20738.900684000553, "irr": 0.14409, "npv": 49286.384}}