{"key_params": {"location": "CA_Yuba.County", "customer_type": "Market", "demand_charge": 20, "export_price": 0.0, "export_price_type": "None", "battery_size_kWh": 300, "battery_power_kW": 150.0, "min_soc": 0.05, "max_soc": 1.0, "one_way_efficiency": 0.92, "start_soc": 0.5, "n_horizon": 24, "n_control": 12}, "savings": {"old_energy_charge": -385376.00257925474, "new_energy_charge": -384245.8827091358, "energy_charge_savings": 1130.1198701189132, "old_demand_charge": -153820.5509885082, "new_demand_charge": -140581.25742241455, "demand_charge_savings": 13239.293566093664, "retail_profits": 14369.413436212577, "battery_charge_cost": -11620.925408805844, "battery_discharge_revenues": 12751.045278924736, "battery_retail_profits": 1130.1198701188914, "battery_export_revenue": 0.0, "total_profits": 14369.413436212555, "irr": 0.07654, "npv": 9103.621}}