{"key_params": {"location": "CA_Crescent.City-Jack.McNamara.Field.725946_TMY3", "customer_type": "Apartment", "demand_charge": 20, "export_price": 0.0, "export_price_type": "None", "battery_size_kWh": 300, "battery_power_kW": 150.0, "min_soc": 0.05, "max_soc": 1.0, "one_way_efficiency": 0.92, "start_soc": 0.5, "n_horizon": 24, "n_control": 12}, "savings": {"old_energy_charge": -315982.22209385864, "new_energy_charge": -313219.5246087869, "energy_charge_savings": 2762.6974850717233, "old_demand_charge": -129632.6519389305, "new_demand_charge": -108594.60012094969, "demand_charge_savings": 21038.051817980813, "retail_profits": 23800.749303052537, "battery_charge_cost": -10729.564239130434, "battery_discharge_revenues": 13492.261724202137, "battery_retail_profits": 2762.6974850717033, "battery_export_revenue": 0.0, "total_profits": 23800.749303052515, "irr": 0.17448, "npv": 68602.466}}