{"key_params": {"location": "CA_Santa.Ana-John.Wayne", "customer_type": "Apartment", "demand_charge": 20, "export_price": 0.0, "export_price_type": "None", "battery_size_kWh": 300, "battery_power_kW": 150.0, "min_soc": 0.05, "max_soc": 1.0, "one_way_efficiency": 0.92, "start_soc": 0.5, "n_horizon": 24, "n_control": 12}, "savings": {"old_energy_charge": -345687.4389607119, "new_energy_charge": -342923.2056099907, "energy_charge_savings": 2764.233350721188, "old_demand_charge": -147967.98903834465, "new_demand_charge": -126996.78119532892, "demand_charge_savings": 20971.207843015727, "retail_profits": 23735.441193736915, "battery_charge_cost": -10729.564239130434, "battery_discharge_revenues": 13493.797589851622, "battery_retail_profits": 2764.233350721188, "battery_export_revenue": 0.0, "total_profits": 23735.441193736915, "irr": 0.17384, "npv": 68190.461}}