{"key_params": {"location": "CA_Napa.County", "customer_type": "Hospital", "demand_charge": 20, "export_price": 0.0, "export_price_type": "None", "battery_size_kWh": 300, "battery_power_kW": 150.0, "min_soc": 0.05, "max_soc": 1.0, "one_way_efficiency": 0.92, "start_soc": 0.5, "n_horizon": 24, "n_control": 12}, "savings": {"old_energy_charge": -246126.97862962846, "new_energy_charge": -246142.61340119818, "energy_charge_savings": -15.634771569719305, "old_demand_charge": -80852.2987211287, "new_demand_charge": -72389.41428792209, "demand_charge_savings": 8462.884433206607, "retail_profits": 8447.249661636888, "battery_charge_cost": -11642.212402845445, "battery_discharge_revenues": 11626.577631275717, "battery_retail_profits": -15.6347715697284, "battery_export_revenue": 0.0, "total_profits": 8447.249661636879, "irr": 0.00191, "npv": -28762.902}}