{"key_params": {"location": "CA_Santa.Rosa.AWOS.724957_TMY3", "customer_type": "Hotel", "demand_charge": 20, "export_price": 0.0, "export_price_type": "None", "battery_size_kWh": 300, "battery_power_kW": 150.0, "min_soc": 0.05, "max_soc": 1.0, "one_way_efficiency": 0.92, "start_soc": 0.5, "n_horizon": 24, "n_control": 12}, "savings": {"old_energy_charge": -350734.4101420821, "new_energy_charge": -348487.63788983045, "energy_charge_savings": 2246.772252251627, "old_demand_charge": -131389.87868607038, "new_demand_charge": -107396.33524768813, "demand_charge_savings": 23993.543438382258, "retail_profits": 26240.315690633885, "battery_charge_cost": -12715.417157353524, "battery_discharge_revenues": 14962.189409605156, "battery_retail_profits": 2246.7722522516324, "battery_export_revenue": 0.0, "total_profits": 26240.31569063389, "irr": 0.19809, "npv": 83992.797}}