{"key_params": {"location": "CA_Lemoore.NAS.747020_TMY3", "customer_type": "Office", "demand_charge": 20, "export_price": 0.0, "export_price_type": "None", "battery_size_kWh": 300, "battery_power_kW": 150.0, "min_soc": 0.05, "max_soc": 1.0, "one_way_efficiency": 0.92, "start_soc": 0.5, "n_horizon": 24, "n_control": 12}, "savings": {"old_energy_charge": -512811.8095196978, "new_energy_charge": -511720.9797965372, "energy_charge_savings": 1090.8297231605975, "old_demand_charge": -262354.9031569013, "new_demand_charge": -240937.7570545733, "demand_charge_savings": 21417.146102328, "retail_profits": 22507.975825488596, "battery_charge_cost": -11650.697522558312, "battery_discharge_revenues": 12741.527245718977, "battery_retail_profits": 1090.8297231606648, "battery_export_revenue": 0.0, "total_profits": 22507.975825488662, "irr": 0.16177, "npv": 60446.831}}