{"key_params": {"location": "CA_Fairfield-Travis.AFB.745160_TMY3", "customer_type": "School", "demand_charge": 20, "export_price": 0.0, "export_price_type": "None", "battery_size_kWh": 300, "battery_power_kW": 150.0, "min_soc": 0.05, "max_soc": 1.0, "one_way_efficiency": 0.92, "start_soc": 0.5, "n_horizon": 24, "n_control": 12}, "savings": {"old_energy_charge": -359087.60036917526, "new_energy_charge": -357394.22660100553, "energy_charge_savings": 1693.373768169724, "old_demand_charge": -223064.72088113092, "new_demand_charge": -205121.06889254416, "demand_charge_savings": 17943.65198858676, "retail_profits": 19637.025756756484, "battery_charge_cost": -11123.676173854856, "battery_discharge_revenues": 12817.04994202459, "battery_retail_profits": 1693.3737681697348, "battery_export_revenue": 0.0, "total_profits": 19637.025756756495, "irr": 0.13289, "npv": 42335.059}}