{"key_params": {"location": "CA_Monterey.NAF.724915_TMY3", "customer_type": "Restaurant", "demand_charge": 20, "export_price": 0.0, "export_price_type": "None", "battery_size_kWh": 300, "battery_power_kW": 150.0, "min_soc": 0.05, "max_soc": 1.0, "one_way_efficiency": 0.92, "start_soc": 0.5, "n_horizon": 24, "n_control": 12}, "savings": {"old_energy_charge": -430906.8898749405, "new_energy_charge": -431615.2039905191, "energy_charge_savings": -708.3141155785997, "old_demand_charge": -147194.13085974148, "new_demand_charge": -127118.3638393734, "demand_charge_savings": 20075.767020368075, "retail_profits": 19367.452904789476, "battery_charge_cost": -20817.036907959515, "battery_discharge_revenues": 20108.722792380922, "battery_retail_profits": -708.3141155785925, "battery_export_revenue": 0.0, "total_profits": 19367.452904789483, "irr": 0.13012, "npv": 40634.422}}