{"key_params": {"location": "CA_Chula.Vista-Brown.Field.Muni", "customer_type": "School", "demand_charge": 20, "export_price": 0.0, "export_price_type": "None", "battery_size_kWh": 300, "battery_power_kW": 150.0, "min_soc": 0.05, "max_soc": 1.0, "one_way_efficiency": 0.92, "start_soc": 0.5, "n_horizon": 24, "n_control": 12}, "savings": {"old_energy_charge": -571276.4378580748, "new_energy_charge": -569600.4431705663, "energy_charge_savings": 1675.9946875084424, "old_demand_charge": -367011.53009075194, "new_demand_charge": -348631.2155393337, "demand_charge_savings": 18380.31455141824, "retail_profits": 20056.309238926682, "battery_charge_cost": -11187.046351981528, "battery_discharge_revenues": 12863.041039489855, "battery_retail_profits": 1675.9946875083278, "battery_export_revenue": 0.0, "total_profits": 20056.309238926566, "irr": 0.13717, "npv": 44980.164}}