{"key_params": {"location": "CA_Ukiah.Muni", "customer_type": "Hotel", "demand_charge": 20, "export_price": 0.0, "export_price_type": "None", "battery_size_kWh": 300, "battery_power_kW": 150.0, "min_soc": 0.05, "max_soc": 1.0, "one_way_efficiency": 0.92, "start_soc": 0.5, "n_horizon": 24, "n_control": 12}, "savings": {"old_energy_charge": -346478.8273841392, "new_energy_charge": -344181.5588161348, "energy_charge_savings": 2297.268568004365, "old_demand_charge": -129672.44845138122, "new_demand_charge": -106425.2161158784, "demand_charge_savings": 23247.23233550282, "retail_profits": 25544.500903507185, "battery_charge_cost": -12429.03714418667, "battery_discharge_revenues": 14726.305712190942, "battery_retail_profits": 2297.2685680042723, "battery_export_revenue": 0.0, "total_profits": 25544.50090350709, "irr": 0.1914, "npv": 79603.156}}