{"key_params": {"location": "CA_Sacramento.Exec", "customer_type": "Office", "demand_charge": 20, "export_price": 0.0, "export_price_type": "None", "battery_size_kWh": 300, "battery_power_kW": 150.0, "min_soc": 0.05, "max_soc": 1.0, "one_way_efficiency": 0.92, "start_soc": 0.5, "n_horizon": 24, "n_control": 12}, "savings": {"old_energy_charge": -309829.6357230231, "new_energy_charge": -308567.84369800554, "energy_charge_savings": 1261.792025017552, "old_demand_charge": -162400.4571524559, "new_demand_charge": -145341.1999207942, "demand_charge_savings": 17059.2572316617, "retail_profits": 18321.049256679253, "battery_charge_cost": -11332.7839524094, "battery_discharge_revenues": 12594.575977427023, "battery_retail_profits": 1261.792025017623, "battery_export_revenue": 0.0, "total_profits": 18321.049256679325, "irr": 0.11928, "npv": 34033.045}}