{"key_params": {"location": "CA_Oakland.Intl", "customer_type": "Hospital", "demand_charge": 20, "export_price": 0.0, "export_price_type": "None", "battery_size_kWh": 300, "battery_power_kW": 150.0, "min_soc": 0.05, "max_soc": 1.0, "one_way_efficiency": 0.92, "start_soc": 0.5, "n_horizon": 24, "n_control": 12}, "savings": {"old_energy_charge": -246682.93883843426, "new_energy_charge": -246611.9417633469, "energy_charge_savings": 70.99707508736174, "old_demand_charge": -80836.12871856146, "new_demand_charge": -72977.33902010026, "demand_charge_savings": 7858.789698461202, "retail_profits": 7929.786773548563, "battery_charge_cost": -11635.61133231858, "battery_discharge_revenues": 11706.60840740593, "battery_retail_profits": 70.99707508735082, "battery_export_revenue": 0.0, "total_profits": 7929.786773548552, "irr": -0.00632, "npv": -32312.642}}