{"key_params": {"location": "CA_Camarillo.AWOS.723926_TMY3", "customer_type": "Office", "demand_charge": 20, "export_price": 0.0, "export_price_type": "None", "battery_size_kWh": 300, "battery_power_kW": 150.0, "min_soc": 0.05, "max_soc": 1.0, "one_way_efficiency": 0.92, "start_soc": 0.5, "n_horizon": 24, "n_control": 12}, "savings": {"old_energy_charge": -403409.1213769082, "new_energy_charge": -402080.0289767194, "energy_charge_savings": 1329.0924001887906, "old_demand_charge": -225291.5580965962, "new_demand_charge": -201105.2253974825, "demand_charge_savings": 24186.3326991137, "retail_profits": 25515.42509930249, "battery_charge_cost": -11956.223501486733, "battery_discharge_revenues": 13285.315901675536, "battery_retail_profits": 1329.0924001888034, "battery_export_revenue": 0.0, "total_profits": 25515.425099302505, "irr": 0.19112, "npv": 79419.728}}