{"key_params": {"location": "CA_Bishop", "customer_type": "Hospital", "demand_charge": 20, "export_price": 0.0, "export_price_type": "None", "battery_size_kWh": 300, "battery_power_kW": 150.0, "min_soc": 0.05, "max_soc": 1.0, "one_way_efficiency": 0.92, "start_soc": 0.5, "n_horizon": 24, "n_control": 12}, "savings": {"old_energy_charge": -254221.90521521866, "new_energy_charge": -253941.068281249, "energy_charge_savings": 280.83693396966555, "old_demand_charge": -86501.15947886325, "new_demand_charge": -77336.05135073156, "demand_charge_savings": 9165.108128131687, "retail_profits": 9445.945062101353, "battery_charge_cost": -11643.642378671362, "battery_discharge_revenues": 11924.479312641048, "battery_retail_profits": 280.83693396968556, "battery_export_revenue": 0.0, "total_profits": 9445.945062101373, "irr": 0.01647, "npv": -22129.992}}