{"key_params": {"location": "CA_Sacramento.Metro", "customer_type": "Hospital", "demand_charge": 20, "export_price": 0.0, "export_price_type": "None", "battery_size_kWh": 300, "battery_power_kW": 150.0, "min_soc": 0.05, "max_soc": 1.0, "one_way_efficiency": 0.92, "start_soc": 0.5, "n_horizon": 24, "n_control": 12}, "savings": {"old_energy_charge": -246881.82043031888, "new_energy_charge": -246748.3505306752, "energy_charge_savings": 133.46989964367822, "old_demand_charge": -81062.63597091162, "new_demand_charge": -73140.36065114506, "demand_charge_savings": 7922.275319766559, "retail_profits": 8055.745219410237, "battery_charge_cost": -11643.397805946666, "battery_discharge_revenues": 11776.867705590363, "battery_retail_profits": 133.4698996436964, "battery_export_revenue": 0.0, "total_profits": 8055.745219410255, "irr": -0.00427, "npv": -31442.188}}