{"key_params": {"location": "CA_Needles", "customer_type": "Office", "demand_charge": 20, "export_price": 0.0, "export_price_type": "None", "battery_size_kWh": 300, "battery_power_kW": 150.0, "min_soc": 0.05, "max_soc": 1.0, "one_way_efficiency": 0.92, "start_soc": 0.5, "n_horizon": 24, "n_control": 12}, "savings": {"old_energy_charge": -345907.626079743, "new_energy_charge": -344487.246915985, "energy_charge_savings": 1420.3791637579561, "old_demand_charge": -174882.1562258638, "new_demand_charge": -157895.4691727151, "demand_charge_savings": 16986.687053148693, "retail_profits": 18407.06621690665, "battery_charge_cost": -11269.121900144848, "battery_discharge_revenues": 12689.501063902871, "battery_retail_profits": 1420.3791637580234, "battery_export_revenue": 0.0, "total_profits": 18407.066216906715, "irr": 0.12018, "npv": 34575.694}}