{"key_params": {"location": "CA_Stockton.Metro", "customer_type": "Office", "demand_charge": 20, "export_price": 0.0, "export_price_type": "None", "battery_size_kWh": 300, "battery_power_kW": 150.0, "min_soc": 0.05, "max_soc": 1.0, "one_way_efficiency": 0.92, "start_soc": 0.5, "n_horizon": 24, "n_control": 12}, "savings": {"old_energy_charge": -509167.4583517402, "new_energy_charge": -508217.7942762135, "energy_charge_savings": 949.6640755266999, "old_demand_charge": -262683.87827486225, "new_demand_charge": -239661.62032201668, "demand_charge_savings": 23022.257952845568, "retail_profits": 23971.922028372268, "battery_charge_cost": -11834.218313336934, "battery_discharge_revenues": 12783.882388863709, "battery_retail_profits": 949.6640755267745, "battery_export_revenue": 0.0, "total_profits": 23971.92202837234, "irr": 0.17616, "npv": 69682.332}}