{"key_params": {"location": "CA_San.Francisco.Intl", "customer_type": "Apartment", "demand_charge": 20, "export_price": 0.0, "export_price_type": "None", "battery_size_kWh": 300, "battery_power_kW": 150.0, "min_soc": 0.05, "max_soc": 1.0, "one_way_efficiency": 0.92, "start_soc": 0.5, "n_horizon": 24, "n_control": 12}, "savings": {"old_energy_charge": -338235.9407498176, "new_energy_charge": -335474.32946256513, "energy_charge_savings": 2761.6112872524536, "old_demand_charge": -148305.87630596076, "new_demand_charge": -126976.2523262407, "demand_charge_savings": 21329.623979720054, "retail_profits": 24091.235266972508, "battery_charge_cost": -10729.564239130434, "battery_discharge_revenues": 13491.175526382904, "battery_retail_profits": 2761.61128725247, "battery_export_revenue": 0.0, "total_profits": 24091.235266972522, "irr": 0.17732, "npv": 70435.035}}