{"key_params": {"location": "CA_Sacramento.Exec", "customer_type": "School", "demand_charge": 20, "export_price": 0.0, "export_price_type": "None", "battery_size_kWh": 300, "battery_power_kW": 150.0, "min_soc": 0.05, "max_soc": 1.0, "one_way_efficiency": 0.92, "start_soc": 0.5, "n_horizon": 24, "n_control": 12}, "savings": {"old_energy_charge": -584662.1870269487, "new_energy_charge": -582644.7694961086, "energy_charge_savings": 2017.41753084003, "old_demand_charge": -375932.7227209328, "new_demand_charge": -349877.728908031, "demand_charge_savings": 26054.993812901783, "retail_profits": 28072.411343741813, "battery_charge_cost": -10831.11067513403, "battery_discharge_revenues": 12848.52820597415, "battery_retail_profits": 2017.417530840119, "battery_export_revenue": 0.0, "total_profits": 28072.4113437419, "irr": 0.21553, "npv": 95550.817}}