{"key_params": {"location": "CA_Lemoore.NAS.747020_TMY3", "customer_type": "Hospital", "demand_charge": 20, "export_price": 0.0, "export_price_type": "None", "battery_size_kWh": 300, "battery_power_kW": 150.0, "min_soc": 0.05, "max_soc": 1.0, "one_way_efficiency": 0.92, "start_soc": 0.5, "n_horizon": 24, "n_control": 12}, "savings": {"old_energy_charge": -247039.71227762103, "new_energy_charge": -246737.42972419527, "energy_charge_savings": 302.2825534257572, "old_demand_charge": -82275.87156640735, "new_demand_charge": -73860.43244860336, "demand_charge_savings": 8415.439117803995, "retail_profits": 8717.721671229752, "battery_charge_cost": -11636.639420366128, "battery_discharge_revenues": 11938.921973791868, "battery_retail_profits": 302.28255342574084, "battery_export_revenue": 0.0, "total_profits": 8717.721671229736, "irr": 0.00601, "npv": -26942.983}}