{"key_params": {"location": "CA_Stockton.Metro", "customer_type": "Hospital", "demand_charge": 20, "export_price": 0.0, "export_price_type": "None", "battery_size_kWh": 300, "battery_power_kW": 150.0, "min_soc": 0.05, "max_soc": 1.0, "one_way_efficiency": 0.92, "start_soc": 0.5, "n_horizon": 24, "n_control": 12}, "savings": {"old_energy_charge": -246392.78682833505, "new_energy_charge": -246268.17497800384, "energy_charge_savings": 124.61185033121728, "old_demand_charge": -81010.86720611317, "new_demand_charge": -72976.78359609284, "demand_charge_savings": 8034.0836100203305, "retail_profits": 8158.695460351548, "battery_charge_cost": -11621.986154365377, "battery_discharge_revenues": 11746.59800469662, "battery_retail_profits": 124.61185033124275, "battery_export_revenue": 0.0, "total_profits": 8158.695460351573, "irr": -0.00261, "npv": -30730.735}}