{"key_params": {"location": "CA_Burbank-Glendale-Passadena.Bob.Hope", "customer_type": "Restaurant", "demand_charge": 20, "export_price": 0.0, "export_price_type": "None", "battery_size_kWh": 300, "battery_power_kW": 150.0, "min_soc": 0.05, "max_soc": 1.0, "one_way_efficiency": 0.92, "start_soc": 0.5, "n_horizon": 24, "n_control": 12}, "savings": {"old_energy_charge": -450490.70896169473, "new_energy_charge": -449974.78863744246, "energy_charge_savings": 515.9203242522781, "old_demand_charge": -168781.18535553874, "new_demand_charge": -147672.7426571232, "demand_charge_savings": 21108.442698415543, "retail_profits": 21624.36302266782, "battery_charge_cost": -15882.330302522761, "battery_discharge_revenues": 16398.250626775054, "battery_retail_profits": 515.9203242522926, "battery_export_revenue": 0.0, "total_profits": 21624.363022667836, "irr": 0.15298, "npv": 54872.442}}