{"key_params": {"location": "CA_Fullerton.Muni", "customer_type": "Hospital", "demand_charge": 20, "export_price": 0.0, "export_price_type": "None", "battery_size_kWh": 300, "battery_power_kW": 150.0, "min_soc": 0.05, "max_soc": 1.0, "one_way_efficiency": 0.92, "start_soc": 0.5, "n_horizon": 24, "n_control": 12}, "savings": {"old_energy_charge": -246617.72611411556, "new_energy_charge": -246500.95911065277, "energy_charge_savings": 116.7670034627954, "old_demand_charge": -80970.83548582313, "new_demand_charge": -72905.49964246855, "demand_charge_savings": 8065.33584335458, "retail_profits": 8182.102846817375, "battery_charge_cost": -11647.052544245755, "battery_discharge_revenues": 11763.819547708565, "battery_retail_profits": 116.76700346280995, "battery_export_revenue": 0.0, "total_profits": 8182.10284681739, "irr": -0.00224, "npv": -30568.975}}