{"key_params": {"location": "CA_South.Lake.Tahoe-Lake.Tahoe", "customer_type": "Restaurant", "demand_charge": 20, "export_price": 0.0, "export_price_type": "None", "battery_size_kWh": 300, "battery_power_kW": 150.0, "min_soc": 0.05, "max_soc": 1.0, "one_way_efficiency": 0.92, "start_soc": 0.5, "n_horizon": 24, "n_control": 12}, "savings": {"old_energy_charge": -443022.37586493726, "new_energy_charge": -443967.883309334, "energy_charge_savings": -945.5074443967314, "old_demand_charge": -147630.77563250338, "new_demand_charge": -127552.68918933957, "demand_charge_savings": 20078.08644316382, "retail_profits": 19132.578998767087, "battery_charge_cost": -21326.29171105724, "battery_discharge_revenues": 20380.78426666055, "battery_retail_profits": -945.5074443966914, "battery_export_revenue": 0.0, "total_profits": 19132.578998767127, "irr": 0.1277, "npv": 39152.689}}