{"key_params": {"location": "CA_Stockton.Metro", "customer_type": "School", "demand_charge": 20, "export_price": 0.0, "export_price_type": "None", "battery_size_kWh": 300, "battery_power_kW": 150.0, "min_soc": 0.05, "max_soc": 1.0, "one_way_efficiency": 0.92, "start_soc": 0.5, "n_horizon": 24, "n_control": 12}, "savings": {"old_energy_charge": -604447.9433027173, "new_energy_charge": -602515.1606779776, "energy_charge_savings": 1932.782624739688, "old_demand_charge": -385350.7233428737, "new_demand_charge": -359876.3254320915, "demand_charge_savings": 25474.397910782194, "retail_profits": 27407.180535521882, "battery_charge_cost": -10886.048327618471, "battery_discharge_revenues": 12818.830952358147, "battery_retail_profits": 1932.7826247396752, "battery_export_revenue": 0.0, "total_profits": 27407.180535521868, "irr": 0.20922, "npv": 91354.12}}