{"key_params": {"location": "CA_Merced-Macready.Field.724815_TMY3", "customer_type": "Office", "demand_charge": 20, "export_price": 0.0, "export_price_type": "None", "battery_size_kWh": 300, "battery_power_kW": 150.0, "min_soc": 0.05, "max_soc": 1.0, "one_way_efficiency": 0.92, "start_soc": 0.5, "n_horizon": 24, "n_control": 12}, "savings": {"old_energy_charge": -513076.39611469983, "new_energy_charge": -512369.72969856724, "energy_charge_savings": 706.6664161325898, "old_demand_charge": -257708.557504152, "new_demand_charge": -237881.272845288, "demand_charge_savings": 19827.284658863995, "retail_profits": 20533.951074996585, "battery_charge_cost": -11705.451546753422, "battery_discharge_revenues": 12412.117962885943, "battery_retail_profits": 706.6664161325207, "battery_export_revenue": 0.0, "total_profits": 20533.951074996516, "irr": 0.14202, "npv": 47993.432}}