{"key_params": {"location": "CA_Bakersfield-Meadows.Field.723840_TMY3", "customer_type": "School", "demand_charge": 20, "export_price": 0.0, "export_price_type": "None", "battery_size_kWh": 300, "battery_power_kW": 150.0, "min_soc": 0.05, "max_soc": 1.0, "one_way_efficiency": 0.92, "start_soc": 0.5, "n_horizon": 24, "n_control": 12}, "savings": {"old_energy_charge": -658853.2464909905, "new_energy_charge": -656711.0648310465, "energy_charge_savings": 2142.1816599440062, "old_demand_charge": -391422.40834581904, "new_demand_charge": -366625.16906751436, "demand_charge_savings": 24797.23927830468, "retail_profits": 26939.420938248688, "battery_charge_cost": -10829.05939561815, "battery_discharge_revenues": 12971.241055562037, "battery_retail_profits": 2142.181659943888, "battery_export_revenue": 0.0, "total_profits": 26939.42093824857, "irr": 0.20477, "npv": 88403.196}}