{"key_params": {"location": "CA_Santa.Ana-John.Wayne", "customer_type": "Hospital", "demand_charge": 20, "export_price": 0.0, "export_price_type": "None", "battery_size_kWh": 300, "battery_power_kW": 150.0, "min_soc": 0.05, "max_soc": 1.0, "one_way_efficiency": 0.92, "start_soc": 0.5, "n_horizon": 24, "n_control": 12}, "savings": {"old_energy_charge": -245311.2949319918, "new_energy_charge": -244991.61556568276, "energy_charge_savings": 319.67936630905024, "old_demand_charge": -80539.46521433555, "new_demand_charge": -72800.83342715983, "demand_charge_savings": 7738.63178717572, "retail_profits": 8058.31115348477, "battery_charge_cost": -11633.1359541162, "battery_discharge_revenues": 11952.815320425274, "battery_retail_profits": 319.6793663090739, "battery_export_revenue": 0.0, "total_profits": 8058.311153484794, "irr": -0.00423, "npv": -31424.456}}