{"key_params": {"location": "CA_Palm.Springs.Intl", "customer_type": "Restaurant", "demand_charge": 20, "export_price": 0.0, "export_price_type": "None", "battery_size_kWh": 300, "battery_power_kW": 150.0, "min_soc": 0.05, "max_soc": 1.0, "one_way_efficiency": 0.92, "start_soc": 0.5, "n_horizon": 24, "n_control": 12}, "savings": {"old_energy_charge": -496497.5506152077, "new_energy_charge": -495213.8934470197, "energy_charge_savings": 1283.657168188016, "old_demand_charge": -180135.27407681715, "new_demand_charge": -162392.23782357524, "demand_charge_savings": 17743.03625324191, "retail_profits": 19026.693421429925, "battery_charge_cost": -14006.812185153496, "battery_discharge_revenues": 15290.469353341505, "battery_retail_profits": 1283.6571681880087, "battery_export_revenue": 0.0, "total_profits": 19026.693421429918, "irr": 0.12661, "npv": 38484.695}}