{"key_params": {"location": "CA_Palmdale", "customer_type": "Office", "demand_charge": 20, "export_price": 0.0, "export_price_type": "None", "battery_size_kWh": 300, "battery_power_kW": 150.0, "min_soc": 0.05, "max_soc": 1.0, "one_way_efficiency": 0.92, "start_soc": 0.5, "n_horizon": 24, "n_control": 12}, "savings": {"old_energy_charge": -505601.5678379465, "new_energy_charge": -504517.7576183582, "energy_charge_savings": 1083.8102195883403, "old_demand_charge": -259080.7273327359, "new_demand_charge": -240280.12234366743, "demand_charge_savings": 18800.604989068466, "retail_profits": 19884.415208656806, "battery_charge_cost": -11702.41986547191, "battery_discharge_revenues": 12786.230085060268, "battery_retail_profits": 1083.8102195883584, "battery_export_revenue": 0.0, "total_profits": 19884.415208656825, "irr": 0.13541, "npv": 43895.748}}