{"key_params": {"location": "CA_Napa.County", "customer_type": "Hotel", "demand_charge": 20, "export_price": 0.0, "export_price_type": "None", "battery_size_kWh": 300, "battery_power_kW": 150.0, "min_soc": 0.05, "max_soc": 1.0, "one_way_efficiency": 0.92, "start_soc": 0.5, "n_horizon": 24, "n_control": 12}, "savings": {"old_energy_charge": -379657.49026692443, "new_energy_charge": -377311.4622863395, "energy_charge_savings": 2346.0279805849423, "old_demand_charge": -152391.4966513343, "new_demand_charge": -129267.6507871478, "demand_charge_savings": 23123.845864186515, "retail_profits": 25469.873844771457, "battery_charge_cost": -12101.542285091093, "battery_discharge_revenues": 14447.570265675988, "battery_retail_profits": 2346.027980584895, "battery_export_revenue": 0.0, "total_profits": 25469.87384477141, "irr": 0.19068, "npv": 79132.361}}