{"key_params": {"location": "CA_Porterville.AWOS.723895_TMY3", "customer_type": "Office", "demand_charge": 20, "export_price": 0.0, "export_price_type": "None", "battery_size_kWh": 300, "battery_power_kW": 150.0, "min_soc": 0.05, "max_soc": 1.0, "one_way_efficiency": 0.92, "start_soc": 0.5, "n_horizon": 24, "n_control": 12}, "savings": {"old_energy_charge": -408758.9431657236, "new_energy_charge": -406741.79333007266, "energy_charge_savings": 2017.1498356509255, "old_demand_charge": -250298.25811589666, "new_demand_charge": -222156.81975526488, "demand_charge_savings": 28141.438360631786, "retail_profits": 30158.58819628271, "battery_charge_cost": -11499.899421337472, "battery_discharge_revenues": 13517.049256988454, "battery_retail_profits": 2017.149835650982, "battery_export_revenue": 0.0, "total_profits": 30158.58819628277, "irr": 0.23516, "npv": 108711.743}}