{"key_params": {"location": "CA_Napa.County", "customer_type": "Market", "demand_charge": 20, "export_price": 0.0, "export_price_type": "None", "battery_size_kWh": 300, "battery_power_kW": 150.0, "min_soc": 0.05, "max_soc": 1.0, "one_way_efficiency": 0.92, "start_soc": 0.5, "n_horizon": 24, "n_control": 12}, "savings": {"old_energy_charge": -379265.9913079653, "new_energy_charge": -378557.6449746635, "energy_charge_savings": 708.3463333018008, "old_demand_charge": -147706.68578155935, "new_demand_charge": -134208.24695494794, "demand_charge_savings": 13498.438826611411, "retail_profits": 14206.785159913212, "battery_charge_cost": -11871.812510976404, "battery_discharge_revenues": 12580.158844278207, "battery_retail_profits": 708.3463333018026, "battery_export_revenue": 0.0, "total_profits": 14206.785159913214, "irr": 0.07471, "npv": 8077.659}}