{"key_params": {"location": "CA_Hawthorne-Jack.Northrop.Field.722956_TMY3", "customer_type": "School", "demand_charge": 20, "export_price": 0.0, "export_price_type": "None", "battery_size_kWh": 300, "battery_power_kW": 150.0, "min_soc": 0.05, "max_soc": 1.0, "one_way_efficiency": 0.92, "start_soc": 0.5, "n_horizon": 24, "n_control": 12}, "savings": {"old_energy_charge": -349846.99055915506, "new_energy_charge": -348664.2028681119, "energy_charge_savings": 1182.787691043166, "old_demand_charge": -202516.14602225577, "new_demand_charge": -184258.67532096777, "demand_charge_savings": 18257.470701287995, "retail_profits": 19440.25839233116, "battery_charge_cost": -11522.157647646189, "battery_discharge_revenues": 12704.945338689304, "battery_retail_profits": 1182.787691043115, "battery_export_revenue": 0.0, "total_profits": 19440.25839233111, "irr": 0.13087, "npv": 41093.725}}