{"key_params": {"location": "CA_Santa.Ana-John.Wayne", "customer_type": "Hotel", "demand_charge": 20, "export_price": 0.0, "export_price_type": "None", "battery_size_kWh": 300, "battery_power_kW": 150.0, "min_soc": 0.05, "max_soc": 1.0, "one_way_efficiency": 0.92, "start_soc": 0.5, "n_horizon": 24, "n_control": 12}, "savings": {"old_energy_charge": -339723.1419872387, "new_energy_charge": -337476.5609961633, "energy_charge_savings": 2246.5809910754324, "old_demand_charge": -122212.29801617356, "new_demand_charge": -99914.92461479199, "demand_charge_savings": 22297.37340138157, "retail_profits": 24543.954392457003, "battery_charge_cost": -12704.2270221636, "battery_discharge_revenues": 14950.80801323907, "battery_retail_profits": 2246.580991075469, "battery_export_revenue": 0.0, "total_profits": 24543.95439245704, "irr": 0.18172, "npv": 73291.075}}