{"key_params": {"location": "CA_Van.Nuys", "customer_type": "Hospital", "demand_charge": 20, "export_price": 0.0, "export_price_type": "None", "battery_size_kWh": 300, "battery_power_kW": 150.0, "min_soc": 0.05, "max_soc": 1.0, "one_way_efficiency": 0.92, "start_soc": 0.5, "n_horizon": 24, "n_control": 12}, "savings": {"old_energy_charge": -244658.98633492473, "new_energy_charge": -244462.23224673688, "energy_charge_savings": 196.75408818785218, "old_demand_charge": -80219.02642917182, "new_demand_charge": -72157.25452215731, "demand_charge_savings": 8061.77190701451, "retail_profits": 8258.525995202363, "battery_charge_cost": -11643.778417599893, "battery_discharge_revenues": 11840.53250578774, "battery_retail_profits": 196.75408818784672, "battery_export_revenue": 0.0, "total_profits": 8258.525995202357, "irr": -0.00103, "npv": -30047.461}}