{"key_params": {"location": "CA_San.Diego-North.Island.NAS.722906_TMY3", "customer_type": "Office", "demand_charge": 20, "export_price": 0.0, "export_price_type": "None", "battery_size_kWh": 300, "battery_power_kW": 150.0, "min_soc": 0.05, "max_soc": 1.0, "one_way_efficiency": 0.92, "start_soc": 0.5, "n_horizon": 24, "n_control": 12}, "savings": {"old_energy_charge": -381574.4580932148, "new_energy_charge": -379961.24290940433, "energy_charge_savings": 1613.2151838104473, "old_demand_charge": -203127.8292258621, "new_demand_charge": -184561.47969840368, "demand_charge_savings": 18566.349527458427, "retail_profits": 20179.564711268875, "battery_charge_cost": -11466.380733927348, "battery_discharge_revenues": 13079.595917737839, "battery_retail_profits": 1613.215183810491, "battery_export_revenue": 0.0, "total_profits": 20179.56471126892, "irr": 0.13842, "npv": 45757.738}}