{"key_params": {"location": "CA_Camarillo.AWOS.723926_TMY3", "customer_type": "Office", "demand_charge": 20, "export_price": 0.0, "export_price_type": "None", "battery_size_kWh": 300, "battery_power_kW": 150.0, "min_soc": 0.05, "max_soc": 1.0, "one_way_efficiency": 0.92, "start_soc": 0.5, "n_horizon": 24, "n_control": 12}, "savings": {"old_energy_charge": -523027.99699290167, "new_energy_charge": -522360.9520138907, "energy_charge_savings": 667.0449790109415, "old_demand_charge": -257498.1277846492, "new_demand_charge": -238704.45570724562, "demand_charge_savings": 18793.67207740358, "retail_profits": 19460.71705641452, "battery_charge_cost": -11763.223244000987, "battery_discharge_revenues": 12430.26822301195, "battery_retail_profits": 667.0449790109633, "battery_export_revenue": 0.0, "total_profits": 19460.71705641454, "irr": 0.13108, "npv": 41222.791}}