{"key_params": {"location": "CA_Yuba.County", "customer_type": "School", "demand_charge": 20, "export_price": 0.0, "export_price_type": "None", "battery_size_kWh": 300, "battery_power_kW": 150.0, "min_soc": 0.05, "max_soc": 1.0, "one_way_efficiency": 0.92, "start_soc": 0.5, "n_horizon": 24, "n_control": 12}, "savings": {"old_energy_charge": -614260.4236947953, "new_energy_charge": -612298.9234759634, "energy_charge_savings": 1961.500218831934, "old_demand_charge": -381465.97783916316, "new_demand_charge": -353809.59816693014, "demand_charge_savings": 27656.379672233015, "retail_profits": 29617.87989106495, "battery_charge_cost": -10845.805111252308, "battery_discharge_revenues": 12807.305330084137, "battery_retail_profits": 1961.5002188318285, "battery_export_revenue": 0.0, "total_profits": 29617.879891064844, "irr": 0.23009, "npv": 105300.613}}