{"key_params": {"location": "CA_Camarillo.AWOS.723926_TMY3", "customer_type": "School", "demand_charge": 20, "export_price": 0.0, "export_price_type": "None", "battery_size_kWh": 300, "battery_power_kW": 150.0, "min_soc": 0.05, "max_soc": 1.0, "one_way_efficiency": 0.92, "start_soc": 0.5, "n_horizon": 24, "n_control": 12}, "savings": {"old_energy_charge": -608824.0062553595, "new_energy_charge": -607025.6643531345, "energy_charge_savings": 1798.3419022250455, "old_demand_charge": -398836.2382970435, "new_demand_charge": -378581.07250647503, "demand_charge_savings": 20255.165790568455, "retail_profits": 22053.5076927935, "battery_charge_cost": -11122.105484908958, "battery_discharge_revenues": 12920.447387134216, "battery_retail_profits": 1798.3419022252583, "battery_export_revenue": 0.0, "total_profits": 22053.50769279371, "irr": 0.15726, "npv": 57579.758}}