{"key_params": {"location": "CA_South.Lake.Tahoe-Lake.Tahoe", "customer_type": "Office", "demand_charge": 20, "export_price": 0.0, "export_price_type": "None", "battery_size_kWh": 300, "battery_power_kW": 150.0, "min_soc": 0.05, "max_soc": 1.0, "one_way_efficiency": 0.92, "start_soc": 0.5, "n_horizon": 24, "n_control": 12}, "savings": {"old_energy_charge": -445142.04047543474, "new_energy_charge": -444061.0911447743, "energy_charge_savings": 1080.9493306604563, "old_demand_charge": -224294.26158837872, "new_demand_charge": -204033.36228811936, "demand_charge_savings": 20260.899300259363, "retail_profits": 21341.84863091982, "battery_charge_cost": -11596.84930880175, "battery_discharge_revenues": 12677.798639462218, "battery_retail_profits": 1080.949330660469, "battery_export_revenue": 0.0, "total_profits": 21341.848630919834, "irr": 0.15015, "npv": 53090.162}}