{"key_params": {"location": "CA_Fresno.Air.Terminal.723890_TMY3", "customer_type": "School", "demand_charge": 20, "export_price": 0.0, "export_price_type": "None", "battery_size_kWh": 300, "battery_power_kW": 150.0, "min_soc": 0.05, "max_soc": 1.0, "one_way_efficiency": 0.92, "start_soc": 0.5, "n_horizon": 24, "n_control": 12}, "savings": {"old_energy_charge": -379438.3286228346, "new_energy_charge": -377518.1060168197, "energy_charge_savings": 1920.2226060148678, "old_demand_charge": -225482.2014693117, "new_demand_charge": -205878.35570075986, "demand_charge_savings": 19603.845768551837, "retail_profits": 21524.068374566705, "battery_charge_cost": -10908.571023828135, "battery_discharge_revenues": 12828.793629842892, "battery_retail_profits": 1920.2226060147568, "battery_export_revenue": 0.0, "total_profits": 21524.068374566596, "irr": 0.15198, "npv": 54239.719}}