{"key_params": {"location": "CA_China.Lake.NAF.746120_TMY3", "customer_type": "Office", "demand_charge": 20, "export_price": 0.0, "export_price_type": "None", "battery_size_kWh": 300, "battery_power_kW": 150.0, "min_soc": 0.05, "max_soc": 1.0, "one_way_efficiency": 0.92, "start_soc": 0.5, "n_horizon": 24, "n_control": 12}, "savings": {"old_energy_charge": -432398.664679102, "new_energy_charge": -430526.4037895839, "energy_charge_savings": 1872.260889518133, "old_demand_charge": -271722.4419762602, "new_demand_charge": -244723.06226206172, "demand_charge_savings": 26999.379714198498, "retail_profits": 28871.64060371663, "battery_charge_cost": -11480.42174751233, "battery_discharge_revenues": 13352.682637030479, "battery_retail_profits": 1872.2608895181493, "battery_export_revenue": 0.0, "total_profits": 28871.640603716645, "irr": 0.22308, "npv": 100592.862}}