{"key_params": {"location": "CA_San.Diego-North.Island.NAS.722906_TMY3", "customer_type": "School", "demand_charge": 20, "export_price": 0.0, "export_price_type": "None", "battery_size_kWh": 300, "battery_power_kW": 150.0, "min_soc": 0.05, "max_soc": 1.0, "one_way_efficiency": 0.92, "start_soc": 0.5, "n_horizon": 24, "n_control": 12}, "savings": {"old_energy_charge": -581533.0537746532, "new_energy_charge": -579522.3681490243, "energy_charge_savings": 2010.6856256289175, "old_demand_charge": -352574.92730392725, "new_demand_charge": -334655.9766298025, "demand_charge_savings": 17918.95067412476, "retail_profits": 19929.636299753678, "battery_charge_cost": -10975.183173937306, "battery_discharge_revenues": 12985.868799566268, "battery_retail_profits": 2010.6856256289611, "battery_export_revenue": 0.0, "total_profits": 19929.63629975372, "irr": 0.13588, "npv": 44181.031}}