{"key_params": {"location": "CA_Santa.Monica.Muni", "customer_type": "Office", "demand_charge": 20, "export_price": 0.0, "export_price_type": "None", "battery_size_kWh": 300, "battery_power_kW": 150.0, "min_soc": 0.05, "max_soc": 1.0, "one_way_efficiency": 0.92, "start_soc": 0.5, "n_horizon": 24, "n_control": 12}, "savings": {"old_energy_charge": -381145.83161551505, "new_energy_charge": -380182.2974653678, "energy_charge_savings": 963.5341501472285, "old_demand_charge": -199660.50824572012, "new_demand_charge": -181961.9059066883, "demand_charge_savings": 17698.602339031815, "retail_profits": 18662.136489179044, "battery_charge_cost": -11830.08185140824, "battery_discharge_revenues": 12793.616001555456, "battery_retail_profits": 963.5341501472158, "battery_export_revenue": 0.0, "total_profits": 18662.13648917903, "irr": 0.12283, "npv": 36184.839}}