{"key_params": {"location": "CA_Barstow.Daggett", "customer_type": "School", "demand_charge": 20, "export_price": 0.0, "export_price_type": "None", "battery_size_kWh": 300, "battery_power_kW": 150.0, "min_soc": 0.05, "max_soc": 1.0, "one_way_efficiency": 0.92, "start_soc": 0.5, "n_horizon": 24, "n_control": 12}, "savings": {"old_energy_charge": -401245.44702715124, "new_energy_charge": -399534.31884280127, "energy_charge_savings": 1711.1281843499746, "old_demand_charge": -242388.46844995214, "new_demand_charge": -223870.8764009093, "demand_charge_savings": 18517.59204904284, "retail_profits": 20228.720233392814, "battery_charge_cost": -10932.954811780937, "battery_discharge_revenues": 12644.082996130906, "battery_retail_profits": 1711.1281843499692, "battery_export_revenue": 0.0, "total_profits": 20228.720233392807, "irr": 0.13892, "npv": 46067.842}}