{"key_params": {"location": "CA_Burbank-Glendale-Passadena.Bob.Hope", "customer_type": "Office", "demand_charge": 20, "export_price": 0.0, "export_price_type": "None", "battery_size_kWh": 300, "battery_power_kW": 150.0, "min_soc": 0.05, "max_soc": 1.0, "one_way_efficiency": 0.92, "start_soc": 0.5, "n_horizon": 24, "n_control": 12}, "savings": {"old_energy_charge": -529797.4110274542, "new_energy_charge": -528889.5294988865, "energy_charge_savings": 907.8815285676392, "old_demand_charge": -263808.75584826083, "new_demand_charge": -242953.8450011945, "demand_charge_savings": 20854.91084706632, "retail_profits": 21762.79237563396, "battery_charge_cost": -11715.93634163996, "battery_discharge_revenues": 12623.817870207642, "battery_retail_profits": 907.8815285676828, "battery_export_revenue": 0.0, "total_profits": 21762.792375634002, "irr": 0.15436, "npv": 55745.742}}