{"key_params": {"location": "CA_Concord-Buchanan.Field.724936_TMY3", "customer_type": "School", "demand_charge": 20, "export_price": 0.0, "export_price_type": "None", "battery_size_kWh": 300, "battery_power_kW": 150.0, "min_soc": 0.05, "max_soc": 1.0, "one_way_efficiency": 0.92, "start_soc": 0.5, "n_horizon": 24, "n_control": 12}, "savings": {"old_energy_charge": -348568.4111447095, "new_energy_charge": -346885.29254898266, "energy_charge_savings": 1683.1185957268463, "old_demand_charge": -218250.14796034375, "new_demand_charge": -196985.1299278784, "demand_charge_savings": 21265.018032465334, "retail_profits": 22948.13662819218, "battery_charge_cost": -11156.306122389931, "battery_discharge_revenues": 12839.42471811685, "battery_retail_profits": 1683.118595726919, "battery_export_revenue": 0.0, "total_profits": 22948.136628192253, "irr": 0.16612, "npv": 63223.645}}