{"key_params": {"location": "CA_Camarillo.AWOS.723926_TMY3", "customer_type": "Market", "demand_charge": 20, "export_price": 0.0, "export_price_type": "None", "battery_size_kWh": 300, "battery_power_kW": 150.0, "min_soc": 0.05, "max_soc": 1.0, "one_way_efficiency": 0.92, "start_soc": 0.5, "n_horizon": 24, "n_control": 12}, "savings": {"old_energy_charge": -374585.159943927, "new_energy_charge": -374401.2812246979, "energy_charge_savings": 183.87871922913473, "old_demand_charge": -144930.56433509564, "new_demand_charge": -129648.58183983974, "demand_charge_savings": 15281.9824952559, "retail_profits": 15465.861214485034, "battery_charge_cost": -11946.390082861539, "battery_discharge_revenues": 12130.268802090606, "battery_retail_profits": 183.87871922906743, "battery_export_revenue": 0.0, "total_profits": 15465.861214484967, "irr": 0.08874, "npv": 16020.709}}