{"key_params": {"location": "CA_San.Diego-Miramar.NAS.722930_TMY3", "customer_type": "Hotel", "demand_charge": 20, "export_price": 0.0, "export_price_type": "None", "battery_size_kWh": 300, "battery_power_kW": 150.0, "min_soc": 0.05, "max_soc": 1.0, "one_way_efficiency": 0.92, "start_soc": 0.5, "n_horizon": 24, "n_control": 12}, "savings": {"old_energy_charge": -371935.84452503774, "new_energy_charge": -369675.9863462463, "energy_charge_savings": 2259.8581787914154, "old_demand_charge": -144504.2588673388, "new_demand_charge": -120224.67507306667, "demand_charge_savings": 24279.583794272126, "retail_profits": 26539.44197306354, "battery_charge_cost": -12584.715869138341, "battery_discharge_revenues": 14844.574047929727, "battery_retail_profits": 2259.8581787913863, "battery_export_revenue": 0.0, "total_profits": 26539.441973063513, "irr": 0.20095, "npv": 85879.875}}