{"key_params": {"location": "CA_Redding.Muni", "customer_type": "Hotel", "demand_charge": 20, "export_price": 0.0, "export_price_type": "None", "battery_size_kWh": 300, "battery_power_kW": 150.0, "min_soc": 0.05, "max_soc": 1.0, "one_way_efficiency": 0.92, "start_soc": 0.5, "n_horizon": 24, "n_control": 12}, "savings": {"old_energy_charge": -339487.17823994055, "new_energy_charge": -337234.5472557474, "energy_charge_savings": 2252.6309841931215, "old_demand_charge": -125803.20448941544, "new_demand_charge": -102953.96899495726, "demand_charge_savings": 22849.235494458175, "retail_profits": 25101.866478651296, "battery_charge_cost": -12739.734695676527, "battery_discharge_revenues": 14992.365679869677, "battery_retail_profits": 2252.6309841931507, "battery_export_revenue": 0.0, "total_profits": 25101.866478651325, "irr": 0.18713, "npv": 76810.738}}