{"key_params": {"location": "CA_San.Diego-Miramar.NAS.722930_TMY3", "customer_type": "Office", "demand_charge": 20, "export_price": 0.0, "export_price_type": "None", "battery_size_kWh": 300, "battery_power_kW": 150.0, "min_soc": 0.05, "max_soc": 1.0, "one_way_efficiency": 0.92, "start_soc": 0.5, "n_horizon": 24, "n_control": 12}, "savings": {"old_energy_charge": -520013.87581830204, "new_energy_charge": -518887.4965997425, "energy_charge_savings": 1126.3792185595375, "old_demand_charge": -260542.82195622084, "new_demand_charge": -242342.61025672033, "demand_charge_savings": 18200.211699500505, "retail_profits": 19326.590918060043, "battery_charge_cost": -11861.595647714812, "battery_discharge_revenues": 12987.974866274364, "battery_retail_profits": 1126.379218559552, "battery_export_revenue": 0.0, "total_profits": 19326.590918060057, "irr": 0.1297, "npv": 40376.639}}