{"key_params": {"location": "CA_Salinas.Muni", "customer_type": "Restaurant", "demand_charge": 20, "export_price": 0.0, "export_price_type": "None", "battery_size_kWh": 300, "battery_power_kW": 150.0, "min_soc": 0.05, "max_soc": 1.0, "one_way_efficiency": 0.92, "start_soc": 0.5, "n_horizon": 24, "n_control": 12}, "savings": {"old_energy_charge": -454002.9622340933, "new_energy_charge": -453563.51566246094, "energy_charge_savings": 439.4465716323466, "old_demand_charge": -167840.074144741, "new_demand_charge": -141726.35834427786, "demand_charge_savings": 26113.715800463135, "retail_profits": 26553.16237209548, "battery_charge_cost": -16449.250693050275, "battery_discharge_revenues": 16888.69726468257, "battery_retail_profits": 439.4465716322957, "battery_export_revenue": 0.0, "total_profits": 26553.16237209543, "irr": 0.20108, "npv": 85966.432}}