{"key_params": {"location": "CA_Paso.Robles.Muni", "customer_type": "Restaurant", "demand_charge": 20, "export_price": 0.0, "export_price_type": "None", "battery_size_kWh": 300, "battery_power_kW": 150.0, "min_soc": 0.05, "max_soc": 1.0, "one_way_efficiency": 0.92, "start_soc": 0.5, "n_horizon": 24, "n_control": 12}, "savings": {"old_energy_charge": -451054.441935905, "new_energy_charge": -450264.27475878235, "energy_charge_savings": 790.1671771226684, "old_demand_charge": -165496.50533690132, "new_demand_charge": -145550.76418696658, "demand_charge_savings": 19945.741149934736, "retail_profits": 20735.908327057405, "battery_charge_cost": -16215.295891707054, "battery_discharge_revenues": 17005.463068829704, "battery_retail_profits": 790.1671771226502, "battery_export_revenue": 0.0, "total_profits": 20735.908327057386, "irr": 0.14406, "npv": 49267.506}}