{"key_params": {"location": "CA_Red.Bluff.Muni", "customer_type": "Office", "demand_charge": 20, "export_price": 0.0, "export_price_type": "None", "battery_size_kWh": 300, "battery_power_kW": 150.0, "min_soc": 0.05, "max_soc": 1.0, "one_way_efficiency": 0.92, "start_soc": 0.5, "n_horizon": 24, "n_control": 12}, "savings": {"old_energy_charge": -319149.4771878997, "new_energy_charge": -318422.6582966206, "energy_charge_savings": 726.8188912791084, "old_demand_charge": -165315.86983480467, "new_demand_charge": -148041.07868742067, "demand_charge_savings": 17274.791147384007, "retail_profits": 18001.610038663115, "battery_charge_cost": -11573.553394760715, "battery_discharge_revenues": 12300.37228603982, "battery_retail_profits": 726.8188912791047, "battery_export_revenue": 0.0, "total_profits": 18001.61003866311, "irr": 0.11594, "npv": 32017.82}}