{"key_params": {"location": "CA_Camarillo.AWOS.723926_TMY3", "customer_type": "Apartment", "demand_charge": 20, "export_price": 0.0, "export_price_type": "None", "battery_size_kWh": 300, "battery_power_kW": 150.0, "min_soc": 0.05, "max_soc": 1.0, "one_way_efficiency": 0.92, "start_soc": 0.5, "n_horizon": 24, "n_control": 12}, "savings": {"old_energy_charge": -352321.5622344391, "new_energy_charge": -349559.97862259316, "energy_charge_savings": 2761.583611845912, "old_demand_charge": -151861.25574597664, "new_demand_charge": -131271.77045624124, "demand_charge_savings": 20589.4852897354, "retail_profits": 23351.06890158131, "battery_charge_cost": -10729.564239130435, "battery_discharge_revenues": 13491.147850976331, "battery_retail_profits": 2761.5836118458956, "battery_export_revenue": 0.0, "total_profits": 23351.068901581297, "irr": 0.17008, "npv": 65765.597}}