{"key_params": {"location": "CA_Point.Mugu.NAS.723910_TMY3", "customer_type": "Restaurant", "demand_charge": 20, "export_price": 0.0, "export_price_type": "None", "battery_size_kWh": 300, "battery_power_kW": 150.0, "min_soc": 0.05, "max_soc": 1.0, "one_way_efficiency": 0.92, "start_soc": 0.5, "n_horizon": 24, "n_control": 12}, "savings": {"old_energy_charge": -431473.16611508804, "new_energy_charge": -432589.8952841259, "energy_charge_savings": -1116.7291690378333, "old_demand_charge": -144664.98442905268, "new_demand_charge": -124998.2719834554, "demand_charge_savings": 19666.71244559728, "retail_profits": 18549.983276559447, "battery_charge_cost": -21056.155530051623, "battery_discharge_revenues": 19939.426361013877, "battery_retail_profits": -1116.729169037746, "battery_export_revenue": 0.0, "total_profits": 18549.983276559535, "irr": 0.12167, "npv": 35477.306}}