{"key_params": {"location": "CA_San.Diego-Montgomery.Field.722903_TMY3", "customer_type": "Restaurant", "demand_charge": 20, "export_price": 0.0, "export_price_type": "None", "battery_size_kWh": 300, "battery_power_kW": 150.0, "min_soc": 0.05, "max_soc": 1.0, "one_way_efficiency": 0.92, "start_soc": 0.5, "n_horizon": 24, "n_control": 12}, "savings": {"old_energy_charge": -436827.0727163008, "new_energy_charge": -436917.3351458546, "energy_charge_savings": -90.26242955384078, "old_demand_charge": -152827.91015594802, "new_demand_charge": -133051.46746303016, "demand_charge_savings": 19776.44269291786, "retail_profits": 19686.180263364018, "battery_charge_cost": -18245.18575317729, "battery_discharge_revenues": 18154.923323623472, "battery_retail_profits": -90.26242955381895, "battery_export_revenue": 0.0, "total_profits": 19686.18026336404, "irr": 0.13339, "npv": 42645.156}}