{"key_params": {"location": "CA_Carlsbad.722927_TMY3", "customer_type": "Office", "demand_charge": 20, "export_price": 0.0, "export_price_type": "None", "battery_size_kWh": 300, "battery_power_kW": 150.0, "min_soc": 0.05, "max_soc": 1.0, "one_way_efficiency": 0.92, "start_soc": 0.5, "n_horizon": 24, "n_control": 12}, "savings": {"old_energy_charge": -301068.4784392764, "new_energy_charge": -300328.8139668863, "energy_charge_savings": 739.6644723900827, "old_demand_charge": -150337.95560326052, "new_demand_charge": -137219.34789041593, "demand_charge_savings": 13118.60771284459, "retail_profits": 13858.272185234673, "battery_charge_cost": -11607.32469972844, "battery_discharge_revenues": 12346.98917211852, "battery_retail_profits": 739.664472390079, "battery_export_revenue": 0.0, "total_profits": 13858.27218523467, "irr": 0.07075, "npv": 5879.018}}