{"key_params": {"location": "CA_Needles", "customer_type": "School", "demand_charge": 20, "export_price": 0.0, "export_price_type": "None", "battery_size_kWh": 300, "battery_power_kW": 150.0, "min_soc": 0.05, "max_soc": 1.0, "one_way_efficiency": 0.92, "start_soc": 0.5, "n_horizon": 24, "n_control": 12}, "savings": {"old_energy_charge": -440087.58384590095, "new_energy_charge": -438126.2906995665, "energy_charge_savings": 1961.293146334472, "old_demand_charge": -253392.3349230177, "new_demand_charge": -235314.96757761587, "demand_charge_savings": 18077.367345401843, "retail_profits": 20038.660491736315, "battery_charge_cost": -10887.311794970925, "battery_discharge_revenues": 12848.60494130543, "battery_retail_profits": 1961.2931463345049, "battery_export_revenue": 0.0, "total_profits": 20038.660491736347, "irr": 0.13699, "npv": 44868.825}}