{"key_params": {"location": "CA_Camp.Pendleton.MCAS.722926_TMY3", "customer_type": "Hospital", "demand_charge": 20, "export_price": 0.0, "export_price_type": "None", "battery_size_kWh": 300, "battery_power_kW": 150.0, "min_soc": 0.05, "max_soc": 1.0, "one_way_efficiency": 0.92, "start_soc": 0.5, "n_horizon": 24, "n_control": 12}, "savings": {"old_energy_charge": -248206.25450590067, "new_energy_charge": -248043.38789663152, "energy_charge_savings": 162.86660926914192, "old_demand_charge": -81838.66781062652, "new_demand_charge": -73684.83893764531, "demand_charge_savings": 8153.828872981205, "retail_profits": 8316.695482250347, "battery_charge_cost": -11628.82716543898, "battery_discharge_revenues": 11791.693774708137, "battery_retail_profits": 162.8666092691583, "battery_export_revenue": 0.0, "total_profits": 8316.695482250363, "irr": -0.00012, "npv": -29651.527}}