{"key_params": {"location": "CA_Imperial.County", "customer_type": "Hotel", "demand_charge": 20, "export_price": 0.0, "export_price_type": "None", "battery_size_kWh": 300, "battery_power_kW": 150.0, "min_soc": 0.05, "max_soc": 1.0, "one_way_efficiency": 0.92, "start_soc": 0.5, "n_horizon": 24, "n_control": 12}, "savings": {"old_energy_charge": -386129.64509800175, "new_energy_charge": -383706.85850774695, "energy_charge_savings": 2422.7865902548074, "old_demand_charge": -149586.99063005394, "new_demand_charge": -127244.49707270476, "demand_charge_savings": 22342.493557349182, "retail_profits": 24765.28014760399, "battery_charge_cost": -11701.764448048234, "battery_discharge_revenues": 14124.551038303027, "battery_retail_profits": 2422.786590254793, "battery_export_revenue": 0.0, "total_profits": 24765.280147603975, "irr": 0.18387, "npv": 74687.338}}