{"key_params": {"location": "CA_San.Diego-Montgomery.Field.722903_TMY3", "customer_type": "Office", "demand_charge": 20, "export_price": 0.0, "export_price_type": "None", "battery_size_kWh": 300, "battery_power_kW": 150.0, "min_soc": 0.05, "max_soc": 1.0, "one_way_efficiency": 0.92, "start_soc": 0.5, "n_horizon": 24, "n_control": 12}, "savings": {"old_energy_charge": -305879.9348711473, "new_energy_charge": -305020.43286069564, "energy_charge_savings": 859.502010451688, "old_demand_charge": -153746.65411521704, "new_demand_charge": -140265.81115925766, "demand_charge_savings": 13480.842955959379, "retail_profits": 14340.344966411067, "battery_charge_cost": -11600.196018798808, "battery_discharge_revenues": 12459.698029250487, "battery_retail_profits": 859.5020104516789, "battery_export_revenue": 0.0, "total_profits": 14340.344966411058, "irr": 0.07622, "npv": 8920.239}}