{"key_params": {"location": "CA_Burbank-Glendale-Passadena.Bob.Hope", "customer_type": "Hospital", "demand_charge": 20, "export_price": 0.0, "export_price_type": "None", "battery_size_kWh": 300, "battery_power_kW": 150.0, "min_soc": 0.05, "max_soc": 1.0, "one_way_efficiency": 0.92, "start_soc": 0.5, "n_horizon": 24, "n_control": 12}, "savings": {"old_energy_charge": -245473.51450476536, "new_energy_charge": -245217.77562651437, "energy_charge_savings": 255.73887825099519, "old_demand_charge": -80841.50837952223, "new_demand_charge": -72796.4654488374, "demand_charge_savings": 8045.042930684824, "retail_profits": 8300.781808935819, "battery_charge_cost": -11651.730245726018, "battery_discharge_revenues": 11907.469123976995, "battery_retail_profits": 255.738878250977, "battery_export_revenue": 0.0, "total_profits": 8300.7818089358, "irr": -0.00037, "npv": -29759.844}}