{"key_params": {"location": "CA_Bishop", "customer_type": "Office", "demand_charge": 20, "export_price": 0.0, "export_price_type": "None", "battery_size_kWh": 300, "battery_power_kW": 150.0, "min_soc": 0.05, "max_soc": 1.0, "one_way_efficiency": 0.92, "start_soc": 0.5, "n_horizon": 24, "n_control": 12}, "savings": {"old_energy_charge": -322670.0196389471, "new_energy_charge": -321831.7500718859, "energy_charge_savings": 838.2695670612156, "old_demand_charge": -164205.40121643833, "new_demand_charge": -146907.69939765328, "demand_charge_savings": 17297.701818785048, "retail_profits": 18135.971385846264, "battery_charge_cost": -11394.975277385049, "battery_discharge_revenues": 12233.244844446283, "battery_retail_profits": 838.2695670612338, "battery_export_revenue": 0.0, "total_profits": 18135.971385846282, "irr": 0.11735, "npv": 32865.456}}