{"key_params": {"location": "CA_Camp.Pendleton.MCAS.722926_TMY3", "customer_type": "Office", "demand_charge": 20, "export_price": 0.0, "export_price_type": "None", "battery_size_kWh": 300, "battery_power_kW": 150.0, "min_soc": 0.05, "max_soc": 1.0, "one_way_efficiency": 0.92, "start_soc": 0.5, "n_horizon": 24, "n_control": 12}, "savings": {"old_energy_charge": -383749.5503704112, "new_energy_charge": -382338.81180229684, "energy_charge_savings": 1410.7385681143496, "old_demand_charge": -205251.96638316175, "new_demand_charge": -186872.02387654528, "demand_charge_savings": 18379.94250661647, "retail_profits": 19790.68107473082, "battery_charge_cost": -11606.985222788922, "battery_discharge_revenues": 13017.723790903243, "battery_retail_profits": 1410.7385681143205, "battery_export_revenue": 0.0, "total_profits": 19790.68107473079, "irr": 0.13446, "npv": 43304.414}}