{"key_params": {"location": "CA_Montague-Siskiyou.County", "customer_type": "Office", "demand_charge": 20, "export_price": 0.0, "export_price_type": "None", "battery_size_kWh": 300, "battery_power_kW": 150.0, "min_soc": 0.05, "max_soc": 1.0, "one_way_efficiency": 0.92, "start_soc": 0.5, "n_horizon": 24, "n_control": 12}, "savings": {"old_energy_charge": -464567.88622905046, "new_energy_charge": -463104.65732753056, "energy_charge_savings": 1463.2289015199058, "old_demand_charge": -235198.92389926038, "new_demand_charge": -214954.75049672305, "demand_charge_savings": 20244.17340253733, "retail_profits": 21707.402304057236, "battery_charge_cost": -11332.393957730079, "battery_discharge_revenues": 12795.622859250014, "battery_retail_profits": 1463.2289015199349, "battery_export_revenue": 0.0, "total_profits": 21707.402304057265, "irr": 0.15381, "npv": 55396.306}}