{"key_params": {"location": "CA_Barstow.Daggett", "customer_type": "Market", "demand_charge": 20, "export_price": 0.0, "export_price_type": "None", "battery_size_kWh": 300, "battery_power_kW": 150.0, "min_soc": 0.05, "max_soc": 1.0, "one_way_efficiency": 0.92, "start_soc": 0.5, "n_horizon": 24, "n_control": 12}, "savings": {"old_energy_charge": -402936.8809892252, "new_energy_charge": -401818.81841446424, "energy_charge_savings": 1118.0625747609301, "old_demand_charge": -162010.09966210168, "new_demand_charge": -148047.3754038667, "demand_charge_savings": 13962.724258234986, "retail_profits": 15080.786832995916, "battery_charge_cost": -11604.857674897887, "battery_discharge_revenues": 12722.9202496587, "battery_retail_profits": 1118.0625747608137, "battery_export_revenue": 0.0, "total_profits": 15080.7868329958, "irr": 0.08449, "npv": 13591.415}}