{"key_params": {"location": "CA_Porterville.AWOS.723895_TMY3", "customer_type": "Restaurant", "demand_charge": 20, "export_price": 0.0, "export_price_type": "None", "battery_size_kWh": 300, "battery_power_kW": 150.0, "min_soc": 0.05, "max_soc": 1.0, "one_way_efficiency": 0.92, "start_soc": 0.5, "n_horizon": 24, "n_control": 12}, "savings": {"old_energy_charge": -497022.61582076567, "new_energy_charge": -495523.918838092, "energy_charge_savings": 1498.6969826736604, "old_demand_charge": -185111.63642973578, "new_demand_charge": -162988.9935537112, "demand_charge_savings": 22122.64287602459, "retail_profits": 23621.33985869825, "battery_charge_cost": -14125.810668731257, "battery_discharge_revenues": 15624.507651404863, "battery_retail_profits": 1498.6969826736058, "battery_export_revenue": 0.0, "total_profits": 23621.339858698197, "irr": 0.17273, "npv": 67470.637}}