{"key_params": {"location": "CA_Imperial.County", "customer_type": "Office", "demand_charge": 20, "export_price": 0.0, "export_price_type": "None", "battery_size_kWh": 300, "battery_power_kW": 150.0, "min_soc": 0.05, "max_soc": 1.0, "one_way_efficiency": 0.92, "start_soc": 0.5, "n_horizon": 24, "n_control": 12}, "savings": {"old_energy_charge": -360155.96555168426, "new_energy_charge": -358970.56405955186, "energy_charge_savings": 1185.4014921323978, "old_demand_charge": -186560.72164538212, "new_demand_charge": -167974.99971362922, "demand_charge_savings": 18585.721931752894, "retail_profits": 19771.123423885292, "battery_charge_cost": -11343.715770013114, "battery_discharge_revenues": 12529.117262145603, "battery_retail_profits": 1185.4014921324888, "battery_export_revenue": 0.0, "total_profits": 19771.123423885383, "irr": 0.13426, "npv": 43181.032}}