{"key_params": {"location": "CA_Livermore.Muni", "customer_type": "Restaurant", "demand_charge": 20, "export_price": 0.0, "export_price_type": "None", "battery_size_kWh": 300, "battery_power_kW": 150.0, "min_soc": 0.05, "max_soc": 1.0, "one_way_efficiency": 0.92, "start_soc": 0.5, "n_horizon": 24, "n_control": 12}, "savings": {"old_energy_charge": -469680.0896705197, "new_energy_charge": -468561.61515730474, "energy_charge_savings": 1118.4745132149546, "old_demand_charge": -172236.5524469954, "new_demand_charge": -150589.87556376623, "demand_charge_savings": 21646.67688322917, "retail_profits": 22765.151396444126, "battery_charge_cost": -15518.409446631726, "battery_discharge_revenues": 16636.883959846637, "battery_retail_profits": 1118.474513214911, "battery_export_revenue": 0.0, "total_profits": 22765.151396444082, "irr": 0.16431, "npv": 62069.258}}