{"key_params": {"location": "CA_Visalia.Muni.AWOS.723896_TMY3", "customer_type": "Hotel", "demand_charge": 20, "export_price": 0.0, "export_price_type": "None", "battery_size_kWh": 300, "battery_power_kW": 150.0, "min_soc": 0.05, "max_soc": 1.0, "one_way_efficiency": 0.92, "start_soc": 0.5, "n_horizon": 24, "n_control": 12}, "savings": {"old_energy_charge": -342056.9424102729, "new_energy_charge": -339779.79769565724, "energy_charge_savings": 2277.144714615657, "old_demand_charge": -127087.33000612244, "new_demand_charge": -103824.92117189072, "demand_charge_savings": 23262.408834231726, "retail_profits": 25539.553548847383, "battery_charge_cost": -12509.704358628527, "battery_discharge_revenues": 14786.84907324419, "battery_retail_profits": 2277.1447146156625, "battery_export_revenue": 0.0, "total_profits": 25539.55354884739, "irr": 0.19135, "npv": 79571.945}}