{"key_params": {"location": "CA_Porterville.AWOS.723895_TMY3", "customer_type": "Apartment", "demand_charge": 20, "export_price": 0.0, "export_price_type": "None", "battery_size_kWh": 300, "battery_power_kW": 150.0, "min_soc": 0.05, "max_soc": 1.0, "one_way_efficiency": 0.92, "start_soc": 0.5, "n_horizon": 24, "n_control": 12}, "savings": {"old_energy_charge": -354210.16711268155, "new_energy_charge": -351446.1767668987, "energy_charge_savings": 2763.990345782833, "old_demand_charge": -156177.26435674966, "new_demand_charge": -134839.76331616793, "demand_charge_savings": 21337.50104058173, "retail_profits": 24101.491386364563, "battery_charge_cost": -10729.564239130434, "battery_discharge_revenues": 13493.554584913287, "battery_retail_profits": 2763.990345782853, "battery_export_revenue": 0.0, "total_profits": 24101.491386364585, "irr": 0.17742, "npv": 70499.737}}