{"key_params": {"location": "CA_Stockton.Metro", "customer_type": "School", "demand_charge": 20, "export_price": 0.0, "export_price_type": "None", "battery_size_kWh": 300, "battery_power_kW": 150.0, "min_soc": 0.05, "max_soc": 1.0, "one_way_efficiency": 0.92, "start_soc": 0.5, "n_horizon": 24, "n_control": 12}, "savings": {"old_energy_charge": -367023.9065182371, "new_energy_charge": -365319.2512022539, "energy_charge_savings": 1704.6553159831674, "old_demand_charge": -226352.92640756772, "new_demand_charge": -208192.9455774436, "demand_charge_savings": 18159.980830124114, "retail_profits": 19864.63614610728, "battery_charge_cost": -10928.598464883033, "battery_discharge_revenues": 12633.253780866184, "battery_retail_profits": 1704.655315983151, "battery_export_revenue": 0.0, "total_profits": 19864.636146107267, "irr": 0.13521, "npv": 43770.969}}