{"key_params": {"location": "CA_Palm.Springs-Thermal", "customer_type": "School", "demand_charge": 20, "export_price": 0.0, "export_price_type": "None", "battery_size_kWh": 300, "battery_power_kW": 150.0, "min_soc": 0.05, "max_soc": 1.0, "one_way_efficiency": 0.92, "start_soc": 0.5, "n_horizon": 24, "n_control": 12}, "savings": {"old_energy_charge": -617693.5804388048, "new_energy_charge": -616076.4775962838, "energy_charge_savings": 1617.1028425210388, "old_demand_charge": -327722.5492295595, "new_demand_charge": -311233.32393247506, "demand_charge_savings": 16489.225297084427, "retail_profits": 18106.328139605466, "battery_charge_cost": -11092.073907989483, "battery_discharge_revenues": 12709.176750510534, "battery_retail_profits": 1617.1028425210516, "battery_export_revenue": 0.0, "total_profits": 18106.32813960548, "irr": 0.11704, "npv": 32678.448}}