{"key_params": {"location": "CA_Fairfield-Travis.AFB.745160_TMY3", "customer_type": "School", "demand_charge": 20, "export_price": 0.0, "export_price_type": "None", "battery_size_kWh": 300, "battery_power_kW": 150.0, "min_soc": 0.05, "max_soc": 1.0, "one_way_efficiency": 0.92, "start_soc": 0.5, "n_horizon": 24, "n_control": 12}, "savings": {"old_energy_charge": -582145.7129528106, "new_energy_charge": -580110.5685207134, "energy_charge_savings": 2035.1444320972078, "old_demand_charge": -379393.57390830084, "new_demand_charge": -355625.34250513196, "demand_charge_savings": 23768.231403168873, "retail_profits": 25803.37583526608, "battery_charge_cost": -10933.526328510125, "battery_discharge_revenues": 12968.670760607412, "battery_retail_profits": 2035.1444320972878, "battery_export_revenue": 0.0, "total_profits": 25803.37583526616, "irr": 0.19389, "npv": 81236.303}}