{"key_params": {"location": "CA_Oakland.Intl", "customer_type": "Market", "demand_charge": 20, "export_price": 0.0, "export_price_type": "None", "battery_size_kWh": 300, "battery_power_kW": 150.0, "min_soc": 0.05, "max_soc": 1.0, "one_way_efficiency": 0.92, "start_soc": 0.5, "n_horizon": 24, "n_control": 12}, "savings": {"old_energy_charge": -367672.4696982428, "new_energy_charge": -367021.7169384258, "energy_charge_savings": 650.7527598169982, "old_demand_charge": -141508.06940314232, "new_demand_charge": -127271.1443712762, "demand_charge_savings": 14236.925031866122, "retail_profits": 14887.67779168312, "battery_charge_cost": -11968.303293798748, "battery_discharge_revenues": 12619.056053615728, "battery_retail_profits": 650.75275981698, "battery_export_revenue": 0.0, "total_profits": 14887.677791683102, "irr": 0.08235, "npv": 12373.161}}