{"key_params": {"location": "CA_Modesto.Muni", "customer_type": "Market", "demand_charge": 20, "export_price": 0.0, "export_price_type": "None", "battery_size_kWh": 300, "battery_power_kW": 150.0, "min_soc": 0.05, "max_soc": 1.0, "one_way_efficiency": 0.92, "start_soc": 0.5, "n_horizon": 24, "n_control": 12}, "savings": {"old_energy_charge": -384043.94010240096, "new_energy_charge": -383016.24169687973, "energy_charge_savings": 1027.6984055212233, "old_demand_charge": -153528.49152992494, "new_demand_charge": -141030.91210777286, "demand_charge_savings": 12497.579422152077, "retail_profits": 13525.2778276733, "battery_charge_cost": -11670.485313017447, "battery_discharge_revenues": 12698.183718538672, "battery_retail_profits": 1027.6984055212251, "battery_export_revenue": 0.0, "total_profits": 13525.277827673302, "irr": 0.06694, "npv": 3778.279}}