{"key_params": {"location": "CA_Santa.Maria.Public", "customer_type": "Hotel", "demand_charge": 20, "export_price": 0.0, "export_price_type": "None", "battery_size_kWh": 300, "battery_power_kW": 150.0, "min_soc": 0.05, "max_soc": 1.0, "one_way_efficiency": 0.92, "start_soc": 0.5, "n_horizon": 24, "n_control": 12}, "savings": {"old_energy_charge": -380332.39439444774, "new_energy_charge": -378059.19580581936, "energy_charge_savings": 2273.19858862838, "old_demand_charge": -148647.6351211112, "new_demand_charge": -124202.6091451702, "demand_charge_savings": 24445.02597594101, "retail_profits": 26718.22456456939, "battery_charge_cost": -12626.482688599946, "battery_discharge_revenues": 14899.681277228376, "battery_retail_profits": 2273.198588628429, "battery_export_revenue": 0.0, "total_profits": 26718.224564569442, "irr": 0.20266, "npv": 87007.749}}