{"key_params": {"location": "CA_Sacramento.Metro", "customer_type": "Office", "demand_charge": 20, "export_price": 0.0, "export_price_type": "None", "battery_size_kWh": 300, "battery_power_kW": 150.0, "min_soc": 0.05, "max_soc": 1.0, "one_way_efficiency": 0.92, "start_soc": 0.5, "n_horizon": 24, "n_control": 12}, "savings": {"old_energy_charge": -405832.93930845335, "new_energy_charge": -404136.83351401135, "energy_charge_savings": 1696.1057944420027, "old_demand_charge": -257948.19947890475, "new_demand_charge": -227682.53876781958, "demand_charge_savings": 30265.660711085162, "retail_profits": 31961.766505527165, "battery_charge_cost": -11638.465241428088, "battery_discharge_revenues": 13334.571035870122, "battery_retail_profits": 1696.1057944420336, "battery_export_revenue": 0.0, "total_profits": 31961.766505527194, "irr": 0.25195, "npv": 120087.335}}