{"key_params": {"location": "CA_Blue.Canyon", "customer_type": "Office", "demand_charge": 20, "export_price": 0.0, "export_price_type": "None", "battery_size_kWh": 300, "battery_power_kW": 150.0, "min_soc": 0.05, "max_soc": 1.0, "one_way_efficiency": 0.92, "start_soc": 0.5, "n_horizon": 24, "n_control": 12}, "savings": {"old_energy_charge": -301538.33486111293, "new_energy_charge": -300947.8224132782, "energy_charge_savings": 590.5124478347134, "old_demand_charge": -148705.79638312853, "new_demand_charge": -135651.85739041193, "demand_charge_savings": 13053.938992716605, "retail_profits": 13644.451440551318, "battery_charge_cost": -11648.680385203106, "battery_discharge_revenues": 12239.19283303786, "battery_retail_profits": 590.5124478347534, "battery_export_revenue": 0.0, "total_profits": 13644.451440551358, "irr": 0.06831, "npv": 4530.101}}