{"key_params": {"location": "CA_Concord-Buchanan.Field.724936_TMY3", "customer_type": "Market", "demand_charge": 20, "export_price": 0.0, "export_price_type": "None", "battery_size_kWh": 300, "battery_power_kW": 150.0, "min_soc": 0.05, "max_soc": 1.0, "one_way_efficiency": 0.92, "start_soc": 0.5, "n_horizon": 24, "n_control": 12}, "savings": {"old_energy_charge": -377909.71347287536, "new_energy_charge": -376545.4229552267, "energy_charge_savings": 1364.290517648682, "old_demand_charge": -149832.8886196855, "new_demand_charge": -136275.93074680658, "demand_charge_savings": 13556.957872878906, "retail_profits": 14921.248390527588, "battery_charge_cost": -11561.85475698047, "battery_discharge_revenues": 12926.14527462914, "battery_retail_profits": 1364.2905176486693, "battery_export_revenue": 0.0, "total_profits": 14921.248390527575, "irr": 0.08272, "npv": 12584.946}}