{"key_params": {"location": "CA_Concord-Buchanan.Field.724936_TMY3", "customer_type": "Office", "demand_charge": 20, "export_price": 0.0, "export_price_type": "None", "battery_size_kWh": 300, "battery_power_kW": 150.0, "min_soc": 0.05, "max_soc": 1.0, "one_way_efficiency": 0.92, "start_soc": 0.5, "n_horizon": 24, "n_control": 12}, "savings": {"old_energy_charge": -303272.0446135894, "new_energy_charge": -302102.4125408976, "energy_charge_savings": 1169.6320726918057, "old_demand_charge": -159974.29802569063, "new_demand_charge": -142619.7329818194, "demand_charge_savings": 17354.565043871233, "retail_profits": 18524.19711656304, "battery_charge_cost": -11339.131878027358, "battery_discharge_revenues": 12508.763950719127, "battery_retail_profits": 1169.6320726917693, "battery_export_revenue": 0.0, "total_profits": 18524.197116563002, "irr": 0.1214, "npv": 35314.63}}