{"key_params": {"location": "CA_Stockton.Metro", "customer_type": "Hotel", "demand_charge": 20, "export_price": 0.0, "export_price_type": "None", "battery_size_kWh": 300, "battery_power_kW": 150.0, "min_soc": 0.05, "max_soc": 1.0, "one_way_efficiency": 0.92, "start_soc": 0.5, "n_horizon": 24, "n_control": 12}, "savings": {"old_energy_charge": -381059.5066968351, "new_energy_charge": -378670.4903032246, "energy_charge_savings": 2389.016393610509, "old_demand_charge": -155575.8510628367, "new_demand_charge": -132701.8143519861, "demand_charge_savings": 22874.036710850603, "retail_profits": 25263.053104461113, "battery_charge_cost": -11770.71820346846, "battery_discharge_revenues": 14159.734597078914, "battery_retail_profits": 2389.0163936104545, "battery_export_revenue": 0.0, "total_profits": 25263.053104461058, "irr": 0.18869, "npv": 77827.605}}