{"key_params": {"location": "CA_San.Luis.Obispo", "customer_type": "Office", "demand_charge": 20, "export_price": 0.0, "export_price_type": "None", "battery_size_kWh": 300, "battery_power_kW": 150.0, "min_soc": 0.05, "max_soc": 1.0, "one_way_efficiency": 0.92, "start_soc": 0.5, "n_horizon": 24, "n_control": 12}, "savings": {"old_energy_charge": -295395.62263785553, "new_energy_charge": -294695.4946026399, "energy_charge_savings": 700.1280352156027, "old_demand_charge": -152464.39828923764, "new_demand_charge": -137674.36543715184, "demand_charge_savings": 14790.032852085802, "retail_profits": 15490.160887301405, "battery_charge_cost": -11570.391551855322, "battery_discharge_revenues": 12270.519587070921, "battery_retail_profits": 700.1280352155991, "battery_export_revenue": 0.0, "total_profits": 15490.160887301401, "irr": 0.08901, "npv": 16174.007}}