{"key_params": {"location": "CA_Porterville.AWOS.723895_TMY3", "customer_type": "Hotel", "demand_charge": 20, "export_price": 0.0, "export_price_type": "None", "battery_size_kWh": 300, "battery_power_kW": 150.0, "min_soc": 0.05, "max_soc": 1.0, "one_way_efficiency": 0.92, "start_soc": 0.5, "n_horizon": 24, "n_control": 12}, "savings": {"old_energy_charge": -344429.17746318865, "new_energy_charge": -342167.45203249506, "energy_charge_savings": 2261.725430693594, "old_demand_charge": -126709.03324448105, "new_demand_charge": -103925.96410786668, "demand_charge_savings": 22783.069136614373, "retail_profits": 25044.794567307967, "battery_charge_cost": -12645.28923762962, "battery_discharge_revenues": 14907.014668323201, "battery_retail_profits": 2261.725430693581, "battery_export_revenue": 0.0, "total_profits": 25044.794567307952, "irr": 0.18658, "npv": 76450.692}}