{"key_params": {"location": "CA_Visalia.Muni.AWOS.723896_TMY3", "customer_type": "Hospital", "demand_charge": 20, "export_price": 0.0, "export_price_type": "None", "battery_size_kWh": 300, "battery_power_kW": 150.0, "min_soc": 0.05, "max_soc": 1.0, "one_way_efficiency": 0.92, "start_soc": 0.5, "n_horizon": 24, "n_control": 12}, "savings": {"old_energy_charge": -248903.2260270914, "new_energy_charge": -248666.62895614022, "energy_charge_savings": 236.59707095118938, "old_demand_charge": -83269.42301426009, "new_demand_charge": -74990.47045041871, "demand_charge_savings": 8278.952563841376, "retail_profits": 8515.549634792565, "battery_charge_cost": -11647.058317612264, "battery_discharge_revenues": 11883.655388563435, "battery_retail_profits": 236.5970709511712, "battery_export_revenue": 0.0, "total_profits": 8515.549634792547, "irr": 0.00296, "npv": -28299.981}}