{"key_params": {"location": "CA_Fullerton.Muni", "customer_type": "School", "demand_charge": 20, "export_price": 0.0, "export_price_type": "None", "battery_size_kWh": 300, "battery_power_kW": 150.0, "min_soc": 0.05, "max_soc": 1.0, "one_way_efficiency": 0.92, "start_soc": 0.5, "n_horizon": 24, "n_control": 12}, "savings": {"old_energy_charge": -618637.035755091, "new_energy_charge": -616612.644017846, "energy_charge_savings": 2024.3917372450233, "old_demand_charge": -376754.7140329097, "new_demand_charge": -358294.28090414935, "demand_charge_savings": 18460.43312876037, "retail_profits": 20484.824866005394, "battery_charge_cost": -10968.165301984822, "battery_discharge_revenues": 12992.557039229856, "battery_retail_profits": 2024.3917372450342, "battery_export_revenue": 0.0, "total_profits": 20484.824866005405, "irr": 0.14152, "npv": 47683.513}}