{"key_params": {"location": "CA_San.Diego-North.Island.NAS.722906_TMY3", "customer_type": "Hotel", "demand_charge": 20, "export_price": 0.0, "export_price_type": "None", "battery_size_kWh": 300, "battery_power_kW": 150.0, "min_soc": 0.05, "max_soc": 1.0, "one_way_efficiency": 0.92, "start_soc": 0.5, "n_horizon": 24, "n_control": 12}, "savings": {"old_energy_charge": -338972.1870552227, "new_energy_charge": -336732.5288384118, "energy_charge_savings": 2239.6582168109016, "old_demand_charge": -122125.97296436659, "new_demand_charge": -99731.95665922794, "demand_charge_savings": 22394.016305138648, "retail_profits": 24633.67452194955, "battery_charge_cost": -12733.419088480548, "battery_discharge_revenues": 14973.077305291417, "battery_retail_profits": 2239.658216810869, "battery_export_revenue": 0.0, "total_profits": 24633.674521949517, "irr": 0.18259, "npv": 73857.086}}