{"key_params": {"location": "CA_Truckee.Tahoe", "customer_type": "Restaurant", "demand_charge": 20, "export_price": 0.0, "export_price_type": "None", "battery_size_kWh": 300, "battery_power_kW": 150.0, "min_soc": 0.05, "max_soc": 1.0, "one_way_efficiency": 0.92, "start_soc": 0.5, "n_horizon": 24, "n_control": 12}, "savings": {"old_energy_charge": -475220.9297329536, "new_energy_charge": -474830.04154047207, "energy_charge_savings": 390.88819248153595, "old_demand_charge": -165837.21727366894, "new_demand_charge": -143211.5161249827, "demand_charge_savings": 22625.701148686232, "retail_profits": 23016.589341167768, "battery_charge_cost": -17038.8130533659, "battery_discharge_revenues": 17429.701245847464, "battery_retail_profits": 390.88819248156506, "battery_export_revenue": 0.0, "total_profits": 23016.589341167797, "irr": 0.16679, "npv": 63655.488}}