{"key_params": {"location": "CA_San.Jose.Intl", "customer_type": "Hospital", "demand_charge": 20, "export_price": 0.0, "export_price_type": "None", "battery_size_kWh": 300, "battery_power_kW": 150.0, "min_soc": 0.05, "max_soc": 1.0, "one_way_efficiency": 0.92, "start_soc": 0.5, "n_horizon": 24, "n_control": 12}, "savings": {"old_energy_charge": -246120.36873466749, "new_energy_charge": -246105.1145275366, "energy_charge_savings": 15.254207130870782, "old_demand_charge": -81215.40962431006, "new_demand_charge": -72781.79670514526, "demand_charge_savings": 8433.612919164807, "retail_profits": 8448.867126295678, "battery_charge_cost": -11628.612492503084, "battery_discharge_revenues": 11643.866699633963, "battery_retail_profits": 15.254207130879877, "battery_export_revenue": 0.0, "total_profits": 8448.867126295687, "irr": 0.00193, "npv": -28751.893}}