{"key_params": {"location": "CA_Crescent.City-Jack.McNamara.Field.725946_TMY3", "customer_type": "Office", "demand_charge": 20, "export_price": 0.0, "export_price_type": "None", "battery_size_kWh": 300, "battery_power_kW": 150.0, "min_soc": 0.05, "max_soc": 1.0, "one_way_efficiency": 0.92, "start_soc": 0.5, "n_horizon": 24, "n_control": 12}, "savings": {"old_energy_charge": -426781.64670932305, "new_energy_charge": -425516.13207671145, "energy_charge_savings": 1265.5146326115937, "old_demand_charge": -233645.10730507452, "new_demand_charge": -213329.2594432358, "demand_charge_savings": 20315.84786183873, "retail_profits": 21581.362494450324, "battery_charge_cost": -11574.692428800212, "battery_discharge_revenues": 12840.207061411831, "battery_retail_profits": 1265.5146326116192, "battery_export_revenue": 0.0, "total_profits": 21581.36249445035, "irr": 0.15255, "npv": 54601.167}}