{"key_params": {"location": "CA_Carlsbad.722927_TMY3", "customer_type": "Hotel", "demand_charge": 20, "export_price": 0.0, "export_price_type": "None", "battery_size_kWh": 300, "battery_power_kW": 150.0, "min_soc": 0.05, "max_soc": 1.0, "one_way_efficiency": 0.92, "start_soc": 0.5, "n_horizon": 24, "n_control": 12}, "savings": {"old_energy_charge": -365801.55572793935, "new_energy_charge": -363591.2162618008, "energy_charge_savings": 2210.3394661385682, "old_demand_charge": -142161.92851383434, "new_demand_charge": -117831.81526904642, "demand_charge_savings": 24330.11324478792, "retail_profits": 26540.45271092649, "battery_charge_cost": -12885.767416541647, "battery_discharge_revenues": 15096.106882680175, "battery_retail_profits": 2210.339466138528, "battery_export_revenue": 0.0, "total_profits": 26540.45271092645, "irr": 0.20096, "npv": 85886.251}}