{"key_params": {"location": "CA_Lancaster-Gen.Wm.Fox.Field.723816_TMY3", "customer_type": "School", "demand_charge": 20, "export_price": 0.0, "export_price_type": "None", "battery_size_kWh": 300, "battery_power_kW": 150.0, "min_soc": 0.05, "max_soc": 1.0, "one_way_efficiency": 0.92, "start_soc": 0.5, "n_horizon": 24, "n_control": 12}, "savings": {"old_energy_charge": -622526.3002105195, "new_energy_charge": -620660.778686743, "energy_charge_savings": 1865.5215237764642, "old_demand_charge": -384524.00963598216, "new_demand_charge": -362435.92350959394, "demand_charge_savings": 22088.086126388225, "retail_profits": 23953.60765016469, "battery_charge_cost": -11002.624031684685, "battery_discharge_revenues": 12868.145555461155, "battery_retail_profits": 1865.5215237764696, "battery_export_revenue": 0.0, "total_profits": 23953.607650164697, "irr": 0.17598, "npv": 69566.793}}