{"key_params": {"location": "CA_San.Francisco.Intl", "customer_type": "Office", "demand_charge": 20, "export_price": 0.0, "export_price_type": "None", "battery_size_kWh": 300, "battery_power_kW": 150.0, "min_soc": 0.05, "max_soc": 1.0, "one_way_efficiency": 0.92, "start_soc": 0.5, "n_horizon": 24, "n_control": 12}, "savings": {"old_energy_charge": -393591.86508717795, "new_energy_charge": -391929.4710486322, "energy_charge_savings": 1662.3940385457827, "old_demand_charge": -214287.57439412756, "new_demand_charge": -188515.5982949876, "demand_charge_savings": 25771.976099139953, "retail_profits": 27434.370137685735, "battery_charge_cost": -12271.502097825618, "battery_discharge_revenues": 13933.89613637142, "battery_retail_profits": 1662.3940385458027, "battery_export_revenue": 0.0, "total_profits": 27434.370137685757, "irr": 0.20948, "npv": 91525.649}}