{"key_params": {"location": "CA_Palm.Springs-Thermal", "customer_type": "Hotel", "demand_charge": 20, "export_price": 0.0, "export_price_type": "None", "battery_size_kWh": 300, "battery_power_kW": 150.0, "min_soc": 0.05, "max_soc": 1.0, "one_way_efficiency": 0.92, "start_soc": 0.5, "n_horizon": 24, "n_control": 12}, "savings": {"old_energy_charge": -377794.1886773645, "new_energy_charge": -375384.99660094525, "energy_charge_savings": 2409.1920764192473, "old_demand_charge": -146648.56754135352, "new_demand_charge": -123884.16736183621, "demand_charge_savings": 22764.40017951731, "retail_profits": 25173.592255936557, "battery_charge_cost": -11780.61682099257, "battery_discharge_revenues": 14189.808897411785, "battery_retail_profits": 2409.1920764192146, "battery_export_revenue": 0.0, "total_profits": 25173.592255936524, "irr": 0.18782, "npv": 77263.229}}