{"key_params": {"location": "CA_San.Diego-Lindbergh.Field.722900_TMY3", "customer_type": "Hotel", "demand_charge": 20, "export_price": 0.0, "export_price_type": "None", "battery_size_kWh": 300, "battery_power_kW": 150.0, "min_soc": 0.05, "max_soc": 1.0, "one_way_efficiency": 0.92, "start_soc": 0.5, "n_horizon": 24, "n_control": 12}, "savings": {"old_energy_charge": -364424.0440392023, "new_energy_charge": -362151.2338788054, "energy_charge_savings": 2272.8101603968535, "old_demand_charge": -141176.21396735276, "new_demand_charge": -117801.33886053812, "demand_charge_savings": 23374.875106814638, "retail_profits": 25647.68526721149, "battery_charge_cost": -12588.69034866826, "battery_discharge_revenues": 14861.5005090651, "battery_retail_profits": 2272.810160396839, "battery_export_revenue": 0.0, "total_profits": 25647.685267211476, "irr": 0.19239, "npv": 80254.108}}