{"key_params": {"location": "CA_Needles", "customer_type": "Hospital", "demand_charge": 20, "export_price": 0.0, "export_price_type": "None", "battery_size_kWh": 300, "battery_power_kW": 150.0, "min_soc": 0.05, "max_soc": 1.0, "one_way_efficiency": 0.92, "start_soc": 0.5, "n_horizon": 24, "n_control": 12}, "savings": {"old_energy_charge": -245407.5085504948, "new_energy_charge": -245145.83793334698, "energy_charge_savings": 261.6706171478145, "old_demand_charge": -81930.72566802426, "new_demand_charge": -73239.18701672376, "demand_charge_savings": 8691.538651300492, "retail_profits": 8953.209268448307, "battery_charge_cost": -11628.730780688958, "battery_discharge_revenues": 11890.40139783675, "battery_retail_profits": 261.67061714779084, "battery_export_revenue": 0.0, "total_profits": 8953.209268448283, "irr": 0.00947, "npv": -25373.843}}