{"key_params": {"location": "CA_Beale.AFB.724837_TMY3", "customer_type": "Market", "demand_charge": 20, "export_price": 0.0, "export_price_type": "None", "battery_size_kWh": 300, "battery_power_kW": 150.0, "min_soc": 0.05, "max_soc": 1.0, "one_way_efficiency": 0.92, "start_soc": 0.5, "n_horizon": 24, "n_control": 12}, "savings": {"old_energy_charge": -388476.37120192975, "new_energy_charge": -387286.24782874406, "energy_charge_savings": 1190.123373185692, "old_demand_charge": -154027.1939144948, "new_demand_charge": -141150.1512922769, "demand_charge_savings": 12877.042622217909, "retail_profits": 14067.1659954036, "battery_charge_cost": -11662.32990582662, "battery_discharge_revenues": 12852.453279012298, "battery_retail_profits": 1190.1233731856773, "battery_export_revenue": 0.0, "total_profits": 14067.165995403586, "irr": 0.07313, "npv": 7196.853}}