{"key_params": {"location": "CA_Bakersfield-Meadows.Field.723840_TMY3", "customer_type": "Restaurant", "demand_charge": 20, "export_price": 0.0, "export_price_type": "None", "battery_size_kWh": 300, "battery_power_kW": 150.0, "min_soc": 0.05, "max_soc": 1.0, "one_way_efficiency": 0.92, "start_soc": 0.5, "n_horizon": 24, "n_control": 12}, "savings": {"old_energy_charge": -464307.14443384286, "new_energy_charge": -463042.38441934827, "energy_charge_savings": 1264.76001449459, "old_demand_charge": -169047.49883688212, "new_demand_charge": -148398.55075790008, "demand_charge_savings": 20648.948078982037, "retail_profits": 21913.708093476627, "battery_charge_cost": -15412.07625023985, "battery_discharge_revenues": 16676.83626473445, "battery_retail_profits": 1264.760014494601, "battery_export_revenue": 0.0, "total_profits": 21913.708093476638, "irr": 0.15587, "npv": 56697.814}}