{"key_params": {"location": "CA_Palm.Springs.Intl", "customer_type": "Office", "demand_charge": 20, "export_price": 0.0, "export_price_type": "None", "battery_size_kWh": 300, "battery_power_kW": 150.0, "min_soc": 0.05, "max_soc": 1.0, "one_way_efficiency": 0.92, "start_soc": 0.5, "n_horizon": 24, "n_control": 12}, "savings": {"old_energy_charge": -343007.3411737801, "new_energy_charge": -341582.2129273979, "energy_charge_savings": 1425.12824638217, "old_demand_charge": -177072.22953182255, "new_demand_charge": -161729.00204770933, "demand_charge_savings": 15343.227484113217, "retail_profits": 16768.355730495387, "battery_charge_cost": -11294.941992823186, "battery_discharge_revenues": 12720.070239205437, "battery_retail_profits": 1425.1282463822517, "battery_export_revenue": 0.0, "total_profits": 16768.355730495467, "irr": 0.10287, "npv": 24237.67}}