{"key_params": {"location": "CA_Palm.Springs-Thermal", "customer_type": "Market", "demand_charge": 20, "export_price": 0.0, "export_price_type": "None", "battery_size_kWh": 300, "battery_power_kW": 150.0, "min_soc": 0.05, "max_soc": 1.0, "one_way_efficiency": 0.92, "start_soc": 0.5, "n_horizon": 24, "n_control": 12}, "savings": {"old_energy_charge": -394637.8087275995, "new_energy_charge": -393972.4324439182, "energy_charge_savings": 665.3762836813112, "old_demand_charge": -156802.842058566, "new_demand_charge": -143302.5649299873, "demand_charge_savings": 13500.277128578688, "retail_profits": 14165.653412259999, "battery_charge_cost": -11789.646217702128, "battery_discharge_revenues": 12455.02250138348, "battery_retail_profits": 665.376283681353, "battery_export_revenue": 0.0, "total_profits": 14165.65341226004, "irr": 0.07424, "npv": 7818.174}}