{"key_params": {"location": "CA_Chino", "customer_type": "Hotel", "demand_charge": 20, "export_price": 0.0, "export_price_type": "None", "battery_size_kWh": 300, "battery_power_kW": 150.0, "min_soc": 0.05, "max_soc": 1.0, "one_way_efficiency": 0.92, "start_soc": 0.5, "n_horizon": 24, "n_control": 12}, "savings": {"old_energy_charge": -340618.6328334939, "new_energy_charge": -338372.9922806367, "energy_charge_savings": 2245.6405528571922, "old_demand_charge": -123837.92151490616, "new_demand_charge": -101167.84818458698, "demand_charge_savings": 22670.07333031918, "retail_profits": 24915.713883176373, "battery_charge_cost": -12645.61250986918, "battery_discharge_revenues": 14891.253062726408, "battery_retail_profits": 2245.6405528572286, "battery_export_revenue": 0.0, "total_profits": 24915.71388317641, "irr": 0.18533, "npv": 75636.369}}