{"key_params": {"location": "CA_Santa.Monica.Muni", "customer_type": "Office", "demand_charge": 20, "export_price": 0.0, "export_price_type": "None", "battery_size_kWh": 300, "battery_power_kW": 150.0, "min_soc": 0.05, "max_soc": 1.0, "one_way_efficiency": 0.92, "start_soc": 0.5, "n_horizon": 24, "n_control": 12}, "savings": {"old_energy_charge": -532604.5190766213, "new_energy_charge": -531816.5391309619, "energy_charge_savings": 787.9799456594046, "old_demand_charge": -260899.47128170112, "new_demand_charge": -242273.03919348383, "demand_charge_savings": 18626.43208821729, "retail_profits": 19414.412033876695, "battery_charge_cost": -11885.04082534366, "battery_discharge_revenues": 12673.020771003097, "battery_retail_profits": 787.9799456594374, "battery_export_revenue": 0.0, "total_profits": 19414.412033876728, "irr": 0.1306, "npv": 40930.67}}