{"key_params": {"location": "CA_Lemoore.NAS.747020_TMY3", "customer_type": "Restaurant", "demand_charge": 20, "export_price": 0.0, "export_price_type": "None", "battery_size_kWh": 300, "battery_power_kW": 150.0, "min_soc": 0.05, "max_soc": 1.0, "one_way_efficiency": 0.92, "start_soc": 0.5, "n_horizon": 24, "n_control": 12}, "savings": {"old_energy_charge": -461643.5036420971, "new_energy_charge": -460934.43589560967, "energy_charge_savings": 709.0677464874461, "old_demand_charge": -168012.06916608036, "new_demand_charge": -147860.2478807032, "demand_charge_savings": 20151.82128537717, "retail_profits": 20860.889031864615, "battery_charge_cost": -16514.788879999574, "battery_discharge_revenues": 17223.856626486944, "battery_retail_profits": 709.0677464873697, "battery_export_revenue": 0.0, "total_profits": 20860.88903186454, "irr": 0.14532, "npv": 50055.964}}