{"key_params": {"location": "CA_Alturas.725958_TMY3", "customer_type": "Hotel", "demand_charge": 20, "export_price": 0.0, "export_price_type": "None", "battery_size_kWh": 300, "battery_power_kW": 150.0, "min_soc": 0.05, "max_soc": 1.0, "one_way_efficiency": 0.92, "start_soc": 0.5, "n_horizon": 24, "n_control": 12}, "savings": {"old_energy_charge": -352325.4263100411, "new_energy_charge": -350117.39863064303, "energy_charge_savings": 2208.027679398074, "old_demand_charge": -132208.36910976894, "new_demand_charge": -108506.52542027376, "demand_charge_savings": 23701.84368949519, "retail_profits": 25909.871368893262, "battery_charge_cost": -12870.167919912925, "battery_discharge_revenues": 15078.195599311035, "battery_retail_profits": 2208.02767939811, "battery_export_revenue": 0.0, "total_profits": 25909.8713688933, "irr": 0.19491, "npv": 81908.145}}