{"key_params": {"location": "CA_Blue.Canyon", "customer_type": "Apartment", "demand_charge": 20, "export_price": 0.0, "export_price_type": "None", "battery_size_kWh": 300, "battery_power_kW": 150.0, "min_soc": 0.05, "max_soc": 1.0, "one_way_efficiency": 0.92, "start_soc": 0.5, "n_horizon": 24, "n_control": 12}, "savings": {"old_energy_charge": -325202.9139844088, "new_energy_charge": -322439.6262559912, "energy_charge_savings": 2763.2877284175484, "old_demand_charge": -139451.3904088349, "new_demand_charge": -119454.33581503342, "demand_charge_savings": 19997.054593801484, "retail_profits": 22760.342322219032, "battery_charge_cost": -10729.564239130434, "battery_discharge_revenues": 13492.851967547987, "battery_retail_profits": 2763.287728417554, "battery_export_revenue": 0.0, "total_profits": 22760.34232221904, "irr": 0.16426, "npv": 62038.919}}