{"key_params": {"location": "CA_Chino", "customer_type": "Restaurant", "demand_charge": 20, "export_price": 0.0, "export_price_type": "None", "battery_size_kWh": 300, "battery_power_kW": 150.0, "min_soc": 0.05, "max_soc": 1.0, "one_way_efficiency": 0.92, "start_soc": 0.5, "n_horizon": 24, "n_control": 12}, "savings": {"old_energy_charge": -488321.7909402939, "new_energy_charge": -486958.162456862, "energy_charge_savings": 1363.6284834319376, "old_demand_charge": -189235.55848139187, "new_demand_charge": -165479.73261293786, "demand_charge_savings": 23755.825868454005, "retail_profits": 25119.454351885943, "battery_charge_cost": -13026.783120811884, "battery_discharge_revenues": 14390.411604243809, "battery_retail_profits": 1363.628483431925, "battery_export_revenue": 0.0, "total_profits": 25119.45435188593, "irr": 0.1873, "npv": 76921.693}}