{"key_params": {"location": "CA_Palmdale", "customer_type": "Restaurant", "demand_charge": 20, "export_price": 0.0, "export_price_type": "None", "battery_size_kWh": 300, "battery_power_kW": 150.0, "min_soc": 0.05, "max_soc": 1.0, "one_way_efficiency": 0.92, "start_soc": 0.5, "n_horizon": 24, "n_control": 12}, "savings": {"old_energy_charge": -465718.81958783907, "new_energy_charge": -465365.9495375036, "energy_charge_savings": 352.8700503354776, "old_demand_charge": -170369.32447010896, "new_demand_charge": -150319.62853188894, "demand_charge_savings": 20049.695938220015, "retail_profits": 20402.565988555492, "battery_charge_cost": -17192.479047394034, "battery_discharge_revenues": 17545.349097729442, "battery_retail_profits": 352.87005033540845, "battery_export_revenue": 0.0, "total_profits": 20402.565988555423, "irr": 0.14069, "npv": 47164.572}}