{"key_params": {"location": "CA_Riverside.Muni", "customer_type": "School", "demand_charge": 20, "export_price": 0.0, "export_price_type": "None", "battery_size_kWh": 300, "battery_power_kW": 150.0, "min_soc": 0.05, "max_soc": 1.0, "one_way_efficiency": 0.92, "start_soc": 0.5, "n_horizon": 24, "n_control": 12}, "savings": {"old_energy_charge": -369852.68478148256, "new_energy_charge": -368035.24491576996, "energy_charge_savings": 1817.4398657126003, "old_demand_charge": -239632.5517155505, "new_demand_charge": -219835.05170991426, "demand_charge_savings": 19797.500005636248, "retail_profits": 21614.939871348848, "battery_charge_cost": -11074.575482328944, "battery_discharge_revenues": 12892.015348041548, "battery_retail_profits": 1817.439865712604, "battery_export_revenue": 0.0, "total_profits": 21614.93987134885, "irr": 0.15289, "npv": 54812.994}}