{"key_params": {"location": "CA_San.Diego-Lindbergh.Field.722900_TMY3", "customer_type": "Office", "demand_charge": 20, "export_price": 0.0, "export_price_type": "None", "battery_size_kWh": 300, "battery_power_kW": 150.0, "min_soc": 0.05, "max_soc": 1.0, "one_way_efficiency": 0.92, "start_soc": 0.5, "n_horizon": 24, "n_control": 12}, "savings": {"old_energy_charge": -307049.13218614354, "new_energy_charge": -305942.63289883826, "energy_charge_savings": 1106.4992873052834, "old_demand_charge": -154130.3661540282, "new_demand_charge": -141220.43955048895, "demand_charge_savings": 12909.926603539236, "retail_profits": 14016.425890844519, "battery_charge_cost": -11439.39928357246, "battery_discharge_revenues": 12545.89857087772, "battery_retail_profits": 1106.4992873052597, "battery_export_revenue": 0.0, "total_profits": 14016.425890844495, "irr": 0.07255, "npv": 6876.752}}