{"key_params": {"location": "CA_Mountain.View-Moffett.Field.NAS.745090_TMY3", "customer_type": "Restaurant", "demand_charge": 20, "export_price": 0.0, "export_price_type": "None", "battery_size_kWh": 300, "battery_power_kW": 150.0, "min_soc": 0.05, "max_soc": 1.0, "one_way_efficiency": 0.92, "start_soc": 0.5, "n_horizon": 24, "n_control": 12}, "savings": {"old_energy_charge": -461478.45277385286, "new_energy_charge": -460485.14648817695, "energy_charge_savings": 993.3062856759061, "old_demand_charge": -166891.36191797923, "new_demand_charge": -143476.19293574424, "demand_charge_savings": 23415.168982234987, "retail_profits": 24408.475267910893, "battery_charge_cost": -15825.34611804406, "battery_discharge_revenues": 16818.652403719963, "battery_retail_profits": 993.3062856759025, "battery_export_revenue": 0.0, "total_profits": 24408.47526791089, "irr": 0.18041, "npv": 72436.386}}