{"key_params": {"location": "CA_Blythe-Riverside.County", "customer_type": "School", "demand_charge": 20, "export_price": 0.0, "export_price_type": "None", "battery_size_kWh": 300, "battery_power_kW": 150.0, "min_soc": 0.05, "max_soc": 1.0, "one_way_efficiency": 0.92, "start_soc": 0.5, "n_horizon": 24, "n_control": 12}, "savings": {"old_energy_charge": -541511.6866614419, "new_energy_charge": -539962.8822570795, "energy_charge_savings": 1548.804404362454, "old_demand_charge": -274033.18830879516, "new_demand_charge": -257819.57031416852, "demand_charge_savings": 16213.617994626635, "retail_profits": 17762.42239898909, "battery_charge_cost": -11127.656796898016, "battery_discharge_revenues": 12676.461201260521, "battery_retail_profits": 1548.804404362505, "battery_export_revenue": 0.0, "total_profits": 17762.42239898914, "irr": 0.11343, "npv": 30508.872}}