{"key_params": {"location": "CA_Santa.Maria.Public", "customer_type": "Office", "demand_charge": 20, "export_price": 0.0, "export_price_type": "None", "battery_size_kWh": 300, "battery_power_kW": 150.0, "min_soc": 0.05, "max_soc": 1.0, "one_way_efficiency": 0.92, "start_soc": 0.5, "n_horizon": 24, "n_control": 12}, "savings": {"old_energy_charge": -293047.596398109, "new_energy_charge": -292207.02000898035, "energy_charge_savings": 840.5763891286333, "old_demand_charge": -148038.60307758505, "new_demand_charge": -134217.0780705006, "demand_charge_savings": 13821.525007084449, "retail_profits": 14662.101396213082, "battery_charge_cost": -11537.728493272389, "battery_discharge_revenues": 12378.30488240101, "battery_retail_profits": 840.5763891286206, "battery_export_revenue": 0.0, "total_profits": 14662.10139621307, "irr": 0.07983, "npv": 10950.082}}