{"key_params": {"location": "CA_Riverside.Muni", "customer_type": "Office", "demand_charge": 20, "export_price": 0.0, "export_price_type": "None", "battery_size_kWh": 300, "battery_power_kW": 150.0, "min_soc": 0.05, "max_soc": 1.0, "one_way_efficiency": 0.92, "start_soc": 0.5, "n_horizon": 24, "n_control": 12}, "savings": {"old_energy_charge": -316573.01814326324, "new_energy_charge": -315415.61491561, "energy_charge_savings": 1157.403227653238, "old_demand_charge": -169594.38971470285, "new_demand_charge": -153269.7167644819, "demand_charge_savings": 16324.672950220935, "retail_profits": 17482.076177874173, "battery_charge_cost": -11444.54865493942, "battery_discharge_revenues": 12601.95188259266, "battery_retail_profits": 1157.4032276532398, "battery_export_revenue": 0.0, "total_profits": 17482.076177874173, "irr": 0.11047, "npv": 28740.271}}