{"key_params": {"location": "CA_Lancaster-Gen.Wm.Fox.Field.723816_TMY3", "customer_type": "Apartment", "demand_charge": 20, "export_price": 0.0, "export_price_type": "None", "battery_size_kWh": 300, "battery_power_kW": 150.0, "min_soc": 0.05, "max_soc": 1.0, "one_way_efficiency": 0.92, "start_soc": 0.5, "n_horizon": 24, "n_control": 12}, "savings": {"old_energy_charge": -346314.2442845111, "new_energy_charge": -343552.3098495385, "energy_charge_savings": 2761.934434972587, "old_demand_charge": -148651.3909709651, "new_demand_charge": -128303.3788289135, "demand_charge_savings": 20348.012142051593, "retail_profits": 23109.94657702418, "battery_charge_cost": -10729.564239130435, "battery_discharge_revenues": 13491.498674103012, "battery_retail_profits": 2761.934434972576, "battery_export_revenue": 0.0, "total_profits": 23109.94657702417, "irr": 0.16771, "npv": 64244.444}}