{"key_params": {"location": "CA_Concord-Buchanan.Field.724936_TMY3", "customer_type": "Restaurant", "demand_charge": 20, "export_price": 0.0, "export_price_type": "None", "battery_size_kWh": 300, "battery_power_kW": 150.0, "min_soc": 0.05, "max_soc": 1.0, "one_way_efficiency": 0.92, "start_soc": 0.5, "n_horizon": 24, "n_control": 12}, "savings": {"old_energy_charge": -473152.466786969, "new_energy_charge": -471727.75753604673, "energy_charge_savings": 1424.7092509222566, "old_demand_charge": -181243.07375154953, "new_demand_charge": -157918.61718018664, "demand_charge_savings": 23324.456571362884, "retail_profits": 24749.16582228514, "battery_charge_cost": -14491.59781017604, "battery_discharge_revenues": 15916.307061098323, "battery_retail_profits": 1424.709250922284, "battery_export_revenue": 0.0, "total_profits": 24749.16582228517, "irr": 0.18372, "npv": 74585.678}}