{"key_params": {"location": "CA_Hawthorne-Jack.Northrop.Field.722956_TMY3", "customer_type": "School", "demand_charge": 20, "export_price": 0.0, "export_price_type": "None", "battery_size_kWh": 300, "battery_power_kW": 150.0, "min_soc": 0.05, "max_soc": 1.0, "one_way_efficiency": 0.92, "start_soc": 0.5, "n_horizon": 24, "n_control": 12}, "savings": {"old_energy_charge": -583585.4543071233, "new_energy_charge": -581847.7988773738, "energy_charge_savings": 1737.6554297495168, "old_demand_charge": -363779.7326148831, "new_demand_charge": -344745.1061629965, "demand_charge_savings": 19034.62645188661, "retail_profits": 20772.281881636125, "battery_charge_cost": -11093.150759504388, "battery_discharge_revenues": 12830.806189253968, "battery_retail_profits": 1737.6554297495804, "battery_export_revenue": 0.0, "total_profits": 20772.28188163619, "irr": 0.14443, "npv": 49496.974}}