{"key_params": {"location": "CA_Yuba.County", "customer_type": "Restaurant", "demand_charge": 20, "export_price": 0.0, "export_price_type": "None", "battery_size_kWh": 300, "battery_power_kW": 150.0, "min_soc": 0.05, "max_soc": 1.0, "one_way_efficiency": 0.92, "start_soc": 0.5, "n_horizon": 24, "n_control": 12}, "savings": {"old_energy_charge": -494848.2334697839, "new_energy_charge": -493140.12009460444, "energy_charge_savings": 1708.1133751794696, "old_demand_charge": -189694.5041169239, "new_demand_charge": -166502.7519803773, "demand_charge_savings": 23191.752136546595, "retail_profits": 24899.865511726064, "battery_charge_cost": -14409.882048161977, "battery_discharge_revenues": 16117.995423341445, "battery_retail_profits": 1708.1133751794678, "battery_export_revenue": 0.0, "total_profits": 24899.865511726064, "irr": 0.18518, "npv": 75536.387}}