{"key_params": {"location": "CA_Mountain.View-Moffett.Field.NAS.745090_TMY3", "customer_type": "Hospital", "demand_charge": 20, "export_price": 0.0, "export_price_type": "None", "battery_size_kWh": 300, "battery_power_kW": 150.0, "min_soc": 0.05, "max_soc": 1.0, "one_way_efficiency": 0.92, "start_soc": 0.5, "n_horizon": 24, "n_control": 12}, "savings": {"old_energy_charge": -247080.96004536079, "new_energy_charge": -246922.17345337907, "energy_charge_savings": 158.78659198171226, "old_demand_charge": -81333.4031196876, "new_demand_charge": -73380.19927615972, "demand_charge_savings": 7953.203843527881, "retail_profits": 8111.990435509593, "battery_charge_cost": -11638.281773301655, "battery_discharge_revenues": 11797.068365283332, "battery_retail_profits": 158.7865919816777, "battery_export_revenue": 0.0, "total_profits": 8111.990435509559, "irr": -0.00336, "npv": -31053.497}}