{"key_params": {"location": "CA_Los.Angeles.Intl", "customer_type": "Restaurant", "demand_charge": 20, "export_price": 0.0, "export_price_type": "None", "battery_size_kWh": 300, "battery_power_kW": 150.0, "min_soc": 0.05, "max_soc": 1.0, "one_way_efficiency": 0.92, "start_soc": 0.5, "n_horizon": 24, "n_control": 12}, "savings": {"old_energy_charge": -463693.30819729244, "new_energy_charge": -462650.1509112718, "energy_charge_savings": 1043.157286020636, "old_demand_charge": -169234.5647879412, "new_demand_charge": -142899.26746533663, "demand_charge_savings": 26335.297322604572, "retail_profits": 27378.45460862521, "battery_charge_cost": -15163.549380851291, "battery_discharge_revenues": 16206.706666871944, "battery_retail_profits": 1043.1572860206525, "battery_export_revenue": 0.0, "total_profits": 27378.454608625223, "irr": 0.20895, "npv": 91172.899}}