{"key_params": {"location": "CA_Chula.Vista-Brown.Field.Muni", "customer_type": "Hospital", "demand_charge": 20, "export_price": 0.0, "export_price_type": "None", "battery_size_kWh": 300, "battery_power_kW": 150.0, "min_soc": 0.05, "max_soc": 1.0, "one_way_efficiency": 0.92, "start_soc": 0.5, "n_horizon": 24, "n_control": 12}, "savings": {"old_energy_charge": -244847.78969122746, "new_energy_charge": -244736.32233440276, "energy_charge_savings": 111.46735682469443, "old_demand_charge": -79869.2719417448, "new_demand_charge": -71916.50538228644, "demand_charge_savings": 7952.766559458352, "retail_profits": 8064.233916283047, "battery_charge_cost": -11649.699639988989, "battery_discharge_revenues": 11761.166996813687, "battery_retail_profits": 111.46735682469807, "battery_export_revenue": 0.0, "total_profits": 8064.23391628305, "irr": -0.00414, "npv": -31383.525}}