{"key_params": {"location": "CA_San.Diego-Lindbergh.Field.722900_TMY3", "customer_type": "Restaurant", "demand_charge": 20, "export_price": 0.0, "export_price_type": "None", "battery_size_kWh": 300, "battery_power_kW": 150.0, "min_soc": 0.05, "max_soc": 1.0, "one_way_efficiency": 0.92, "start_soc": 0.5, "n_horizon": 24, "n_control": 12}, "savings": {"old_energy_charge": -470585.52169897145, "new_energy_charge": -469425.39022746775, "energy_charge_savings": 1160.1314715037006, "old_demand_charge": -171726.999252738, "new_demand_charge": -146737.10076331513, "demand_charge_savings": 24989.898489422863, "retail_profits": 26150.029960926564, "battery_charge_cost": -14681.228240950595, "battery_discharge_revenues": 15841.359712454312, "battery_retail_profits": 1160.131471503717, "battery_export_revenue": 0.0, "total_profits": 26150.02996092658, "irr": 0.19722, "npv": 83423.217}}