{"key_params": {"location": "CA_Arcata", "customer_type": "Apartment", "demand_charge": 20, "export_price": 0.0, "export_price_type": "None", "battery_size_kWh": 300, "battery_power_kW": 150.0, "min_soc": 0.05, "max_soc": 1.0, "one_way_efficiency": 0.92, "start_soc": 0.5, "n_horizon": 24, "n_control": 12}, "savings": {"old_energy_charge": -315993.1030492557, "new_energy_charge": -313229.52531612036, "energy_charge_savings": 2763.5777331353165, "old_demand_charge": -133063.25119060423, "new_demand_charge": -111314.68498887031, "demand_charge_savings": 21748.56620173392, "retail_profits": 24512.143934869237, "battery_charge_cost": -10729.564239130435, "battery_discharge_revenues": 13493.141972265743, "battery_retail_profits": 2763.5777331353074, "battery_export_revenue": 0.0, "total_profits": 24512.14393486923, "irr": 0.18142, "npv": 73090.394}}