{"key_params": {"location": "CA_Blythe-Riverside.County", "customer_type": "Restaurant", "demand_charge": 20, "export_price": 0.0, "export_price_type": "None", "battery_size_kWh": 300, "battery_power_kW": 150.0, "min_soc": 0.05, "max_soc": 1.0, "one_way_efficiency": 0.92, "start_soc": 0.5, "n_horizon": 24, "n_control": 12}, "savings": {"old_energy_charge": -505652.5466856695, "new_energy_charge": -504597.39010452834, "energy_charge_savings": 1055.156581141171, "old_demand_charge": -183001.16368588182, "new_demand_charge": -162914.47105394286, "demand_charge_savings": 20086.69263193896, "retail_profits": 21141.84921308013, "battery_charge_cost": -14737.002462674493, "battery_discharge_revenues": 15792.159043815642, "battery_retail_profits": 1055.1565811411492, "battery_export_revenue": 0.0, "total_profits": 21141.84921308011, "irr": 0.14815, "npv": 51828.439}}