{"key_params": {"location": "CA_Truckee.Tahoe", "customer_type": "Hotel", "demand_charge": 20, "export_price": 0.0, "export_price_type": "None", "battery_size_kWh": 300, "battery_power_kW": 150.0, "min_soc": 0.05, "max_soc": 1.0, "one_way_efficiency": 0.92, "start_soc": 0.5, "n_horizon": 24, "n_control": 12}, "savings": {"old_energy_charge": -356397.0299923469, "new_energy_charge": -354072.34634746064, "energy_charge_savings": 2324.683644886245, "old_demand_charge": -146669.02823651023, "new_demand_charge": -120237.61647853002, "demand_charge_savings": 26431.41175798021, "retail_profits": 28756.095402866456, "battery_charge_cost": -12530.675122017037, "battery_discharge_revenues": 14855.35876690327, "battery_retail_profits": 2324.6836448862323, "battery_export_revenue": 0.0, "total_profits": 28756.095402866442, "irr": 0.22199, "npv": 99863.93}}