{"key_params": {"location": "CA_Napa.County", "customer_type": "Restaurant", "demand_charge": 20, "export_price": 0.0, "export_price_type": "None", "battery_size_kWh": 300, "battery_power_kW": 150.0, "min_soc": 0.05, "max_soc": 1.0, "one_way_efficiency": 0.92, "start_soc": 0.5, "n_horizon": 24, "n_control": 12}, "savings": {"old_energy_charge": -460398.22507920244, "new_energy_charge": -459501.5059214058, "energy_charge_savings": 896.7191577966441, "old_demand_charge": -168227.67629018356, "new_demand_charge": -145243.4457195281, "demand_charge_savings": 22984.23057065546, "retail_profits": 23880.949728452106, "battery_charge_cost": -15899.532848514948, "battery_discharge_revenues": 16796.252006311635, "battery_retail_profits": 896.7191577966878, "battery_export_revenue": 0.0, "total_profits": 23880.94972845215, "irr": 0.17527, "npv": 69108.421}}