{"key_params": {"location": "CA_San.Jose.Intl", "customer_type": "Office", "demand_charge": 20, "export_price": 0.0, "export_price_type": "None", "battery_size_kWh": 300, "battery_power_kW": 150.0, "min_soc": 0.05, "max_soc": 1.0, "one_way_efficiency": 0.92, "start_soc": 0.5, "n_horizon": 24, "n_control": 12}, "savings": {"old_energy_charge": -405778.3125767715, "new_energy_charge": -404114.81300360453, "energy_charge_savings": 1663.4995731669478, "old_demand_charge": -234372.40462101472, "new_demand_charge": -207367.83712017964, "demand_charge_savings": 27004.56750083508, "retail_profits": 28668.06707400203, "battery_charge_cost": -11898.478674844348, "battery_discharge_revenues": 13561.978248011364, "battery_retail_profits": 1663.499573167017, "battery_export_revenue": 0.0, "total_profits": 28668.067074002098, "irr": 0.22116, "npv": 99308.591}}