{"key_params": {"location": "CA_Los.Angeles.Intl", "customer_type": "School", "demand_charge": 20, "export_price": 0.0, "export_price_type": "None", "battery_size_kWh": 300, "battery_power_kW": 150.0, "min_soc": 0.05, "max_soc": 1.0, "one_way_efficiency": 0.92, "start_soc": 0.5, "n_horizon": 24, "n_control": 12}, "savings": {"old_energy_charge": -348475.81478978053, "new_energy_charge": -347088.31489620474, "energy_charge_savings": 1387.4998935757903, "old_demand_charge": -200492.72631074226, "new_demand_charge": -182403.79424601892, "demand_charge_savings": 18088.93206472334, "retail_profits": 19476.43195829913, "battery_charge_cost": -11305.359098380493, "battery_discharge_revenues": 12692.858991956298, "battery_retail_profits": 1387.499893575805, "battery_export_revenue": 0.0, "total_profits": 19476.431958299145, "irr": 0.13124, "npv": 41321.931}}