{"key_params": {"location": "CA_Porterville.AWOS.723895_TMY3", "customer_type": "Office", "demand_charge": 20, "export_price": 0.0, "export_price_type": "None", "battery_size_kWh": 300, "battery_power_kW": 150.0, "min_soc": 0.05, "max_soc": 1.0, "one_way_efficiency": 0.92, "start_soc": 0.5, "n_horizon": 24, "n_control": 12}, "savings": {"old_energy_charge": -510971.0247973704, "new_energy_charge": -509844.2920177608, "energy_charge_savings": 1126.7327796096215, "old_demand_charge": -259646.16055499544, "new_demand_charge": -239606.0665698289, "demand_charge_savings": 20040.093985166546, "retail_profits": 21166.826764776168, "battery_charge_cost": -11503.143995828292, "battery_discharge_revenues": 12629.876775437991, "battery_retail_profits": 1126.7327796096997, "battery_export_revenue": 0.0, "total_profits": 21166.826764776248, "irr": 0.1484, "npv": 51986.013}}