{"key_params": {"location": "CA_Modesto.Muni", "customer_type": "Hospital", "demand_charge": 20, "export_price": 0.0, "export_price_type": "None", "battery_size_kWh": 300, "battery_power_kW": 150.0, "min_soc": 0.05, "max_soc": 1.0, "one_way_efficiency": 0.92, "start_soc": 0.5, "n_horizon": 24, "n_control": 12}, "savings": {"old_energy_charge": -244763.16451745218, "new_energy_charge": -244681.14468266527, "energy_charge_savings": 82.01983478691545, "old_demand_charge": -80296.52009818767, "new_demand_charge": -72303.19900534798, "demand_charge_savings": 7993.3210928396875, "retail_profits": 8075.340927626603, "battery_charge_cost": -11642.875456284084, "battery_discharge_revenues": 11724.895291071003, "battery_retail_profits": 82.01983478691909, "battery_export_revenue": 0.0, "total_profits": 8075.340927626607, "irr": -0.00396, "npv": -31306.769}}