{"key_params": {"location": "CA_Santa.Rosa.AWOS.724957_TMY3", "customer_type": "Office", "demand_charge": 20, "export_price": 0.0, "export_price_type": "None", "battery_size_kWh": 300, "battery_power_kW": 150.0, "min_soc": 0.05, "max_soc": 1.0, "one_way_efficiency": 0.92, "start_soc": 0.5, "n_horizon": 24, "n_control": 12}, "savings": {"old_energy_charge": -489051.1255268578, "new_energy_charge": -487828.0543077611, "energy_charge_savings": 1223.071219096717, "old_demand_charge": -261899.00682107266, "new_demand_charge": -240281.22658941077, "demand_charge_savings": 21617.78023166189, "retail_profits": 22840.851450758608, "battery_charge_cost": -11378.887771604119, "battery_discharge_revenues": 12601.95899070085, "battery_retail_profits": 1223.0712190967315, "battery_export_revenue": 0.0, "total_profits": 22840.851450758622, "irr": 0.16506, "npv": 62546.822}}