{"key_params": {"location": "CA_Crescent.City-Jack.McNamara.Field.725946_TMY3", "customer_type": "Market", "demand_charge": 20, "export_price": 0.0, "export_price_type": "None", "battery_size_kWh": 300, "battery_power_kW": 150.0, "min_soc": 0.05, "max_soc": 1.0, "one_way_efficiency": 0.92, "start_soc": 0.5, "n_horizon": 24, "n_control": 12}, "savings": {"old_energy_charge": -377748.1293432508, "new_energy_charge": -377824.90839085, "energy_charge_savings": -76.77904759917874, "old_demand_charge": -143708.86706945943, "new_demand_charge": -127208.6004028014, "demand_charge_savings": 16500.266666658034, "retail_profits": 16423.487619058855, "battery_charge_cost": -11950.607609269911, "battery_discharge_revenues": 11873.82856167074, "battery_retail_profits": -76.77904759917146, "battery_export_revenue": 0.0, "total_profits": 16423.487619058862, "irr": 0.09916, "npv": 22062.023}}