{"key_params": {"location": "CA_Red.Bluff.Muni", "customer_type": "Market", "demand_charge": 20, "export_price": 0.0, "export_price_type": "None", "battery_size_kWh": 300, "battery_power_kW": 150.0, "min_soc": 0.05, "max_soc": 1.0, "one_way_efficiency": 0.92, "start_soc": 0.5, "n_horizon": 24, "n_control": 12}, "savings": {"old_energy_charge": -386159.82433123275, "new_energy_charge": -385421.61518880504, "energy_charge_savings": 738.2091424277169, "old_demand_charge": -152804.49050204072, "new_demand_charge": -138602.29353141625, "demand_charge_savings": 14202.19697062447, "retail_profits": 14940.406113052188, "battery_charge_cost": -11858.26266613317, "battery_discharge_revenues": 12596.471808560873, "battery_retail_profits": 738.2091424277023, "battery_export_revenue": 0.0, "total_profits": 14940.406113052173, "irr": 0.08293, "npv": 12705.805}}