{"key_params": {"location": "CA_San.Luis.Obispo", "customer_type": "Office", "demand_charge": 20, "export_price": 0.0, "export_price_type": "None", "battery_size_kWh": 300, "battery_power_kW": 150.0, "min_soc": 0.05, "max_soc": 1.0, "one_way_efficiency": 0.92, "start_soc": 0.5, "n_horizon": 24, "n_control": 12}, "savings": {"old_energy_charge": -502660.81295207323, "new_energy_charge": -501791.0486250915, "energy_charge_savings": 869.7643269817345, "old_demand_charge": -256442.94075478014, "new_demand_charge": -238937.20743849754, "demand_charge_savings": 17505.733316282596, "retail_profits": 18375.49764326433, "battery_charge_cost": -11597.288608594372, "battery_discharge_revenues": 12467.052935576086, "battery_retail_profits": 869.7643269817145, "battery_export_revenue": 0.0, "total_profits": 18375.49764326431, "irr": 0.11985, "npv": 34376.54}}