{"key_params": {"location": "CA_Lompoc.AWOS.722895_TMY3", "customer_type": "Office", "demand_charge": 20, "export_price": 0.0, "export_price_type": "None", "battery_size_kWh": 300, "battery_power_kW": 150.0, "min_soc": 0.05, "max_soc": 1.0, "one_way_efficiency": 0.92, "start_soc": 0.5, "n_horizon": 24, "n_control": 12}, "savings": {"old_energy_charge": -478809.8115038105, "new_energy_charge": -477383.17281197524, "energy_charge_savings": 1426.63869183528, "old_demand_charge": -256250.75424236173, "new_demand_charge": -238421.93473963183, "demand_charge_savings": 17828.819502729893, "retail_profits": 19255.458194565173, "battery_charge_cost": -11341.753304858446, "battery_discharge_revenues": 12768.391996693783, "battery_retail_profits": 1426.6386918353364, "battery_export_revenue": 0.0, "total_profits": 19255.45819456523, "irr": 0.12897, "npv": 39927.888}}