{"key_params": {"location": "CA_San.Jose.Intl", "customer_type": "School", "demand_charge": 20, "export_price": 0.0, "export_price_type": "None", "battery_size_kWh": 300, "battery_power_kW": 150.0, "min_soc": 0.05, "max_soc": 1.0, "one_way_efficiency": 0.92, "start_soc": 0.5, "n_horizon": 24, "n_control": 12}, "savings": {"old_energy_charge": -581685.9668343902, "new_energy_charge": -579619.9967044526, "energy_charge_savings": 2065.970129937632, "old_demand_charge": -389563.0440879619, "new_demand_charge": -365916.49984091753, "demand_charge_savings": 23646.544247044367, "retail_profits": 25712.514376982, "battery_charge_cost": -10864.442371850824, "battery_discharge_revenues": 12930.412501788493, "battery_retail_profits": 2065.9701299376684, "battery_export_revenue": 0.0, "total_profits": 25712.514376982035, "irr": 0.19302, "npv": 80663.092}}