{"key_params": {"location": "CA_Santa.Rosa.AWOS.724957_TMY3", "customer_type": "Hospital", "demand_charge": 20, "export_price": 0.0, "export_price_type": "None", "battery_size_kWh": 300, "battery_power_kW": 150.0, "min_soc": 0.05, "max_soc": 1.0, "one_way_efficiency": 0.92, "start_soc": 0.5, "n_horizon": 24, "n_control": 12}, "savings": {"old_energy_charge": -246159.96837119412, "new_energy_charge": -246186.22660498833, "energy_charge_savings": -26.258233794214902, "old_demand_charge": -81222.09187904425, "new_demand_charge": -72697.5820015914, "demand_charge_savings": 8524.509877452845, "retail_profits": 8498.25164365863, "battery_charge_cost": -11636.82544024015, "battery_discharge_revenues": 11610.56720644594, "battery_retail_profits": -26.258233794211264, "battery_export_revenue": 0.0, "total_profits": 8498.251643658634, "irr": 0.0027, "npv": -28416.086}}