{"key_params": {"location": "CA_San.Jose.Intl", "customer_type": "Restaurant", "demand_charge": 20, "export_price": 0.0, "export_price_type": "None", "battery_size_kWh": 300, "battery_power_kW": 150.0, "min_soc": 0.05, "max_soc": 1.0, "one_way_efficiency": 0.92, "start_soc": 0.5, "n_horizon": 24, "n_control": 12}, "savings": {"old_energy_charge": -436567.92324468493, "new_energy_charge": -436761.6797841632, "energy_charge_savings": -193.75653947825776, "old_demand_charge": -153250.2761495852, "new_demand_charge": -132700.06672608963, "demand_charge_savings": 20550.209423495573, "retail_profits": 20356.452884017315, "battery_charge_cost": -19098.120898570953, "battery_discharge_revenues": 18904.364359092626, "battery_retail_profits": -193.75653947832689, "battery_export_revenue": 0.0, "total_profits": 20356.452884017246, "irr": 0.14022, "npv": 46873.661}}