{"key_params": {"location": "CA_Mountain.View-Moffett.Field.NAS.745090_TMY3", "customer_type": "School", "demand_charge": 20, "export_price": 0.0, "export_price_type": "None", "battery_size_kWh": 300, "battery_power_kW": 150.0, "min_soc": 0.05, "max_soc": 1.0, "one_way_efficiency": 0.92, "start_soc": 0.5, "n_horizon": 24, "n_control": 12}, "savings": {"old_energy_charge": -572443.8270069311, "new_energy_charge": -570433.0617267565, "energy_charge_savings": 2010.7652801745571, "old_demand_charge": -384293.9480946814, "new_demand_charge": -362146.3526492041, "demand_charge_savings": 22147.595445477287, "retail_profits": 24158.360725651844, "battery_charge_cost": -11016.2844110046, "battery_discharge_revenues": 13027.049691179256, "battery_retail_profits": 2010.7652801746553, "battery_export_revenue": 0.0, "total_profits": 24158.360725651943, "irr": 0.17797, "npv": 70858.505}}