{"key_params": {"location": "CA_Santa.Barbara.Muni", "customer_type": "Hotel", "demand_charge": 20, "export_price": 0.0, "export_price_type": "None", "battery_size_kWh": 300, "battery_power_kW": 150.0, "min_soc": 0.05, "max_soc": 1.0, "one_way_efficiency": 0.92, "start_soc": 0.5, "n_horizon": 24, "n_control": 12}, "savings": {"old_energy_charge": -378141.7683905587, "new_energy_charge": -375890.58562889247, "energy_charge_savings": 2251.1827616662486, "old_demand_charge": -146867.21475351483, "new_demand_charge": -122848.25730580807, "demand_charge_savings": 24018.95744770675, "retail_profits": 26270.140209373, "battery_charge_cost": -12692.79050729425, "battery_discharge_revenues": 14943.973268960508, "battery_retail_profits": 2251.1827616662576, "battery_export_revenue": 0.0, "total_profits": 26270.140209373007, "irr": 0.19837, "npv": 84180.949}}