{"key_params": {"location": "CA_Alturas.725958_TMY3", "customer_type": "Hospital", "demand_charge": 20, "export_price": 0.0, "export_price_type": "None", "battery_size_kWh": 300, "battery_power_kW": 150.0, "min_soc": 0.05, "max_soc": 1.0, "one_way_efficiency": 0.92, "start_soc": 0.5, "n_horizon": 24, "n_control": 12}, "savings": {"old_energy_charge": -262538.46613753436, "new_energy_charge": -262134.42225531116, "energy_charge_savings": 404.0438822231954, "old_demand_charge": -91205.52536615374, "new_demand_charge": -82106.04603461179, "demand_charge_savings": 9099.479331541952, "retail_profits": 9503.523213765147, "battery_charge_cost": -11655.738830265187, "battery_discharge_revenues": 12059.782712488412, "battery_retail_profits": 404.0438822232245, "battery_export_revenue": 0.0, "total_profits": 9503.523213765176, "irr": 0.01727, "npv": -21752.91}}