{"key_params": {"location": "CA_San.Jose.Intl", "customer_type": "Hotel", "demand_charge": 20, "export_price": 0.0, "export_price_type": "None", "battery_size_kWh": 300, "battery_power_kW": 150.0, "min_soc": 0.05, "max_soc": 1.0, "one_way_efficiency": 0.92, "start_soc": 0.5, "n_horizon": 24, "n_control": 12}, "savings": {"old_energy_charge": -377565.5029480038, "new_energy_charge": -375249.19799873105, "energy_charge_savings": 2316.3049492727732, "old_demand_charge": -149908.99272488194, "new_demand_charge": -125508.27142785827, "demand_charge_savings": 24400.721297023672, "retail_profits": 26717.026246296446, "battery_charge_cost": -12244.48140602211, "battery_discharge_revenues": 14560.78635529495, "battery_retail_profits": 2316.3049492728387, "battery_export_revenue": 0.0, "total_profits": 26717.02624629651, "irr": 0.20265, "npv": 87000.189}}