{"key_params": {"location": "CA_San.Luis.Obispo", "customer_type": "Apartment", "demand_charge": 20, "export_price": 0.0, "export_price_type": "None", "battery_size_kWh": 300, "battery_power_kW": 150.0, "min_soc": 0.05, "max_soc": 1.0, "one_way_efficiency": 0.92, "start_soc": 0.5, "n_horizon": 24, "n_control": 12}, "savings": {"old_energy_charge": -347319.35066509666, "new_energy_charge": -344561.45766610414, "energy_charge_savings": 2757.8929989925236, "old_demand_charge": -153664.3246155312, "new_demand_charge": -132356.75939641052, "demand_charge_savings": 21307.565219120675, "retail_profits": 24065.4582181132, "battery_charge_cost": -10729.564239130435, "battery_discharge_revenues": 13487.457238122974, "battery_retail_profits": 2757.892998992538, "battery_export_revenue": 0.0, "total_profits": 24065.458218113214, "irr": 0.17707, "npv": 70272.417}}