{"key_params": {"location": "CA_Oxnard", "customer_type": "Hotel", "demand_charge": 20, "export_price": 0.0, "export_price_type": "None", "battery_size_kWh": 300, "battery_power_kW": 150.0, "min_soc": 0.05, "max_soc": 1.0, "one_way_efficiency": 0.92, "start_soc": 0.5, "n_horizon": 24, "n_control": 12}, "savings": {"old_energy_charge": -345193.9336383007, "new_energy_charge": -342943.3314694183, "energy_charge_savings": 2250.602168882382, "old_demand_charge": -126340.58769930436, "new_demand_charge": -103397.86770367021, "demand_charge_savings": 22942.71999563415, "retail_profits": 25193.322164516532, "battery_charge_cost": -12667.1033805089, "battery_discharge_revenues": 14917.705549391298, "battery_retail_profits": 2250.6021688823985, "battery_export_revenue": 0.0, "total_profits": 25193.322164516547, "irr": 0.18801, "npv": 77387.698}}