{"key_params": {"location": "CA_Livermore.Muni", "customer_type": "Hotel", "demand_charge": 20, "export_price": 0.0, "export_price_type": "None", "battery_size_kWh": 300, "battery_power_kW": 150.0, "min_soc": 0.05, "max_soc": 1.0, "one_way_efficiency": 0.92, "start_soc": 0.5, "n_horizon": 24, "n_control": 12}, "savings": {"old_energy_charge": -351578.9057838877, "new_energy_charge": -349299.35974607395, "energy_charge_savings": 2279.546037813765, "old_demand_charge": -130905.01401375586, "new_demand_charge": -107383.94362280589, "demand_charge_savings": 23521.07039094997, "retail_profits": 25800.616428763737, "battery_charge_cost": -12532.659400629476, "battery_discharge_revenues": 14812.205438443205, "battery_retail_profits": 2279.5460378137286, "battery_export_revenue": 0.0, "total_profits": 25800.6164287637, "irr": 0.19386, "npv": 81218.895}}