{"key_params": {"location": "CA_Los.Angeles.Intl", "customer_type": "Office", "demand_charge": 20, "export_price": 0.0, "export_price_type": "None", "battery_size_kWh": 300, "battery_power_kW": 150.0, "min_soc": 0.05, "max_soc": 1.0, "one_way_efficiency": 0.92, "start_soc": 0.5, "n_horizon": 24, "n_control": 12}, "savings": {"old_energy_charge": -302834.21046715305, "new_energy_charge": -301979.1966693892, "energy_charge_savings": 855.0137977638515, "old_demand_charge": -150166.26498997764, "new_demand_charge": -137627.74070919777, "demand_charge_savings": 12538.524280779879, "retail_profits": 13393.53807854373, "battery_charge_cost": -11597.485047728564, "battery_discharge_revenues": 12452.498845492426, "battery_retail_profits": 855.0137977638624, "battery_export_revenue": 0.0, "total_profits": 13393.538078543741, "irr": 0.06542, "npv": 2947.181}}