{"key_params": {"location": "CA_Lemoore.NAS.747020_TMY3", "customer_type": "Office", "demand_charge": 20, "export_price": 0.0, "export_price_type": "None", "battery_size_kWh": 300, "battery_power_kW": 150.0, "min_soc": 0.05, "max_soc": 1.0, "one_way_efficiency": 0.92, "start_soc": 0.5, "n_horizon": 24, "n_control": 12}, "savings": {"old_energy_charge": -415488.31205600547, "new_energy_charge": -413737.5414170735, "energy_charge_savings": 1750.77063893195, "old_demand_charge": -257244.6148931091, "new_demand_charge": -226939.46942165334, "demand_charge_savings": 30305.145471455762, "retail_profits": 32055.916110387712, "battery_charge_cost": -11595.259019370364, "battery_discharge_revenues": 13346.029658302268, "battery_retail_profits": 1750.7706389319046, "battery_export_revenue": 0.0, "total_profits": 32055.91611038767, "irr": 0.25282, "npv": 120681.29}}