{"key_params": {"location": "CA_Sandberg.723830_TMY3", "customer_type": "Office", "demand_charge": 20, "export_price": 0.0, "export_price_type": "None", "battery_size_kWh": 300, "battery_power_kW": 150.0, "min_soc": 0.05, "max_soc": 1.0, "one_way_efficiency": 0.92, "start_soc": 0.5, "n_horizon": 24, "n_control": 12}, "savings": {"old_energy_charge": -313019.1687984825, "new_energy_charge": -312408.46715142287, "energy_charge_savings": 610.7016470596427, "old_demand_charge": -156851.91895779574, "new_demand_charge": -143293.28611020258, "demand_charge_savings": 13558.632847593166, "retail_profits": 14169.334494652809, "battery_charge_cost": -11596.908396075925, "battery_discharge_revenues": 12207.610043135634, "battery_retail_profits": 610.7016470597082, "battery_export_revenue": 0.0, "total_profits": 14169.334494652874, "irr": 0.07429, "npv": 7841.396}}