{"key_params": {"location": "CA_Twentynine.Palms.690150_TMY3", "customer_type": "Office", "demand_charge": 20, "export_price": 0.0, "export_price_type": "None", "battery_size_kWh": 300, "battery_power_kW": 150.0, "min_soc": 0.05, "max_soc": 1.0, "one_way_efficiency": 0.92, "start_soc": 0.5, "n_horizon": 24, "n_control": 12}, "savings": {"old_energy_charge": -499531.0093095976, "new_energy_charge": -498575.99519112054, "energy_charge_savings": 955.0141184770619, "old_demand_charge": -250299.09864968198, "new_demand_charge": -227971.54440256444, "demand_charge_savings": 22327.554247117543, "retail_profits": 23282.568365594605, "battery_charge_cost": -11807.518376566695, "battery_discharge_revenues": 12762.532495043795, "battery_retail_profits": 955.0141184771, "battery_export_revenue": 0.0, "total_profits": 23282.56836559464, "irr": 0.16941, "npv": 65333.452}}