{"key_params": {"location": "CA_Ukiah.Muni", "customer_type": "School", "demand_charge": 20, "export_price": 0.0, "export_price_type": "None", "battery_size_kWh": 300, "battery_power_kW": 150.0, "min_soc": 0.05, "max_soc": 1.0, "one_way_efficiency": 0.92, "start_soc": 0.5, "n_horizon": 24, "n_control": 12}, "savings": {"old_energy_charge": -599123.9840783604, "new_energy_charge": -597193.3740848313, "energy_charge_savings": 1930.6099935290404, "old_demand_charge": -408505.7240129496, "new_demand_charge": -385224.2426844812, "demand_charge_savings": 23281.48132846842, "retail_profits": 25212.09132199746, "battery_charge_cost": -10872.4388546335, "battery_discharge_revenues": 12803.048848162449, "battery_retail_profits": 1930.6099935289494, "battery_export_revenue": 0.0, "total_profits": 25212.09132199737, "irr": 0.18819, "npv": 77506.106}}