{"key_params": {"location": "CA_Crescent.City-Jack.McNamara.Field.725946_TMY3", "customer_type": "School", "demand_charge": 20, "export_price": 0.0, "export_price_type": "None", "battery_size_kWh": 300, "battery_power_kW": 150.0, "min_soc": 0.05, "max_soc": 1.0, "one_way_efficiency": 0.92, "start_soc": 0.5, "n_horizon": 24, "n_control": 12}, "savings": {"old_energy_charge": -318410.4363547792, "new_energy_charge": -318144.8072181379, "energy_charge_savings": 265.629136641277, "old_demand_charge": -157229.37926515116, "new_demand_charge": -143084.44187817877, "demand_charge_savings": 14144.937386972393, "retail_profits": 14410.56652361367, "battery_charge_cost": -11643.560754892309, "battery_discharge_revenues": 11909.189891533635, "battery_retail_profits": 265.6291366413261, "battery_export_revenue": 0.0, "total_profits": 14410.56652361372, "irr": 0.07701, "npv": 9363.241}}