{"key_params": {"location": "CA_Beale.AFB.724837_TMY3", "customer_type": "Hospital", "demand_charge": 20, "export_price": 0.0, "export_price_type": "None", "battery_size_kWh": 300, "battery_power_kW": 150.0, "min_soc": 0.05, "max_soc": 1.0, "one_way_efficiency": 0.92, "start_soc": 0.5, "n_horizon": 24, "n_control": 12}, "savings": {"old_energy_charge": -247107.9811920993, "new_energy_charge": -246967.31763311767, "energy_charge_savings": 140.6635589816433, "old_demand_charge": -82048.4850228994, "new_demand_charge": -73612.51011079075, "demand_charge_savings": 8435.97491210865, "retail_profits": 8576.638471090293, "battery_charge_cost": -11627.638499201725, "battery_discharge_revenues": 11768.302058183379, "battery_retail_profits": 140.6635589816542, "battery_export_revenue": 0.0, "total_profits": 8576.638471090304, "irr": 0.00388, "npv": -27889.947}}