{"key_params": {"location": "CA_Modesto.Muni", "customer_type": "Hotel", "demand_charge": 20, "export_price": 0.0, "export_price_type": "None", "battery_size_kWh": 300, "battery_power_kW": 150.0, "min_soc": 0.05, "max_soc": 1.0, "one_way_efficiency": 0.92, "start_soc": 0.5, "n_horizon": 24, "n_control": 12}, "savings": {"old_energy_charge": -343159.7019755598, "new_energy_charge": -340906.4190277062, "energy_charge_savings": 2253.282947853615, "old_demand_charge": -126732.41813475861, "new_demand_charge": -103512.17846640057, "demand_charge_savings": 23220.239668358045, "retail_profits": 25473.52261621166, "battery_charge_cost": -12626.215454361356, "battery_discharge_revenues": 14879.498402215053, "battery_retail_profits": 2253.282947853697, "battery_export_revenue": 0.0, "total_profits": 25473.52261621174, "irr": 0.19072, "npv": 79155.38}}