{"key_params": {"location": "CA_Paso.Robles.Muni", "customer_type": "School", "demand_charge": 20, "export_price": 0.0, "export_price_type": "None", "battery_size_kWh": 300, "battery_power_kW": 150.0, "min_soc": 0.05, "max_soc": 1.0, "one_way_efficiency": 0.92, "start_soc": 0.5, "n_horizon": 24, "n_control": 12}, "savings": {"old_energy_charge": -615276.7134757263, "new_energy_charge": -613271.0092911659, "energy_charge_savings": 2005.7041845604545, "old_demand_charge": -412838.5564095796, "new_demand_charge": -391298.543953759, "demand_charge_savings": 21540.01245582057, "retail_profits": 23545.716640381026, "battery_charge_cost": -10894.11305963374, "battery_discharge_revenues": 12899.817244194299, "battery_retail_profits": 2005.7041845605581, "battery_export_revenue": 0.0, "total_profits": 23545.716640381128, "irr": 0.17199, "npv": 66993.558}}