{"key_params": {"location": "CA_Twentynine.Palms.690150_TMY3", "customer_type": "School", "demand_charge": 20, "export_price": 0.0, "export_price_type": "None", "battery_size_kWh": 300, "battery_power_kW": 150.0, "min_soc": 0.05, "max_soc": 1.0, "one_way_efficiency": 0.92, "start_soc": 0.5, "n_horizon": 24, "n_control": 12}, "savings": {"old_energy_charge": -607422.190171907, "new_energy_charge": -606037.764069921, "energy_charge_savings": 1384.4261019859696, "old_demand_charge": -339040.3936302606, "new_demand_charge": -321804.52398042165, "demand_charge_savings": 17235.869649838947, "retail_profits": 18620.295751824917, "battery_charge_cost": -11204.243968212486, "battery_discharge_revenues": 12588.670070198474, "battery_retail_profits": 1384.4261019859878, "battery_export_revenue": 0.0, "total_profits": 18620.295751824935, "irr": 0.1224, "npv": 35920.881}}