{"key_params": {"location": "CA_Santa.Monica.Muni", "customer_type": "Hotel", "demand_charge": 20, "export_price": 0.0, "export_price_type": "None", "battery_size_kWh": 300, "battery_power_kW": 150.0, "min_soc": 0.05, "max_soc": 1.0, "one_way_efficiency": 0.92, "start_soc": 0.5, "n_horizon": 24, "n_control": 12}, "savings": {"old_energy_charge": -367348.2466009089, "new_energy_charge": -365136.2862086796, "energy_charge_savings": 2211.960392229317, "old_demand_charge": -142853.44452958606, "new_demand_charge": -118250.44429442368, "demand_charge_savings": 24603.000235162384, "retail_profits": 26814.9606273917, "battery_charge_cost": -12893.374494215604, "battery_discharge_revenues": 15105.334886444993, "battery_retail_profits": 2211.960392229388, "battery_export_revenue": 0.0, "total_profits": 26814.960627391774, "irr": 0.20358, "npv": 87618.021}}