{"key_params": {"location": "CA_Long.Beach-Daugherty.Field.722970_TMY3", "customer_type": "School", "demand_charge": 20, "export_price": 0.0, "export_price_type": "None", "battery_size_kWh": 300, "battery_power_kW": 150.0, "min_soc": 0.05, "max_soc": 1.0, "one_way_efficiency": 0.92, "start_soc": 0.5, "n_horizon": 24, "n_control": 12}, "savings": {"old_energy_charge": -358186.8198781186, "new_energy_charge": -356326.0416898002, "energy_charge_savings": 1860.7781883183634, "old_demand_charge": -220837.3768425675, "new_demand_charge": -200762.40820729942, "demand_charge_savings": 20074.968635268073, "retail_profits": 21935.746823586436, "battery_charge_cost": -11055.126797179591, "battery_discharge_revenues": 12915.904985497958, "battery_retail_profits": 1860.778188318367, "battery_export_revenue": 0.0, "total_profits": 21935.74682358644, "irr": 0.15609, "npv": 56836.848}}