{"key_params": {"location": "CA_Montague-Siskiyou.County", "customer_type": "Apartment", "demand_charge": 20, "export_price": 0.0, "export_price_type": "None", "battery_size_kWh": 300, "battery_power_kW": 150.0, "min_soc": 0.05, "max_soc": 1.0, "one_way_efficiency": 0.92, "start_soc": 0.5, "n_horizon": 24, "n_control": 12}, "savings": {"old_energy_charge": -336106.38855009794, "new_energy_charge": -333342.6192026113, "energy_charge_savings": 2763.76934748661, "old_demand_charge": -148008.35500989563, "new_demand_charge": -126735.47683453007, "demand_charge_savings": 21272.878175365564, "retail_profits": 24036.647522852174, "battery_charge_cost": -10729.564239130434, "battery_discharge_revenues": 13493.333586617018, "battery_retail_profits": 2763.7693474865846, "battery_export_revenue": 0.0, "total_profits": 24036.64752285215, "irr": 0.17679, "npv": 70090.661}}