{"key_params": {"location": "CA_Sacramento.Metro", "customer_type": "Hotel", "demand_charge": 20, "export_price": 0.0, "export_price_type": "None", "battery_size_kWh": 300, "battery_power_kW": 150.0, "min_soc": 0.05, "max_soc": 1.0, "one_way_efficiency": 0.92, "start_soc": 0.5, "n_horizon": 24, "n_control": 12}, "savings": {"old_energy_charge": -379545.9625453663, "new_energy_charge": -377173.50504779274, "energy_charge_savings": 2372.457497573574, "old_demand_charge": -157468.64643168967, "new_demand_charge": -134063.3329942767, "demand_charge_savings": 23405.313437412988, "retail_profits": 25777.77093498656, "battery_charge_cost": -11804.183615474278, "battery_discharge_revenues": 14176.641113047855, "battery_retail_profits": 2372.4574975735777, "battery_export_revenue": 0.0, "total_profits": 25777.770934986565, "irr": 0.19365, "npv": 81074.771}}