{"key_params": {"location": "CA_Lemoore.NAS.747020_TMY3", "customer_type": "Market", "demand_charge": 20, "export_price": 0.0, "export_price_type": "None", "battery_size_kWh": 300, "battery_power_kW": 150.0, "min_soc": 0.05, "max_soc": 1.0, "one_way_efficiency": 0.92, "start_soc": 0.5, "n_horizon": 24, "n_control": 12}, "savings": {"old_energy_charge": -391058.1589508659, "new_energy_charge": -389911.58556824713, "energy_charge_savings": 1146.5733826187789, "old_demand_charge": -157817.88294300652, "new_demand_charge": -144599.84961983372, "demand_charge_savings": 13218.0333231728, "retail_profits": 14364.606705791579, "battery_charge_cost": -11676.030033246554, "battery_discharge_revenues": 12822.603415865324, "battery_retail_profits": 1146.5733826187698, "battery_export_revenue": 0.0, "total_profits": 14364.60670579157, "irr": 0.07649, "npv": 9073.297}}