{"key_params": {"location": "CA_Long.Beach-Daugherty.Field.722970_TMY3", "customer_type": "School", "demand_charge": 20, "export_price": 0.0, "export_price_type": "None", "battery_size_kWh": 300, "battery_power_kW": 150.0, "min_soc": 0.05, "max_soc": 1.0, "one_way_efficiency": 0.92, "start_soc": 0.5, "n_horizon": 24, "n_control": 12}, "savings": {"old_energy_charge": -612373.1601170206, "new_energy_charge": -610362.2112335551, "energy_charge_savings": 2010.9488834654912, "old_demand_charge": -383024.5722102965, "new_demand_charge": -364555.51208961953, "demand_charge_savings": 18469.060120676993, "retail_profits": 20480.009004142485, "battery_charge_cost": -10993.698197947444, "battery_discharge_revenues": 13004.64708141276, "battery_retail_profits": 2010.9488834653166, "battery_export_revenue": 0.0, "total_profits": 20480.00900414231, "irr": 0.14147, "npv": 47653.131}}