{"key_params": {"location": "CA_Yuba.County", "customer_type": "Apartment", "demand_charge": 20, "export_price": 0.0, "export_price_type": "None", "battery_size_kWh": 300, "battery_power_kW": 150.0, "min_soc": 0.05, "max_soc": 1.0, "one_way_efficiency": 0.92, "start_soc": 0.5, "n_horizon": 24, "n_control": 12}, "savings": {"old_energy_charge": -355274.3852237203, "new_energy_charge": -352511.1519723803, "energy_charge_savings": 2763.233251339989, "old_demand_charge": -155938.6087741284, "new_demand_charge": -135531.38867019594, "demand_charge_savings": 20407.220103932457, "retail_profits": 23170.453355272446, "battery_charge_cost": -10729.564239130434, "battery_discharge_revenues": 13492.797490470424, "battery_retail_profits": 2763.2332513399906, "battery_export_revenue": 0.0, "total_profits": 23170.453355272446, "irr": 0.1683, "npv": 64626.159}}