{"key_params": {"location": "CA_Barstow.Daggett", "customer_type": "School", "demand_charge": 20, "export_price": 0.0, "export_price_type": "None", "battery_size_kWh": 300, "battery_power_kW": 150.0, "min_soc": 0.05, "max_soc": 1.0, "one_way_efficiency": 0.92, "start_soc": 0.5, "n_horizon": 24, "n_control": 12}, "savings": {"old_energy_charge": -626813.60614062, "new_energy_charge": -625002.6528461579, "energy_charge_savings": 1810.9532944620587, "old_demand_charge": -354642.1977925572, "new_demand_charge": -332254.4838741006, "demand_charge_savings": 22387.713918456575, "retail_profits": 24198.667212918634, "battery_charge_cost": -10951.262158296782, "battery_discharge_revenues": 12762.215452758706, "battery_retail_profits": 1810.953294461924, "battery_export_revenue": 0.0, "total_profits": 24198.6672129185, "irr": 0.17837, "npv": 71112.784}}