{"key_params": {"location": "CA_Point.Mugu.NAS.723910_TMY3", "customer_type": "Hotel", "demand_charge": 20, "export_price": 0.0, "export_price_type": "None", "battery_size_kWh": 300, "battery_power_kW": 150.0, "min_soc": 0.05, "max_soc": 1.0, "one_way_efficiency": 0.92, "start_soc": 0.5, "n_horizon": 24, "n_control": 12}, "savings": {"old_energy_charge": -375369.5626036556, "new_energy_charge": -373149.11310765706, "energy_charge_savings": 2220.4494959985605, "old_demand_charge": -145216.0105936621, "new_demand_charge": -120843.85084564857, "demand_charge_savings": 24372.159748013524, "retail_profits": 26592.609244012085, "battery_charge_cost": -12863.304512598359, "battery_discharge_revenues": 15083.754008596869, "battery_retail_profits": 2220.4494959985095, "battery_export_revenue": 0.0, "total_profits": 26592.609244012034, "irr": 0.20146, "npv": 86215.288}}