{"key_params": {"location": "CA_Los.Angeles.Intl", "customer_type": "Hotel", "demand_charge": 20, "export_price": 0.0, "export_price_type": "None", "battery_size_kWh": 300, "battery_power_kW": 150.0, "min_soc": 0.05, "max_soc": 1.0, "one_way_efficiency": 0.92, "start_soc": 0.5, "n_horizon": 24, "n_control": 12}, "savings": {"old_energy_charge": -365516.4545088757, "new_energy_charge": -363302.42443631374, "energy_charge_savings": 2214.030072561931, "old_demand_charge": -140888.0324993094, "new_demand_charge": -117247.36070350418, "demand_charge_savings": 23640.671795805218, "retail_profits": 25854.70186836715, "battery_charge_cost": -12947.617418357793, "battery_discharge_revenues": 15161.647490919713, "battery_retail_profits": 2214.03007256192, "battery_export_revenue": 0.0, "total_profits": 25854.701868367138, "irr": 0.19438, "npv": 81560.1}}