{"key_params": {"location": "CA_Barstow.Daggett", "customer_type": "Office", "demand_charge": 20, "export_price": 0.0, "export_price_type": "None", "battery_size_kWh": 300, "battery_power_kW": 150.0, "min_soc": 0.05, "max_soc": 1.0, "one_way_efficiency": 0.92, "start_soc": 0.5, "n_horizon": 24, "n_control": 12}, "savings": {"old_energy_charge": -428681.0498625708, "new_energy_charge": -426781.3239567012, "energy_charge_savings": 1899.7259058696218, "old_demand_charge": -262403.9814496575, "new_demand_charge": -235826.58711623406, "demand_charge_savings": 26577.394333423465, "retail_profits": 28477.120239293086, "battery_charge_cost": -11197.757697802963, "battery_discharge_revenues": 13097.483603672576, "battery_retail_profits": 1899.7259058696127, "battery_export_revenue": 0.0, "total_profits": 28477.12023929308, "irr": 0.21936, "npv": 98103.978}}