{"key_params": {"location": "CA_Merced-Macready.Field.724815_TMY3", "customer_type": "Market", "demand_charge": 20, "export_price": 0.0, "export_price_type": "None", "battery_size_kWh": 300, "battery_power_kW": 150.0, "min_soc": 0.05, "max_soc": 1.0, "one_way_efficiency": 0.92, "start_soc": 0.5, "n_horizon": 24, "n_control": 12}, "savings": {"old_energy_charge": -385983.177483563, "new_energy_charge": -385067.28450325195, "energy_charge_savings": 915.8929803110659, "old_demand_charge": -153223.05995155673, "new_demand_charge": -140280.01822755035, "demand_charge_savings": 12943.041724006383, "retail_profits": 13858.93470431745, "battery_charge_cost": -11701.233637583086, "battery_discharge_revenues": 12617.126617894135, "battery_retail_profits": 915.8929803110495, "battery_export_revenue": 0.0, "total_profits": 13858.934704317433, "irr": 0.07076, "npv": 5883.198}}