{"key_params": {"location": "CA_Needles", "customer_type": "Market", "demand_charge": 20, "export_price": 0.0, "export_price_type": "None", "battery_size_kWh": 300, "battery_power_kW": 150.0, "min_soc": 0.05, "max_soc": 1.0, "one_way_efficiency": 0.92, "start_soc": 0.5, "n_horizon": 24, "n_control": 12}, "savings": {"old_energy_charge": -403768.01895277377, "new_energy_charge": -402599.793237241, "energy_charge_savings": 1168.2257155327825, "old_demand_charge": -159695.4767570768, "new_demand_charge": -145798.82258669063, "demand_charge_savings": 13896.654170386173, "retail_profits": 15064.879885918956, "battery_charge_cost": -11544.693495596559, "battery_discharge_revenues": 12712.919211129374, "battery_retail_profits": 1168.2257155328152, "battery_export_revenue": 0.0, "total_profits": 15064.879885918988, "irr": 0.08431, "npv": 13491.064}}