{"key_params": {"location": "CA_March.AFB.722860_TMY3", "customer_type": "Hospital", "demand_charge": 20, "export_price": 0.0, "export_price_type": "None", "battery_size_kWh": 300, "battery_power_kW": 150.0, "min_soc": 0.05, "max_soc": 1.0, "one_way_efficiency": 0.92, "start_soc": 0.5, "n_horizon": 24, "n_control": 12}, "savings": {"old_energy_charge": -248186.37176609627, "new_energy_charge": -247861.3309473189, "energy_charge_savings": 325.0408187773719, "old_demand_charge": -83173.90306829904, "new_demand_charge": -74511.95826880923, "demand_charge_savings": 8661.944799489807, "retail_profits": 8986.98561826718, "battery_charge_cost": -11657.7375311401, "battery_discharge_revenues": 11982.778349917511, "battery_retail_profits": 325.0408187774119, "battery_export_revenue": 0.0, "total_profits": 8986.98561826722, "irr": 0.00996, "npv": -25150.024}}