{"key_params": {"location": "CA_Twentynine.Palms.690150_TMY3", "customer_type": "Restaurant", "demand_charge": 20, "export_price": 0.0, "export_price_type": "None", "battery_size_kWh": 300, "battery_power_kW": 150.0, "min_soc": 0.05, "max_soc": 1.0, "one_way_efficiency": 0.92, "start_soc": 0.5, "n_horizon": 24, "n_control": 12}, "savings": {"old_energy_charge": -529308.4199993038, "new_energy_charge": -528320.8474258332, "energy_charge_savings": 987.5725734705338, "old_demand_charge": -194232.71345122415, "new_demand_charge": -173915.26638731256, "demand_charge_savings": 20317.44706391159, "retail_profits": 21305.019637382124, "battery_charge_cost": -14460.64787667496, "battery_discharge_revenues": 15448.220450145545, "battery_retail_profits": 987.5725734705848, "battery_export_revenue": 0.0, "total_profits": 21305.019637382175, "irr": 0.14978, "npv": 52857.821}}