{"key_params": {"location": "CA_Camarillo.AWOS.723926_TMY3", "customer_type": "Office", "demand_charge": 20, "export_price": 0.0, "export_price_type": "None", "battery_size_kWh": 300, "battery_power_kW": 150.0, "min_soc": 0.05, "max_soc": 1.0, "one_way_efficiency": 0.92, "start_soc": 0.5, "n_horizon": 24, "n_control": 12}, "savings": {"old_energy_charge": -298679.2913952152, "new_energy_charge": -297811.6318068031, "energy_charge_savings": 867.6595884120907, "old_demand_charge": -155917.2608953258, "new_demand_charge": -141308.1463931396, "demand_charge_savings": 14609.114502186188, "retail_profits": 15476.77409059828, "battery_charge_cost": -11581.788998167302, "battery_discharge_revenues": 12449.448586579385, "battery_retail_profits": 867.6595884120834, "battery_export_revenue": 0.0, "total_profits": 15476.774090598272, "irr": 0.08886, "npv": 16089.554}}