{"key_params": {"location": "CA_Bakersfield-Meadows.Field.723840_TMY3", "customer_type": "Hospital", "demand_charge": 20, "export_price": 0.0, "export_price_type": "None", "battery_size_kWh": 300, "battery_power_kW": 150.0, "min_soc": 0.05, "max_soc": 1.0, "one_way_efficiency": 0.92, "start_soc": 0.5, "n_horizon": 24, "n_control": 12}, "savings": {"old_energy_charge": -246371.3360656143, "new_energy_charge": -246295.72328565374, "energy_charge_savings": 75.61277996056015, "old_demand_charge": -81512.17303419425, "new_demand_charge": -73134.61814976763, "demand_charge_savings": 8377.554884426616, "retail_profits": 8453.167664387176, "battery_charge_cost": -11633.119684482097, "battery_discharge_revenues": 11708.73246444267, "battery_retail_profits": 75.61277996057288, "battery_export_revenue": 0.0, "total_profits": 8453.167664387189, "irr": 0.002, "npv": -28722.621}}