{"key_params": {"location": "CA_Imperial.County", "customer_type": "Office", "demand_charge": 20, "export_price": 0.0, "export_price_type": "None", "battery_size_kWh": 300, "battery_power_kW": 150.0, "min_soc": 0.05, "max_soc": 1.0, "one_way_efficiency": 0.92, "start_soc": 0.5, "n_horizon": 24, "n_control": 12}, "savings": {"old_energy_charge": -478836.95946210535, "new_energy_charge": -477166.21887522016, "energy_charge_savings": 1670.740586885193, "old_demand_charge": -279322.58387688786, "new_demand_charge": -252166.35130933745, "demand_charge_savings": 27156.23256755041, "retail_profits": 28826.973154435604, "battery_charge_cost": -11300.980259216765, "battery_discharge_revenues": 12971.720846101909, "battery_retail_profits": 1670.7405868851438, "battery_export_revenue": 0.0, "total_profits": 28826.973154435553, "irr": 0.22266, "npv": 100311.072}}