{"key_params": {"location": "CA_Alturas.725958_TMY3", "customer_type": "Hotel", "demand_charge": 20, "export_price": 0.0, "export_price_type": "None", "battery_size_kWh": 300, "battery_power_kW": 150.0, "min_soc": 0.05, "max_soc": 1.0, "one_way_efficiency": 0.92, "start_soc": 0.5, "n_horizon": 24, "n_control": 12}, "savings": {"old_energy_charge": -365881.9567740401, "new_energy_charge": -363600.4395032924, "energy_charge_savings": 2281.517270747747, "old_demand_charge": -148229.50923213692, "new_demand_charge": -123788.42274214697, "demand_charge_savings": 24441.086489989946, "retail_profits": 26722.603760737693, "battery_charge_cost": -12427.258273344476, "battery_discharge_revenues": 14708.775544092303, "battery_retail_profits": 2281.517270747827, "battery_export_revenue": 0.0, "total_profits": 26722.603760737773, "irr": 0.2027, "npv": 87035.376}}