{"key_params": {"location": "CA_Bakersfield-Meadows.Field.723840_TMY3", "customer_type": "Hotel", "demand_charge": 20, "export_price": 0.0, "export_price_type": "None", "battery_size_kWh": 300, "battery_power_kW": 150.0, "min_soc": 0.05, "max_soc": 1.0, "one_way_efficiency": 0.92, "start_soc": 0.5, "n_horizon": 24, "n_control": 12}, "savings": {"old_energy_charge": -377598.80452456477, "new_energy_charge": -375165.2734133064, "energy_charge_savings": 2433.531111258373, "old_demand_charge": -151362.88409263437, "new_demand_charge": -129027.67492542871, "demand_charge_savings": 22335.209167205656, "retail_profits": 24768.74027846403, "battery_charge_cost": -11597.349319680749, "battery_discharge_revenues": 14030.88043093911, "battery_retail_profits": 2433.531111258362, "battery_export_revenue": 0.0, "total_profits": 24768.740278464018, "irr": 0.1839, "npv": 74709.166}}