{"key_params": {"location": "CA_Santa.Barbara.Muni", "customer_type": "Office", "demand_charge": 20, "export_price": 0.0, "export_price_type": "None", "battery_size_kWh": 300, "battery_power_kW": 150.0, "min_soc": 0.05, "max_soc": 1.0, "one_way_efficiency": 0.92, "start_soc": 0.5, "n_horizon": 24, "n_control": 12}, "savings": {"old_energy_charge": -295882.54868545, "new_energy_charge": -294935.27776597446, "energy_charge_savings": 947.2709194755298, "old_demand_charge": -150216.96304602356, "new_demand_charge": -135253.41830448137, "demand_charge_savings": 14963.544741542195, "retail_profits": 15910.815661017725, "battery_charge_cost": -11459.669139355521, "battery_discharge_revenues": 12406.94005883116, "battery_retail_profits": 947.270919475639, "battery_export_revenue": 0.0, "total_profits": 15910.815661017834, "irr": 0.09361, "npv": 18827.763}}