{"key_params": {"location": "CA_Hayward.Air.Terminal.724935_TMY3", "customer_type": "Restaurant", "demand_charge": 20, "export_price": 0.0, "export_price_type": "None", "battery_size_kWh": 300, "battery_power_kW": 150.0, "min_soc": 0.05, "max_soc": 1.0, "one_way_efficiency": 0.92, "start_soc": 0.5, "n_horizon": 24, "n_control": 12}, "savings": {"old_energy_charge": -459082.35300727794, "new_energy_charge": -457772.67562048056, "energy_charge_savings": 1309.6773867973825, "old_demand_charge": -169655.08484708355, "new_demand_charge": -146900.48236281163, "demand_charge_savings": 22754.60248427192, "retail_profits": 24064.279871069302, "battery_charge_cost": -15014.88274849734, "battery_discharge_revenues": 16324.560135294745, "battery_retail_profits": 1309.6773867974043, "battery_export_revenue": 0.0, "total_profits": 24064.279871069324, "irr": 0.17706, "npv": 70264.984}}