{"key_params": {"location": "CA_Sandberg.723830_TMY3", "customer_type": "School", "demand_charge": 20, "export_price": 0.0, "export_price_type": "None", "battery_size_kWh": 300, "battery_power_kW": 150.0, "min_soc": 0.05, "max_soc": 1.0, "one_way_efficiency": 0.92, "start_soc": 0.5, "n_horizon": 24, "n_control": 12}, "savings": {"old_energy_charge": -348187.8057093208, "new_energy_charge": -347179.75302248955, "energy_charge_savings": 1008.0526868312736, "old_demand_charge": -202154.07974360476, "new_demand_charge": -185155.5969355558, "demand_charge_savings": 16998.482808048953, "retail_profits": 18006.535494880227, "battery_charge_cost": -11367.619810897795, "battery_discharge_revenues": 12375.67249772902, "battery_retail_profits": 1008.0526868312245, "battery_export_revenue": 0.0, "total_profits": 18006.535494880176, "irr": 0.11599, "npv": 32048.892}}