{"key_params": {"location": "CA_Porterville.AWOS.723895_TMY3", "customer_type": "Restaurant", "demand_charge": 20, "export_price": 0.0, "export_price_type": "None", "battery_size_kWh": 300, "battery_power_kW": 150.0, "min_soc": 0.05, "max_soc": 1.0, "one_way_efficiency": 0.92, "start_soc": 0.5, "n_horizon": 24, "n_control": 12}, "savings": {"old_energy_charge": -459088.2744659102, "new_energy_charge": -458386.77627016255, "energy_charge_savings": 701.4981957476703, "old_demand_charge": -165788.07665474608, "new_demand_charge": -145721.19667584353, "demand_charge_savings": 20066.87997890255, "retail_profits": 20768.37817465022, "battery_charge_cost": -16405.496762249124, "battery_discharge_revenues": 17106.994957996736, "battery_retail_profits": 701.498195747612, "battery_export_revenue": 0.0, "total_profits": 20768.378174650163, "irr": 0.14439, "npv": 49472.347}}