{"key_params": {"location": "CA_China.Lake.NAF.746120_TMY3", "customer_type": "School", "demand_charge": 20, "export_price": 0.0, "export_price_type": "None", "battery_size_kWh": 300, "battery_power_kW": 150.0, "min_soc": 0.05, "max_soc": 1.0, "one_way_efficiency": 0.92, "start_soc": 0.5, "n_horizon": 24, "n_control": 12}, "savings": {"old_energy_charge": -398710.2643132976, "new_energy_charge": -397023.0948012285, "energy_charge_savings": 1687.1695120690856, "old_demand_charge": -240424.36732926234, "new_demand_charge": -223405.10891756875, "demand_charge_savings": 17019.25841169359, "retail_profits": 18706.427923762676, "battery_charge_cost": -11030.005935985684, "battery_discharge_revenues": 12717.175448054755, "battery_retail_profits": 1687.169512069071, "battery_export_revenue": 0.0, "total_profits": 18706.42792376266, "irr": 0.12329, "npv": 36464.258}}