{"key_params": {"location": "CA_Long.Beach-Daugherty.Field.722970_TMY3", "customer_type": "Apartment", "demand_charge": 20, "export_price": 0.0, "export_price_type": "None", "battery_size_kWh": 300, "battery_power_kW": 150.0, "min_soc": 0.05, "max_soc": 1.0, "one_way_efficiency": 0.92, "start_soc": 0.5, "n_horizon": 24, "n_control": 12}, "savings": {"old_energy_charge": -347333.9993861654, "new_energy_charge": -344570.4459221057, "energy_charge_savings": 2763.553464059718, "old_demand_charge": -149865.32885224285, "new_demand_charge": -129493.5121234494, "demand_charge_savings": 20371.81672879345, "retail_profits": 23135.370192853166, "battery_charge_cost": -10729.564239130435, "battery_discharge_revenues": 13493.117703190132, "battery_retail_profits": 2763.553464059696, "battery_export_revenue": 0.0, "total_profits": 23135.370192853145, "irr": 0.16796, "npv": 64404.833}}