{"key_params": {"location": "CA_San.Diego-North.Island.NAS.722906_TMY3", "customer_type": "Hotel", "demand_charge": 20, "export_price": 0.0, "export_price_type": "None", "battery_size_kWh": 300, "battery_power_kW": 150.0, "min_soc": 0.05, "max_soc": 1.0, "one_way_efficiency": 0.92, "start_soc": 0.5, "n_horizon": 24, "n_control": 12}, "savings": {"old_energy_charge": -363791.2028929084, "new_energy_charge": -361514.25015612395, "energy_charge_savings": 2276.952736784471, "old_demand_charge": -140742.00792685902, "new_demand_charge": -117787.76008387184, "demand_charge_savings": 22954.247842987184, "retail_profits": 25231.200579771656, "battery_charge_cost": -12568.352725713794, "battery_discharge_revenues": 14845.305462498292, "battery_retail_profits": 2276.9527367844985, "battery_export_revenue": 0.0, "total_profits": 25231.200579771685, "irr": 0.18838, "npv": 77626.659}}