{"key_params": {"location": "CA_Van.Nuys", "customer_type": "School", "demand_charge": 20, "export_price": 0.0, "export_price_type": "None", "battery_size_kWh": 300, "battery_power_kW": 150.0, "min_soc": 0.05, "max_soc": 1.0, "one_way_efficiency": 0.92, "start_soc": 0.5, "n_horizon": 24, "n_control": 12}, "savings": {"old_energy_charge": -636484.0249791872, "new_energy_charge": -634441.7684157923, "energy_charge_savings": 2042.2565633949125, "old_demand_charge": -401047.57130261516, "new_demand_charge": -379879.74555618357, "demand_charge_savings": 21167.825746431598, "retail_profits": 23210.08230982651, "battery_charge_cost": -10962.168111080548, "battery_discharge_revenues": 13004.424674475276, "battery_retail_profits": 2042.2565633947288, "battery_export_revenue": 0.0, "total_profits": 23210.082309826328, "irr": 0.16869, "npv": 64876.164}}