{"key_params": {"location": "CA_Burbank-Glendale-Passadena.Bob.Hope", "customer_type": "School", "demand_charge": 20, "export_price": 0.0, "export_price_type": "None", "battery_size_kWh": 300, "battery_power_kW": 150.0, "min_soc": 0.05, "max_soc": 1.0, "one_way_efficiency": 0.92, "start_soc": 0.5, "n_horizon": 24, "n_control": 12}, "savings": {"old_energy_charge": -367823.562695828, "new_energy_charge": -366168.2369489021, "energy_charge_savings": 1655.325746925897, "old_demand_charge": -235844.3461075789, "new_demand_charge": -217634.89494483653, "demand_charge_savings": 18209.451162742364, "retail_profits": 19864.77690966826, "battery_charge_cost": -11112.235662454385, "battery_discharge_revenues": 12767.561409380363, "battery_retail_profits": 1655.3257469259788, "battery_export_revenue": 0.0, "total_profits": 19864.77690966834, "irr": 0.13521, "npv": 43771.857}}