{"key_params": {"location": "CA_Camarillo.AWOS.723926_TMY3", "customer_type": "Hospital", "demand_charge": 20, "export_price": 0.0, "export_price_type": "None", "battery_size_kWh": 300, "battery_power_kW": 150.0, "min_soc": 0.05, "max_soc": 1.0, "one_way_efficiency": 0.92, "start_soc": 0.5, "n_horizon": 24, "n_control": 12}, "savings": {"old_energy_charge": -245596.43335547077, "new_energy_charge": -245461.6888098705, "energy_charge_savings": 134.7445456002606, "old_demand_charge": -81127.90140567983, "new_demand_charge": -73226.8006811934, "demand_charge_savings": 7901.10072448643, "retail_profits": 8035.845270086691, "battery_charge_cost": -11646.863650925057, "battery_discharge_revenues": 11781.608196525332, "battery_retail_profits": 134.74454560027516, "battery_export_revenue": 0.0, "total_profits": 8035.845270086706, "irr": -0.0046, "npv": -31579.709}}