{"key_params": {"location": "CA_Palm.Springs.Intl", "customer_type": "School", "demand_charge": 20, "export_price": 0.0, "export_price_type": "None", "battery_size_kWh": 300, "battery_power_kW": 150.0, "min_soc": 0.05, "max_soc": 1.0, "one_way_efficiency": 0.92, "start_soc": 0.5, "n_horizon": 24, "n_control": 12}, "savings": {"old_energy_charge": -586734.3561397874, "new_energy_charge": -584983.3733846006, "energy_charge_savings": 1750.9827551867347, "old_demand_charge": -302251.539277078, "new_demand_charge": -287150.68743434956, "demand_charge_savings": 15100.851842728443, "retail_profits": 16851.834597915178, "battery_charge_cost": -11123.592058919465, "battery_discharge_revenues": 12874.574814106209, "battery_retail_profits": 1750.9827551867438, "battery_export_revenue": 0.0, "total_profits": 16851.834597915185, "irr": 0.10376, "npv": 24764.307}}