{"key_params": {"location": "CA_Hawthorne-Jack.Northrop.Field.722956_TMY3", "customer_type": "Hospital", "demand_charge": 20, "export_price": 0.0, "export_price_type": "None", "battery_size_kWh": 300, "battery_power_kW": 150.0, "min_soc": 0.05, "max_soc": 1.0, "one_way_efficiency": 0.92, "start_soc": 0.5, "n_horizon": 24, "n_control": 12}, "savings": {"old_energy_charge": -244725.13775108845, "new_energy_charge": -244626.25019968225, "energy_charge_savings": 98.88755140619469, "old_demand_charge": -80212.63516651426, "new_demand_charge": -72255.99955445828, "demand_charge_savings": 7956.635612055979, "retail_profits": 8055.523163462174, "battery_charge_cost": -11642.604888055193, "battery_discharge_revenues": 11741.492439461403, "battery_retail_profits": 98.88755140620924, "battery_export_revenue": 0.0, "total_profits": 8055.523163462189, "irr": -0.00428, "npv": -31443.722}}