{"key_params": {"location": "CA_Chula.Vista-Brown.Field.Muni", "customer_type": "Hotel", "demand_charge": 20, "export_price": 0.0, "export_price_type": "None", "battery_size_kWh": 300, "battery_power_kW": 150.0, "min_soc": 0.05, "max_soc": 1.0, "one_way_efficiency": 0.92, "start_soc": 0.5, "n_horizon": 24, "n_control": 12}, "savings": {"old_energy_charge": -370377.7327450975, "new_energy_charge": -368181.45426153607, "energy_charge_savings": 2196.2784835614148, "old_demand_charge": -144081.30958435114, "new_demand_charge": -119258.74588130426, "demand_charge_savings": 24822.56370304688, "retail_profits": 27018.842186608294, "battery_charge_cost": -12956.474712683821, "battery_discharge_revenues": 15152.75319624513, "battery_retail_profits": 2196.2784835613093, "battery_export_revenue": 0.0, "total_profits": 27018.842186608188, "irr": 0.20552, "npv": 88904.235}}