{"key_params": {"location": "CA_San.Diego-Lindbergh.Field.722900_TMY3", "customer_type": "Hotel", "demand_charge": 20, "export_price": 0.0, "export_price_type": "None", "battery_size_kWh": 300, "battery_power_kW": 150.0, "min_soc": 0.05, "max_soc": 1.0, "one_way_efficiency": 0.92, "start_soc": 0.5, "n_horizon": 24, "n_control": 12}, "savings": {"old_energy_charge": -335856.39047469955, "new_energy_charge": -333622.2245913834, "energy_charge_savings": 2234.1658833161346, "old_demand_charge": -120309.03477780688, "new_demand_charge": -98054.34908920464, "demand_charge_savings": 22254.685688602243, "retail_profits": 24488.851571918378, "battery_charge_cost": -12758.865093657501, "battery_discharge_revenues": 14993.030976973574, "battery_retail_profits": 2234.1658833160727, "battery_export_revenue": 0.0, "total_profits": 24488.851571918316, "irr": 0.18119, "npv": 72943.451}}