{"key_params": {"location": "CA_Lancaster-Gen.Wm.Fox.Field.723816_TMY3", "customer_type": "Office", "demand_charge": 20, "export_price": 0.0, "export_price_type": "None", "battery_size_kWh": 300, "battery_power_kW": 150.0, "min_soc": 0.05, "max_soc": 1.0, "one_way_efficiency": 0.92, "start_soc": 0.5, "n_horizon": 24, "n_control": 12}, "savings": {"old_energy_charge": -502898.239532717, "new_energy_charge": -501852.9998331244, "energy_charge_savings": 1045.239699592581, "old_demand_charge": -252089.62836335314, "new_demand_charge": -233430.50165209518, "demand_charge_savings": 18659.126711257966, "retail_profits": 19704.366410850547, "battery_charge_cost": -11694.960409273086, "battery_discharge_revenues": 12740.200108865723, "battery_retail_profits": 1045.2396995926374, "battery_export_revenue": 0.0, "total_profits": 19704.366410850605, "irr": 0.13357, "npv": 42759.886}}