{"key_params": {"location": "CA_Oakland.Intl", "customer_type": "Restaurant", "demand_charge": 20, "export_price": 0.0, "export_price_type": "None", "battery_size_kWh": 300, "battery_power_kW": 150.0, "min_soc": 0.05, "max_soc": 1.0, "one_way_efficiency": 0.92, "start_soc": 0.5, "n_horizon": 24, "n_control": 12}, "savings": {"old_energy_charge": -453912.655198229, "new_energy_charge": -453090.58756236255, "energy_charge_savings": 822.0676358664641, "old_demand_charge": -163612.28574996712, "new_demand_charge": -141978.77740475239, "demand_charge_savings": 21633.508345214737, "retail_profits": 22455.5759810812, "battery_charge_cost": -16174.123772912666, "battery_discharge_revenues": 16996.19140877918, "battery_retail_profits": 822.067635866515, "battery_export_revenue": 0.0, "total_profits": 22455.575981081252, "irr": 0.16125, "npv": 60116.26}}