{"key_params": {"location": "CA_Beale.AFB.724837_TMY3", "customer_type": "Hotel", "demand_charge": 20, "export_price": 0.0, "export_price_type": "None", "battery_size_kWh": 300, "battery_power_kW": 150.0, "min_soc": 0.05, "max_soc": 1.0, "one_way_efficiency": 0.92, "start_soc": 0.5, "n_horizon": 24, "n_control": 12}, "savings": {"old_energy_charge": -340210.10868187476, "new_energy_charge": -337948.9619267178, "energy_charge_savings": 2261.1467551569804, "old_demand_charge": -125996.25318565844, "new_demand_charge": -103569.84191568059, "demand_charge_savings": 22426.41126997785, "retail_profits": 24687.55802513483, "battery_charge_cost": -12653.181396312699, "battery_discharge_revenues": 14914.328151469617, "battery_retail_profits": 2261.1467551569185, "battery_export_revenue": 0.0, "total_profits": 24687.558025134767, "irr": 0.18312, "npv": 74197.017}}