{"key_params": {"location": "CA_Monterey.NAF.724915_TMY3", "customer_type": "Apartment", "demand_charge": 20, "export_price": 0.0, "export_price_type": "None", "battery_size_kWh": 300, "battery_power_kW": 150.0, "min_soc": 0.05, "max_soc": 1.0, "one_way_efficiency": 0.92, "start_soc": 0.5, "n_horizon": 24, "n_control": 12}, "savings": {"old_energy_charge": -337303.682563234, "new_energy_charge": -334540.56893009355, "energy_charge_savings": 2763.113633140456, "old_demand_charge": -148528.01533940347, "new_demand_charge": -126720.29684900146, "demand_charge_savings": 21807.71849040201, "retail_profits": 24570.832123542466, "battery_charge_cost": -10729.564239130435, "battery_discharge_revenues": 13492.677872270968, "battery_retail_profits": 2763.1136331405323, "battery_export_revenue": 0.0, "total_profits": 24570.832123542543, "irr": 0.18198, "npv": 73460.636}}