{"key_params": {"location": "CA_San.Diego-Miramar.NAS.722930_TMY3", "customer_type": "Market", "demand_charge": 20, "export_price": 0.0, "export_price_type": "None", "battery_size_kWh": 300, "battery_power_kW": 150.0, "min_soc": 0.05, "max_soc": 1.0, "one_way_efficiency": 0.92, "start_soc": 0.5, "n_horizon": 24, "n_control": 12}, "savings": {"old_energy_charge": -366992.3346701152, "new_energy_charge": -366508.66184970894, "energy_charge_savings": 483.6728204062674, "old_demand_charge": -141554.96469639178, "new_demand_charge": -126163.0210166338, "demand_charge_savings": 15391.943679757984, "retail_profits": 15875.616500164251, "battery_charge_cost": -12061.159202927978, "battery_discharge_revenues": 12544.832023334235, "battery_retail_profits": 483.6728204062565, "battery_export_revenue": 0.0, "total_profits": 15875.61650016424, "irr": 0.09322, "npv": 18605.705}}