{"key_params": {"location": "CA_Paso.Robles.Muni", "customer_type": "Market", "demand_charge": 20, "export_price": 0.0, "export_price_type": "None", "battery_size_kWh": 300, "battery_power_kW": 150.0, "min_soc": 0.05, "max_soc": 1.0, "one_way_efficiency": 0.92, "start_soc": 0.5, "n_horizon": 24, "n_control": 12}, "savings": {"old_energy_charge": -395046.63259059156, "new_energy_charge": -393584.7667083265, "energy_charge_savings": 1461.8658822650323, "old_demand_charge": -161044.9806624928, "new_demand_charge": -146879.05212232802, "demand_charge_savings": 14165.92854016478, "retail_profits": 15627.794422429812, "battery_charge_cost": -11399.137781983643, "battery_discharge_revenues": 12861.003664248716, "battery_retail_profits": 1461.8658822650723, "battery_export_revenue": 0.0, "total_profits": 15627.794422429852, "irr": 0.09051, "npv": 17042.286}}