{"key_params": {"location": "CA_March.AFB.722860_TMY3", "customer_type": "Apartment", "demand_charge": 20, "export_price": 0.0, "export_price_type": "None", "battery_size_kWh": 300, "battery_power_kW": 150.0, "min_soc": 0.05, "max_soc": 1.0, "one_way_efficiency": 0.92, "start_soc": 0.5, "n_horizon": 24, "n_control": 12}, "savings": {"old_energy_charge": -359000.01052716793, "new_energy_charge": -356241.6717146271, "energy_charge_savings": 2758.338812540809, "old_demand_charge": -157148.35556112128, "new_demand_charge": -136104.03243828658, "demand_charge_savings": 21044.3231228347, "retail_profits": 23802.66193537551, "battery_charge_cost": -10729.564239130435, "battery_discharge_revenues": 13487.90305167128, "battery_retail_profits": 2758.3388125408437, "battery_export_revenue": 0.0, "total_profits": 23802.661935375545, "irr": 0.1745, "npv": 68614.532}}