{"key_params": {"location": "CA_San.Diego-Miramar.NAS.722930_TMY3", "customer_type": "Hospital", "demand_charge": 20, "export_price": 0.0, "export_price_type": "None", "battery_size_kWh": 300, "battery_power_kW": 150.0, "min_soc": 0.05, "max_soc": 1.0, "one_way_efficiency": 0.92, "start_soc": 0.5, "n_horizon": 24, "n_control": 12}, "savings": {"old_energy_charge": -247361.34942869714, "new_energy_charge": -247158.7814261057, "energy_charge_savings": 202.56800259143347, "old_demand_charge": -81379.1872697596, "new_demand_charge": -73559.5740929906, "demand_charge_savings": 7819.613176768995, "retail_profits": 8022.181179360428, "battery_charge_cost": -11642.986526511273, "battery_discharge_revenues": 11845.55452910273, "battery_retail_profits": 202.56800259145712, "battery_export_revenue": 0.0, "total_profits": 8022.181179360452, "irr": -0.00482, "npv": -31674.137}}