{"key_params": {"location": "CA_Yuba.County", "customer_type": "Hotel", "demand_charge": 20, "export_price": 0.0, "export_price_type": "None", "battery_size_kWh": 300, "battery_power_kW": 150.0, "min_soc": 0.05, "max_soc": 1.0, "one_way_efficiency": 0.92, "start_soc": 0.5, "n_horizon": 24, "n_control": 12}, "savings": {"old_energy_charge": -346909.8196472468, "new_energy_charge": -344679.258286129, "energy_charge_savings": 2230.5613611178123, "old_demand_charge": -128439.07316068959, "new_demand_charge": -105202.72627293272, "demand_charge_savings": 23236.346887756867, "retail_profits": 25466.90824887468, "battery_charge_cost": -12647.6970568144, "battery_discharge_revenues": 14878.258417932248, "battery_retail_profits": 2230.561361117847, "battery_export_revenue": 0.0, "total_profits": 25466.908248874715, "irr": 0.19065, "npv": 79113.652}}