{"key_params": {"location": "CA_Sacramento.Metro", "customer_type": "Office", "demand_charge": 20, "export_price": 0.0, "export_price_type": "None", "battery_size_kWh": 300, "battery_power_kW": 150.0, "min_soc": 0.05, "max_soc": 1.0, "one_way_efficiency": 0.92, "start_soc": 0.5, "n_horizon": 24, "n_control": 12}, "savings": {"old_energy_charge": -504043.9303722106, "new_energy_charge": -503082.16849197866, "energy_charge_savings": 961.761880231963, "old_demand_charge": -256375.9176670038, "new_demand_charge": -236753.57633091058, "demand_charge_savings": 19622.34133609323, "retail_profits": 20584.103216325195, "battery_charge_cost": -11575.49823098609, "battery_discharge_revenues": 12537.26011121805, "battery_retail_profits": 961.7618802319594, "battery_export_revenue": 0.0, "total_profits": 20584.10321632519, "irr": 0.14252, "npv": 48309.823}}