{"key_params": {"location": "CA_Fairfield-Travis.AFB.745160_TMY3", "customer_type": "Hotel", "demand_charge": 20, "export_price": 0.0, "export_price_type": "None", "battery_size_kWh": 300, "battery_power_kW": 150.0, "min_soc": 0.05, "max_soc": 1.0, "one_way_efficiency": 0.92, "start_soc": 0.5, "n_horizon": 24, "n_control": 12}, "savings": {"old_energy_charge": -349374.56575380487, "new_energy_charge": -347144.7034173566, "energy_charge_savings": 2229.8623364482773, "old_demand_charge": -128390.63534895051, "new_demand_charge": -105383.58602067851, "demand_charge_savings": 23007.049328271998, "retail_profits": 25236.911664720275, "battery_charge_cost": -12750.813251918908, "battery_discharge_revenues": 14980.675588367101, "battery_retail_profits": 2229.8623364481937, "battery_export_revenue": 0.0, "total_profits": 25236.91166472019, "irr": 0.18843, "npv": 77662.688}}