{"key_params": {"location": "CA_China.Lake.NAF.746120_TMY3", "customer_type": "Restaurant", "demand_charge": 20, "export_price": 0.0, "export_price_type": "None", "battery_size_kWh": 300, "battery_power_kW": 150.0, "min_soc": 0.05, "max_soc": 1.0, "one_way_efficiency": 0.92, "start_soc": 0.5, "n_horizon": 24, "n_control": 12}, "savings": {"old_energy_charge": -479134.0173284161, "new_energy_charge": -478559.68808408256, "energy_charge_savings": 574.3292443335522, "old_demand_charge": -173988.25063821103, "new_demand_charge": -154503.7722776672, "demand_charge_savings": 19484.478360543842, "retail_profits": 20058.807604877395, "battery_charge_cost": -16332.715206872395, "battery_discharge_revenues": 16907.044451205922, "battery_retail_profits": 574.3292443335267, "battery_export_revenue": 0.0, "total_profits": 20058.80760487737, "irr": 0.13719, "npv": 44995.926}}