{"key_params": {"location": "CA_Edwards.AFB.723810_TMY3", "customer_type": "Hospital", "demand_charge": 20, "export_price": 0.0, "export_price_type": "None", "battery_size_kWh": 300, "battery_power_kW": 150.0, "min_soc": 0.05, "max_soc": 1.0, "one_way_efficiency": 0.92, "start_soc": 0.5, "n_horizon": 24, "n_control": 12}, "savings": {"old_energy_charge": -252148.58252240776, "new_energy_charge": -251847.57835278308, "energy_charge_savings": 301.00416962467716, "old_demand_charge": -85410.64224951535, "new_demand_charge": -76333.58330116446, "demand_charge_savings": 9077.058948350896, "retail_profits": 9378.063117975573, "battery_charge_cost": -11653.392874739826, "battery_discharge_revenues": 11954.397044364501, "battery_retail_profits": 301.00416962467534, "battery_export_revenue": 0.0, "total_profits": 9378.063117975571, "irr": 0.01553, "npv": -22574.555}}