{"key_params": {"location": "CA_Blue.Canyon", "customer_type": "School", "demand_charge": 20, "export_price": 0.0, "export_price_type": "None", "battery_size_kWh": 300, "battery_power_kW": 150.0, "min_soc": 0.05, "max_soc": 1.0, "one_way_efficiency": 0.92, "start_soc": 0.5, "n_horizon": 24, "n_control": 12}, "savings": {"old_energy_charge": -488514.52732582175, "new_energy_charge": -487377.8212550747, "energy_charge_savings": 1136.7060707470519, "old_demand_charge": -291152.4106798977, "new_demand_charge": -275562.9442279395, "demand_charge_savings": 15589.46645195823, "retail_profits": 16726.17252270528, "battery_charge_cost": -11260.203167364374, "battery_discharge_revenues": 12396.909238111431, "battery_retail_profits": 1136.7060707470573, "battery_export_revenue": 0.0, "total_profits": 16726.17252270529, "irr": 0.10242, "npv": 23971.551}}