{"key_params": {"location": "CA_Long.Beach-Daugherty.Field.722970_TMY3", "customer_type": "Office", "demand_charge": 20, "export_price": 0.0, "export_price_type": "None", "battery_size_kWh": 300, "battery_power_kW": 150.0, "min_soc": 0.05, "max_soc": 1.0, "one_way_efficiency": 0.92, "start_soc": 0.5, "n_horizon": 24, "n_control": 12}, "savings": {"old_energy_charge": -537787.4793405109, "new_energy_charge": -536928.7756815732, "energy_charge_savings": 858.7036589377094, "old_demand_charge": -262276.93191166146, "new_demand_charge": -243051.75577393614, "demand_charge_savings": 19225.176137725328, "retail_profits": 20083.879796663037, "battery_charge_cost": -11749.352659327827, "battery_discharge_revenues": 12608.056318265453, "battery_retail_profits": 858.7036589376257, "battery_export_revenue": 0.0, "total_profits": 20083.879796662954, "irr": 0.13745, "npv": 45154.097}}