{"key_params": {"location": "CA_Merced-Macready.Field.724815_TMY3", "customer_type": "Hotel", "demand_charge": 20, "export_price": 0.0, "export_price_type": "None", "battery_size_kWh": 300, "battery_power_kW": 150.0, "min_soc": 0.05, "max_soc": 1.0, "one_way_efficiency": 0.92, "start_soc": 0.5, "n_horizon": 24, "n_control": 12}, "savings": {"old_energy_charge": -345300.2743630351, "new_energy_charge": -343053.9423467319, "energy_charge_savings": 2246.332016303204, "old_demand_charge": -126715.54574440912, "new_demand_charge": -103930.26648525812, "demand_charge_savings": 22785.279259150993, "retail_profits": 25031.611275454197, "battery_charge_cost": -12658.854979794687, "battery_discharge_revenues": 14905.186996097913, "battery_retail_profits": 2246.332016303226, "battery_export_revenue": 0.0, "total_profits": 25031.61127545422, "irr": 0.18645, "npv": 76367.523}}