{"key_params": {"location": "CA_Monterey.NAF.724915_TMY3", "customer_type": "Office", "demand_charge": 20, "export_price": 0.0, "export_price_type": "None", "battery_size_kWh": 300, "battery_power_kW": 150.0, "min_soc": 0.05, "max_soc": 1.0, "one_way_efficiency": 0.92, "start_soc": 0.5, "n_horizon": 24, "n_control": 12}, "savings": {"old_energy_charge": -478992.57555103104, "new_energy_charge": -477459.9364627907, "energy_charge_savings": 1532.6390882403357, "old_demand_charge": -253773.3635104322, "new_demand_charge": -235901.46299572033, "demand_charge_savings": 17871.90051471186, "retail_profits": 19404.539602952194, "battery_charge_cost": -11350.010806657718, "battery_discharge_revenues": 12882.649894898082, "battery_retail_profits": 1532.6390882403648, "battery_export_revenue": 0.0, "total_profits": 19404.539602952224, "irr": 0.1305, "npv": 40868.389}}