{"key_params": {"location": "CA_Santa.Ana-John.Wayne", "customer_type": "School", "demand_charge": 20, "export_price": 0.0, "export_price_type": "None", "battery_size_kWh": 300, "battery_power_kW": 150.0, "min_soc": 0.05, "max_soc": 1.0, "one_way_efficiency": 0.92, "start_soc": 0.5, "n_horizon": 24, "n_control": 12}, "savings": {"old_energy_charge": -355035.5686857825, "new_energy_charge": -353064.1313141425, "energy_charge_savings": 1971.4373716400005, "old_demand_charge": -211023.74258913446, "new_demand_charge": -191953.729846623, "demand_charge_savings": 19070.012742511462, "retail_profits": 21041.450114151463, "battery_charge_cost": -10945.358599388192, "battery_discharge_revenues": 12916.795971028216, "battery_retail_profits": 1971.4373716400241, "battery_export_revenue": 0.0, "total_profits": 21041.450114151485, "irr": 0.14714, "npv": 51195.058}}