{"key_params": {"location": "CA_Edwards.AFB.723810_TMY3", "customer_type": "School", "demand_charge": 20, "export_price": 0.0, "export_price_type": "None", "battery_size_kWh": 300, "battery_power_kW": 150.0, "min_soc": 0.05, "max_soc": 1.0, "one_way_efficiency": 0.92, "start_soc": 0.5, "n_horizon": 24, "n_control": 12}, "savings": {"old_energy_charge": -375865.5020491544, "new_energy_charge": -374267.6659894904, "energy_charge_savings": 1597.8360596640268, "old_demand_charge": -229946.67098164037, "new_demand_charge": -210778.4211639522, "demand_charge_savings": 19168.249817688164, "retail_profits": 20766.08587735219, "battery_charge_cost": -11130.844665842513, "battery_discharge_revenues": 12728.680725506501, "battery_retail_profits": 1597.8360596639886, "battery_export_revenue": 0.0, "total_profits": 20766.085877352154, "irr": 0.14436, "npv": 49457.885}}