{"key_params": {"location": "CA_Lemoore.NAS.747020_TMY3", "customer_type": "School", "demand_charge": 20, "export_price": 0.0, "export_price_type": "None", "battery_size_kWh": 300, "battery_power_kW": 150.0, "min_soc": 0.05, "max_soc": 1.0, "one_way_efficiency": 0.92, "start_soc": 0.5, "n_horizon": 24, "n_control": 12}, "savings": {"old_energy_charge": -375845.4036551663, "new_energy_charge": -374118.96173628845, "energy_charge_savings": 1726.4419188778265, "old_demand_charge": -229711.90601473785, "new_demand_charge": -211883.57822105417, "demand_charge_savings": 17828.327793683682, "retail_profits": 19554.76971256151, "battery_charge_cost": -10974.596877750973, "battery_discharge_revenues": 12701.038796628778, "battery_retail_profits": 1726.4419188778047, "battery_export_revenue": 0.0, "total_profits": 19554.769712561487, "irr": 0.13204, "npv": 41816.135}}