{"key_params": {"location": "CA_Alturas.725958_TMY3", "customer_type": "Office", "demand_charge": 20, "export_price": 0.0, "export_price_type": "None", "battery_size_kWh": 300, "battery_power_kW": 150.0, "min_soc": 0.05, "max_soc": 1.0, "one_way_efficiency": 0.92, "start_soc": 0.5, "n_horizon": 24, "n_control": 12}, "savings": {"old_energy_charge": -305130.90300840983, "new_energy_charge": -304483.7479202773, "energy_charge_savings": 647.1550881325384, "old_demand_charge": -154800.59122654225, "new_demand_charge": -137923.62962417657, "demand_charge_savings": 16876.961602365685, "retail_profits": 17524.116690498224, "battery_charge_cost": -11604.428871864753, "battery_discharge_revenues": 12251.583959997277, "battery_retail_profits": 647.1550881325238, "battery_export_revenue": 0.0, "total_profits": 17524.11669049821, "irr": 0.11091, "npv": 29005.489}}