{"key_params": {"location": "CA_Carlsbad.722927_TMY3", "customer_type": "Office", "demand_charge": 20, "export_price": 0.0, "export_price_type": "None", "battery_size_kWh": 300, "battery_power_kW": 150.0, "min_soc": 0.05, "max_soc": 1.0, "one_way_efficiency": 0.92, "start_soc": 0.5, "n_horizon": 24, "n_control": 12}, "savings": {"old_energy_charge": -374230.5837838504, "new_energy_charge": -373027.234741878, "energy_charge_savings": 1203.3490419724258, "old_demand_charge": -201809.2750951051, "new_demand_charge": -183220.1046297988, "demand_charge_savings": 18589.17046530632, "retail_profits": 19792.519507278746, "battery_charge_cost": -11627.881945501533, "battery_discharge_revenues": 12831.230987473953, "battery_retail_profits": 1203.3490419724203, "battery_export_revenue": 0.0, "total_profits": 19792.51950727874, "irr": 0.13448, "npv": 43316.012}}