{"key_params": {"location": "CA_Hawthorne-Jack.Northrop.Field.722956_TMY3", "customer_type": "Market", "demand_charge": 20, "export_price": 0.0, "export_price_type": "None", "battery_size_kWh": 300, "battery_power_kW": 150.0, "min_soc": 0.05, "max_soc": 1.0, "one_way_efficiency": 0.92, "start_soc": 0.5, "n_horizon": 24, "n_control": 12}, "savings": {"old_energy_charge": -358763.0007212498, "new_energy_charge": -358597.414906849, "energy_charge_savings": 165.58581440080889, "old_demand_charge": -135433.85234291942, "new_demand_charge": -121369.71619604992, "demand_charge_savings": 14064.136146869496, "retail_profits": 14229.721961270305, "battery_charge_cost": -12000.89090390788, "battery_discharge_revenues": 12166.476718308742, "battery_retail_profits": 165.58581440086164, "battery_export_revenue": 0.0, "total_profits": 14229.721961270357, "irr": 0.07497, "npv": 8222.359}}