{"key_params": {"location": "CA_San.Francisco.Intl", "customer_type": "Market", "demand_charge": 20, "export_price": 0.0, "export_price_type": "None", "battery_size_kWh": 300, "battery_power_kW": 150.0, "min_soc": 0.05, "max_soc": 1.0, "one_way_efficiency": 0.92, "start_soc": 0.5, "n_horizon": 24, "n_control": 12}, "savings": {"old_energy_charge": -370425.9158970291, "new_energy_charge": -369776.01737708796, "energy_charge_savings": 649.89851994114, "old_demand_charge": -142720.20394562418, "new_demand_charge": -127965.60461541163, "demand_charge_savings": 14754.599330212543, "retail_profits": 15404.497850153683, "battery_charge_cost": -12114.32935492347, "battery_discharge_revenues": 12764.227874864635, "battery_retail_profits": 649.8985199411654, "battery_export_revenue": 0.0, "total_profits": 15404.497850153708, "irr": 0.08806, "npv": 15633.59}}