{"key_params": {"location": "CA_Fairfield-Travis.AFB.745160_TMY3", "customer_type": "Hospital", "demand_charge": 20, "export_price": 0.0, "export_price_type": "None", "battery_size_kWh": 300, "battery_power_kW": 150.0, "min_soc": 0.05, "max_soc": 1.0, "one_way_efficiency": 0.92, "start_soc": 0.5, "n_horizon": 24, "n_control": 12}, "savings": {"old_energy_charge": -245834.05409049641, "new_energy_charge": -245496.31274372386, "energy_charge_savings": 337.7413467725564, "old_demand_charge": -81724.97846652959, "new_demand_charge": -73545.55890258853, "demand_charge_savings": 8179.419563941061, "retail_profits": 8517.160910713617, "battery_charge_cost": -11634.43807770479, "battery_discharge_revenues": 11972.179424477357, "battery_retail_profits": 337.74134677256734, "battery_export_revenue": 0.0, "total_profits": 8517.160910713628, "irr": 0.00298, "npv": -28289.166}}