{"key_params": {"location": "CA_Fairfield-Travis.AFB.745160_TMY3", "customer_type": "Restaurant", "demand_charge": 20, "export_price": 0.0, "export_price_type": "None", "battery_size_kWh": 300, "battery_power_kW": 150.0, "min_soc": 0.05, "max_soc": 1.0, "one_way_efficiency": 0.92, "start_soc": 0.5, "n_horizon": 24, "n_control": 12}, "savings": {"old_energy_charge": -484711.99584668275, "new_energy_charge": -483701.5642154784, "energy_charge_savings": 1010.4316312043811, "old_demand_charge": -187419.20948863265, "new_demand_charge": -163892.93406943377, "demand_charge_savings": 23526.27541919888, "retail_profits": 24536.70705040326, "battery_charge_cost": -15588.041168062671, "battery_discharge_revenues": 16598.472799267078, "battery_retail_profits": 1010.4316312044066, "battery_export_revenue": 0.0, "total_profits": 24536.707050403285, "irr": 0.18165, "npv": 73245.354}}