{"key_params": {"location": "CA_Salinas.Muni", "customer_type": "School", "demand_charge": 20, "export_price": 0.0, "export_price_type": "None", "battery_size_kWh": 300, "battery_power_kW": 150.0, "min_soc": 0.05, "max_soc": 1.0, "one_way_efficiency": 0.92, "start_soc": 0.5, "n_horizon": 24, "n_control": 12}, "savings": {"old_energy_charge": -524864.9761150187, "new_energy_charge": -522664.98563701456, "energy_charge_savings": 2199.9904780041543, "old_demand_charge": -389076.54585797404, "new_demand_charge": -365505.50218851306, "demand_charge_savings": 23571.04366946098, "retail_profits": 25771.034147465136, "battery_charge_cost": -11215.890975186923, "battery_discharge_revenues": 13415.881453191014, "battery_retail_profits": 2199.9904780040906, "battery_export_revenue": 0.0, "total_profits": 25771.03414746507, "irr": 0.19358, "npv": 81032.271}}