{"key_params": {"location": "CA_Yuba.County", "customer_type": "Office", "demand_charge": 20, "export_price": 0.0, "export_price_type": "None", "battery_size_kWh": 300, "battery_power_kW": 150.0, "min_soc": 0.05, "max_soc": 1.0, "one_way_efficiency": 0.92, "start_soc": 0.5, "n_horizon": 24, "n_control": 12}, "savings": {"old_energy_charge": -315048.4695385328, "new_energy_charge": -313893.87178403465, "energy_charge_savings": 1154.5977544981288, "old_demand_charge": -165610.6273842696, "new_demand_charge": -148067.98218444953, "demand_charge_savings": 17542.64519982008, "retail_profits": 18697.242954318208, "battery_charge_cost": -11314.345004243682, "battery_discharge_revenues": 12468.94275874191, "battery_retail_profits": 1154.5977544982288, "battery_export_revenue": 0.0, "total_profits": 18697.24295431831, "irr": 0.1232, "npv": 36406.313}}