{"key_params": {"location": "CA_Santa.Rosa.AWOS.724957_TMY3", "customer_type": "Apartment", "demand_charge": 20, "export_price": 0.0, "export_price_type": "None", "battery_size_kWh": 300, "battery_power_kW": 150.0, "min_soc": 0.05, "max_soc": 1.0, "one_way_efficiency": 0.92, "start_soc": 0.5, "n_horizon": 24, "n_control": 12}, "savings": {"old_energy_charge": -350582.55965899705, "new_energy_charge": -347837.2434694998, "energy_charge_savings": 2745.3161894972436, "old_demand_charge": -158531.75931227638, "new_demand_charge": -136405.97288083378, "demand_charge_savings": 22125.786431442597, "retail_profits": 24871.10262093984, "battery_charge_cost": -10729.564239130435, "battery_discharge_revenues": 13474.880428627674, "battery_retail_profits": 2745.316189497238, "battery_export_revenue": 0.0, "total_profits": 24871.102620939833, "irr": 0.1849, "npv": 75354.933}}