{"key_params": {"location": "CA_China.Lake.NAF.746120_TMY3", "customer_type": "Hotel", "demand_charge": 20, "export_price": 0.0, "export_price_type": "None", "battery_size_kWh": 300, "battery_power_kW": 150.0, "min_soc": 0.05, "max_soc": 1.0, "one_way_efficiency": 0.92, "start_soc": 0.5, "n_horizon": 24, "n_control": 12}, "savings": {"old_energy_charge": -331790.6277109606, "new_energy_charge": -329550.0108567589, "energy_charge_savings": 2240.616854201653, "old_demand_charge": -121691.21211107602, "new_demand_charge": -99121.94865230042, "demand_charge_savings": 22569.263458775604, "retail_profits": 24809.880312977257, "battery_charge_cost": -12659.199880458485, "battery_discharge_revenues": 14899.816734660126, "battery_retail_profits": 2240.6168542016403, "battery_export_revenue": 0.0, "total_profits": 24809.880312977242, "irr": 0.1843, "npv": 74968.704}}