{"key_params": {"location": "CA_Camp.Pendleton.MCAS.722926_TMY3", "customer_type": "Hotel", "demand_charge": 20, "export_price": 0.0, "export_price_type": "None", "battery_size_kWh": 300, "battery_power_kW": 150.0, "min_soc": 0.05, "max_soc": 1.0, "one_way_efficiency": 0.92, "start_soc": 0.5, "n_horizon": 24, "n_control": 12}, "savings": {"old_energy_charge": -373085.80731947115, "new_energy_charge": -370809.24612637656, "energy_charge_savings": 2276.561193094589, "old_demand_charge": -144594.9016982652, "new_demand_charge": -120509.77862140593, "demand_charge_savings": 24085.123076859265, "retail_profits": 26361.684269953854, "battery_charge_cost": -12513.016661904723, "battery_discharge_revenues": 14789.577854999234, "battery_retail_profits": 2276.5611930945106, "battery_export_revenue": 0.0, "total_profits": 26361.684269953774, "irr": 0.19925, "npv": 84758.467}}