{"key_params": {"location": "CA_Point.Mugu.NAS.723910_TMY3", "customer_type": "Office", "demand_charge": 20, "export_price": 0.0, "export_price_type": "None", "battery_size_kWh": 300, "battery_power_kW": 150.0, "min_soc": 0.05, "max_soc": 1.0, "one_way_efficiency": 0.92, "start_soc": 0.5, "n_horizon": 24, "n_control": 12}, "savings": {"old_energy_charge": -294966.93581335346, "new_energy_charge": -294436.8794461548, "energy_charge_savings": 530.0563671986456, "old_demand_charge": -145916.68216672743, "new_demand_charge": -133023.5052110688, "demand_charge_savings": 12893.176955658622, "retail_profits": 13423.233322857268, "battery_charge_cost": -11681.891495114838, "battery_discharge_revenues": 12211.947862313558, "battery_retail_profits": 530.0563671987202, "battery_export_revenue": 0.0, "total_profits": 13423.233322857343, "irr": 0.06577, "npv": 3134.517}}