{"key_params": {"location": "CA_Hayward.Air.Terminal.724935_TMY3", "customer_type": "Market", "demand_charge": 20, "export_price": 0.0, "export_price_type": "None", "battery_size_kWh": 300, "battery_power_kW": 150.0, "min_soc": 0.05, "max_soc": 1.0, "one_way_efficiency": 0.92, "start_soc": 0.5, "n_horizon": 24, "n_control": 12}, "savings": {"old_energy_charge": -369856.20231759176, "new_energy_charge": -369011.9989382207, "energy_charge_savings": 844.2033793710289, "old_demand_charge": -143679.25866453594, "new_demand_charge": -130301.81355710984, "demand_charge_savings": 13377.445107426101, "retail_profits": 14221.64848679713, "battery_charge_cost": -11876.109807417693, "battery_discharge_revenues": 12720.313186788713, "battery_retail_profits": 844.2033793710198, "battery_export_revenue": 0.0, "total_profits": 14221.648486797121, "irr": 0.07488, "npv": 8171.426}}