{"key_params": {"location": "CA_Edwards.AFB.723810_TMY3", "customer_type": "Office", "demand_charge": 20, "export_price": 0.0, "export_price_type": "None", "battery_size_kWh": 300, "battery_power_kW": 150.0, "min_soc": 0.05, "max_soc": 1.0, "one_way_efficiency": 0.92, "start_soc": 0.5, "n_horizon": 24, "n_control": 12}, "savings": {"old_energy_charge": -496368.73721167207, "new_energy_charge": -495030.5205223905, "energy_charge_savings": 1338.216689281573, "old_demand_charge": -253149.86021199008, "new_demand_charge": -233004.30842909566, "demand_charge_savings": 20145.551782894414, "retail_profits": 21483.768472175987, "battery_charge_cost": -11677.958716894433, "battery_discharge_revenues": 13016.17540617601, "battery_retail_profits": 1338.2166892815767, "battery_export_revenue": 0.0, "total_profits": 21483.76847217599, "irr": 0.15158, "npv": 53985.482}}