{"key_params": {"location": "CA_Bishop", "customer_type": "Hotel", "demand_charge": 20, "export_price": 0.0, "export_price_type": "None", "battery_size_kWh": 300, "battery_power_kW": 150.0, "min_soc": 0.05, "max_soc": 1.0, "one_way_efficiency": 0.92, "start_soc": 0.5, "n_horizon": 24, "n_control": 12}, "savings": {"old_energy_charge": -338850.0368012335, "new_energy_charge": -336626.76279503125, "energy_charge_savings": 2223.274006202235, "old_demand_charge": -124923.22805787233, "new_demand_charge": -101809.15091470405, "demand_charge_savings": 23114.07714316828, "retail_profits": 25337.351149370515, "battery_charge_cost": -12714.70946749637, "battery_discharge_revenues": 14937.98347369867, "battery_retail_profits": 2223.2740062023004, "battery_export_revenue": 0.0, "total_profits": 25337.35114937058, "irr": 0.1894, "npv": 78296.324}}