{"key_params": {"location": "CA_San.Francisco.Intl", "customer_type": "Hotel", "demand_charge": 20, "export_price": 0.0, "export_price_type": "None", "battery_size_kWh": 300, "battery_power_kW": 150.0, "min_soc": 0.05, "max_soc": 1.0, "one_way_efficiency": 0.92, "start_soc": 0.5, "n_horizon": 24, "n_control": 12}, "savings": {"old_energy_charge": -358772.1815767239, "new_energy_charge": -356526.44360325474, "energy_charge_savings": 2245.737973469135, "old_demand_charge": -131764.9720478073, "new_demand_charge": -108510.46413558067, "demand_charge_savings": 23254.507912226632, "retail_profits": 25500.245885695767, "battery_charge_cost": -12739.398714666095, "battery_discharge_revenues": 14985.136688135251, "battery_retail_profits": 2245.7379734691567, "battery_export_revenue": 0.0, "total_profits": 25500.24588569579, "irr": 0.19097, "npv": 79323.967}}