{"key_params": {"location": "CA_Blue.Canyon", "customer_type": "Hotel", "demand_charge": 20, "export_price": 0.0, "export_price_type": "None", "battery_size_kWh": 300, "battery_power_kW": 150.0, "min_soc": 0.05, "max_soc": 1.0, "one_way_efficiency": 0.92, "start_soc": 0.5, "n_horizon": 24, "n_control": 12}, "savings": {"old_energy_charge": -338323.8293521689, "new_energy_charge": -336104.99820543925, "energy_charge_savings": 2218.8311467296444, "old_demand_charge": -126314.79621136618, "new_demand_charge": -102889.83774018174, "demand_charge_savings": 23424.958471184436, "retail_profits": 25643.78961791408, "battery_charge_cost": -12832.472483090185, "battery_discharge_revenues": 15051.303629819866, "battery_retail_profits": 2218.8311467296808, "battery_export_revenue": 0.0, "total_profits": 25643.789617914117, "irr": 0.19236, "npv": 80229.532}}