{"key_params": {"location": "CA_Camarillo.AWOS.723926_TMY3", "customer_type": "Hotel", "demand_charge": 20, "export_price": 0.0, "export_price_type": "None", "battery_size_kWh": 300, "battery_power_kW": 150.0, "min_soc": 0.05, "max_soc": 1.0, "one_way_efficiency": 0.92, "start_soc": 0.5, "n_horizon": 24, "n_control": 12}, "savings": {"old_energy_charge": -379314.4645232469, "new_energy_charge": -377028.70507558575, "energy_charge_savings": 2285.7594476611703, "old_demand_charge": -149614.83235646324, "new_demand_charge": -124692.9099083242, "demand_charge_savings": 24921.92244813904, "retail_profits": 27207.68189580021, "battery_charge_cost": -12508.13042186449, "battery_discharge_revenues": 14793.889869525627, "battery_retail_profits": 2285.7594476611375, "battery_export_revenue": 0.0, "total_profits": 27207.68189580018, "irr": 0.20732, "npv": 90095.556}}