{"key_params": {"location": "CA_Redding.Muni", "customer_type": "Apartment", "demand_charge": 20, "export_price": 0.0, "export_price_type": "None", "battery_size_kWh": 300, "battery_power_kW": 150.0, "min_soc": 0.05, "max_soc": 1.0, "one_way_efficiency": 0.92, "start_soc": 0.5, "n_horizon": 24, "n_control": 12}, "savings": {"old_energy_charge": -349208.8273892767, "new_energy_charge": -346447.7524735894, "energy_charge_savings": 2761.0749156873208, "old_demand_charge": -150466.8273186092, "new_demand_charge": -130760.43888075314, "demand_charge_savings": 19706.38843785606, "retail_profits": 22467.463353543382, "battery_charge_cost": -10729.564239130434, "battery_discharge_revenues": 13490.639154817794, "battery_retail_profits": 2761.0749156873608, "battery_export_revenue": 0.0, "total_profits": 22467.463353543422, "irr": 0.16137, "npv": 60191.253}}