{"key_params": {"location": "CA_San.Jose.Intl", "customer_type": "Office", "demand_charge": 20, "export_price": 0.0, "export_price_type": "None", "battery_size_kWh": 300, "battery_power_kW": 150.0, "min_soc": 0.05, "max_soc": 1.0, "one_way_efficiency": 0.92, "start_soc": 0.5, "n_horizon": 24, "n_control": 12}, "savings": {"old_energy_charge": -298586.39192565065, "new_energy_charge": -297466.8198179225, "energy_charge_savings": 1119.5721077281632, "old_demand_charge": -153853.31154591794, "new_demand_charge": -137540.75519630103, "demand_charge_savings": 16312.556349616905, "retail_profits": 17432.12845734507, "battery_charge_cost": -11430.478964711203, "battery_discharge_revenues": 12550.051072439319, "battery_retail_profits": 1119.572107728116, "battery_export_revenue": 0.0, "total_profits": 17432.12845734502, "irr": 0.10994, "npv": 28425.169}}