{"key_params": {"location": "CA_Fairfield-Travis.AFB.745160_TMY3", "customer_type": "Market", "demand_charge": 20, "export_price": 0.0, "export_price_type": "None", "battery_size_kWh": 300, "battery_power_kW": 150.0, "min_soc": 0.05, "max_soc": 1.0, "one_way_efficiency": 0.92, "start_soc": 0.5, "n_horizon": 24, "n_control": 12}, "savings": {"old_energy_charge": -384230.20746565325, "new_energy_charge": -383449.0232821665, "energy_charge_savings": 781.1841834867373, "old_demand_charge": -153758.91774586143, "new_demand_charge": -140025.98175714593, "demand_charge_savings": 13732.9359887155, "retail_profits": 14514.120172202238, "battery_charge_cost": -11775.596443742956, "battery_discharge_revenues": 12556.780627229751, "battery_retail_profits": 781.1841834867955, "battery_export_revenue": 0.0, "total_profits": 14514.120172202296, "irr": 0.07817, "npv": 10016.523}}