{"key_params": {"location": "CA_Burbank-Glendale-Passadena.Bob.Hope", "customer_type": "Apartment", "demand_charge": 20, "export_price": 0.0, "export_price_type": "None", "battery_size_kWh": 300, "battery_power_kW": 150.0, "min_soc": 0.05, "max_soc": 1.0, "one_way_efficiency": 0.92, "start_soc": 0.5, "n_horizon": 24, "n_control": 12}, "savings": {"old_energy_charge": -351218.1872937991, "new_energy_charge": -348454.95808740606, "energy_charge_savings": 2763.2292063930654, "old_demand_charge": -157605.20463164605, "new_demand_charge": -136635.30829428212, "demand_charge_savings": 20969.896337363927, "retail_profits": 23733.125543756993, "battery_charge_cost": -10729.564239130437, "battery_discharge_revenues": 13492.793445523539, "battery_retail_profits": 2763.229206393102, "battery_export_revenue": 0.0, "total_profits": 23733.12554375703, "irr": 0.17382, "npv": 68175.852}}