{"key_params": {"location": "CA_Edwards.AFB.723810_TMY3", "customer_type": "Office", "demand_charge": 20, "export_price": 0.0, "export_price_type": "None", "battery_size_kWh": 300, "battery_power_kW": 150.0, "min_soc": 0.05, "max_soc": 1.0, "one_way_efficiency": 0.92, "start_soc": 0.5, "n_horizon": 24, "n_control": 12}, "savings": {"old_energy_charge": -323308.8098083572, "new_energy_charge": -322210.8415885738, "energy_charge_savings": 1097.96821978339, "old_demand_charge": -168278.75184434484, "new_demand_charge": -150954.9367341232, "demand_charge_savings": 17323.81511022162, "retail_profits": 18421.78333000501, "battery_charge_cost": -11417.73554045336, "battery_discharge_revenues": 12515.70376023676, "battery_retail_profits": 1097.9682197834009, "battery_export_revenue": 0.0, "total_profits": 18421.783330005022, "irr": 0.12033, "npv": 34668.539}}