{"key_params": {"location": "CA_Red.Bluff.Muni", "customer_type": "Office", "demand_charge": 20, "export_price": 0.0, "export_price_type": "None", "battery_size_kWh": 300, "battery_power_kW": 150.0, "min_soc": 0.05, "max_soc": 1.0, "one_way_efficiency": 0.92, "start_soc": 0.5, "n_horizon": 24, "n_control": 12}, "savings": {"old_energy_charge": -501120.60740980424, "new_energy_charge": -499883.5799649562, "energy_charge_savings": 1237.027444848034, "old_demand_charge": -255376.8047419937, "new_demand_charge": -233280.91564451085, "demand_charge_savings": 22095.88909748284, "retail_profits": 23332.916542330873, "battery_charge_cost": -11573.689495728386, "battery_discharge_revenues": 12810.716940576409, "battery_retail_profits": 1237.0274448480232, "battery_export_revenue": 0.0, "total_profits": 23332.916542330862, "irr": 0.1699, "npv": 65651.08}}