{"key_params": {"location": "CA_Lancaster-Gen.Wm.Fox.Field.723816_TMY3", "customer_type": "Restaurant", "demand_charge": 20, "export_price": 0.0, "export_price_type": "None", "battery_size_kWh": 300, "battery_power_kW": 150.0, "min_soc": 0.05, "max_soc": 1.0, "one_way_efficiency": 0.92, "start_soc": 0.5, "n_horizon": 24, "n_control": 12}, "savings": {"old_energy_charge": -463626.60815302766, "new_energy_charge": -463067.774645886, "energy_charge_savings": 558.8335071416805, "old_demand_charge": -169564.61253114475, "new_demand_charge": -148370.30618265836, "demand_charge_savings": 21194.306348486396, "retail_profits": 21753.139855628076, "battery_charge_cost": -16595.634365327704, "battery_discharge_revenues": 17154.467872469395, "battery_retail_profits": 558.8335071416914, "battery_export_revenue": 0.0, "total_profits": 21753.139855628087, "irr": 0.15427, "npv": 55684.848}}