{"key_params": {"location": "CA_Concord-Buchanan.Field.724936_TMY3", "customer_type": "Hospital", "demand_charge": 20, "export_price": 0.0, "export_price_type": "None", "battery_size_kWh": 300, "battery_power_kW": 150.0, "min_soc": 0.05, "max_soc": 1.0, "one_way_efficiency": 0.92, "start_soc": 0.5, "n_horizon": 24, "n_control": 12}, "savings": {"old_energy_charge": -245649.1083895899, "new_energy_charge": -245669.8409795544, "energy_charge_savings": -20.732589964492945, "old_demand_charge": -80174.95588628674, "new_demand_charge": -72131.63656644277, "demand_charge_savings": 8043.319319843969, "retail_profits": 8022.5867298794765, "battery_charge_cost": -11641.060876437477, "battery_discharge_revenues": 11620.328286472972, "battery_retail_profits": -20.732589964505678, "battery_export_revenue": 0.0, "total_profits": 8022.586729879464, "irr": -0.00481, "npv": -31671.334}}