{"key_params": {"location": "CA_Mountain.View-Moffett.Field.NAS.745090_TMY3", "customer_type": "Market", "demand_charge": 20, "export_price": 0.0, "export_price_type": "None", "battery_size_kWh": 300, "battery_power_kW": 150.0, "min_soc": 0.05, "max_soc": 1.0, "one_way_efficiency": 0.92, "start_soc": 0.5, "n_horizon": 24, "n_control": 12}, "savings": {"old_energy_charge": -373367.25653006416, "new_energy_charge": -372683.7891027099, "energy_charge_savings": 683.4674273542478, "old_demand_charge": -145567.672278622, "new_demand_charge": -131066.17203435498, "demand_charge_savings": 14501.500244267008, "retail_profits": 15184.967671621256, "battery_charge_cost": -11845.861370315439, "battery_discharge_revenues": 12529.328797669663, "battery_retail_profits": 683.4674273542241, "battery_export_revenue": 0.0, "total_profits": 15184.967671621233, "irr": 0.08564, "npv": 14248.654}}