{"key_params": {"location": "CA_Sacramento.Exec", "customer_type": "School", "demand_charge": 20, "export_price": 0.0, "export_price_type": "None", "battery_size_kWh": 300, "battery_power_kW": 150.0, "min_soc": 0.05, "max_soc": 1.0, "one_way_efficiency": 0.92, "start_soc": 0.5, "n_horizon": 24, "n_control": 12}, "savings": {"old_energy_charge": -360341.68507463246, "new_energy_charge": -358760.9996908644, "energy_charge_savings": 1580.6853837680537, "old_demand_charge": -218017.69803249158, "new_demand_charge": -199156.00220901132, "demand_charge_savings": 18861.69582348026, "retail_profits": 20442.381207248312, "battery_charge_cost": -11065.421151402186, "battery_discharge_revenues": 12646.106535170256, "battery_retail_profits": 1580.68538376807, "battery_export_revenue": 0.0, "total_profits": 20442.381207248327, "irr": 0.14109, "npv": 47415.751}}