{"key_params": {"location": "CA_Twentynine.Palms.690150_TMY3", "customer_type": "Market", "demand_charge": 20, "export_price": 0.0, "export_price_type": "None", "battery_size_kWh": 300, "battery_power_kW": 150.0, "min_soc": 0.05, "max_soc": 1.0, "one_way_efficiency": 0.92, "start_soc": 0.5, "n_horizon": 24, "n_control": 12}, "savings": {"old_energy_charge": -405831.5256893395, "new_energy_charge": -405240.0389857661, "energy_charge_savings": 591.4867035733769, "old_demand_charge": -165258.22508596064, "new_demand_charge": -151602.4280052139, "demand_charge_savings": 13655.797080746735, "retail_profits": 14247.283784320112, "battery_charge_cost": -11779.274277660588, "battery_discharge_revenues": 12370.760981233994, "battery_retail_profits": 591.486703573406, "battery_export_revenue": 0.0, "total_profits": 14247.283784320141, "irr": 0.07517, "npv": 8333.15}}