{"key_params": {"location": "CA_Blue.Canyon", "customer_type": "School", "demand_charge": 20, "export_price": 0.0, "export_price_type": "None", "battery_size_kWh": 300, "battery_power_kW": 150.0, "min_soc": 0.05, "max_soc": 1.0, "one_way_efficiency": 0.92, "start_soc": 0.5, "n_horizon": 24, "n_control": 12}, "savings": {"old_energy_charge": -335329.9149641015, "new_energy_charge": -334590.71229902405, "energy_charge_savings": 739.2026650774642, "old_demand_charge": -181588.54958913013, "new_demand_charge": -166796.2668948402, "demand_charge_savings": 14792.282694289926, "retail_profits": 15531.48535936739, "battery_charge_cost": -11521.299249928248, "battery_discharge_revenues": 12260.501915005725, "battery_retail_profits": 739.2026650774769, "battery_export_revenue": 0.0, "total_profits": 15531.485359367403, "irr": 0.08946, "npv": 16434.707}}