{"key_params": {"location": "CA_Blythe-Riverside.County", "customer_type": "School", "demand_charge": 20, "export_price": 0.0, "export_price_type": "None", "battery_size_kWh": 300, "battery_power_kW": 150.0, "min_soc": 0.05, "max_soc": 1.0, "one_way_efficiency": 0.92, "start_soc": 0.5, "n_horizon": 24, "n_control": 12}, "savings": {"old_energy_charge": -444103.0942242446, "new_energy_charge": -442367.8128672529, "energy_charge_savings": 1735.2813569916761, "old_demand_charge": -259479.89451856175, "new_demand_charge": -240407.02539715392, "demand_charge_savings": 19072.869121407828, "retail_profits": 20808.150478399504, "battery_charge_cost": -10951.330639552536, "battery_discharge_revenues": 12686.61199654417, "battery_retail_profits": 1735.2813569916343, "battery_export_revenue": 0.0, "total_profits": 20808.15047839946, "irr": 0.14479, "npv": 49723.256}}