{"key_params": {"location": "CA_Alturas.725958_TMY3", "customer_type": "Restaurant", "demand_charge": 20, "export_price": 0.0, "export_price_type": "None", "battery_size_kWh": 300, "battery_power_kW": 150.0, "min_soc": 0.05, "max_soc": 1.0, "one_way_efficiency": 0.92, "start_soc": 0.5, "n_horizon": 24, "n_control": 12}, "savings": {"old_energy_charge": -480992.98896600766, "new_energy_charge": -480372.75968886574, "energy_charge_savings": 620.2292771419161, "old_demand_charge": -174309.8711527881, "new_demand_charge": -151983.47665109744, "demand_charge_savings": 22326.394501690665, "retail_profits": 22946.62377883258, "battery_charge_cost": -16567.755154858824, "battery_discharge_revenues": 17187.984432000638, "battery_retail_profits": 620.2292771418142, "battery_export_revenue": 0.0, "total_profits": 22946.62377883248, "irr": 0.1661, "npv": 63214.101}}