{"key_params": {"location": "CA_Santa.Rosa.AWOS.724957_TMY3", "customer_type": "Hotel", "demand_charge": 20, "export_price": 0.0, "export_price_type": "None", "battery_size_kWh": 300, "battery_power_kW": 150.0, "min_soc": 0.05, "max_soc": 1.0, "one_way_efficiency": 0.92, "start_soc": 0.5, "n_horizon": 24, "n_control": 12}, "savings": {"old_energy_charge": -382453.36666496634, "new_energy_charge": -380096.25301185984, "energy_charge_savings": 2357.1136531064985, "old_demand_charge": -152326.94591103727, "new_demand_charge": -129224.36132960947, "demand_charge_savings": 23102.5845814278, "retail_profits": 25459.6982345343, "battery_charge_cost": -12034.530702932965, "battery_discharge_revenues": 14391.644356039447, "battery_retail_profits": 2357.113653106482, "battery_export_revenue": 0.0, "total_profits": 25459.698234534284, "irr": 0.19058, "npv": 79068.167}}