{"key_params": {"location": "CA_Santa.Maria.Public", "customer_type": "Restaurant", "demand_charge": 20, "export_price": 0.0, "export_price_type": "None", "battery_size_kWh": 300, "battery_power_kW": 150.0, "min_soc": 0.05, "max_soc": 1.0, "one_way_efficiency": 0.92, "start_soc": 0.5, "n_horizon": 24, "n_control": 12}, "savings": {"old_energy_charge": -455953.5775776408, "new_energy_charge": -455436.3042432111, "energy_charge_savings": 517.2733344297158, "old_demand_charge": -166491.4847205567, "new_demand_charge": -141263.3992145451, "demand_charge_savings": 25228.085506011616, "retail_profits": 25745.35884044133, "battery_charge_cost": -15856.324428096781, "battery_discharge_revenues": 16373.59776252653, "battery_retail_profits": 517.2733344297485, "battery_export_revenue": 0.0, "total_profits": 25745.358840441364, "irr": 0.19333, "npv": 80870.295}}