{"key_params": {"location": "CA_San.Diego-North.Island.NAS.722906_TMY3", "customer_type": "Office", "demand_charge": 20, "export_price": 0.0, "export_price_type": "None", "battery_size_kWh": 300, "battery_power_kW": 150.0, "min_soc": 0.05, "max_soc": 1.0, "one_way_efficiency": 0.92, "start_soc": 0.5, "n_horizon": 24, "n_control": 12}, "savings": {"old_energy_charge": -303580.5715987657, "new_energy_charge": -302542.4192895811, "energy_charge_savings": 1038.1523091845447, "old_demand_charge": -151457.18469388687, "new_demand_charge": -137870.45380939325, "demand_charge_savings": 13586.73088449362, "retail_profits": 14624.883193678164, "battery_charge_cost": -11587.68904490308, "battery_discharge_revenues": 12625.841354087604, "battery_retail_profits": 1038.1523091845247, "battery_export_revenue": 0.0, "total_profits": 14624.883193678144, "irr": 0.07941, "npv": 10715.286}}