{"key_params": {"location": "CA_Barstow.Daggett", "customer_type": "Hotel", "demand_charge": 20, "export_price": 0.0, "export_price_type": "None", "battery_size_kWh": 300, "battery_power_kW": 150.0, "min_soc": 0.05, "max_soc": 1.0, "one_way_efficiency": 0.92, "start_soc": 0.5, "n_horizon": 24, "n_control": 12}, "savings": {"old_energy_charge": -321550.7940958212, "new_energy_charge": -319286.6110983751, "energy_charge_savings": 2264.1829974460998, "old_demand_charge": -117386.3114305098, "new_demand_charge": -95119.50356671755, "demand_charge_savings": 22266.807863792244, "retail_profits": 24530.990861238344, "battery_charge_cost": -12469.350178561923, "battery_discharge_revenues": 14733.5331760081, "battery_retail_profits": 2264.182997446178, "battery_export_revenue": 0.0, "total_profits": 24530.990861238424, "irr": 0.1816, "npv": 73209.292}}