{"key_params": {"location": "CA_Camarillo.AWOS.723926_TMY3", "customer_type": "Restaurant", "demand_charge": 20, "export_price": 0.0, "export_price_type": "None", "battery_size_kWh": 300, "battery_power_kW": 150.0, "min_soc": 0.05, "max_soc": 1.0, "one_way_efficiency": 0.92, "start_soc": 0.5, "n_horizon": 24, "n_control": 12}, "savings": {"old_energy_charge": -461692.37661524647, "new_energy_charge": -460922.3694027374, "energy_charge_savings": 770.0072125090519, "old_demand_charge": -175027.90108822464, "new_demand_charge": -149950.07930599552, "demand_charge_savings": 25077.82178222912, "retail_profits": 25847.82899473817, "battery_charge_cost": -15187.254639625786, "battery_discharge_revenues": 15957.261852134823, "battery_retail_profits": 770.0072125090373, "battery_export_revenue": 0.0, "total_profits": 25847.828994738156, "irr": 0.19432, "npv": 81516.742}}