{"key_params": {"location": "CA_Palmdale", "customer_type": "Office", "demand_charge": 20, "export_price": 0.0, "export_price_type": "None", "battery_size_kWh": 300, "battery_power_kW": 150.0, "min_soc": 0.05, "max_soc": 1.0, "one_way_efficiency": 0.92, "start_soc": 0.5, "n_horizon": 24, "n_control": 12}, "savings": {"old_energy_charge": -416307.72705349885, "new_energy_charge": -414587.06562122493, "energy_charge_savings": 1720.6614322739188, "old_demand_charge": -257173.2978828842, "new_demand_charge": -228400.89750775511, "demand_charge_savings": 28772.400375129073, "retail_profits": 30493.06180740299, "battery_charge_cost": -11696.603338545257, "battery_discharge_revenues": 13417.264770819182, "battery_retail_profits": 1720.6614322739242, "battery_export_revenue": 0.0, "total_profits": 30493.061807403, "irr": 0.23828, "npv": 110821.815}}