{"key_params": {"location": "CA_Livermore.Muni", "customer_type": "Office", "demand_charge": 20, "export_price": 0.0, "export_price_type": "None", "battery_size_kWh": 300, "battery_power_kW": 150.0, "min_soc": 0.05, "max_soc": 1.0, "one_way_efficiency": 0.92, "start_soc": 0.5, "n_horizon": 24, "n_control": 12}, "savings": {"old_energy_charge": -494629.73324002814, "new_energy_charge": -493324.67599081947, "energy_charge_savings": 1305.0572492086794, "old_demand_charge": -255252.52864064497, "new_demand_charge": -234588.72361549758, "demand_charge_savings": 20663.80502514739, "retail_profits": 21968.86227435607, "battery_charge_cost": -11412.472214483165, "battery_discharge_revenues": 12717.52946369185, "battery_retail_profits": 1305.0572492086849, "battery_export_revenue": 0.0, "total_profits": 21968.862274356077, "irr": 0.15642, "npv": 57045.761}}