{"key_params": {"location": "CA_Chino", "customer_type": "Apartment", "demand_charge": 20, "export_price": 0.0, "export_price_type": "None", "battery_size_kWh": 300, "battery_power_kW": 150.0, "min_soc": 0.05, "max_soc": 1.0, "one_way_efficiency": 0.92, "start_soc": 0.5, "n_horizon": 24, "n_control": 12}, "savings": {"old_energy_charge": -360116.3058829693, "new_energy_charge": -357356.42552589596, "energy_charge_savings": 2759.880357073329, "old_demand_charge": -157357.44493089788, "new_demand_charge": -136801.97736856298, "demand_charge_savings": 20555.467562334903, "retail_profits": 23315.347919408232, "battery_charge_cost": -10729.564239130434, "battery_discharge_revenues": 13489.444596203733, "battery_retail_profits": 2759.8803570733, "battery_export_revenue": 0.0, "total_profits": 23315.347919408203, "irr": 0.16973, "npv": 65540.246}}