{"key_params": {"location": "CA_Merced-Macready.Field.724815_TMY3", "customer_type": "Office", "demand_charge": 20, "export_price": 0.0, "export_price_type": "None", "battery_size_kWh": 300, "battery_power_kW": 150.0, "min_soc": 0.05, "max_soc": 1.0, "one_way_efficiency": 0.92, "start_soc": 0.5, "n_horizon": 24, "n_control": 12}, "savings": {"old_energy_charge": -315594.24553266424, "new_energy_charge": -314696.1696166208, "energy_charge_savings": 898.0759160434245, "old_demand_charge": -166440.6263103843, "new_demand_charge": -148904.58132287813, "demand_charge_savings": 17536.044987506175, "retail_profits": 18434.1209035496, "battery_charge_cost": -11527.803451713113, "battery_discharge_revenues": 12425.879367756408, "battery_retail_profits": 898.0759160432954, "battery_export_revenue": 0.0, "total_profits": 18434.12090354947, "irr": 0.12046, "npv": 34746.372}}