{"key_params": {"location": "CA_San.Jose.Intl", "customer_type": "Restaurant", "demand_charge": 20, "export_price": 0.0, "export_price_type": "None", "battery_size_kWh": 300, "battery_power_kW": 150.0, "min_soc": 0.05, "max_soc": 1.0, "one_way_efficiency": 0.92, "start_soc": 0.5, "n_horizon": 24, "n_control": 12}, "savings": {"old_energy_charge": -461949.2452670433, "new_energy_charge": -461155.64679838246, "energy_charge_savings": 793.5984686608426, "old_demand_charge": -167611.81557276953, "new_demand_charge": -144937.65238247582, "demand_charge_savings": 22674.163190293708, "retail_profits": 23467.76165895455, "battery_charge_cost": -16356.687229534025, "battery_discharge_revenues": 17150.28569819483, "battery_retail_profits": 793.5984686608062, "battery_export_revenue": 0.0, "total_profits": 23467.761658954514, "irr": 0.17122, "npv": 66501.769}}