{"key_params": {"location": "CA_Bakersfield-Meadows.Field.723840_TMY3", "customer_type": "Restaurant", "demand_charge": 20, "export_price": 0.0, "export_price_type": "None", "battery_size_kWh": 300, "battery_power_kW": 150.0, "min_soc": 0.05, "max_soc": 1.0, "one_way_efficiency": 0.92, "start_soc": 0.5, "n_horizon": 24, "n_control": 12}, "savings": {"old_energy_charge": -504853.0364967853, "new_energy_charge": -502983.5589644178, "energy_charge_savings": 1869.477532367513, "old_demand_charge": -188636.5406671248, "new_demand_charge": -165904.79009392177, "demand_charge_savings": 22731.750573203026, "retail_profits": 24601.22810557054, "battery_charge_cost": -13743.822308633751, "battery_discharge_revenues": 15613.29984100119, "battery_retail_profits": 1869.4775323674385, "battery_export_revenue": 0.0, "total_profits": 24601.228105570466, "irr": 0.18228, "npv": 73652.393}}