{"key_params": {"location": "CA_Needles", "customer_type": "Apartment", "demand_charge": 20, "export_price": 0.0, "export_price_type": "None", "battery_size_kWh": 300, "battery_power_kW": 150.0, "min_soc": 0.05, "max_soc": 1.0, "one_way_efficiency": 0.92, "start_soc": 0.5, "n_horizon": 24, "n_control": 12}, "savings": {"old_energy_charge": -319162.80174993555, "new_energy_charge": -316401.0545326534, "energy_charge_savings": 2761.747217282129, "old_demand_charge": -127780.52801052722, "new_demand_charge": -108051.18739217764, "demand_charge_savings": 19729.340618349583, "retail_profits": 22491.08783563171, "battery_charge_cost": -10729.564239130435, "battery_discharge_revenues": 13491.311456412523, "battery_retail_profits": 2761.747217282087, "battery_export_revenue": 0.0, "total_profits": 22491.087835631668, "irr": 0.1616, "npv": 60340.291}}