{"key_params": {"location": "CA_Montague-Siskiyou.County", "customer_type": "Office", "demand_charge": 20, "export_price": 0.0, "export_price_type": "None", "battery_size_kWh": 300, "battery_power_kW": 150.0, "min_soc": 0.05, "max_soc": 1.0, "one_way_efficiency": 0.92, "start_soc": 0.5, "n_horizon": 24, "n_control": 12}, "savings": {"old_energy_charge": -400742.82691815204, "new_energy_charge": -398618.3473263692, "energy_charge_savings": 2124.479591782845, "old_demand_charge": -255576.5746657415, "new_demand_charge": -223605.78220904217, "demand_charge_savings": 31970.79245669933, "retail_profits": 34095.27204848218, "battery_charge_cost": -11577.587235580406, "battery_discharge_revenues": 13702.066827363331, "battery_retail_profits": 2124.479591782925, "battery_export_revenue": 0.0, "total_profits": 34095.27204848226, "irr": 0.27165, "npv": 133546.84}}