{"key_params": {"location": "CA_Modesto.Muni", "customer_type": "Restaurant", "demand_charge": 20, "export_price": 0.0, "export_price_type": "None", "battery_size_kWh": 300, "battery_power_kW": 150.0, "min_soc": 0.05, "max_soc": 1.0, "one_way_efficiency": 0.92, "start_soc": 0.5, "n_horizon": 24, "n_control": 12}, "savings": {"old_energy_charge": -489951.8530502403, "new_energy_charge": -488417.2108828631, "energy_charge_savings": 1534.6421673772275, "old_demand_charge": -185415.17899246843, "new_demand_charge": -161640.90551899426, "demand_charge_savings": 23774.273473474168, "retail_profits": 25308.915640851395, "battery_charge_cost": -14662.49176161264, "battery_discharge_revenues": 16197.133928989886, "battery_retail_profits": 1534.6421673772456, "battery_export_revenue": 0.0, "total_profits": 25308.915640851414, "irr": 0.18913, "npv": 78116.935}}