{"key_params": {"location": "CA_Twentynine.Palms.690150_TMY3", "customer_type": "Office", "demand_charge": 20, "export_price": 0.0, "export_price_type": "None", "battery_size_kWh": 300, "battery_power_kW": 150.0, "min_soc": 0.05, "max_soc": 1.0, "one_way_efficiency": 0.92, "start_soc": 0.5, "n_horizon": 24, "n_control": 12}, "savings": {"old_energy_charge": -341993.1633140986, "new_energy_charge": -341241.53647243243, "energy_charge_savings": 751.6268416661769, "old_demand_charge": -178661.9785990812, "new_demand_charge": -161316.13649587246, "demand_charge_savings": 17345.842103208735, "retail_profits": 18097.468944874912, "battery_charge_cost": -11550.732104906045, "battery_discharge_revenues": 12302.358946572218, "battery_retail_profits": 751.6268416661733, "battery_export_revenue": 0.0, "total_profits": 18097.46894487491, "irr": 0.11694, "npv": 32622.558}}