{"key_params": {"location": "CA_Paso.Robles.Muni", "customer_type": "Office", "demand_charge": 20, "export_price": 0.0, "export_price_type": "None", "battery_size_kWh": 300, "battery_power_kW": 150.0, "min_soc": 0.05, "max_soc": 1.0, "one_way_efficiency": 0.92, "start_soc": 0.5, "n_horizon": 24, "n_control": 12}, "savings": {"old_energy_charge": -420712.146310122, "new_energy_charge": -418612.83045745105, "energy_charge_savings": 2099.3158526709303, "old_demand_charge": -275219.8196655566, "new_demand_charge": -245608.65728770735, "demand_charge_savings": 29611.16237784925, "retail_profits": 31710.47823052018, "battery_charge_cost": -11411.368478400727, "battery_discharge_revenues": 13510.684331071669, "battery_retail_profits": 2099.3158526709412, "battery_export_revenue": 0.0, "total_profits": 31710.47823052019, "irr": 0.24962, "npv": 118502.049}}