{"key_params": {"location": "CA_Lemoore.NAS.747020_TMY3", "customer_type": "Restaurant", "demand_charge": 20, "export_price": 0.0, "export_price_type": "None", "battery_size_kWh": 300, "battery_power_kW": 150.0, "min_soc": 0.05, "max_soc": 1.0, "one_way_efficiency": 0.92, "start_soc": 0.5, "n_horizon": 24, "n_control": 12}, "savings": {"old_energy_charge": -500125.2217901509, "new_energy_charge": -498616.3101205949, "energy_charge_savings": 1508.9116695559933, "old_demand_charge": -187782.37230931595, "new_demand_charge": -164542.24086726757, "demand_charge_savings": 23240.131442048383, "retail_profits": 24749.043111604376, "battery_charge_cost": -14469.903035398986, "battery_discharge_revenues": 15978.81470495497, "battery_retail_profits": 1508.9116695559842, "battery_export_revenue": 0.0, "total_profits": 24749.04311160437, "irr": 0.18371, "npv": 74584.904}}