{"key_params": {"location": "CA_Oakland.Intl", "customer_type": "Office", "demand_charge": 20, "export_price": 0.0, "export_price_type": "None", "battery_size_kWh": 300, "battery_power_kW": 150.0, "min_soc": 0.05, "max_soc": 1.0, "one_way_efficiency": 0.92, "start_soc": 0.5, "n_horizon": 24, "n_control": 12}, "savings": {"old_energy_charge": -396889.2699924869, "new_energy_charge": -395250.6293346326, "energy_charge_savings": 1638.6406578543247, "old_demand_charge": -224697.6635681179, "new_demand_charge": -196817.06843061815, "demand_charge_savings": 27880.59513749974, "retail_profits": 29519.235795354063, "battery_charge_cost": -12361.317790784473, "battery_discharge_revenues": 13999.958448638783, "battery_retail_profits": 1638.6406578543101, "battery_export_revenue": 0.0, "total_profits": 29519.23579535405, "irr": 0.22917, "npv": 104678.303}}