{"key_params": {"location": "CA_San.Diego-Miramar.NAS.722930_TMY3", "customer_type": "School", "demand_charge": 20, "export_price": 0.0, "export_price_type": "None", "battery_size_kWh": 300, "battery_power_kW": 150.0, "min_soc": 0.05, "max_soc": 1.0, "one_way_efficiency": 0.92, "start_soc": 0.5, "n_horizon": 24, "n_control": 12}, "savings": {"old_energy_charge": -355387.5431265327, "new_energy_charge": -353781.3227402741, "energy_charge_savings": 1606.2203862586175, "old_demand_charge": -212512.13812592928, "new_demand_charge": -192813.0075191395, "demand_charge_savings": 19699.130606789782, "retail_profits": 21305.3509930484, "battery_charge_cost": -11173.19035436575, "battery_discharge_revenues": 12779.410740624378, "battery_retail_profits": 1606.2203862586284, "battery_export_revenue": 0.0, "total_profits": 21305.35099304841, "irr": 0.14979, "npv": 52859.912}}