{"key_params": {"location": "CA_Santa.Barbara.Muni", "customer_type": "Office", "demand_charge": 20, "export_price": 0.0, "export_price_type": "None", "battery_size_kWh": 300, "battery_power_kW": 150.0, "min_soc": 0.05, "max_soc": 1.0, "one_way_efficiency": 0.92, "start_soc": 0.5, "n_horizon": 24, "n_control": 12}, "savings": {"old_energy_charge": -402018.0506799619, "new_energy_charge": -400503.4626104145, "energy_charge_savings": 1514.5880695474334, "old_demand_charge": -216626.98794823757, "new_demand_charge": -194017.56847010052, "demand_charge_savings": 22609.419478137046, "retail_profits": 24124.00754768448, "battery_charge_cost": -11795.149141847201, "battery_discharge_revenues": 13309.737211394624, "battery_retail_profits": 1514.5880695474225, "battery_export_revenue": 0.0, "total_profits": 24124.00754768447, "irr": 0.17764, "npv": 70641.784}}