{"key_params": {"location": "CA_Yuba.County", "customer_type": "Hotel", "demand_charge": 20, "export_price": 0.0, "export_price_type": "None", "battery_size_kWh": 300, "battery_power_kW": 150.0, "min_soc": 0.05, "max_soc": 1.0, "one_way_efficiency": 0.92, "start_soc": 0.5, "n_horizon": 24, "n_control": 12}, "savings": {"old_energy_charge": -380353.1169560219, "new_energy_charge": -377954.42323944, "energy_charge_savings": 2398.693716581911, "old_demand_charge": -155343.04375843864, "new_demand_charge": -132255.62134476833, "demand_charge_savings": 23087.422413670312, "retail_profits": 25486.116130252223, "battery_charge_cost": -11731.607264761418, "battery_discharge_revenues": 14130.30098134336, "battery_retail_profits": 2398.6937165819418, "battery_export_revenue": 0.0, "total_profits": 25486.116130252252, "irr": 0.19084, "npv": 79234.828}}