{"key_params": {"location": "CA_Oakland.Intl", "customer_type": "Restaurant", "demand_charge": 20, "export_price": 0.0, "export_price_type": "None", "battery_size_kWh": 300, "battery_power_kW": 150.0, "min_soc": 0.05, "max_soc": 1.0, "one_way_efficiency": 0.92, "start_soc": 0.5, "n_horizon": 24, "n_control": 12}, "savings": {"old_energy_charge": -431797.9307199463, "new_energy_charge": -431829.6711322585, "energy_charge_savings": -31.740412312210537, "old_demand_charge": -150931.78318988724, "new_demand_charge": -130168.93115823854, "demand_charge_savings": 20762.852031648697, "retail_profits": 20731.111619336487, "battery_charge_cost": -18908.47413155161, "battery_discharge_revenues": 18876.733719239466, "battery_retail_profits": -31.740412312145054, "battery_export_revenue": 0.0, "total_profits": 20731.111619336552, "irr": 0.14401, "npv": 49237.246}}