{"key_params": {"location": "CA_Ukiah.Muni", "customer_type": "Hotel", "demand_charge": 20, "export_price": 0.0, "export_price_type": "None", "battery_size_kWh": 300, "battery_power_kW": 150.0, "min_soc": 0.05, "max_soc": 1.0, "one_way_efficiency": 0.92, "start_soc": 0.5, "n_horizon": 24, "n_control": 12}, "savings": {"old_energy_charge": -384889.0566547177, "new_energy_charge": -382477.03346600727, "energy_charge_savings": 2412.0231887104455, "old_demand_charge": -156382.87669284476, "new_demand_charge": -134305.68738575108, "demand_charge_savings": 22077.18930709368, "retail_profits": 24489.212495804124, "battery_charge_cost": -11811.248500066456, "battery_discharge_revenues": 14223.271688776902, "battery_retail_profits": 2412.0231887104455, "battery_export_revenue": 0.0, "total_profits": 24489.212495804124, "irr": 0.18119, "npv": 72945.728}}