{"key_params": {"location": "CA_Edwards.AFB.723810_TMY3", "customer_type": "Market", "demand_charge": 20, "export_price": 0.0, "export_price_type": "None", "battery_size_kWh": 300, "battery_power_kW": 150.0, "min_soc": 0.05, "max_soc": 1.0, "one_way_efficiency": 0.92, "start_soc": 0.5, "n_horizon": 24, "n_control": 12}, "savings": {"old_energy_charge": -402915.5548259386, "new_energy_charge": -401921.32136419375, "energy_charge_savings": 994.2334617448505, "old_demand_charge": -164171.37526848871, "new_demand_charge": -148191.16915636082, "demand_charge_savings": 15980.206112127897, "retail_profits": 16974.439573872747, "battery_charge_cost": -11702.22532215652, "battery_discharge_revenues": 12696.458783901388, "battery_retail_profits": 994.2334617448669, "battery_export_revenue": 0.0, "total_profits": 16974.43957387276, "irr": 0.10507, "npv": 25537.777}}