{"key_params": {"location": "CA_Imperial.County", "customer_type": "Office", "demand_charge": 20, "export_price": 0.0, "export_price_type": "None", "battery_size_kWh": 300, "battery_power_kW": 150.0, "min_soc": 0.05, "max_soc": 1.0, "one_way_efficiency": 0.92, "start_soc": 0.5, "n_horizon": 24, "n_control": 12}, "savings": {"old_energy_charge": -510484.70361322357, "new_energy_charge": -509559.5794765528, "energy_charge_savings": 925.1241366707836, "old_demand_charge": -240907.4275098935, "new_demand_charge": -221763.0383409598, "demand_charge_savings": 19144.389168933674, "retail_profits": 20069.513305604458, "battery_charge_cost": -11774.363161082363, "battery_discharge_revenues": 12699.487297753127, "battery_retail_profits": 925.1241366707636, "battery_export_revenue": 0.0, "total_profits": 20069.513305604436, "irr": 0.1373, "npv": 45063.464}}