{"key_params": {"location": "CA_Redding.Muni", "customer_type": "Restaurant", "demand_charge": 20, "export_price": 0.0, "export_price_type": "None", "battery_size_kWh": 300, "battery_power_kW": 150.0, "min_soc": 0.05, "max_soc": 1.0, "one_way_efficiency": 0.92, "start_soc": 0.5, "n_horizon": 24, "n_control": 12}, "savings": {"old_energy_charge": -461453.6908536907, "new_energy_charge": -461059.34091005794, "energy_charge_savings": 394.34994363278383, "old_demand_charge": -167071.82999890708, "new_demand_charge": -147197.63609618956, "demand_charge_savings": 19874.193902717525, "retail_profits": 20268.54384635031, "battery_charge_cost": -17557.028454911244, "battery_discharge_revenues": 17951.378398544002, "battery_retail_profits": 394.34994363275837, "battery_export_revenue": 0.0, "total_profits": 20268.543846350283, "irr": 0.13933, "npv": 46319.075}}