{"key_params": {"location": "CA_Lancaster-Gen.Wm.Fox.Field.723816_TMY3", "customer_type": "Hotel", "demand_charge": 20, "export_price": 0.0, "export_price_type": "None", "battery_size_kWh": 300, "battery_power_kW": 150.0, "min_soc": 0.05, "max_soc": 1.0, "one_way_efficiency": 0.92, "start_soc": 0.5, "n_horizon": 24, "n_control": 12}, "savings": {"old_energy_charge": -374247.12039084785, "new_energy_charge": -371883.91891340364, "energy_charge_savings": 2363.201477444207, "old_demand_charge": -147562.50113016594, "new_demand_charge": -124558.01272464258, "demand_charge_savings": 23004.488405523356, "retail_profits": 25367.689882967563, "battery_charge_cost": -11910.42315032988, "battery_discharge_revenues": 14273.624627774092, "battery_retail_profits": 2363.2014774442123, "battery_export_revenue": 0.0, "total_profits": 25367.68988296757, "irr": 0.1897, "npv": 78487.72}}