{"key_params": {"location": "CA_Sandberg.723830_TMY3", "customer_type": "School", "demand_charge": 20, "export_price": 0.0, "export_price_type": "None", "battery_size_kWh": 300, "battery_power_kW": 150.0, "min_soc": 0.05, "max_soc": 1.0, "one_way_efficiency": 0.92, "start_soc": 0.5, "n_horizon": 24, "n_control": 12}, "savings": {"old_energy_charge": -553573.3104277612, "new_energy_charge": -552099.3261370272, "energy_charge_savings": 1473.9842907339334, "old_demand_charge": -375255.7464801711, "new_demand_charge": -353622.01761781797, "demand_charge_savings": 21633.728862353135, "retail_profits": 23107.71315308707, "battery_charge_cost": -11230.58671965493, "battery_discharge_revenues": 12704.571010388718, "battery_retail_profits": 1473.984290733788, "battery_export_revenue": 0.0, "total_profits": 23107.713153086923, "irr": 0.16769, "npv": 64230.354}}