{"key_params": {"location": "CA_Oxnard", "customer_type": "Restaurant", "demand_charge": 20, "export_price": 0.0, "export_price_type": "None", "battery_size_kWh": 300, "battery_power_kW": 150.0, "min_soc": 0.05, "max_soc": 1.0, "one_way_efficiency": 0.92, "start_soc": 0.5, "n_horizon": 24, "n_control": 12}, "savings": {"old_energy_charge": -455692.14340033004, "new_energy_charge": -455800.998004787, "energy_charge_savings": -108.85460445698118, "old_demand_charge": -158096.82392849203, "new_demand_charge": -136697.35716150212, "demand_charge_savings": 21399.466766989906, "retail_profits": 21290.612162532925, "battery_charge_cost": -17833.53859156346, "battery_discharge_revenues": 17724.68398710655, "battery_retail_profits": -108.85460445691206, "battery_export_revenue": 0.0, "total_profits": 21290.612162532994, "irr": 0.14964, "npv": 52766.93}}