{"key_params": {"location": "CA_Oxnard", "customer_type": "School", "demand_charge": 20, "export_price": 0.0, "export_price_type": "None", "battery_size_kWh": 300, "battery_power_kW": 150.0, "min_soc": 0.05, "max_soc": 1.0, "one_way_efficiency": 0.92, "start_soc": 0.5, "n_horizon": 24, "n_control": 12}, "savings": {"old_energy_charge": -349628.99044071056, "new_energy_charge": -348683.59197859897, "energy_charge_savings": 945.398462111596, "old_demand_charge": -190004.64395746167, "new_demand_charge": -173800.8676060963, "demand_charge_savings": 16203.776351365377, "retail_profits": 17149.174813476973, "battery_charge_cost": -11571.539766919308, "battery_discharge_revenues": 12516.938229030939, "battery_retail_profits": 945.3984621116306, "battery_export_revenue": 0.0, "total_profits": 17149.17481347701, "irr": 0.10693, "npv": 26640.118}}