{"key_params": {"location": "CA_Blue.Canyon", "customer_type": "Restaurant", "demand_charge": 20, "export_price": 0.0, "export_price_type": "None", "battery_size_kWh": 300, "battery_power_kW": 150.0, "min_soc": 0.05, "max_soc": 1.0, "one_way_efficiency": 0.92, "start_soc": 0.5, "n_horizon": 24, "n_control": 12}, "savings": {"old_energy_charge": -471793.1834998495, "new_energy_charge": -471754.2542389175, "energy_charge_savings": 38.9292609320255, "old_demand_charge": -166002.79376772902, "new_demand_charge": -143633.89430465017, "demand_charge_savings": 22368.89946307885, "retail_profits": 22407.828724010877, "battery_charge_cost": -17531.360747612125, "battery_discharge_revenues": 17570.290008544147, "battery_retail_profits": 38.92926093202186, "battery_export_revenue": 0.0, "total_profits": 22407.828724010873, "irr": 0.16078, "npv": 59815.04}}