{"key_params": {"location": "CA_Carlsbad.722927_TMY3", "customer_type": "Restaurant", "demand_charge": 20, "export_price": 0.0, "export_price_type": "None", "battery_size_kWh": 300, "battery_power_kW": 150.0, "min_soc": 0.05, "max_soc": 1.0, "one_way_efficiency": 0.92, "start_soc": 0.5, "n_horizon": 24, "n_control": 12}, "savings": {"old_energy_charge": -460347.9818095728, "new_energy_charge": -459590.59146892343, "energy_charge_savings": 757.3903406493482, "old_demand_charge": -167473.74546542898, "new_demand_charge": -142845.55616306845, "demand_charge_savings": 24628.189302360523, "retail_profits": 25385.57964300987, "battery_charge_cost": -15545.41736653237, "battery_discharge_revenues": 16302.807707181753, "battery_retail_profits": 757.3903406493828, "battery_export_revenue": 0.0, "total_profits": 25385.579643009907, "irr": 0.18987, "npv": 78600.58}}