{"key_params": {"location": "CA_Sacramento.Exec", "customer_type": "Market", "demand_charge": 20, "export_price": 0.0, "export_price_type": "None", "battery_size_kWh": 300, "battery_power_kW": 150.0, "min_soc": 0.05, "max_soc": 1.0, "one_way_efficiency": 0.92, "start_soc": 0.5, "n_horizon": 24, "n_control": 12}, "savings": {"old_energy_charge": -384414.89013597183, "new_energy_charge": -383052.16236055724, "energy_charge_savings": 1362.7277754145907, "old_demand_charge": -154330.50616761798, "new_demand_charge": -140088.15631104456, "demand_charge_savings": 14242.349856573419, "retail_profits": 15605.07763198801, "battery_charge_cost": -11502.557161983257, "battery_discharge_revenues": 12865.284937397832, "battery_retail_profits": 1362.7277754145744, "battery_export_revenue": 0.0, "total_profits": 15605.077631987993, "irr": 0.09027, "npv": 16898.974}}