{"key_params": {"location": "CA_San.Jose.Intl", "customer_type": "Apartment", "demand_charge": 20, "export_price": 0.0, "export_price_type": "None", "battery_size_kWh": 300, "battery_power_kW": 150.0, "min_soc": 0.05, "max_soc": 1.0, "one_way_efficiency": 0.92, "start_soc": 0.5, "n_horizon": 24, "n_control": 12}, "savings": {"old_energy_charge": -350800.59212033666, "new_energy_charge": -348043.3782810041, "energy_charge_savings": 2757.213839332573, "old_demand_charge": -152333.59301999238, "new_demand_charge": -132266.86271231502, "demand_charge_savings": 20066.730307677353, "retail_profits": 22823.944147009926, "battery_charge_cost": -10729.564239130434, "battery_discharge_revenues": 13486.77807846304, "battery_retail_profits": 2757.213839332606, "battery_export_revenue": 0.0, "total_profits": 22823.94414700996, "irr": 0.16489, "npv": 62440.16}}