{"key_params": {"location": "CA_San.Diego-Montgomery.Field.722903_TMY3", "customer_type": "Hospital", "demand_charge": 20, "export_price": 0.0, "export_price_type": "None", "battery_size_kWh": 300, "battery_power_kW": 150.0, "min_soc": 0.05, "max_soc": 1.0, "one_way_efficiency": 0.92, "start_soc": 0.5, "n_horizon": 24, "n_control": 12}, "savings": {"old_energy_charge": -245891.06063581715, "new_energy_charge": -245692.93939525916, "energy_charge_savings": 198.1212405579863, "old_demand_charge": -80686.14235553329, "new_demand_charge": -72955.3336919705, "demand_charge_savings": 7730.808663562784, "retail_profits": 7928.9299041207705, "battery_charge_cost": -11646.277121980484, "battery_discharge_revenues": 11844.398362538448, "battery_retail_profits": 198.12124055796448, "battery_export_revenue": 0.0, "total_profits": 7928.929904120749, "irr": -0.00634, "npv": -32318.564}}