{"key_params": {"location": "CA_San.Diego-Montgomery.Field.722903_TMY3", "customer_type": "Office", "demand_charge": 20, "export_price": 0.0, "export_price_type": "None", "battery_size_kWh": 300, "battery_power_kW": 150.0, "min_soc": 0.05, "max_soc": 1.0, "one_way_efficiency": 0.92, "start_soc": 0.5, "n_horizon": 24, "n_control": 12}, "savings": {"old_energy_charge": -526093.8195811497, "new_energy_charge": -525160.9906017152, "energy_charge_savings": 932.8289794345619, "old_demand_charge": -260134.13371100946, "new_demand_charge": -241664.38011667266, "demand_charge_savings": 18469.7535943368, "retail_profits": 19402.58257377136, "battery_charge_cost": -11739.377582034253, "battery_discharge_revenues": 12672.20656146884, "battery_retail_profits": 932.8289794345874, "battery_export_revenue": 0.0, "total_profits": 19402.582573771386, "irr": 0.13048, "npv": 40856.042}}