{"key_params": {"location": "CA_South.Lake.Tahoe-Lake.Tahoe", "customer_type": "School", "demand_charge": 20, "export_price": 0.0, "export_price_type": "None", "battery_size_kWh": 300, "battery_power_kW": 150.0, "min_soc": 0.05, "max_soc": 1.0, "one_way_efficiency": 0.92, "start_soc": 0.5, "n_horizon": 24, "n_control": 12}, "savings": {"old_energy_charge": -332942.37800051353, "new_energy_charge": -332241.618982331, "energy_charge_savings": 700.7590181825217, "old_demand_charge": -175139.11389197933, "new_demand_charge": -157912.47167601358, "demand_charge_savings": 17226.642215965752, "retail_profits": 17927.401234148274, "battery_charge_cost": -11357.753175068405, "battery_discharge_revenues": 12058.512193250881, "battery_retail_profits": 700.7590181824762, "battery_export_revenue": 0.0, "total_profits": 17927.40123414823, "irr": 0.11516, "npv": 31549.663}}