{"key_params": {"location": "CA_Paso.Robles.Muni", "customer_type": "Restaurant", "demand_charge": 20, "export_price": 0.0, "export_price_type": "None", "battery_size_kWh": 300, "battery_power_kW": 150.0, "min_soc": 0.05, "max_soc": 1.0, "one_way_efficiency": 0.92, "start_soc": 0.5, "n_horizon": 24, "n_control": 12}, "savings": {"old_energy_charge": -481167.20123915933, "new_energy_charge": -479530.3642398085, "energy_charge_savings": 1636.8369993508095, "old_demand_charge": -183704.4125027989, "new_demand_charge": -161099.70604934625, "demand_charge_savings": 22604.706453452643, "retail_profits": 24241.543452803453, "battery_charge_cost": -13887.874892524822, "battery_discharge_revenues": 15524.71189187563, "battery_retail_profits": 1636.8369993508077, "battery_export_revenue": 0.0, "total_profits": 24241.543452803453, "irr": 0.17878, "npv": 71383.275}}