{"key_params": {"location": "CA_Palmdale", "customer_type": "Hospital", "demand_charge": 20, "export_price": 0.0, "export_price_type": "None", "battery_size_kWh": 300, "battery_power_kW": 150.0, "min_soc": 0.05, "max_soc": 1.0, "one_way_efficiency": 0.92, "start_soc": 0.5, "n_horizon": 24, "n_control": 12}, "savings": {"old_energy_charge": -250643.78544239386, "new_energy_charge": -250240.7718414271, "energy_charge_savings": 403.0136009667476, "old_demand_charge": -84657.89964930243, "new_demand_charge": -75889.67575203125, "demand_charge_savings": 8768.223897271178, "retail_profits": 9171.237498237926, "battery_charge_cost": -11633.87586931477, "battery_discharge_revenues": 12036.889470281525, "battery_retail_profits": 403.0136009667549, "battery_export_revenue": 0.0, "total_profits": 9171.237498237933, "irr": 0.01262, "npv": -23929.081}}