{"key_params": {"location": "CA_Santa.Ana-John.Wayne", "customer_type": "Market", "demand_charge": 20, "export_price": 0.0, "export_price_type": "None", "battery_size_kWh": 300, "battery_power_kW": 150.0, "min_soc": 0.05, "max_soc": 1.0, "one_way_efficiency": 0.92, "start_soc": 0.5, "n_horizon": 24, "n_control": 12}, "savings": {"old_energy_charge": -358360.17191990104, "new_energy_charge": -357952.81082017184, "energy_charge_savings": 407.36109972919803, "old_demand_charge": -135606.80312053039, "new_demand_charge": -121628.19511114038, "demand_charge_savings": 13978.60800939001, "retail_profits": 14385.969109119207, "battery_charge_cost": -11966.240168611708, "battery_discharge_revenues": 12373.60126834087, "battery_retail_profits": 407.36109972916165, "battery_export_revenue": 0.0, "total_profits": 14385.96910911917, "irr": 0.07673, "npv": 9208.065}}