{"key_params": {"location": "CA_Bishop", "customer_type": "Office", "demand_charge": 20, "export_price": 0.0, "export_price_type": "None", "battery_size_kWh": 300, "battery_power_kW": 150.0, "min_soc": 0.05, "max_soc": 1.0, "one_way_efficiency": 0.92, "start_soc": 0.5, "n_horizon": 24, "n_control": 12}, "savings": {"old_energy_charge": -422991.8253340033, "new_energy_charge": -421033.66619524494, "energy_charge_savings": 1958.1591387583758, "old_demand_charge": -264319.6478984028, "new_demand_charge": -233003.480591439, "demand_charge_savings": 31316.16730696382, "retail_profits": 33274.326445722196, "battery_charge_cost": -11639.889307586851, "battery_discharge_revenues": 13598.04844634526, "battery_retail_profits": 1958.1591387584085, "battery_export_revenue": 0.0, "total_profits": 33274.326445722225, "irr": 0.26409, "npv": 128367.795}}