{"key_params": {"location": "CA_Bishop", "customer_type": "School", "demand_charge": 20, "export_price": 0.0, "export_price_type": "None", "battery_size_kWh": 300, "battery_power_kW": 150.0, "min_soc": 0.05, "max_soc": 1.0, "one_way_efficiency": 0.92, "start_soc": 0.5, "n_horizon": 24, "n_control": 12}, "savings": {"old_energy_charge": -586533.3588211343, "new_energy_charge": -584723.8751588229, "energy_charge_savings": 1809.4836623114534, "old_demand_charge": -353897.52772411867, "new_demand_charge": -329728.13926016045, "demand_charge_savings": 24169.388463958225, "retail_profits": 25978.872126269678, "battery_charge_cost": -10960.065260426223, "battery_discharge_revenues": 12769.548922737715, "battery_retail_profits": 1809.4836623114916, "battery_export_revenue": 0.0, "total_profits": 25978.872126269714, "irr": 0.19558, "npv": 82343.445}}