{"key_params": {"location": "CA_Chula.Vista-Brown.Field.Muni", "customer_type": "Market", "demand_charge": 20, "export_price": 0.0, "export_price_type": "None", "battery_size_kWh": 300, "battery_power_kW": 150.0, "min_soc": 0.05, "max_soc": 1.0, "one_way_efficiency": 0.92, "start_soc": 0.5, "n_horizon": 24, "n_control": 12}, "savings": {"old_energy_charge": -365556.1824430477, "new_energy_charge": -365368.92248232424, "energy_charge_savings": 187.2599607234588, "old_demand_charge": -141274.94178274635, "new_demand_charge": -126377.09495505675, "demand_charge_savings": 14897.846827689602, "retail_profits": 15085.10678841306, "battery_charge_cost": -11983.58738756792, "battery_discharge_revenues": 12170.847348291376, "battery_retail_profits": 187.25996072345515, "battery_export_revenue": 0.0, "total_profits": 15085.106788413057, "irr": 0.08454, "npv": 13618.669}}