{"key_params": {"location": "CA_Van.Nuys", "customer_type": "Office", "demand_charge": 20, "export_price": 0.0, "export_price_type": "None", "battery_size_kWh": 300, "battery_power_kW": 150.0, "min_soc": 0.05, "max_soc": 1.0, "one_way_efficiency": 0.92, "start_soc": 0.5, "n_horizon": 24, "n_control": 12}, "savings": {"old_energy_charge": -399526.27296018595, "new_energy_charge": -397828.36880013574, "energy_charge_savings": 1697.9041600502096, "old_demand_charge": -239941.41652193296, "new_demand_charge": -214488.17695536243, "demand_charge_savings": 25453.239566570526, "retail_profits": 27151.143726620736, "battery_charge_cost": -11341.080135037857, "battery_discharge_revenues": 13038.984295088105, "battery_retail_profits": 1697.9041600502478, "battery_export_revenue": 0.0, "total_profits": 27151.143726620772, "irr": 0.20678, "npv": 89738.877}}