{"key_params": {"location": "CA_Burbank-Glendale-Passadena.Bob.Hope", "customer_type": "School", "demand_charge": 20, "export_price": 0.0, "export_price_type": "None", "battery_size_kWh": 300, "battery_power_kW": 150.0, "min_soc": 0.05, "max_soc": 1.0, "one_way_efficiency": 0.92, "start_soc": 0.5, "n_horizon": 24, "n_control": 12}, "savings": {"old_energy_charge": -624962.913851878, "new_energy_charge": -622995.5751095065, "energy_charge_savings": 1967.3387423715321, "old_demand_charge": -394609.3948539841, "new_demand_charge": -376138.60822526785, "demand_charge_savings": 18470.786628716276, "retail_profits": 20438.125371087808, "battery_charge_cost": -10935.047887473282, "battery_discharge_revenues": 12902.38662984481, "battery_retail_profits": 1967.3387423715285, "battery_export_revenue": 0.0, "total_profits": 20438.125371087805, "irr": 0.14105, "npv": 47388.903}}