{"key_params": {"location": "CA_China.Lake.NAF.746120_TMY3", "customer_type": "Office", "demand_charge": 20, "export_price": 0.0, "export_price_type": "None", "battery_size_kWh": 300, "battery_power_kW": 150.0, "min_soc": 0.05, "max_soc": 1.0, "one_way_efficiency": 0.92, "start_soc": 0.5, "n_horizon": 24, "n_control": 12}, "savings": {"old_energy_charge": -504644.29422759026, "new_energy_charge": -503573.77080873586, "energy_charge_savings": 1070.5234188543982, "old_demand_charge": -249086.75086153956, "new_demand_charge": -229253.2237799359, "demand_charge_savings": 19833.52708160365, "retail_profits": 20904.05050045805, "battery_charge_cost": -11871.22534080463, "battery_discharge_revenues": 12941.748759658987, "battery_retail_profits": 1070.5234188543564, "battery_export_revenue": 0.0, "total_profits": 20904.050500458005, "irr": 0.14575, "npv": 50328.254}}