{"key_params": {"location": "CA_Fairfield-Travis.AFB.745160_TMY3", "customer_type": "Apartment", "demand_charge": 20, "export_price": 0.0, "export_price_type": "None", "battery_size_kWh": 300, "battery_power_kW": 150.0, "min_soc": 0.05, "max_soc": 1.0, "one_way_efficiency": 0.92, "start_soc": 0.5, "n_horizon": 24, "n_control": 12}, "savings": {"old_energy_charge": -348298.44463155407, "new_energy_charge": -345540.2064778986, "energy_charge_savings": 2758.2381536554894, "old_demand_charge": -155681.18026446737, "new_demand_charge": -135119.61985667225, "demand_charge_savings": 20561.56040779513, "retail_profits": 23319.798561450618, "battery_charge_cost": -10729.564239130434, "battery_discharge_revenues": 13487.802392785949, "battery_retail_profits": 2758.238153655515, "battery_export_revenue": 0.0, "total_profits": 23319.798561450643, "irr": 0.16977, "npv": 65568.324}}