{"key_params": {"location": "CA_San.Diego-Montgomery.Field.722903_TMY3", "customer_type": "School", "demand_charge": 20, "export_price": 0.0, "export_price_type": "None", "battery_size_kWh": 300, "battery_power_kW": 150.0, "min_soc": 0.05, "max_soc": 1.0, "one_way_efficiency": 0.92, "start_soc": 0.5, "n_horizon": 24, "n_control": 12}, "savings": {"old_energy_charge": -351235.3631410545, "new_energy_charge": -349787.0148077278, "energy_charge_savings": 1448.3483333266922, "old_demand_charge": -204718.5644882361, "new_demand_charge": -186454.5537603201, "demand_charge_savings": 18264.010727916, "retail_profits": 19712.359061242692, "battery_charge_cost": -11272.693683843812, "battery_discharge_revenues": 12721.042017170554, "battery_retail_profits": 1448.3483333267413, "battery_export_revenue": 0.0, "total_profits": 19712.359061242743, "irr": 0.13366, "npv": 42810.309}}