{"key_params": {"location": "CA_Chula.Vista-Brown.Field.Muni", "customer_type": "Restaurant", "demand_charge": 20, "export_price": 0.0, "export_price_type": "None", "battery_size_kWh": 300, "battery_power_kW": 150.0, "min_soc": 0.05, "max_soc": 1.0, "one_way_efficiency": 0.92, "start_soc": 0.5, "n_horizon": 24, "n_control": 12}, "savings": {"old_energy_charge": -435252.2958385749, "new_energy_charge": -435633.7199670195, "energy_charge_savings": -381.4241284446325, "old_demand_charge": -156192.66292979062, "new_demand_charge": -135836.0612764801, "demand_charge_savings": 20356.60165331053, "retail_profits": 19975.177524865896, "battery_charge_cost": -18859.777829380422, "battery_discharge_revenues": 18478.353700935848, "battery_retail_profits": -381.4241284445743, "battery_export_revenue": 0.0, "total_profits": 19975.177524865954, "irr": 0.13634, "npv": 44468.334}}