{"key_params": {"location": "CA_Concord-Buchanan.Field.724936_TMY3", "customer_type": "Hotel", "demand_charge": 20, "export_price": 0.0, "export_price_type": "None", "battery_size_kWh": 300, "battery_power_kW": 150.0, "min_soc": 0.05, "max_soc": 1.0, "one_way_efficiency": 0.92, "start_soc": 0.5, "n_horizon": 24, "n_control": 12}, "savings": {"old_energy_charge": -353194.4755016562, "new_energy_charge": -350965.7909200208, "energy_charge_savings": 2228.6845816354034, "old_demand_charge": -130056.33932179512, "new_demand_charge": -107169.71799019177, "demand_charge_savings": 22886.621331603354, "retail_profits": 25115.305913238757, "battery_charge_cost": -12727.037425069, "battery_discharge_revenues": 14955.722006704367, "battery_retail_profits": 2228.684581635367, "battery_export_revenue": 0.0, "total_profits": 25115.30591323872, "irr": 0.18726, "npv": 76895.522}}