{"key_params": {"location": "CA_Truckee.Tahoe", "customer_type": "Office", "demand_charge": 20, "export_price": 0.0, "export_price_type": "None", "battery_size_kWh": 300, "battery_power_kW": 150.0, "min_soc": 0.05, "max_soc": 1.0, "one_way_efficiency": 0.92, "start_soc": 0.5, "n_horizon": 24, "n_control": 12}, "savings": {"old_energy_charge": -405216.8271090473, "new_energy_charge": -403079.67355329846, "energy_charge_savings": 2137.153555748868, "old_demand_charge": -269327.7004723747, "new_demand_charge": -238016.75828850814, "demand_charge_savings": 31310.942183866544, "retail_profits": 33448.09573961541, "battery_charge_cost": -11918.257904444095, "battery_discharge_revenues": 14055.411460192969, "battery_retail_profits": 2137.1535557488733, "battery_export_revenue": 0.0, "total_profits": 33448.09573961542, "irr": 0.26569, "npv": 129464.042}}