{"key_params": {"location": "CA_Palm.Springs-Thermal", "customer_type": "School", "demand_charge": 20, "export_price": 0.0, "export_price_type": "None", "battery_size_kWh": 300, "battery_power_kW": 150.0, "min_soc": 0.05, "max_soc": 1.0, "one_way_efficiency": 0.92, "start_soc": 0.5, "n_horizon": 24, "n_control": 12}, "savings": {"old_energy_charge": -435884.4473496333, "new_energy_charge": -434213.3464936607, "energy_charge_savings": 1671.1008559726179, "old_demand_charge": -262931.0784180723, "new_demand_charge": -245690.5961125324, "demand_charge_savings": 17240.482305539917, "retail_profits": 18911.583161512535, "battery_charge_cost": -11013.021632439117, "battery_discharge_revenues": 12684.122488411718, "battery_retail_profits": 1671.1008559726015, "battery_export_revenue": 0.0, "total_profits": 18911.58316151252, "irr": 0.12542, "npv": 37758.507}}