{"key_params": {"location": "CA_Sandberg.723830_TMY3", "customer_type": "Restaurant", "demand_charge": 20, "export_price": 0.0, "export_price_type": "None", "battery_size_kWh": 300, "battery_power_kW": 150.0, "min_soc": 0.05, "max_soc": 1.0, "one_way_efficiency": 0.92, "start_soc": 0.5, "n_horizon": 24, "n_control": 12}, "savings": {"old_energy_charge": -447902.4889140646, "new_energy_charge": -448562.7026352713, "energy_charge_savings": -660.2137212067028, "old_demand_charge": -156839.4122435708, "new_demand_charge": -135924.38986107285, "demand_charge_savings": 20915.022382497962, "retail_profits": 20254.80866129126, "battery_charge_cost": -19791.701053540168, "battery_discharge_revenues": 19131.487332333425, "battery_retail_profits": -660.2137212067428, "battery_export_revenue": 0.0, "total_profits": 20254.80866129122, "irr": 0.13919, "npv": 46232.425}}