{"key_params": {"location": "CA_March.AFB.722860_TMY3", "customer_type": "Restaurant", "demand_charge": 20, "export_price": 0.0, "export_price_type": "None", "battery_size_kWh": 300, "battery_power_kW": 150.0, "min_soc": 0.05, "max_soc": 1.0, "one_way_efficiency": 0.92, "start_soc": 0.5, "n_horizon": 24, "n_control": 12}, "savings": {"old_energy_charge": -499368.3526725134, "new_energy_charge": -497974.04455899796, "energy_charge_savings": 1394.3081135154353, "old_demand_charge": -197329.12139758538, "new_demand_charge": -171967.45956140355, "demand_charge_savings": 25361.661836181825, "retail_profits": 26755.96994969726, "battery_charge_cost": -13242.205453409675, "battery_discharge_revenues": 14636.513566925103, "battery_retail_profits": 1394.308113515428, "battery_export_revenue": 0.0, "total_profits": 26755.969949697253, "irr": 0.20302, "npv": 87245.871}}