{"key_params": {"location": "CA_Modesto.Muni", "customer_type": "School", "demand_charge": 20, "export_price": 0.0, "export_price_type": "None", "battery_size_kWh": 300, "battery_power_kW": 150.0, "min_soc": 0.05, "max_soc": 1.0, "one_way_efficiency": 0.92, "start_soc": 0.5, "n_horizon": 24, "n_control": 12}, "savings": {"old_energy_charge": -365937.3753521303, "new_energy_charge": -364189.2508009964, "energy_charge_savings": 1748.124551133893, "old_demand_charge": -222220.88266618855, "new_demand_charge": -204198.76463936124, "demand_charge_savings": 18022.118026827316, "retail_profits": 19770.24257796121, "battery_charge_cost": -10948.21397568968, "battery_discharge_revenues": 12696.338526823514, "battery_retail_profits": 1748.1245511338348, "battery_export_revenue": 0.0, "total_profits": 19770.24257796115, "irr": 0.13425, "npv": 43175.475}}