{"key_params": {"location": "CA_Beale.AFB.724837_TMY3", "customer_type": "Office", "demand_charge": 20, "export_price": 0.0, "export_price_type": "None", "battery_size_kWh": 300, "battery_power_kW": 150.0, "min_soc": 0.05, "max_soc": 1.0, "one_way_efficiency": 0.92, "start_soc": 0.5, "n_horizon": 24, "n_control": 12}, "savings": {"old_energy_charge": -414773.35947135487, "new_energy_charge": -413002.6730104272, "energy_charge_savings": 1770.6864609276527, "old_demand_charge": -253522.82119372266, "new_demand_charge": -226317.02981920354, "demand_charge_savings": 27205.791374519118, "retail_profits": 28976.47783544677, "battery_charge_cost": -11740.308355556583, "battery_discharge_revenues": 13510.99481648422, "battery_retail_profits": 1770.686460927638, "battery_export_revenue": 0.0, "total_profits": 28976.477835446756, "irr": 0.22406, "npv": 101254.242}}