{"key_params": {"location": "CA_Imperial.County", "customer_type": "Hotel", "demand_charge": 20, "export_price": 0.0, "export_price_type": "None", "battery_size_kWh": 300, "battery_power_kW": 150.0, "min_soc": 0.05, "max_soc": 1.0, "one_way_efficiency": 0.92, "start_soc": 0.5, "n_horizon": 24, "n_control": 12}, "savings": {"old_energy_charge": -318893.9802750234, "new_energy_charge": -316549.35348612396, "energy_charge_savings": 2344.626788899419, "old_demand_charge": -114568.59927688047, "new_demand_charge": -93082.05577503053, "demand_charge_savings": 21486.54350184994, "retail_profits": 23831.17029074936, "battery_charge_cost": -12418.027274505821, "battery_discharge_revenues": 14762.654063405244, "battery_retail_profits": 2344.6267888994225, "battery_export_revenue": 0.0, "total_profits": 23831.170290749364, "irr": 0.17478, "npv": 68794.381}}