{"key_params": {"location": "CA_Monterey.NAF.724915_TMY3", "customer_type": "School", "demand_charge": 20, "export_price": 0.0, "export_price_type": "None", "battery_size_kWh": 300, "battery_power_kW": 150.0, "min_soc": 0.05, "max_soc": 1.0, "one_way_efficiency": 0.92, "start_soc": 0.5, "n_horizon": 24, "n_control": 12}, "savings": {"old_energy_charge": -334451.05915705557, "new_energy_charge": -333056.0509121877, "energy_charge_savings": 1395.008244867844, "old_demand_charge": -182669.912496953, "new_demand_charge": -165170.0013834439, "demand_charge_savings": 17499.911113509123, "retail_profits": 18894.919358376967, "battery_charge_cost": -11323.943635261026, "battery_discharge_revenues": 12718.95188012884, "battery_retail_profits": 1395.0082448678131, "battery_export_revenue": 0.0, "total_profits": 18894.919358376937, "irr": 0.12525, "npv": 37653.381}}