{"key_params": {"location": "CA_Salinas.Muni", "customer_type": "Office", "demand_charge": 20, "export_price": 0.0, "export_price_type": "None", "battery_size_kWh": 300, "battery_power_kW": 150.0, "min_soc": 0.05, "max_soc": 1.0, "one_way_efficiency": 0.92, "start_soc": 0.5, "n_horizon": 24, "n_control": 12}, "savings": {"old_energy_charge": -396690.6067616459, "new_energy_charge": -395150.4144875847, "energy_charge_savings": 1540.192274061148, "old_demand_charge": -223818.01207683753, "new_demand_charge": -197478.69795964548, "demand_charge_savings": 26339.314117192058, "retail_profits": 27879.506391253206, "battery_charge_cost": -12475.16178214407, "battery_discharge_revenues": 14015.354056205251, "battery_retail_profits": 1540.1922740611808, "battery_export_revenue": 0.0, "total_profits": 27879.50639125324, "irr": 0.2137, "npv": 94333.851}}