{"key_params": {"location": "CA_Santa.Maria.Public", "customer_type": "Office", "demand_charge": 20, "export_price": 0.0, "export_price_type": "None", "battery_size_kWh": 300, "battery_power_kW": 150.0, "min_soc": 0.05, "max_soc": 1.0, "one_way_efficiency": 0.92, "start_soc": 0.5, "n_horizon": 24, "n_control": 12}, "savings": {"old_energy_charge": -493485.31754656846, "new_energy_charge": -492375.40531075065, "energy_charge_savings": 1109.9122358178138, "old_demand_charge": -255503.96712246875, "new_demand_charge": -238430.08407370688, "demand_charge_savings": 17073.88304876187, "retail_profits": 18183.795284579683, "battery_charge_cost": -11400.52796386958, "battery_discharge_revenues": 12510.440199687491, "battery_retail_profits": 1109.912235817912, "battery_export_revenue": 0.0, "total_profits": 18183.79528457978, "irr": 0.11785, "npv": 33167.16}}