{"key_params": {"location": "CA_Alturas.725958_TMY3", "customer_type": "School", "demand_charge": 20, "export_price": 0.0, "export_price_type": "None", "battery_size_kWh": 300, "battery_power_kW": 150.0, "min_soc": 0.05, "max_soc": 1.0, "one_way_efficiency": 0.92, "start_soc": 0.5, "n_horizon": 24, "n_control": 12}, "savings": {"old_energy_charge": -494757.34540817345, "new_energy_charge": -493082.99123794376, "energy_charge_savings": 1674.3541702296934, "old_demand_charge": -311805.3841091847, "new_demand_charge": -289856.52372220816, "demand_charge_savings": 21948.860386976565, "retail_profits": 23623.214557206258, "battery_charge_cost": -10963.240355696633, "battery_discharge_revenues": 12637.59452592632, "battery_retail_profits": 1674.354170229688, "battery_export_revenue": 0.0, "total_profits": 23623.21455720625, "irr": 0.17275, "npv": 67482.464}}