{"key_params": {"location": "CA_Blythe-Riverside.County", "customer_type": "Office", "demand_charge": 20, "export_price": 0.0, "export_price_type": "None", "battery_size_kWh": 300, "battery_power_kW": 150.0, "min_soc": 0.05, "max_soc": 1.0, "one_way_efficiency": 0.92, "start_soc": 0.5, "n_horizon": 24, "n_control": 12}, "savings": {"old_energy_charge": -473416.11866187, "new_energy_charge": -472490.1635801875, "energy_charge_savings": 925.9550816825358, "old_demand_charge": -225073.49323451112, "new_demand_charge": -204082.88554151918, "demand_charge_savings": 20990.607692991936, "retail_profits": 21916.562774674472, "battery_charge_cost": -11732.600242504586, "battery_discharge_revenues": 12658.555324187142, "battery_retail_profits": 925.9550816825558, "battery_export_revenue": 0.0, "total_profits": 21916.562774674494, "irr": 0.1559, "npv": 56715.823}}