{"key_params": {"location": "CA_San.Jose.Intl", "customer_type": "Market", "demand_charge": 20, "export_price": 0.0, "export_price_type": "None", "battery_size_kWh": 300, "battery_power_kW": 150.0, "min_soc": 0.05, "max_soc": 1.0, "one_way_efficiency": 0.92, "start_soc": 0.5, "n_horizon": 24, "n_control": 12}, "savings": {"old_energy_charge": -374095.404281083, "new_energy_charge": -373363.0881450303, "energy_charge_savings": 732.3161360527156, "old_demand_charge": -144769.98561884643, "new_demand_charge": -130461.6965739427, "demand_charge_savings": 14308.289044903737, "retail_profits": 15040.605180956452, "battery_charge_cost": -11894.746480988428, "battery_discharge_revenues": 12627.062617041167, "battery_retail_profits": 732.3161360527392, "battery_export_revenue": 0.0, "total_profits": 15040.605180956476, "irr": 0.08404, "npv": 13337.924}}