{"key_params": {"location": "CA_Fullerton.Muni", "customer_type": "Restaurant", "demand_charge": 20, "export_price": 0.0, "export_price_type": "None", "battery_size_kWh": 300, "battery_power_kW": 150.0, "min_soc": 0.05, "max_soc": 1.0, "one_way_efficiency": 0.92, "start_soc": 0.5, "n_horizon": 24, "n_control": 12}, "savings": {"old_energy_charge": -445312.3533568931, "new_energy_charge": -444687.0575280165, "energy_charge_savings": 625.2958288766094, "old_demand_charge": -160519.47983948924, "new_demand_charge": -140194.7953104189, "demand_charge_savings": 20324.684529070335, "retail_profits": 20949.980357946944, "battery_charge_cost": -16090.051843089617, "battery_discharge_revenues": 16715.34767196623, "battery_retail_profits": 625.2958288766113, "battery_export_revenue": 0.0, "total_profits": 20949.980357946944, "irr": 0.14622, "npv": 50618.008}}