{"key_params": {"location": "CA_San.Jose.Intl", "customer_type": "Office", "demand_charge": 20, "export_price": 0.0, "export_price_type": "None", "battery_size_kWh": 300, "battery_power_kW": 150.0, "min_soc": 0.05, "max_soc": 1.0, "one_way_efficiency": 0.92, "start_soc": 0.5, "n_horizon": 24, "n_control": 12}, "savings": {"old_energy_charge": -507568.56509927986, "new_energy_charge": -506467.11559614306, "energy_charge_savings": 1101.4495031367987, "old_demand_charge": -255722.11611171384, "new_demand_charge": -236539.4421883478, "demand_charge_savings": 19182.673923366034, "retail_profits": 20284.123426502832, "battery_charge_cost": -11482.923874937407, "battery_discharge_revenues": 12584.373378074211, "battery_retail_profits": 1101.4495031368042, "battery_export_revenue": 0.0, "total_profits": 20284.12342650284, "irr": 0.13948, "npv": 46417.361}}