{"key_params": {"location": "CA_Paso.Robles.Muni", "customer_type": "Office", "demand_charge": 20, "export_price": 0.0, "export_price_type": "None", "battery_size_kWh": 300, "battery_power_kW": 150.0, "min_soc": 0.05, "max_soc": 1.0, "one_way_efficiency": 0.92, "start_soc": 0.5, "n_horizon": 24, "n_control": 12}, "savings": {"old_energy_charge": -502239.46740755264, "new_energy_charge": -500745.1120177482, "energy_charge_savings": 1494.355389804463, "old_demand_charge": -262623.2433638964, "new_demand_charge": -240575.15456190018, "demand_charge_savings": 22048.0888019962, "retail_profits": 23542.444191800663, "battery_charge_cost": -11311.003923266195, "battery_discharge_revenues": 12805.359313070718, "battery_retail_profits": 1494.355389804523, "battery_export_revenue": 0.0, "total_profits": 23542.44419180072, "irr": 0.17196, "npv": 66972.913}}