{"key_params": {"location": "CA_Edwards.AFB.723810_TMY3", "customer_type": "Hotel", "demand_charge": 20, "export_price": 0.0, "export_price_type": "None", "battery_size_kWh": 300, "battery_power_kW": 150.0, "min_soc": 0.05, "max_soc": 1.0, "one_way_efficiency": 0.92, "start_soc": 0.5, "n_horizon": 24, "n_control": 12}, "savings": {"old_energy_charge": -342263.47682110703, "new_energy_charge": -340013.41094050696, "energy_charge_savings": 2250.065880600072, "old_demand_charge": -125840.83577185668, "new_demand_charge": -103000.147697968, "demand_charge_savings": 22840.688073888683, "retail_profits": 25090.753954488755, "battery_charge_cost": -12678.851663604362, "battery_discharge_revenues": 14928.917544204423, "battery_retail_profits": 2250.065880600061, "battery_export_revenue": 0.0, "total_profits": 25090.753954488744, "irr": 0.18702, "npv": 76740.633}}