{"key_params": {"location": "CA_Arcata", "customer_type": "Office", "demand_charge": 20, "export_price": 0.0, "export_price_type": "None", "battery_size_kWh": 300, "battery_power_kW": 150.0, "min_soc": 0.05, "max_soc": 1.0, "one_way_efficiency": 0.92, "start_soc": 0.5, "n_horizon": 24, "n_control": 12}, "savings": {"old_energy_charge": -435361.2560501222, "new_energy_charge": -433603.33140183554, "energy_charge_savings": 1757.9246482866583, "old_demand_charge": -240938.4595781375, "new_demand_charge": -222173.1015675049, "demand_charge_savings": 18765.358010632597, "retail_profits": 20523.282658919255, "battery_charge_cost": -11268.739913453726, "battery_discharge_revenues": 13026.664561740406, "battery_retail_profits": 1757.9246482866802, "battery_export_revenue": 0.0, "total_profits": 20523.282658919277, "irr": 0.14191, "npv": 47926.129}}