{"key_params": {"location": "CA_Paso.Robles.Muni", "customer_type": "Hotel", "demand_charge": 20, "export_price": 0.0, "export_price_type": "None", "battery_size_kWh": 300, "battery_power_kW": 150.0, "min_soc": 0.05, "max_soc": 1.0, "one_way_efficiency": 0.92, "start_soc": 0.5, "n_horizon": 24, "n_control": 12}, "savings": {"old_energy_charge": -346210.0175900516, "new_energy_charge": -343919.3026878585, "energy_charge_savings": 2290.7149021930527, "old_demand_charge": -128361.57855618247, "new_demand_charge": -105200.14540455388, "demand_charge_savings": 23161.43315162859, "retail_profits": 25452.148053821642, "battery_charge_cost": -12362.960907498831, "battery_discharge_revenues": 14653.675809691862, "battery_retail_profits": 2290.714902193031, "battery_export_revenue": 0.0, "total_profits": 25452.14805382162, "irr": 0.19051, "npv": 79020.536}}