{"key_params": {"location": "CA_Sandberg.723830_TMY3", "customer_type": "Restaurant", "demand_charge": 20, "export_price": 0.0, "export_price_type": "None", "battery_size_kWh": 300, "battery_power_kW": 150.0, "min_soc": 0.05, "max_soc": 1.0, "one_way_efficiency": 0.92, "start_soc": 0.5, "n_horizon": 24, "n_control": 12}, "savings": {"old_energy_charge": -486694.6413310924, "new_energy_charge": -486415.61094807344, "energy_charge_savings": 279.0303830189514, "old_demand_charge": -175363.47516380722, "new_demand_charge": -151647.75416359954, "demand_charge_savings": 23715.721000207675, "retail_profits": 23994.751383226627, "battery_charge_cost": -16956.632467104948, "battery_discharge_revenues": 17235.662850124023, "battery_retail_profits": 279.0303830190751, "battery_export_revenue": 0.0, "total_profits": 23994.75138322675, "irr": 0.17638, "npv": 69826.354}}