{"key_params": {"location": "CA_Point.Mugu.NAS.723910_TMY3", "customer_type": "Restaurant", "demand_charge": 20, "export_price": 0.0, "export_price_type": "None", "battery_size_kWh": 300, "battery_power_kW": 150.0, "min_soc": 0.05, "max_soc": 1.0, "one_way_efficiency": 0.92, "start_soc": 0.5, "n_horizon": 24, "n_control": 12}, "savings": {"old_energy_charge": -454584.6732611155, "new_energy_charge": -454628.18512146233, "energy_charge_savings": -43.51186034682905, "old_demand_charge": -157519.39471931348, "new_demand_charge": -134566.49234419037, "demand_charge_savings": 22952.902375123114, "retail_profits": 22909.390514776285, "battery_charge_cost": -17181.96939652614, "battery_discharge_revenues": 17138.457536179336, "battery_retail_profits": -43.51186034680359, "battery_export_revenue": 0.0, "total_profits": 22909.39051477631, "irr": 0.16573, "npv": 62979.21}}