{"key_params": {"location": "CA_Concord-Buchanan.Field.724936_TMY3", "customer_type": "Hotel", "demand_charge": 20, "export_price": 0.0, "export_price_type": "None", "battery_size_kWh": 300, "battery_power_kW": 150.0, "min_soc": 0.05, "max_soc": 1.0, "one_way_efficiency": 0.92, "start_soc": 0.5, "n_horizon": 24, "n_control": 12}, "savings": {"old_energy_charge": -374448.4550014399, "new_energy_charge": -372049.5199003316, "energy_charge_savings": 2398.9351011082763, "old_demand_charge": -153359.23379663329, "new_demand_charge": -129608.20346519563, "demand_charge_savings": 23751.03033143765, "retail_profits": 26149.965432545927, "battery_charge_cost": -11766.489754564192, "battery_discharge_revenues": 14165.424855672445, "battery_retail_profits": 2398.9351011082526, "battery_export_revenue": 0.0, "total_profits": 26149.965432545905, "irr": 0.19722, "npv": 83422.81}}