{"key_params": {"location": "CA_Palm.Springs.Intl", "customer_type": "Market", "demand_charge": 20, "export_price": 0.0, "export_price_type": "None", "battery_size_kWh": 300, "battery_power_kW": 150.0, "min_soc": 0.05, "max_soc": 1.0, "one_way_efficiency": 0.92, "start_soc": 0.5, "n_horizon": 24, "n_control": 12}, "savings": {"old_energy_charge": -391000.7174508305, "new_energy_charge": -389775.3459505002, "energy_charge_savings": 1225.3715003302786, "old_demand_charge": -154647.8099751657, "new_demand_charge": -141641.60835232853, "demand_charge_savings": 13006.201622837165, "retail_profits": 14231.573123167444, "battery_charge_cost": -11594.867204495984, "battery_discharge_revenues": 12820.238704826319, "battery_retail_profits": 1225.371500330335, "battery_export_revenue": 0.0, "total_profits": 14231.5731231675, "irr": 0.07499, "npv": 8234.037}}