{"key_params": {"location": "CA_Bakersfield-Meadows.Field.723840_TMY3", "customer_type": "Office", "demand_charge": 20, "export_price": 0.0, "export_price_type": "None", "battery_size_kWh": 300, "battery_power_kW": 150.0, "min_soc": 0.05, "max_soc": 1.0, "one_way_efficiency": 0.92, "start_soc": 0.5, "n_horizon": 24, "n_control": 12}, "savings": {"old_energy_charge": -416369.56458706124, "new_energy_charge": -414241.652747121, "energy_charge_savings": 2127.911839940236, "old_demand_charge": -253788.65982147696, "new_demand_charge": -226923.07551226346, "demand_charge_savings": 26865.584309213504, "retail_profits": 28993.49614915374, "battery_charge_cost": -11269.148822580535, "battery_discharge_revenues": 13397.060662520717, "battery_retail_profits": 2127.9118399401814, "battery_export_revenue": 0.0, "total_profits": 28993.496149153685, "irr": 0.22422, "npv": 101361.604}}