{"key_params": {"location": "CA_Carlsbad.722927_TMY3", "customer_type": "Apartment", "demand_charge": 20, "export_price": 0.0, "export_price_type": "None", "battery_size_kWh": 300, "battery_power_kW": 150.0, "min_soc": 0.05, "max_soc": 1.0, "one_way_efficiency": 0.92, "start_soc": 0.5, "n_horizon": 24, "n_control": 12}, "savings": {"old_energy_charge": -337898.89711308083, "new_energy_charge": -335134.60579621134, "energy_charge_savings": 2764.291316869494, "old_demand_charge": -144533.879017363, "new_demand_charge": -122957.5399128657, "demand_charge_savings": 21576.33910449731, "retail_profits": 24340.630421366805, "battery_charge_cost": -10729.564239130434, "battery_discharge_revenues": 13493.855556, "battery_retail_profits": 2764.291316869567, "battery_export_revenue": 0.0, "total_profits": 24340.630421366877, "irr": 0.17975, "npv": 72008.378}}