{"key_params": {"location": "CA_Paso.Robles.Muni", "customer_type": "School", "demand_charge": 20, "export_price": 0.0, "export_price_type": "None", "battery_size_kWh": 300, "battery_power_kW": 150.0, "min_soc": 0.05, "max_soc": 1.0, "one_way_efficiency": 0.92, "start_soc": 0.5, "n_horizon": 24, "n_control": 12}, "savings": {"old_energy_charge": -365930.3647460534, "new_energy_charge": -363939.3972475858, "energy_charge_savings": 1990.9674984675949, "old_demand_charge": -247324.69960575062, "new_demand_charge": -220885.07858182339, "demand_charge_savings": 26439.621023927233, "retail_profits": 28430.588522394828, "battery_charge_cost": -10846.60167675243, "battery_discharge_revenues": 12837.569175220038, "battery_retail_profits": 1990.9674984676076, "battery_export_revenue": 0.0, "total_profits": 28430.588522394843, "irr": 0.21892, "npv": 97810.426}}