{"key_params": {"location": "CA_Bakersfield-Meadows.Field.723840_TMY3", "customer_type": "Office", "demand_charge": 20, "export_price": 0.0, "export_price_type": "None", "battery_size_kWh": 300, "battery_power_kW": 150.0, "min_soc": 0.05, "max_soc": 1.0, "one_way_efficiency": 0.92, "start_soc": 0.5, "n_horizon": 24, "n_control": 12}, "savings": {"old_energy_charge": -323762.62945619033, "new_energy_charge": -322360.58856352017, "energy_charge_savings": 1402.0408926701639, "old_demand_charge": -169347.2490846134, "new_demand_charge": -152015.72550856648, "demand_charge_savings": 17331.523576046922, "retail_profits": 18733.564468717086, "battery_charge_cost": -11242.09666199965, "battery_discharge_revenues": 12644.137554669816, "battery_retail_profits": 1402.0408926701657, "battery_export_revenue": 0.0, "total_profits": 18733.564468717086, "irr": 0.12357, "npv": 36635.452}}