{"key_params": {"location": "CA_Santa.Ana-John.Wayne", "customer_type": "Restaurant", "demand_charge": 20, "export_price": 0.0, "export_price_type": "None", "battery_size_kWh": 300, "battery_power_kW": 150.0, "min_soc": 0.05, "max_soc": 1.0, "one_way_efficiency": 0.92, "start_soc": 0.5, "n_horizon": 24, "n_control": 12}, "savings": {"old_energy_charge": -469443.9914462395, "new_energy_charge": -467689.5227831334, "energy_charge_savings": 1754.4686631061486, "old_demand_charge": -173270.03943342762, "new_demand_charge": -149687.11829081448, "demand_charge_savings": 23582.921142613137, "retail_profits": 25337.389805719286, "battery_charge_cost": -13660.583778828523, "battery_discharge_revenues": 15415.052441934702, "battery_retail_profits": 1754.4686631061795, "battery_export_revenue": 0.0, "total_profits": 25337.389805719315, "irr": 0.1894, "npv": 78296.568}}