{"key_params": {"location": "CA_Merced-Macready.Field.724815_TMY3", "customer_type": "Restaurant", "demand_charge": 20, "export_price": 0.0, "export_price_type": "None", "battery_size_kWh": 300, "battery_power_kW": 150.0, "min_soc": 0.05, "max_soc": 1.0, "one_way_efficiency": 0.92, "start_soc": 0.5, "n_horizon": 24, "n_control": 12}, "savings": {"old_energy_charge": -493858.57067577686, "new_energy_charge": -492409.94353737036, "energy_charge_savings": 1448.627138406504, "old_demand_charge": -185655.15509002545, "new_demand_charge": -163163.78624994698, "demand_charge_savings": 22491.368840078474, "retail_profits": 23939.995978484978, "battery_charge_cost": -14636.964320201776, "battery_discharge_revenues": 16085.59145860825, "battery_retail_profits": 1448.6271384064748, "battery_export_revenue": 0.0, "total_profits": 23939.99597848495, "irr": 0.17584, "npv": 69480.922}}