{"key_params": {"location": "CA_Ukiah.Muni", "customer_type": "Apartment", "demand_charge": 20, "export_price": 0.0, "export_price_type": "None", "battery_size_kWh": 300, "battery_power_kW": 150.0, "min_soc": 0.05, "max_soc": 1.0, "one_way_efficiency": 0.92, "start_soc": 0.5, "n_horizon": 24, "n_control": 12}, "savings": {"old_energy_charge": -356491.5382548862, "new_energy_charge": -353743.7726443665, "energy_charge_savings": 2747.7656105197384, "old_demand_charge": -163758.59357814546, "new_demand_charge": -142603.1520163413, "demand_charge_savings": 21155.441561804153, "retail_profits": 23903.20717232389, "battery_charge_cost": -10729.564239130435, "battery_discharge_revenues": 13477.329849650088, "battery_retail_profits": 2747.765610519653, "battery_export_revenue": 0.0, "total_profits": 23903.207172323804, "irr": 0.17548, "npv": 69248.835}}