{"key_params": {"location": "CA_Concord-Buchanan.Field.724936_TMY3", "customer_type": "Restaurant", "demand_charge": 20, "export_price": 0.0, "export_price_type": "None", "battery_size_kWh": 300, "battery_power_kW": 150.0, "min_soc": 0.05, "max_soc": 1.0, "one_way_efficiency": 0.92, "start_soc": 0.5, "n_horizon": 24, "n_control": 12}, "savings": {"old_energy_charge": -442030.1489416394, "new_energy_charge": -441386.8391267232, "energy_charge_savings": 643.3098149162252, "old_demand_charge": -160711.50616775727, "new_demand_charge": -140747.84863955274, "demand_charge_savings": 19963.657528204523, "retail_profits": 20606.96734312075, "battery_charge_cost": -16891.502589084834, "battery_discharge_revenues": 17534.81240400101, "battery_retail_profits": 643.3098149161779, "battery_export_revenue": 0.0, "total_profits": 20606.9673431207, "irr": 0.14276, "npv": 48454.065}}