{"key_params": {"location": "CA_Redding.Muni", "customer_type": "School", "demand_charge": 20, "export_price": 0.0, "export_price_type": "None", "battery_size_kWh": 300, "battery_power_kW": 150.0, "min_soc": 0.05, "max_soc": 1.0, "one_way_efficiency": 0.92, "start_soc": 0.5, "n_horizon": 24, "n_control": 12}, "savings": {"old_energy_charge": -373458.5804060691, "new_energy_charge": -371921.22955696046, "energy_charge_savings": 1537.350849108654, "old_demand_charge": -228219.78830741372, "new_demand_charge": -209352.8064207287, "demand_charge_savings": 18866.98188668501, "retail_profits": 20404.332735793665, "battery_charge_cost": -11156.782835131016, "battery_discharge_revenues": 12694.13368423966, "battery_retail_profits": 1537.3508491086432, "battery_export_revenue": 0.0, "total_profits": 20404.332735793654, "irr": 0.1407, "npv": 47175.717}}