{"key_params": {"location": "CA_Arcata", "customer_type": "Hotel", "demand_charge": 20, "export_price": 0.0, "export_price_type": "None", "battery_size_kWh": 300, "battery_power_kW": 150.0, "min_soc": 0.05, "max_soc": 1.0, "one_way_efficiency": 0.92, "start_soc": 0.5, "n_horizon": 24, "n_control": 12}, "savings": {"old_energy_charge": -364339.8207261929, "new_energy_charge": -362177.9125175888, "energy_charge_savings": 2161.908208604087, "old_demand_charge": -145897.96657047025, "new_demand_charge": -121058.23720930346, "demand_charge_savings": 24839.729361166785, "retail_profits": 27001.63756977087, "battery_charge_cost": -13264.733446135568, "battery_discharge_revenues": 15426.641654739678, "battery_retail_profits": 2161.9082086041108, "battery_export_revenue": 0.0, "total_profits": 27001.637569770894, "irr": 0.20536, "npv": 88795.698}}