{"key_params": {"location": "CA_Visalia.Muni.AWOS.723896_TMY3", "customer_type": "Hotel", "demand_charge": 20, "export_price": 0.0, "export_price_type": "None", "battery_size_kWh": 300, "battery_power_kW": 150.0, "min_soc": 0.05, "max_soc": 1.0, "one_way_efficiency": 0.92, "start_soc": 0.5, "n_horizon": 24, "n_control": 12}, "savings": {"old_energy_charge": -376480.63512240525, "new_energy_charge": -374046.4939080922, "energy_charge_savings": 2434.1412143130437, "old_demand_charge": -152775.24710790708, "new_demand_charge": -128886.82889275004, "demand_charge_savings": 23888.418215157042, "retail_profits": 26322.559429470086, "battery_charge_cost": -11647.683004322587, "battery_discharge_revenues": 14081.824218635657, "battery_retail_profits": 2434.141214313069, "battery_export_revenue": 0.0, "total_profits": 26322.55942947011, "irr": 0.19887, "npv": 84511.642}}