{"key_params": {"location": "CA_Santa.Rosa.AWOS.724957_TMY3", "customer_type": "Market", "demand_charge": 20, "export_price": 0.0, "export_price_type": "None", "battery_size_kWh": 300, "battery_power_kW": 150.0, "min_soc": 0.05, "max_soc": 1.0, "one_way_efficiency": 0.92, "start_soc": 0.5, "n_horizon": 24, "n_control": 12}, "savings": {"old_energy_charge": -380852.6130751238, "new_energy_charge": -379960.64616998564, "energy_charge_savings": 891.9669051381643, "old_demand_charge": -151810.04205934482, "new_demand_charge": -137042.532048976, "demand_charge_savings": 14767.510010368831, "retail_profits": 15659.476915506995, "battery_charge_cost": -11752.140952215934, "battery_discharge_revenues": 12644.107857354094, "battery_retail_profits": 891.9669051381607, "battery_export_revenue": 0.0, "total_profits": 15659.476915506992, "irr": 0.09086, "npv": 17242.159}}