{"key_params": {"location": "CA_San.Diego-Miramar.NAS.722930_TMY3", "customer_type": "Restaurant", "demand_charge": 20, "export_price": 0.0, "export_price_type": "None", "battery_size_kWh": 300, "battery_power_kW": 150.0, "min_soc": 0.05, "max_soc": 1.0, "one_way_efficiency": 0.92, "start_soc": 0.5, "n_horizon": 24, "n_control": 12}, "savings": {"old_energy_charge": -440278.6702548114, "new_energy_charge": -439864.34455684765, "energy_charge_savings": 414.3256979637663, "old_demand_charge": -158679.675754957, "new_demand_charge": -137626.86914624128, "demand_charge_savings": 21052.806608715706, "retail_profits": 21467.132306679472, "battery_charge_cost": -17295.24773447231, "battery_discharge_revenues": 17709.57343243612, "battery_retail_profits": 414.32569796380994, "battery_export_revenue": 0.0, "total_profits": 21467.132306679516, "irr": 0.15141, "npv": 53880.531}}