{"key_params": {"location": "CA_Sacramento.Exec", "customer_type": "Restaurant", "demand_charge": 20, "export_price": 0.0, "export_price_type": "None", "battery_size_kWh": 300, "battery_power_kW": 150.0, "min_soc": 0.05, "max_soc": 1.0, "one_way_efficiency": 0.92, "start_soc": 0.5, "n_horizon": 24, "n_control": 12}, "savings": {"old_energy_charge": -450032.3302464233, "new_energy_charge": -449417.6428691371, "energy_charge_savings": 614.6873772862018, "old_demand_charge": -163549.8521390608, "new_demand_charge": -141853.7354111446, "demand_charge_savings": 21696.116727916204, "retail_profits": 22310.804105202405, "battery_charge_cost": -17211.716149099877, "battery_discharge_revenues": 17826.40352638601, "battery_retail_profits": 614.6873772861327, "battery_export_revenue": 0.0, "total_profits": 22310.804105202336, "irr": 0.15982, "npv": 59202.947}}