{"key_params": {"location": "CA_Fresno.Air.Terminal.723890_TMY3", "customer_type": "Hospital", "demand_charge": 20, "export_price": 0.0, "export_price_type": "None", "battery_size_kWh": 300, "battery_power_kW": 150.0, "min_soc": 0.05, "max_soc": 1.0, "one_way_efficiency": 0.92, "start_soc": 0.5, "n_horizon": 24, "n_control": 12}, "savings": {"old_energy_charge": -247755.8241332405, "new_energy_charge": -247713.56803876854, "energy_charge_savings": 42.25609447195893, "old_demand_charge": -81907.22355582463, "new_demand_charge": -73576.7830591611, "demand_charge_savings": 8330.440496663534, "retail_profits": 8372.696591135493, "battery_charge_cost": -11633.7753511851, "battery_discharge_revenues": 11676.031445657083, "battery_retail_profits": 42.25609447198258, "battery_export_revenue": 0.0, "total_profits": 8372.696591135516, "irr": 0.00075, "npv": -29270.352}}