{"key_params": {"location": "CA_Hayward.Air.Terminal.724935_TMY3", "customer_type": "School", "demand_charge": 20, "export_price": 0.0, "export_price_type": "None", "battery_size_kWh": 300, "battery_power_kW": 150.0, "min_soc": 0.05, "max_soc": 1.0, "one_way_efficiency": 0.92, "start_soc": 0.5, "n_horizon": 24, "n_control": 12}, "savings": {"old_energy_charge": -347448.68108169705, "new_energy_charge": -345718.27079672995, "energy_charge_savings": 1730.4102849671035, "old_demand_charge": -214296.05554815618, "new_demand_charge": -191460.79833724565, "demand_charge_savings": 22835.257210910524, "retail_profits": 24565.667495877628, "battery_charge_cost": -11048.02720639838, "battery_discharge_revenues": 12778.437491365496, "battery_retail_profits": 1730.4102849671162, "battery_export_revenue": 0.0, "total_profits": 24565.667495877642, "irr": 0.18193, "npv": 73428.055}}