{"key_params": {"location": "CA_Palm.Springs.Intl", "customer_type": "Office", "demand_charge": 20, "export_price": 0.0, "export_price_type": "None", "battery_size_kWh": 300, "battery_power_kW": 150.0, "min_soc": 0.05, "max_soc": 1.0, "one_way_efficiency": 0.92, "start_soc": 0.5, "n_horizon": 24, "n_control": 12}, "savings": {"old_energy_charge": -493841.09216227627, "new_energy_charge": -492843.74406393885, "energy_charge_savings": 997.3480983374175, "old_demand_charge": -232145.37122897527, "new_demand_charge": -212746.63815709617, "demand_charge_savings": 19398.733071879105, "retail_profits": 20396.081170216523, "battery_charge_cost": -11969.308690469437, "battery_discharge_revenues": 12966.656788806808, "battery_retail_profits": 997.3480983373702, "battery_export_revenue": 0.0, "total_profits": 20396.081170216476, "irr": 0.14062, "npv": 47123.661}}