{"key_params": {"location": "CA_Hawthorne-Jack.Northrop.Field.722956_TMY3", "customer_type": "Hotel", "demand_charge": 20, "export_price": 0.0, "export_price_type": "None", "battery_size_kWh": 300, "battery_power_kW": 150.0, "min_soc": 0.05, "max_soc": 1.0, "one_way_efficiency": 0.92, "start_soc": 0.5, "n_horizon": 24, "n_control": 12}, "savings": {"old_energy_charge": -341864.0811814474, "new_energy_charge": -339631.90921809676, "energy_charge_savings": 2232.1719633506145, "old_demand_charge": -122932.4205121696, "new_demand_charge": -100476.35947179797, "demand_charge_savings": 22456.061040371627, "retail_profits": 24688.233003722242, "battery_charge_cost": -12756.20097166447, "battery_discharge_revenues": 14988.372935015037, "battery_retail_profits": 2232.1719633505672, "battery_export_revenue": 0.0, "total_profits": 24688.233003722195, "irr": 0.18312, "npv": 74201.275}}