{"key_params": {"location": "CA_Yuba.County", "customer_type": "Office", "demand_charge": 20, "export_price": 0.0, "export_price_type": "None", "battery_size_kWh": 300, "battery_power_kW": 150.0, "min_soc": 0.05, "max_soc": 1.0, "one_way_efficiency": 0.92, "start_soc": 0.5, "n_horizon": 24, "n_control": 12}, "savings": {"old_energy_charge": -507809.8506136903, "new_energy_charge": -506765.8770227595, "energy_charge_savings": 1043.9735909307492, "old_demand_charge": -254954.06402587393, "new_demand_charge": -234397.09742205718, "demand_charge_savings": 20556.96660381675, "retail_profits": 21600.940194747498, "battery_charge_cost": -11636.34326483827, "battery_discharge_revenues": 12680.316855768971, "battery_retail_profits": 1043.973590930702, "battery_export_revenue": 0.0, "total_profits": 21600.94019474745, "irr": 0.15275, "npv": 54724.676}}