{"key_params": {"location": "CA_Chino", "customer_type": "Office", "demand_charge": 20, "export_price": 0.0, "export_price_type": "None", "battery_size_kWh": 300, "battery_power_kW": 150.0, "min_soc": 0.05, "max_soc": 1.0, "one_way_efficiency": 0.92, "start_soc": 0.5, "n_horizon": 24, "n_control": 12}, "savings": {"old_energy_charge": -398726.73679015716, "new_energy_charge": -397124.2568770363, "energy_charge_savings": 1602.4799131208565, "old_demand_charge": -230456.15123303706, "new_demand_charge": -208379.52267014724, "demand_charge_savings": 22076.62856288982, "retail_profits": 23679.108476010675, "battery_charge_cost": -11381.045476531195, "battery_discharge_revenues": 12983.52538965209, "battery_retail_profits": 1602.4799131208947, "battery_export_revenue": 0.0, "total_profits": 23679.10847601071, "irr": 0.17329, "npv": 67835.078}}