{"key_params": {"location": "CA_Montague-Siskiyou.County", "customer_type": "Restaurant", "demand_charge": 20, "export_price": 0.0, "export_price_type": "None", "battery_size_kWh": 300, "battery_power_kW": 150.0, "min_soc": 0.05, "max_soc": 1.0, "one_way_efficiency": 0.92, "start_soc": 0.5, "n_horizon": 24, "n_control": 12}, "savings": {"old_energy_charge": -478088.53628630436, "new_energy_charge": -476662.7714317896, "energy_charge_savings": 1425.7648545147385, "old_demand_charge": -174616.74720615533, "new_demand_charge": -150806.41199849933, "demand_charge_savings": 23810.335207655997, "retail_profits": 25236.100062170735, "battery_charge_cost": -15103.214859595955, "battery_discharge_revenues": 16528.979714110676, "battery_retail_profits": 1425.7648545147204, "battery_export_revenue": 0.0, "total_profits": 25236.100062170717, "irr": 0.18843, "npv": 77657.568}}