{"key_params": {"location": "CA_Lemoore.NAS.747020_TMY3", "customer_type": "Office", "demand_charge": 20, "export_price": 0.0, "export_price_type": "None", "battery_size_kWh": 300, "battery_power_kW": 150.0, "min_soc": 0.05, "max_soc": 1.0, "one_way_efficiency": 0.92, "start_soc": 0.5, "n_horizon": 24, "n_control": 12}, "savings": {"old_energy_charge": -319322.29481898085, "new_energy_charge": -318304.49062623957, "energy_charge_savings": 1017.8041927412851, "old_demand_charge": -169199.620910129, "new_demand_charge": -151671.57042918808, "demand_charge_savings": 17528.050480940903, "retail_profits": 18545.854673682188, "battery_charge_cost": -11456.216416617832, "battery_discharge_revenues": 12474.020609359139, "battery_retail_profits": 1017.8041927413069, "battery_export_revenue": 0.0, "total_profits": 18545.85467368221, "irr": 0.12162, "npv": 35451.26}}