{"key_params": {"location": "CA_Merced-Macready.Field.724815_TMY3", "customer_type": "Restaurant", "demand_charge": 20, "export_price": 0.0, "export_price_type": "None", "battery_size_kWh": 300, "battery_power_kW": 150.0, "min_soc": 0.05, "max_soc": 1.0, "one_way_efficiency": 0.92, "start_soc": 0.5, "n_horizon": 24, "n_control": 12}, "savings": {"old_energy_charge": -456723.7288346458, "new_energy_charge": -456196.03866580006, "energy_charge_savings": 527.6901688457583, "old_demand_charge": -166942.81265380717, "new_demand_charge": -146282.44654720195, "demand_charge_savings": 20660.366106605215, "retail_profits": 21188.056275450974, "battery_charge_cost": -16871.595915169706, "battery_discharge_revenues": 17399.286084015515, "battery_retail_profits": 527.6901688458092, "battery_export_revenue": 0.0, "total_profits": 21188.056275451025, "irr": 0.14861, "npv": 52119.942}}