{"key_params": {"location": "CA_Sandberg.723830_TMY3", "customer_type": "Hotel", "demand_charge": 20, "export_price": 0.0, "export_price_type": "None", "battery_size_kWh": 300, "battery_power_kW": 150.0, "min_soc": 0.05, "max_soc": 1.0, "one_way_efficiency": 0.92, "start_soc": 0.5, "n_horizon": 24, "n_control": 12}, "savings": {"old_energy_charge": -346277.1659366367, "new_energy_charge": -344051.2058987253, "energy_charge_savings": 2225.960037911369, "old_demand_charge": -127413.20097085365, "new_demand_charge": -104287.40292900734, "demand_charge_savings": 23125.798041846312, "retail_profits": 25351.75807975768, "battery_charge_cost": -12797.320933043948, "battery_discharge_revenues": 15023.280970955364, "battery_retail_profits": 2225.9600379114163, "battery_export_revenue": 0.0, "total_profits": 25351.75807975773, "irr": 0.18954, "npv": 78387.212}}