{"key_params": {"location": "CA_San.Francisco.Intl", "customer_type": "School", "demand_charge": 20, "export_price": 0.0, "export_price_type": "None", "battery_size_kWh": 300, "battery_power_kW": 150.0, "min_soc": 0.05, "max_soc": 1.0, "one_way_efficiency": 0.92, "start_soc": 0.5, "n_horizon": 24, "n_control": 12}, "savings": {"old_energy_charge": -337078.480535577, "new_energy_charge": -335305.7358546619, "energy_charge_savings": 1772.744680915086, "old_demand_charge": -189797.1926815504, "new_demand_charge": -169406.70064181453, "demand_charge_savings": 20390.492039735866, "retail_profits": 22163.23672065095, "battery_charge_cost": -11174.552516864378, "battery_discharge_revenues": 12947.297197779371, "battery_retail_profits": 1772.7446809149933, "battery_export_revenue": 0.0, "total_profits": 22163.236720650857, "irr": 0.15835, "npv": 58271.998}}