{"key_params": {"location": "CA_Riverside.Muni", "customer_type": "Restaurant", "demand_charge": 20, "export_price": 0.0, "export_price_type": "None", "battery_size_kWh": 300, "battery_power_kW": 150.0, "min_soc": 0.05, "max_soc": 1.0, "one_way_efficiency": 0.92, "start_soc": 0.5, "n_horizon": 24, "n_control": 12}, "savings": {"old_energy_charge": -490098.69529177627, "new_energy_charge": -488521.91837457666, "energy_charge_savings": 1576.7769171996042, "old_demand_charge": -189960.70285236972, "new_demand_charge": -167818.23789259396, "demand_charge_savings": 22142.464959775767, "retail_profits": 23719.24187697537, "battery_charge_cost": -12799.881556907532, "battery_discharge_revenues": 14376.65847410709, "battery_retail_profits": 1576.776917199557, "battery_export_revenue": 0.0, "total_profits": 23719.241876975324, "irr": 0.17369, "npv": 68088.265}}