{"key_params": {"location": "CA_Van.Nuys", "customer_type": "Hotel", "demand_charge": 20, "export_price": 0.0, "export_price_type": "None", "battery_size_kWh": 300, "battery_power_kW": 150.0, "min_soc": 0.05, "max_soc": 1.0, "one_way_efficiency": 0.92, "start_soc": 0.5, "n_horizon": 24, "n_control": 12}, "savings": {"old_energy_charge": -331590.53998977033, "new_energy_charge": -329346.31946246675, "energy_charge_savings": 2244.2205273035797, "old_demand_charge": -119862.93260458086, "new_demand_charge": -97398.5174252208, "demand_charge_savings": 22464.41517936006, "retail_profits": 24708.63570666364, "battery_charge_cost": -12716.90484431643, "battery_discharge_revenues": 14961.125371619974, "battery_retail_profits": 2244.2205273035433, "battery_export_revenue": 0.0, "total_profits": 24708.635706663605, "irr": 0.18332, "npv": 74329.989}}