{"key_params": {"location": "CA_Lompoc.AWOS.722895_TMY3", "customer_type": "Apartment", "demand_charge": 20, "export_price": 0.0, "export_price_type": "None", "battery_size_kWh": 300, "battery_power_kW": 150.0, "min_soc": 0.05, "max_soc": 1.0, "one_way_efficiency": 0.92, "start_soc": 0.5, "n_horizon": 24, "n_control": 12}, "savings": {"old_energy_charge": -333618.6384821092, "new_energy_charge": -330855.2290936973, "energy_charge_savings": 2763.4093884119065, "old_demand_charge": -143565.80298096058, "new_demand_charge": -122448.54573779392, "demand_charge_savings": 21117.257243166663, "retail_profits": 23880.66663157857, "battery_charge_cost": -10729.564239130434, "battery_discharge_revenues": 13492.97362754236, "battery_retail_profits": 2763.4093884119266, "battery_export_revenue": 0.0, "total_profits": 23880.66663157859, "irr": 0.17526, "npv": 69106.635}}