{"key_params": {"location": "CA_Crescent.City-Jack.McNamara.Field.725946_TMY3", "customer_type": "Restaurant", "demand_charge": 20, "export_price": 0.0, "export_price_type": "None", "battery_size_kWh": 300, "battery_power_kW": 150.0, "min_soc": 0.05, "max_soc": 1.0, "one_way_efficiency": 0.92, "start_soc": 0.5, "n_horizon": 24, "n_control": 12}, "savings": {"old_energy_charge": -427644.10745924077, "new_energy_charge": -429789.83197459584, "energy_charge_savings": -2145.7245153550757, "old_demand_charge": -139209.66312421294, "new_demand_charge": -118176.90097244314, "demand_charge_savings": 21032.7621517698, "retail_profits": 18887.037636414723, "battery_charge_cost": -24050.20444502491, "battery_discharge_revenues": 21904.479929669822, "battery_retail_profits": -2145.7245153550866, "battery_export_revenue": 0.0, "total_profits": 18887.037636414712, "irr": 0.12516, "npv": 37603.658}}