{"key_params": {"location": "CA_Ukiah.Muni", "customer_type": "Restaurant", "demand_charge": 20, "export_price": 0.0, "export_price_type": "None", "battery_size_kWh": 300, "battery_power_kW": 150.0, "min_soc": 0.05, "max_soc": 1.0, "one_way_efficiency": 0.92, "start_soc": 0.5, "n_horizon": 24, "n_control": 12}, "savings": {"old_energy_charge": -478275.79438405024, "new_energy_charge": -477065.37694139505, "energy_charge_savings": 1210.4174426551908, "old_demand_charge": -181045.8021178231, "new_demand_charge": -158814.39780659226, "demand_charge_savings": 22231.404311230843, "retail_profits": 23441.821753886034, "battery_charge_cost": -15051.422474006013, "battery_discharge_revenues": 16261.839916661196, "battery_retail_profits": 1210.4174426551835, "battery_export_revenue": 0.0, "total_profits": 23441.821753886026, "irr": 0.17097, "npv": 66338.123}}