{"key_params": {"location": "CA_Truckee.Tahoe", "customer_type": "Market", "demand_charge": 20, "export_price": 0.0, "export_price_type": "None", "battery_size_kWh": 300, "battery_power_kW": 150.0, "min_soc": 0.05, "max_soc": 1.0, "one_way_efficiency": 0.92, "start_soc": 0.5, "n_horizon": 24, "n_control": 12}, "savings": {"old_energy_charge": -410135.14474256156, "new_energy_charge": -409617.6014010316, "energy_charge_savings": 517.5433415299631, "old_demand_charge": -163370.73234070232, "new_demand_charge": -145964.1302221865, "demand_charge_savings": 17406.602118515817, "retail_profits": 17924.14546004578, "battery_charge_cost": -12090.879496718335, "battery_discharge_revenues": 12608.422838248334, "battery_retail_profits": 517.5433415299995, "battery_export_revenue": 0.0, "total_profits": 17924.145460045816, "irr": 0.11513, "npv": 31529.124}}