{"key_params": {"location": "CA_South.Lake.Tahoe-Lake.Tahoe", "customer_type": "Restaurant", "demand_charge": 20, "export_price": 0.0, "export_price_type": "None", "battery_size_kWh": 300, "battery_power_kW": 150.0, "min_soc": 0.05, "max_soc": 1.0, "one_way_efficiency": 0.92, "start_soc": 0.5, "n_horizon": 24, "n_control": 12}, "savings": {"old_energy_charge": -474523.093008453, "new_energy_charge": -474270.5444908078, "energy_charge_savings": 252.54851764522027, "old_demand_charge": -161432.67108135042, "new_demand_charge": -139548.58275104317, "demand_charge_savings": 21884.088330307248, "retail_profits": 22136.636847952468, "battery_charge_cost": -17366.996401385844, "battery_discharge_revenues": 17619.54491903108, "battery_retail_profits": 252.54851764523482, "battery_export_revenue": 0.0, "total_profits": 22136.636847952483, "irr": 0.15809, "npv": 58104.19}}