{"key_params": {"location": "CA_Sacramento.Exec", "customer_type": "Office", "demand_charge": 20, "export_price": 0.0, "export_price_type": "None", "battery_size_kWh": 300, "battery_power_kW": 150.0, "min_soc": 0.05, "max_soc": 1.0, "one_way_efficiency": 0.92, "start_soc": 0.5, "n_horizon": 24, "n_control": 12}, "savings": {"old_energy_charge": -400882.1977769956, "new_energy_charge": -399138.4428424334, "energy_charge_savings": 1743.7549345621956, "old_demand_charge": -252620.70710073924, "new_demand_charge": -224118.5813269367, "demand_charge_savings": 28502.125773802545, "retail_profits": 30245.88070836474, "battery_charge_cost": -11724.373744717626, "battery_discharge_revenues": 13468.128679279844, "battery_retail_profits": 1743.7549345622174, "battery_export_revenue": 0.0, "total_profits": 30245.880708364763, "irr": 0.23597, "npv": 109262.44}}