{"key_params": {"location": "CA_Los.Angeles.Intl", "customer_type": "Office", "demand_charge": 20, "export_price": 0.0, "export_price_type": "None", "battery_size_kWh": 300, "battery_power_kW": 150.0, "min_soc": 0.05, "max_soc": 1.0, "one_way_efficiency": 0.92, "start_soc": 0.5, "n_horizon": 24, "n_control": 12}, "savings": {"old_energy_charge": -535769.8478427007, "new_energy_charge": -535012.1867402704, "energy_charge_savings": 757.6611024303129, "old_demand_charge": -261385.62580947997, "new_demand_charge": -243069.26988930762, "demand_charge_savings": 18316.355920172355, "retail_profits": 19074.017022602668, "battery_charge_cost": -11856.29219487811, "battery_discharge_revenues": 12613.953297308335, "battery_retail_profits": 757.6611024302256, "battery_export_revenue": 0.0, "total_profits": 19074.01702260258, "irr": 0.1271, "npv": 38783.243}}