{"key_params": {"location": "CA_Santa.Ana-John.Wayne", "customer_type": "Office", "demand_charge": 20, "export_price": 0.0, "export_price_type": "None", "battery_size_kWh": 300, "battery_power_kW": 150.0, "min_soc": 0.05, "max_soc": 1.0, "one_way_efficiency": 0.92, "start_soc": 0.5, "n_horizon": 24, "n_control": 12}, "savings": {"old_energy_charge": -540606.5168961455, "new_energy_charge": -539879.3788477491, "energy_charge_savings": 727.1380483964458, "old_demand_charge": -262894.2073133206, "new_demand_charge": -243440.24535320772, "demand_charge_savings": 19453.96196011288, "retail_profits": 20181.100008509326, "battery_charge_cost": -11932.920773338787, "battery_discharge_revenues": 12660.058821735172, "battery_retail_profits": 727.1380483963858, "battery_export_revenue": 0.0, "total_profits": 20181.100008509267, "irr": 0.13844, "npv": 45767.424}}