{"key_params": {"location": "CA_Riverside.Muni", "customer_type": "Restaurant", "demand_charge": 20, "export_price": 0.0, "export_price_type": "None", "battery_size_kWh": 300, "battery_power_kW": 150.0, "min_soc": 0.05, "max_soc": 1.0, "one_way_efficiency": 0.92, "start_soc": 0.5, "n_horizon": 24, "n_control": 12}, "savings": {"old_energy_charge": -453178.13137365814, "new_energy_charge": -452302.18294653494, "energy_charge_savings": 875.9484271231922, "old_demand_charge": -170739.28678721562, "new_demand_charge": -148841.16147650967, "demand_charge_savings": 21898.125310705946, "retail_profits": 22774.073737829138, "battery_charge_cost": -14651.564950493848, "battery_discharge_revenues": 15527.513377617091, "battery_retail_profits": 875.9484271232432, "battery_export_revenue": 0.0, "total_profits": 22774.07373782919, "irr": 0.1644, "npv": 62125.546}}