{"key_params": {"location": "CA_Hayward.Air.Terminal.724935_TMY3", "customer_type": "School", "demand_charge": 20, "export_price": 0.0, "export_price_type": "None", "battery_size_kWh": 300, "battery_power_kW": 150.0, "min_soc": 0.05, "max_soc": 1.0, "one_way_efficiency": 0.92, "start_soc": 0.5, "n_horizon": 24, "n_control": 12}, "savings": {"old_energy_charge": -564600.9113994373, "new_energy_charge": -562618.7097343678, "energy_charge_savings": 1982.2016650695587, "old_demand_charge": -380315.37899436546, "new_demand_charge": -356713.9121386389, "demand_charge_savings": 23601.466855726554, "retail_profits": 25583.668520796113, "battery_charge_cost": -10972.679313257306, "battery_discharge_revenues": 12954.880978326928, "battery_retail_profits": 1982.2016650696223, "battery_export_revenue": 0.0, "total_profits": 25583.66852079618, "irr": 0.19178, "npv": 79850.25}}