{"key_params": {"location": "CA_China.Lake.NAF.746120_TMY3", "customer_type": "Apartment", "demand_charge": 20, "export_price": 0.0, "export_price_type": "None", "battery_size_kWh": 300, "battery_power_kW": 150.0, "min_soc": 0.05, "max_soc": 1.0, "one_way_efficiency": 0.92, "start_soc": 0.5, "n_horizon": 24, "n_control": 12}, "savings": {"old_energy_charge": -351988.6470747975, "new_energy_charge": -349228.6952867604, "energy_charge_savings": 2759.951788037084, "old_demand_charge": -147995.5809982314, "new_demand_charge": -127623.70496188049, "demand_charge_savings": 20371.876036350906, "retail_profits": 23131.82782438799, "battery_charge_cost": -10729.564239130435, "battery_discharge_revenues": 13489.516027167525, "battery_retail_profits": 2759.9517880370895, "battery_export_revenue": 0.0, "total_profits": 23131.827824387998, "irr": 0.16792, "npv": 64382.485}}