{"key_params": {"location": "CA_Santa.Rosa.AWOS.724957_TMY3", "customer_type": "School", "demand_charge": 20, "export_price": 0.0, "export_price_type": "None", "battery_size_kWh": 300, "battery_power_kW": 150.0, "min_soc": 0.05, "max_soc": 1.0, "one_way_efficiency": 0.92, "start_soc": 0.5, "n_horizon": 24, "n_control": 12}, "savings": {"old_energy_charge": -561951.7402933468, "new_energy_charge": -560003.71585876, "energy_charge_savings": 1948.024434586754, "old_demand_charge": -386793.47343784466, "new_demand_charge": -367211.44302385335, "demand_charge_savings": 19582.030413991306, "retail_profits": 21530.05484857806, "battery_charge_cost": -10880.298798585645, "battery_discharge_revenues": 12828.323233172478, "battery_retail_profits": 1948.0244345868323, "battery_export_revenue": 0.0, "total_profits": 21530.05484857814, "irr": 0.15204, "npv": 54277.486}}