{"key_params": {"location": "CA_Red.Bluff.Muni", "customer_type": "Restaurant", "demand_charge": 20, "export_price": 0.0, "export_price_type": "None", "battery_size_kWh": 300, "battery_power_kW": 150.0, "min_soc": 0.05, "max_soc": 1.0, "one_way_efficiency": 0.92, "start_soc": 0.5, "n_horizon": 24, "n_control": 12}, "savings": {"old_energy_charge": -502432.8942147489, "new_energy_charge": -501302.3106264541, "energy_charge_savings": 1130.5835882948013, "old_demand_charge": -188559.53330806614, "new_demand_charge": -164229.64685419726, "demand_charge_savings": 24329.88645386888, "retail_profits": 25460.47004216368, "battery_charge_cost": -15187.7794117093, "battery_discharge_revenues": 16318.36300000405, "battery_retail_profits": 1130.5835882947504, "battery_export_revenue": 0.0, "total_profits": 25460.47004216363, "irr": 0.19059, "npv": 79073.036}}