{"key_params": {"location": "CA_Point.Mugu.NAS.723910_TMY3", "customer_type": "Hotel", "demand_charge": 20, "export_price": 0.0, "export_price_type": "None", "battery_size_kWh": 300, "battery_power_kW": 150.0, "min_soc": 0.05, "max_soc": 1.0, "one_way_efficiency": 0.92, "start_soc": 0.5, "n_horizon": 24, "n_control": 12}, "savings": {"old_energy_charge": -350862.8834639209, "new_energy_charge": -348607.2715768248, "energy_charge_savings": 2255.6118870961363, "old_demand_charge": -128307.85714067241, "new_demand_charge": -105218.19503227776, "demand_charge_savings": 23089.662108394652, "retail_profits": 25345.27399549079, "battery_charge_cost": -12656.45235699485, "battery_discharge_revenues": 14912.064244091025, "battery_retail_profits": 2255.6118870961745, "battery_export_revenue": 0.0, "total_profits": 25345.273995490825, "irr": 0.18948, "npv": 78346.307}}