{"key_params": {"location": "CA_Salinas.Muni", "customer_type": "Hotel", "demand_charge": 20, "export_price": 0.0, "export_price_type": "None", "battery_size_kWh": 300, "battery_power_kW": 150.0, "min_soc": 0.05, "max_soc": 1.0, "one_way_efficiency": 0.92, "start_soc": 0.5, "n_horizon": 24, "n_control": 12}, "savings": {"old_energy_charge": -356819.8513729488, "new_energy_charge": -354563.71830430493, "energy_charge_savings": 2256.1330686438596, "old_demand_charge": -131796.3299861492, "new_demand_charge": -108416.98819700486, "demand_charge_savings": 23379.341789144353, "retail_profits": 25635.474857788213, "battery_charge_cost": -12656.013225093273, "battery_discharge_revenues": 14912.146293737038, "battery_retail_profits": 2256.133068643765, "battery_export_revenue": 0.0, "total_profits": 25635.47485778812, "irr": 0.19228, "npv": 80177.077}}