{"key_params": {"location": "CA_Merced-Macready.Field.724815_TMY3", "customer_type": "School", "demand_charge": 20, "export_price": 0.0, "export_price_type": "None", "battery_size_kWh": 300, "battery_power_kW": 150.0, "min_soc": 0.05, "max_soc": 1.0, "one_way_efficiency": 0.92, "start_soc": 0.5, "n_horizon": 24, "n_control": 12}, "savings": {"old_energy_charge": -370034.7919798463, "new_energy_charge": -368380.08096406166, "energy_charge_savings": 1654.7110157846473, "old_demand_charge": -225097.86866931216, "new_demand_charge": -206559.17808015435, "demand_charge_savings": 18538.690589157806, "retail_profits": 20193.401604942454, "battery_charge_cost": -10974.835177298271, "battery_discharge_revenues": 12629.546193082911, "battery_retail_profits": 1654.71101578464, "battery_export_revenue": 0.0, "total_profits": 20193.401604942446, "irr": 0.13856, "npv": 45845.03}}