{"key_params": {"location": "CA_Red.Bluff.Muni", "customer_type": "School", "demand_charge": 20, "export_price": 0.0, "export_price_type": "None", "battery_size_kWh": 300, "battery_power_kW": 150.0, "min_soc": 0.05, "max_soc": 1.0, "one_way_efficiency": 0.92, "start_soc": 0.5, "n_horizon": 24, "n_control": 12}, "savings": {"old_energy_charge": -622765.706624613, "new_energy_charge": -620808.2221951957, "energy_charge_savings": 1957.4844294172945, "old_demand_charge": -385970.54546811036, "new_demand_charge": -363880.64376175514, "demand_charge_savings": 22089.901706355216, "retail_profits": 24047.38613577251, "battery_charge_cost": -10884.326458785425, "battery_discharge_revenues": 12841.81088820271, "battery_retail_profits": 1957.4844294172854, "battery_export_revenue": 0.0, "total_profits": 24047.386135772504, "irr": 0.17689, "npv": 70158.407}}