{"key_params": {"location": "CA_Fresno.Air.Terminal.723890_TMY3", "customer_type": "Restaurant", "demand_charge": 20, "export_price": 0.0, "export_price_type": "None", "battery_size_kWh": 300, "battery_power_kW": 150.0, "min_soc": 0.05, "max_soc": 1.0, "one_way_efficiency": 0.92, "start_soc": 0.5, "n_horizon": 24, "n_control": 12}, "savings": {"old_energy_charge": -464112.70303627057, "new_energy_charge": -463341.17092769017, "energy_charge_savings": 771.5321085804026, "old_demand_charge": -166886.86269839978, "new_demand_charge": -145885.0324421744, "demand_charge_savings": 21001.830256225396, "retail_profits": 21773.3623648058, "battery_charge_cost": -16651.18621606926, "battery_discharge_revenues": 17422.718324649693, "battery_retail_profits": 771.5321085804317, "battery_export_revenue": 0.0, "total_profits": 21773.362364805827, "irr": 0.15447, "npv": 55812.424}}