{"key_params": {"location": "CA_Imperial.County", "customer_type": "Market", "demand_charge": 20, "export_price": 0.0, "export_price_type": "None", "battery_size_kWh": 300, "battery_power_kW": 150.0, "min_soc": 0.05, "max_soc": 1.0, "one_way_efficiency": 0.92, "start_soc": 0.5, "n_horizon": 24, "n_control": 12}, "savings": {"old_energy_charge": -412878.82138107927, "new_energy_charge": -411831.0648333214, "energy_charge_savings": 1047.75654775789, "old_demand_charge": -168112.10723900917, "new_demand_charge": -154762.1919259632, "demand_charge_savings": 13349.91531304596, "retail_profits": 14397.67186080385, "battery_charge_cost": -11582.2148296692, "battery_discharge_revenues": 12629.971377427031, "battery_retail_profits": 1047.7565477578319, "battery_export_revenue": 0.0, "total_profits": 14397.671860803792, "irr": 0.07686, "npv": 9281.893}}