{"key_params": {"location": "CA_Sacramento.Exec", "customer_type": "Hotel", "demand_charge": 20, "export_price": 0.0, "export_price_type": "None", "battery_size_kWh": 300, "battery_power_kW": 150.0, "min_soc": 0.05, "max_soc": 1.0, "one_way_efficiency": 0.92, "start_soc": 0.5, "n_horizon": 24, "n_control": 12}, "savings": {"old_energy_charge": -349966.31684729055, "new_energy_charge": -347715.14005162, "energy_charge_savings": 2251.17679567053, "old_demand_charge": -129563.26244042534, "new_demand_charge": -106192.7572770431, "demand_charge_savings": 23370.505163382244, "retail_profits": 25621.681959052774, "battery_charge_cost": -12651.519392779712, "battery_discharge_revenues": 14902.696188450362, "battery_retail_profits": 2251.17679567065, "battery_export_revenue": 0.0, "total_profits": 25621.681959052894, "irr": 0.19214, "npv": 80090.063}}