{"key_params": {"location": "CA_Alturas.725958_TMY3", "customer_type": "School", "demand_charge": 20, "export_price": 0.0, "export_price_type": "None", "battery_size_kWh": 300, "battery_power_kW": 150.0, "min_soc": 0.05, "max_soc": 1.0, "one_way_efficiency": 0.92, "start_soc": 0.5, "n_horizon": 24, "n_control": 12}, "savings": {"old_energy_charge": -341287.26042432303, "new_energy_charge": -340076.4459882345, "energy_charge_savings": 1210.814436088549, "old_demand_charge": -193863.57545642625, "new_demand_charge": -175172.05077077524, "demand_charge_savings": 18691.524685651006, "retail_profits": 19902.339121739555, "battery_charge_cost": -11316.786590071171, "battery_discharge_revenues": 12527.60102615975, "battery_retail_profits": 1210.814436088578, "battery_export_revenue": 0.0, "total_profits": 19902.339121739584, "irr": 0.1356, "npv": 44008.823}}