{"key_params": {"location": "CA_Lompoc.AWOS.722895_TMY3", "customer_type": "Hotel", "demand_charge": 20, "export_price": 0.0, "export_price_type": "None", "battery_size_kWh": 300, "battery_power_kW": 150.0, "min_soc": 0.05, "max_soc": 1.0, "one_way_efficiency": 0.92, "start_soc": 0.5, "n_horizon": 24, "n_control": 12}, "savings": {"old_energy_charge": -375746.7753863526, "new_energy_charge": -373440.40852470073, "energy_charge_savings": 2306.3668616518844, "old_demand_charge": -148679.33772335152, "new_demand_charge": -123768.38355259452, "demand_charge_savings": 24910.954170757002, "retail_profits": 27217.321032408887, "battery_charge_cost": -12601.428081688471, "battery_discharge_revenues": 14907.794943340432, "battery_retail_profits": 2306.366861651961, "battery_export_revenue": 0.0, "total_profits": 27217.321032408963, "irr": 0.20741, "npv": 90156.366}}