{"key_params": {"location": "CA_Riverside.Muni", "customer_type": "Hospital", "demand_charge": 20, "export_price": 0.0, "export_price_type": "None", "battery_size_kWh": 300, "battery_power_kW": 150.0, "min_soc": 0.05, "max_soc": 1.0, "one_way_efficiency": 0.92, "start_soc": 0.5, "n_horizon": 24, "n_control": 12}, "savings": {"old_energy_charge": -245471.17060376957, "new_energy_charge": -245216.46545477855, "energy_charge_savings": 254.70514899102272, "old_demand_charge": -81318.29572287566, "new_demand_charge": -73091.70180286112, "demand_charge_savings": 8226.593920014537, "retail_profits": 8481.29906900556, "battery_charge_cost": -11649.416025068589, "battery_discharge_revenues": 11904.121174059597, "battery_retail_profits": 254.70514899100817, "battery_export_revenue": 0.0, "total_profits": 8481.299069005545, "irr": 0.00244, "npv": -28531.143}}