{"key_params": {"location": "CA_Long.Beach-Daugherty.Field.722970_TMY3", "customer_type": "Market", "demand_charge": 20, "export_price": 0.0, "export_price_type": "None", "battery_size_kWh": 300, "battery_power_kW": 150.0, "min_soc": 0.05, "max_soc": 1.0, "one_way_efficiency": 0.92, "start_soc": 0.5, "n_horizon": 24, "n_control": 12}, "savings": {"old_energy_charge": -363081.1350578016, "new_energy_charge": -362635.95198194805, "energy_charge_savings": 445.18307585356524, "old_demand_charge": -139282.57307980652, "new_demand_charge": -124704.09775695403, "demand_charge_savings": 14578.475322852493, "retail_profits": 15023.658398706059, "battery_charge_cost": -11909.192384063535, "battery_discharge_revenues": 12354.375459917062, "battery_retail_profits": 445.18307585352704, "battery_export_revenue": 0.0, "total_profits": 15023.65839870602, "irr": 0.08386, "npv": 13231.013}}