{"key_params": {"location": "CA_Visalia.Muni.AWOS.723896_TMY3", "customer_type": "Office", "demand_charge": 20, "export_price": 0.0, "export_price_type": "None", "battery_size_kWh": 300, "battery_power_kW": 150.0, "min_soc": 0.05, "max_soc": 1.0, "one_way_efficiency": 0.92, "start_soc": 0.5, "n_horizon": 24, "n_control": 12}, "savings": {"old_energy_charge": -412347.74734127, "new_energy_charge": -410642.1106679074, "energy_charge_savings": 1705.6366733625764, "old_demand_charge": -253184.4001696548, "new_demand_charge": -225810.5495984557, "demand_charge_savings": 27373.850571199117, "retail_profits": 29079.487244561693, "battery_charge_cost": -11853.079415874972, "battery_discharge_revenues": 13558.716089237598, "battery_retail_profits": 1705.6366733626255, "battery_export_revenue": 0.0, "total_profits": 29079.487244561744, "irr": 0.22503, "npv": 101904.091}}