{"key_params": {"location": "CA_Long.Beach-Daugherty.Field.722970_TMY3", "customer_type": "Restaurant", "demand_charge": 20, "export_price": 0.0, "export_price_type": "None", "battery_size_kWh": 300, "battery_power_kW": 150.0, "min_soc": 0.05, "max_soc": 1.0, "one_way_efficiency": 0.92, "start_soc": 0.5, "n_horizon": 24, "n_control": 12}, "savings": {"old_energy_charge": -473964.27279426664, "new_energy_charge": -472402.4080891677, "energy_charge_savings": 1561.8647050989675, "old_demand_charge": -179854.67923218122, "new_demand_charge": -154804.55467846454, "demand_charge_savings": 25050.124553716683, "retail_profits": 26611.98925881565, "battery_charge_cost": -13439.491844721473, "battery_discharge_revenues": 15001.356549820317, "battery_retail_profits": 1561.8647050988438, "battery_export_revenue": 0.0, "total_profits": 26611.989258815527, "irr": 0.20164, "npv": 86337.549}}