{"key_params": {"location": "CA_Arcata", "customer_type": "School", "demand_charge": 20, "export_price": 0.0, "export_price_type": "None", "battery_size_kWh": 300, "battery_power_kW": 150.0, "min_soc": 0.05, "max_soc": 1.0, "one_way_efficiency": 0.92, "start_soc": 0.5, "n_horizon": 24, "n_control": 12}, "savings": {"old_energy_charge": -320278.8002906823, "new_energy_charge": -319457.6469221488, "energy_charge_savings": 821.1533685334725, "old_demand_charge": -166145.6936445358, "new_demand_charge": -150630.5896855962, "demand_charge_savings": 15515.10395893958, "retail_profits": 16336.257327473053, "battery_charge_cost": -11579.350642905434, "battery_discharge_revenues": 12400.504011438943, "battery_retail_profits": 821.1533685335089, "battery_export_revenue": 0.0, "total_profits": 16336.25732747309, "irr": 0.09822, "npv": 21511.719}}