{"key_params": {"location": "CA_Truckee.Tahoe", "customer_type": "Office", "demand_charge": 20, "export_price": 0.0, "export_price_type": "None", "battery_size_kWh": 300, "battery_power_kW": 150.0, "min_soc": 0.05, "max_soc": 1.0, "one_way_efficiency": 0.92, "start_soc": 0.5, "n_horizon": 24, "n_control": 12}, "savings": {"old_energy_charge": -439759.5142174573, "new_energy_charge": -438614.82703449356, "energy_charge_savings": 1144.6871829637676, "old_demand_charge": -224784.7144875889, "new_demand_charge": -204589.54614969582, "demand_charge_savings": 20195.16833789309, "retail_profits": 21339.855520856858, "battery_charge_cost": -11554.456691114176, "battery_discharge_revenues": 12699.143874078034, "battery_retail_profits": 1144.6871829638585, "battery_export_revenue": 0.0, "total_profits": 21339.85552085695, "irr": 0.15013, "npv": 53077.588}}