{"key_params": {"location": "CA_Mountain.View-Moffett.Field.NAS.745090_TMY3", "customer_type": "Office", "demand_charge": 20, "export_price": 0.0, "export_price_type": "None", "battery_size_kWh": 300, "battery_power_kW": 150.0, "min_soc": 0.05, "max_soc": 1.0, "one_way_efficiency": 0.92, "start_soc": 0.5, "n_horizon": 24, "n_control": 12}, "savings": {"old_energy_charge": -405021.2675152352, "new_energy_charge": -403258.99702341564, "energy_charge_savings": 1762.2704918195377, "old_demand_charge": -230194.67468515885, "new_demand_charge": -203823.72152375197, "demand_charge_savings": 26370.953161406884, "retail_profits": 28133.22365322642, "battery_charge_cost": -11875.818477606072, "battery_discharge_revenues": 13638.088969425527, "battery_retail_profits": 1762.2704918194559, "battery_export_revenue": 0.0, "total_profits": 28133.22365322634, "irr": 0.21611, "npv": 95934.46}}