{"key_params": {"location": "CA_San.Diego-Miramar.NAS.722930_TMY3", "customer_type": "Office", "demand_charge": 20, "export_price": 0.0, "export_price_type": "None", "battery_size_kWh": 300, "battery_power_kW": 150.0, "min_soc": 0.05, "max_soc": 1.0, "one_way_efficiency": 0.92, "start_soc": 0.5, "n_horizon": 24, "n_control": 12}, "savings": {"old_energy_charge": -386660.18448061927, "new_energy_charge": -385174.6796467888, "energy_charge_savings": 1485.5048338304623, "old_demand_charge": -210189.20858348085, "new_demand_charge": -189774.22381742214, "demand_charge_savings": 20414.98476605871, "retail_profits": 21900.489599889173, "battery_charge_cost": -11477.173686572678, "battery_discharge_revenues": 12962.678520403182, "battery_retail_profits": 1485.5048338305041, "battery_export_revenue": 0.0, "total_profits": 21900.489599889217, "irr": 0.15574, "npv": 56614.423}}