{"key_params": {"location": "CA_Van.Nuys", "customer_type": "School", "demand_charge": 20, "export_price": 0.0, "export_price_type": "None", "battery_size_kWh": 300, "battery_power_kW": 150.0, "min_soc": 0.05, "max_soc": 1.0, "one_way_efficiency": 0.92, "start_soc": 0.5, "n_horizon": 24, "n_control": 12}, "savings": {"old_energy_charge": -369813.1551247485, "new_energy_charge": -367983.37025455193, "energy_charge_savings": 1829.7848701965413, "old_demand_charge": -239676.73996105418, "new_demand_charge": -219940.2759231638, "demand_charge_savings": 19736.46403789037, "retail_profits": 21566.248908086913, "battery_charge_cost": -11080.10129053991, "battery_discharge_revenues": 12909.886160736494, "battery_retail_profits": 1829.784870196585, "battery_export_revenue": 0.0, "total_profits": 21566.248908086956, "irr": 0.1524, "npv": 54505.821}}