{"key_params": {"location": "CA_Alturas.725958_TMY3", "customer_type": "Restaurant", "demand_charge": 20, "export_price": 0.0, "export_price_type": "None", "battery_size_kWh": 300, "battery_power_kW": 150.0, "min_soc": 0.05, "max_soc": 1.0, "one_way_efficiency": 0.92, "start_soc": 0.5, "n_horizon": 24, "n_control": 12}, "savings": {"old_energy_charge": -448520.403047115, "new_energy_charge": -448958.55529763765, "energy_charge_savings": -438.1522505226312, "old_demand_charge": -156893.51659590064, "new_demand_charge": -136799.42842617095, "demand_charge_savings": 20094.088169729686, "retail_profits": 19655.935919207055, "battery_charge_cost": -19802.664611027623, "battery_discharge_revenues": 19364.512360505018, "battery_retail_profits": -438.15225052260575, "battery_export_revenue": 0.0, "total_profits": 19655.93591920708, "irr": 0.13308, "npv": 42454.356}}