{"key_params": {"location": "CA_Sandberg.723830_TMY3", "customer_type": "Market", "demand_charge": 20, "export_price": 0.0, "export_price_type": "None", "battery_size_kWh": 300, "battery_power_kW": 150.0, "min_soc": 0.05, "max_soc": 1.0, "one_way_efficiency": 0.92, "start_soc": 0.5, "n_horizon": 24, "n_control": 12}, "savings": {"old_energy_charge": -392363.31771729805, "new_energy_charge": -392095.26225325244, "energy_charge_savings": 268.0554640456103, "old_demand_charge": -156450.52630086427, "new_demand_charge": -139812.05745991858, "demand_charge_savings": 16638.468840945687, "retail_profits": 16906.524304991297, "battery_charge_cost": -12034.529221104369, "battery_discharge_revenues": 12302.584685149994, "battery_retail_profits": 268.05546404562483, "battery_export_revenue": 0.0, "total_profits": 16906.52430499131, "irr": 0.10435, "npv": 25109.325}}