{"key_params": {"location": "CA_Modesto.Muni", "customer_type": "Office", "demand_charge": 20, "export_price": 0.0, "export_price_type": "None", "battery_size_kWh": 300, "battery_power_kW": 150.0, "min_soc": 0.05, "max_soc": 1.0, "one_way_efficiency": 0.92, "start_soc": 0.5, "n_horizon": 24, "n_control": 12}, "savings": {"old_energy_charge": -510691.31518570863, "new_energy_charge": -509749.10738885455, "energy_charge_savings": 942.2077968540834, "old_demand_charge": -257099.27872816147, "new_demand_charge": -237256.0308342867, "demand_charge_savings": 19843.247893874766, "retail_profits": 20785.45569072885, "battery_charge_cost": -11528.491967264745, "battery_discharge_revenues": 12470.699764118754, "battery_retail_profits": 942.2077968540088, "battery_export_revenue": 0.0, "total_profits": 20785.455690728777, "irr": 0.14456, "npv": 49580.082}}