{"key_params": {"location": "CA_Long.Beach-Daugherty.Field.722970_TMY3", "customer_type": "Hospital", "demand_charge": 20, "export_price": 0.0, "export_price_type": "None", "battery_size_kWh": 300, "battery_power_kW": 150.0, "min_soc": 0.05, "max_soc": 1.0, "one_way_efficiency": 0.92, "start_soc": 0.5, "n_horizon": 24, "n_control": 12}, "savings": {"old_energy_charge": -245529.73168639015, "new_energy_charge": -245444.38471322856, "energy_charge_savings": 85.34697316159145, "old_demand_charge": -80417.12309585277, "new_demand_charge": -72550.84573375777, "demand_charge_savings": 7866.277362095003, "retail_profits": 7951.624335256594, "battery_charge_cost": -11633.944687039899, "battery_discharge_revenues": 11719.291660201521, "battery_retail_profits": 85.34697316162237, "battery_export_revenue": 0.0, "total_profits": 7951.624335256625, "irr": -0.00597, "npv": -32161.73}}