{"key_params": {"location": "CA_Red.Bluff.Muni", "customer_type": "Hotel", "demand_charge": 20, "export_price": 0.0, "export_price_type": "None", "battery_size_kWh": 300, "battery_power_kW": 150.0, "min_soc": 0.05, "max_soc": 1.0, "one_way_efficiency": 0.92, "start_soc": 0.5, "n_horizon": 24, "n_control": 12}, "savings": {"old_energy_charge": -376271.7241291669, "new_energy_charge": -373894.97455417464, "energy_charge_savings": 2376.749574992282, "old_demand_charge": -150955.79330429458, "new_demand_charge": -127464.85429399247, "demand_charge_savings": 23490.939010302114, "retail_profits": 25867.688585294396, "battery_charge_cost": -11927.687415621089, "battery_discharge_revenues": 14304.436990613374, "battery_retail_profits": 2376.7495749922855, "battery_export_revenue": 0.0, "total_profits": 25867.6885852944, "irr": 0.19451, "npv": 81642.029}}