{"key_params": {"location": "CA_Oxnard", "customer_type": "Apartment", "demand_charge": 20, "export_price": 0.0, "export_price_type": "None", "battery_size_kWh": 300, "battery_power_kW": 150.0, "min_soc": 0.05, "max_soc": 1.0, "one_way_efficiency": 0.92, "start_soc": 0.5, "n_horizon": 24, "n_control": 12}, "savings": {"old_energy_charge": -347712.68366804067, "new_energy_charge": -344949.1257364198, "energy_charge_savings": 2763.5579316208605, "old_demand_charge": -145287.85199154442, "new_demand_charge": -124487.70602586458, "demand_charge_savings": 20800.14596567984, "retail_profits": 23563.7038973007, "battery_charge_cost": -10729.564239130435, "battery_discharge_revenues": 13493.122170751287, "battery_retail_profits": 2763.5579316208514, "battery_export_revenue": 0.0, "total_profits": 23563.703897300693, "irr": 0.17216, "npv": 67107.033}}