{"key_params": {"location": "CA_San.Luis.Obispo", "customer_type": "Office", "demand_charge": 20, "export_price": 0.0, "export_price_type": "None", "battery_size_kWh": 300, "battery_power_kW": 150.0, "min_soc": 0.05, "max_soc": 1.0, "one_way_efficiency": 0.92, "start_soc": 0.5, "n_horizon": 24, "n_control": 12}, "savings": {"old_energy_charge": -400243.33978070813, "new_energy_charge": -398968.60668263334, "energy_charge_savings": 1274.7330980747938, "old_demand_charge": -226678.9278727058, "new_demand_charge": -201232.0289086091, "demand_charge_savings": 25446.898964096705, "retail_profits": 26721.6320621715, "battery_charge_cost": -12286.600268919241, "battery_discharge_revenues": 13561.333366993988, "battery_retail_profits": 1274.7330980747465, "battery_export_revenue": 0.0, "total_profits": 26721.63206217145, "irr": 0.20269, "npv": 87029.246}}