{"key_params": {"location": "CA_Needles", "customer_type": "Office", "demand_charge": 20, "export_price": 0.0, "export_price_type": "None", "battery_size_kWh": 300, "battery_power_kW": 150.0, "min_soc": 0.05, "max_soc": 1.0, "one_way_efficiency": 0.92, "start_soc": 0.5, "n_horizon": 24, "n_control": 12}, "savings": {"old_energy_charge": -448320.3790319193, "new_energy_charge": -446172.7476437645, "energy_charge_savings": 2147.631388154812, "old_demand_charge": -255289.405165229, "new_demand_charge": -233721.3843046815, "demand_charge_savings": 21568.02086054749, "retail_profits": 23715.652248702303, "battery_charge_cost": -10964.774512110109, "battery_discharge_revenues": 13112.405900264941, "battery_retail_profits": 2147.631388154832, "battery_export_revenue": 0.0, "total_profits": 23715.652248702325, "irr": 0.17365, "npv": 68065.62}}