{"key_params": {"location": "CA_Beale.AFB.724837_TMY3", "customer_type": "Hotel", "demand_charge": 20, "export_price": 0.0, "export_price_type": "None", "battery_size_kWh": 300, "battery_power_kW": 150.0, "min_soc": 0.05, "max_soc": 1.0, "one_way_efficiency": 0.92, "start_soc": 0.5, "n_horizon": 24, "n_control": 12}, "savings": {"old_energy_charge": -377756.0284625488, "new_energy_charge": -375383.07554638514, "energy_charge_savings": 2372.95291616366, "old_demand_charge": -152303.68463918637, "new_demand_charge": -129310.84754229945, "demand_charge_savings": 22992.837096886913, "retail_profits": 25365.790013050573, "battery_charge_cost": -11860.908510224615, "battery_discharge_revenues": 14233.861426388336, "battery_retail_profits": 2372.95291616372, "battery_export_revenue": 0.0, "total_profits": 25365.79001305063, "irr": 0.18968, "npv": 78475.735}}