{"key_params": {"location": "CA_San.Diego-Miramar.NAS.722930_TMY3", "customer_type": "School", "demand_charge": 20, "export_price": 0.0, "export_price_type": "None", "battery_size_kWh": 300, "battery_power_kW": 150.0, "min_soc": 0.05, "max_soc": 1.0, "one_way_efficiency": 0.92, "start_soc": 0.5, "n_horizon": 24, "n_control": 12}, "savings": {"old_energy_charge": -583958.881917469, "new_energy_charge": -582132.1344229397, "energy_charge_savings": 1826.7474945292342, "old_demand_charge": -372148.53319541673, "new_demand_charge": -351841.30474365945, "demand_charge_savings": 20307.228451757284, "retail_profits": 22133.97594628652, "battery_charge_cost": -11228.748080851155, "battery_discharge_revenues": 13055.49557538037, "battery_retail_profits": 1826.7474945292142, "battery_export_revenue": 0.0, "total_profits": 22133.975946286497, "irr": 0.15806, "npv": 58087.403}}