{"key_params": {"location": "CA_San.Jose.Intl", "customer_type": "Hotel", "demand_charge": 20, "export_price": 0.0, "export_price_type": "None", "battery_size_kWh": 300, "battery_power_kW": 150.0, "min_soc": 0.05, "max_soc": 1.0, "one_way_efficiency": 0.92, "start_soc": 0.5, "n_horizon": 24, "n_control": 12}, "savings": {"old_energy_charge": -348613.89933278284, "new_energy_charge": -346368.2442356281, "energy_charge_savings": 2245.655097154726, "old_demand_charge": -128561.69418005817, "new_demand_charge": -105512.68963315658, "demand_charge_savings": 23049.00454690159, "retail_profits": 25294.659644056315, "battery_charge_cost": -12723.696259018876, "battery_discharge_revenues": 14969.351356173529, "battery_retail_profits": 2245.655097154653, "battery_export_revenue": 0.0, "total_profits": 25294.659644056243, "irr": 0.18899, "npv": 78026.999}}