{"key_params": {"location": "CA_Ukiah.Muni", "customer_type": "Restaurant", "demand_charge": 20, "export_price": 0.0, "export_price_type": "None", "battery_size_kWh": 300, "battery_power_kW": 150.0, "min_soc": 0.05, "max_soc": 1.0, "one_way_efficiency": 0.92, "start_soc": 0.5, "n_horizon": 24, "n_control": 12}, "savings": {"old_energy_charge": -449003.54229885485, "new_energy_charge": -448605.0131222556, "energy_charge_savings": 398.5291765992297, "old_demand_charge": -163520.60135922884, "new_demand_charge": -143460.67454905927, "demand_charge_savings": 20059.926810169563, "retail_profits": 20458.455986768793, "battery_charge_cost": -17216.8021029545, "battery_discharge_revenues": 17615.331279553753, "battery_retail_profits": 398.5291765992515, "battery_export_revenue": 0.0, "total_profits": 20458.455986768815, "irr": 0.14125, "npv": 47517.161}}