{"key_params": {"location": "CA_Sandberg.723830_TMY3", "customer_type": "Office", "demand_charge": 20, "export_price": 0.0, "export_price_type": "None", "battery_size_kWh": 300, "battery_power_kW": 150.0, "min_soc": 0.05, "max_soc": 1.0, "one_way_efficiency": 0.92, "start_soc": 0.5, "n_horizon": 24, "n_control": 12}, "savings": {"old_energy_charge": -392668.2031341276, "new_energy_charge": -391091.02674215083, "energy_charge_savings": 1577.176391976769, "old_demand_charge": -230127.1748814944, "new_demand_charge": -204437.95851842006, "demand_charge_savings": 25689.216363074345, "retail_profits": 27266.392755051114, "battery_charge_cost": -11730.502597144237, "battery_discharge_revenues": 13307.678989121034, "battery_retail_profits": 1577.1763919767964, "battery_export_revenue": 0.0, "total_profits": 27266.392755051143, "irr": 0.20788, "npv": 90465.941}}