{"key_params": {"location": "CA_Fullerton.Muni", "customer_type": "School", "demand_charge": 20, "export_price": 0.0, "export_price_type": "None", "battery_size_kWh": 300, "battery_power_kW": 150.0, "min_soc": 0.05, "max_soc": 1.0, "one_way_efficiency": 0.92, "start_soc": 0.5, "n_horizon": 24, "n_control": 12}, "savings": {"old_energy_charge": -362797.5794474793, "new_energy_charge": -360933.2964995101, "energy_charge_savings": 1864.2829479691572, "old_demand_charge": -220426.37046904664, "new_demand_charge": -201704.5038125184, "demand_charge_savings": 18721.866656528233, "retail_profits": 20586.14960449739, "battery_charge_cost": -11042.34960568641, "battery_discharge_revenues": 12906.632553655601, "battery_retail_profits": 1864.2829479691918, "battery_export_revenue": 0.0, "total_profits": 20586.149604497426, "irr": 0.14254, "npv": 48322.733}}