{"key_params": {"location": "CA_Lompoc.AWOS.722895_TMY3", "customer_type": "Office", "demand_charge": 20, "export_price": 0.0, "export_price_type": "None", "battery_size_kWh": 300, "battery_power_kW": 150.0, "min_soc": 0.05, "max_soc": 1.0, "one_way_efficiency": 0.92, "start_soc": 0.5, "n_horizon": 24, "n_control": 12}, "savings": {"old_energy_charge": -395750.6521597816, "new_energy_charge": -394257.3553858348, "energy_charge_savings": 1493.2967739467858, "old_demand_charge": -227305.17007198246, "new_demand_charge": -200549.89893126726, "demand_charge_savings": 26755.271140715195, "retail_profits": 28248.56791466198, "battery_charge_cost": -12139.848593359362, "battery_discharge_revenues": 13633.145367306106, "battery_retail_profits": 1493.296773946744, "battery_export_revenue": 0.0, "total_profits": 28248.567914661937, "irr": 0.2172, "npv": 96662.125}}