{"key_params": {"location": "CA_Yuba.County", "customer_type": "Hospital", "demand_charge": 20, "export_price": 0.0, "export_price_type": "None", "battery_size_kWh": 300, "battery_power_kW": 150.0, "min_soc": 0.05, "max_soc": 1.0, "one_way_efficiency": 0.92, "start_soc": 0.5, "n_horizon": 24, "n_control": 12}, "savings": {"old_energy_charge": -245473.06321705226, "new_energy_charge": -245372.64492932073, "energy_charge_savings": 100.41828773153247, "old_demand_charge": -80892.82299548892, "new_demand_charge": -72800.97963405277, "demand_charge_savings": 8091.843361436157, "retail_profits": 8192.261649167689, "battery_charge_cost": -11638.835678591187, "battery_discharge_revenues": 11739.253966322707, "battery_retail_profits": 100.41828773151974, "battery_export_revenue": 0.0, "total_profits": 8192.261649167676, "irr": -0.00207, "npv": -30498.771}}