{"key_params": {"location": "CA_Palm.Springs-Thermal", "customer_type": "Hotel", "demand_charge": 20, "export_price": 0.0, "export_price_type": "None", "battery_size_kWh": 300, "battery_power_kW": 150.0, "min_soc": 0.05, "max_soc": 1.0, "one_way_efficiency": 0.92, "start_soc": 0.5, "n_horizon": 24, "n_control": 12}, "savings": {"old_energy_charge": -310041.5502906296, "new_energy_charge": -307765.5018537529, "energy_charge_savings": 2276.0484368767357, "old_demand_charge": -111300.02957289669, "new_demand_charge": -89686.4969956265, "demand_charge_savings": 21613.53257727019, "retail_profits": 23889.581014146926, "battery_charge_cost": -12439.048250087206, "battery_discharge_revenues": 14715.096686963923, "battery_retail_profits": 2276.0484368767175, "battery_export_revenue": 0.0, "total_profits": 23889.58101414691, "irr": 0.17535, "npv": 69162.873}}