{"key_params": {"location": "CA_Stockton.Metro", "customer_type": "Apartment", "demand_charge": 20, "export_price": 0.0, "export_price_type": "None", "battery_size_kWh": 300, "battery_power_kW": 150.0, "min_soc": 0.05, "max_soc": 1.0, "one_way_efficiency": 0.92, "start_soc": 0.5, "n_horizon": 24, "n_control": 12}, "savings": {"old_energy_charge": -354154.9990866502, "new_energy_charge": -351392.9051141271, "energy_charge_savings": 2762.0939725231146, "old_demand_charge": -157951.8825325986, "new_demand_charge": -137347.5693181893, "demand_charge_savings": 20604.31321440931, "retail_profits": 23366.407186932425, "battery_charge_cost": -10729.564239130434, "battery_discharge_revenues": 13491.658211653548, "battery_retail_profits": 2762.0939725231146, "battery_export_revenue": 0.0, "total_profits": 23366.407186932425, "irr": 0.17023, "npv": 65862.36}}