{"key_params": {"location": "CA_Santa.Barbara.Muni", "customer_type": "Office", "demand_charge": 20, "export_price": 0.0, "export_price_type": "None", "battery_size_kWh": 300, "battery_power_kW": 150.0, "min_soc": 0.05, "max_soc": 1.0, "one_way_efficiency": 0.92, "start_soc": 0.5, "n_horizon": 24, "n_control": 12}, "savings": {"old_energy_charge": -519800.996659042, "new_energy_charge": -518897.3092170569, "energy_charge_savings": 903.6874419851229, "old_demand_charge": -259536.89497186837, "new_demand_charge": -241292.44938655576, "demand_charge_savings": 18244.445585312613, "retail_profits": 19148.133027297736, "battery_charge_cost": -11695.10200331932, "battery_discharge_revenues": 12598.789445304403, "battery_retail_profits": 903.6874419850828, "battery_export_revenue": 0.0, "total_profits": 19148.133027297696, "irr": 0.12786, "npv": 39250.813}}