{"key_params": {"location": "CA_Santa.Barbara.Muni", "customer_type": "Restaurant", "demand_charge": 20, "export_price": 0.0, "export_price_type": "None", "battery_size_kWh": 300, "battery_power_kW": 150.0, "min_soc": 0.05, "max_soc": 1.0, "one_way_efficiency": 0.92, "start_soc": 0.5, "n_horizon": 24, "n_control": 12}, "savings": {"old_energy_charge": -456602.59603366203, "new_energy_charge": -455832.6654301536, "energy_charge_savings": 769.9306035084301, "old_demand_charge": -159805.31271337968, "new_demand_charge": -137468.01662078482, "demand_charge_savings": 22337.296092594857, "retail_profits": 23107.226696103287, "battery_charge_cost": -15886.720522710642, "battery_discharge_revenues": 16656.651126219043, "battery_retail_profits": 769.930603508401, "battery_export_revenue": 0.0, "total_profits": 23107.22669610326, "irr": 0.16768, "npv": 64227.286}}