{"key_params": {"location": "CA_Lemoore.NAS.747020_TMY3", "customer_type": "Hotel", "demand_charge": 20, "export_price": 0.0, "export_price_type": "None", "battery_size_kWh": 300, "battery_power_kW": 150.0, "min_soc": 0.05, "max_soc": 1.0, "one_way_efficiency": 0.92, "start_soc": 0.5, "n_horizon": 24, "n_control": 12}, "savings": {"old_energy_charge": -380844.3869446951, "new_energy_charge": -378410.80846549245, "energy_charge_savings": 2433.578479202639, "old_demand_charge": -155201.95007802703, "new_demand_charge": -131173.49567810338, "demand_charge_savings": 24028.45439992365, "retail_profits": 26462.032879126287, "battery_charge_cost": -11600.45636163084, "battery_discharge_revenues": 14034.034840833545, "battery_retail_profits": 2433.5784792027043, "battery_export_revenue": 0.0, "total_profits": 26462.032879126353, "irr": 0.20021, "npv": 85391.529}}