{"key_params": {"location": "CA_Santa.Ana-John.Wayne", "customer_type": "Office", "demand_charge": 20, "export_price": 0.0, "export_price_type": "None", "battery_size_kWh": 300, "battery_power_kW": 150.0, "min_soc": 0.05, "max_soc": 1.0, "one_way_efficiency": 0.92, "start_soc": 0.5, "n_horizon": 24, "n_control": 12}, "savings": {"old_energy_charge": -306250.7408069425, "new_energy_charge": -305143.3290518754, "energy_charge_savings": 1107.4117550671217, "old_demand_charge": -155689.47594177583, "new_demand_charge": -141986.3519074805, "demand_charge_savings": 13703.124034295324, "retail_profits": 14810.535789362446, "battery_charge_cost": -11506.11575222129, "battery_discharge_revenues": 12613.527507288414, "battery_retail_profits": 1107.4117550671235, "battery_export_revenue": 0.0, "total_profits": 14810.535789362448, "irr": 0.08149, "npv": 11886.501}}