{"key_params": {"location": "CA_San.Diego-Lindbergh.Field.722900_TMY3", "customer_type": "Restaurant", "demand_charge": 20, "export_price": 0.0, "export_price_type": "None", "battery_size_kWh": 300, "battery_power_kW": 150.0, "min_soc": 0.05, "max_soc": 1.0, "one_way_efficiency": 0.92, "start_soc": 0.5, "n_horizon": 24, "n_control": 12}, "savings": {"old_energy_charge": -436641.73970466526, "new_energy_charge": -436232.7450862724, "energy_charge_savings": 408.9946183928405, "old_demand_charge": -152160.24526865734, "new_demand_charge": -132886.249146915, "demand_charge_savings": 19273.996121742326, "retail_profits": 19682.990740135167, "battery_charge_cost": -17058.00170747981, "battery_discharge_revenues": 17466.99632587269, "battery_retail_profits": 408.9946183928805, "battery_export_revenue": 0.0, "total_profits": 19682.990740135207, "irr": 0.13336, "npv": 42625.035}}