{"key_params": {"location": "CA_Concord-Buchanan.Field.724936_TMY3", "customer_type": "School", "demand_charge": 20, "export_price": 0.0, "export_price_type": "None", "battery_size_kWh": 300, "battery_power_kW": 150.0, "min_soc": 0.05, "max_soc": 1.0, "one_way_efficiency": 0.92, "start_soc": 0.5, "n_horizon": 24, "n_control": 12}, "savings": {"old_energy_charge": -554715.6252833332, "new_energy_charge": -552542.4615322334, "energy_charge_savings": 2173.1637510998407, "old_demand_charge": -387017.451427737, "new_demand_charge": -360595.3454250017, "demand_charge_savings": 26422.106002735323, "retail_profits": 28595.269753835164, "battery_charge_cost": -10852.493856974535, "battery_discharge_revenues": 13025.657608074238, "battery_retail_profits": 2173.1637510997025, "battery_export_revenue": 0.0, "total_profits": 28595.269753835026, "irr": 0.22047, "npv": 98849.34}}