{"key_params": {"location": "CA_San.Diego-North.Island.NAS.722906_TMY3", "customer_type": "Apartment", "demand_charge": 20, "export_price": 0.0, "export_price_type": "None", "battery_size_kWh": 300, "battery_power_kW": 150.0, "min_soc": 0.05, "max_soc": 1.0, "one_way_efficiency": 0.92, "start_soc": 0.5, "n_horizon": 24, "n_control": 12}, "savings": {"old_energy_charge": -339178.00428035157, "new_energy_charge": -336413.712963482, "energy_charge_savings": 2764.2913168695522, "old_demand_charge": -144066.37560121427, "new_demand_charge": -122688.7115297693, "demand_charge_savings": 21377.664071444975, "retail_profits": 24141.955388314527, "battery_charge_cost": -10729.564239130435, "battery_discharge_revenues": 13493.855556000002, "battery_retail_profits": 2764.291316869567, "battery_export_revenue": 0.0, "total_profits": 24141.95538831454, "irr": 0.17781, "npv": 70755.01}}