{"key_params": {"location": "CA_Bakersfield-Meadows.Field.723840_TMY3", "customer_type": "Office", "demand_charge": 20, "export_price": 0.0, "export_price_type": "None", "battery_size_kWh": 300, "battery_power_kW": 150.0, "min_soc": 0.05, "max_soc": 1.0, "one_way_efficiency": 0.92, "start_soc": 0.5, "n_horizon": 24, "n_control": 12}, "savings": {"old_energy_charge": -518098.4060754562, "new_energy_charge": -517037.3468609836, "energy_charge_savings": 1061.059214472596, "old_demand_charge": -258407.9685612423, "new_demand_charge": -236508.2276306176, "demand_charge_savings": 21899.740930624714, "retail_profits": 22960.80014509731, "battery_charge_cost": -11792.788583136089, "battery_discharge_revenues": 12853.847797608727, "battery_retail_profits": 1061.059214472638, "battery_export_revenue": 0.0, "total_profits": 22960.800145097353, "irr": 0.16624, "npv": 63303.534}}