{"key_params": {"location": "CA_Arcata", "customer_type": "Office", "demand_charge": 20, "export_price": 0.0, "export_price_type": "None", "battery_size_kWh": 300, "battery_power_kW": 150.0, "min_soc": 0.05, "max_soc": 1.0, "one_way_efficiency": 0.92, "start_soc": 0.5, "n_horizon": 24, "n_control": 12}, "savings": {"old_energy_charge": -372261.7790527721, "new_energy_charge": -370317.83155483124, "energy_charge_savings": 1943.947497940855, "old_demand_charge": -215986.1778692041, "new_demand_charge": -188621.61283017558, "demand_charge_savings": 27364.56503902853, "retail_profits": 29308.512536969385, "battery_charge_cost": -12065.447877141834, "battery_discharge_revenues": 14009.39537508266, "battery_retail_profits": 1943.947497940826, "battery_export_revenue": 0.0, "total_profits": 29308.512536969356, "irr": 0.22719, "npv": 103348.927}}