{"key_params": {"location": "CA_Napa.County", "customer_type": "Apartment", "demand_charge": 20, "export_price": 0.0, "export_price_type": "None", "battery_size_kWh": 300, "battery_power_kW": 150.0, "min_soc": 0.05, "max_soc": 1.0, "one_way_efficiency": 0.92, "start_soc": 0.5, "n_horizon": 24, "n_control": 12}, "savings": {"old_energy_charge": -344510.81051688205, "new_energy_charge": -341753.18686038937, "energy_charge_savings": 2757.6236564926803, "old_demand_charge": -154424.91936646518, "new_demand_charge": -132717.3617292477, "demand_charge_savings": 21707.557637217484, "retail_profits": 24465.181293710164, "battery_charge_cost": -10729.564239130435, "battery_discharge_revenues": 13487.187895623112, "battery_retail_profits": 2757.6236564926767, "battery_export_revenue": 0.0, "total_profits": 24465.18129371016, "irr": 0.18096, "npv": 72794.124}}