{"key_params": {"location": "CA_Modesto.Muni", "customer_type": "Apartment", "demand_charge": 20, "export_price": 0.0, "export_price_type": "None", "battery_size_kWh": 300, "battery_power_kW": 150.0, "min_soc": 0.05, "max_soc": 1.0, "one_way_efficiency": 0.92, "start_soc": 0.5, "n_horizon": 24, "n_control": 12}, "savings": {"old_energy_charge": -352412.8805419606, "new_energy_charge": -349649.07241953025, "energy_charge_savings": 2763.808122430346, "old_demand_charge": -156302.92242714463, "new_demand_charge": -135517.45427036, "demand_charge_savings": 20785.468156784627, "retail_profits": 23549.276279214973, "battery_charge_cost": -10729.564239130435, "battery_discharge_revenues": 13493.372361560776, "battery_retail_profits": 2763.8081224303405, "battery_export_revenue": 0.0, "total_profits": 23549.276279214966, "irr": 0.17202, "npv": 67016.015}}