{"key_params": {"location": "CA_Carlsbad.722927_TMY3", "customer_type": "School", "demand_charge": 20, "export_price": 0.0, "export_price_type": "None", "battery_size_kWh": 300, "battery_power_kW": 150.0, "min_soc": 0.05, "max_soc": 1.0, "one_way_efficiency": 0.92, "start_soc": 0.5, "n_horizon": 24, "n_control": 12}, "savings": {"old_energy_charge": -554925.0934752364, "new_energy_charge": -553190.6587788558, "energy_charge_savings": 1734.434696380631, "old_demand_charge": -355274.4898223394, "new_demand_charge": -335403.1949652239, "demand_charge_savings": 19871.294857115485, "retail_profits": 21605.729553496116, "battery_charge_cost": -11113.64637484605, "battery_discharge_revenues": 12848.081071226701, "battery_retail_profits": 1734.434696380651, "battery_export_revenue": 0.0, "total_profits": 21605.729553496138, "irr": 0.1528, "npv": 54754.89}}