{"key_params": {"location": "CA_Fairfield-Travis.AFB.745160_TMY3", "customer_type": "Hotel", "demand_charge": 20, "export_price": 0.0, "export_price_type": "None", "battery_size_kWh": 300, "battery_power_kW": 150.0, "min_soc": 0.05, "max_soc": 1.0, "one_way_efficiency": 0.92, "start_soc": 0.5, "n_horizon": 24, "n_control": 12}, "savings": {"old_energy_charge": -376788.62630433333, "new_energy_charge": -374452.04358663404, "energy_charge_savings": 2336.58271769929, "old_demand_charge": -150624.33013991913, "new_demand_charge": -127382.32568343106, "demand_charge_savings": 23242.004456488066, "retail_profits": 25578.587174187356, "battery_charge_cost": -12055.673559846746, "battery_discharge_revenues": 14392.256277546056, "battery_retail_profits": 2336.58271769931, "battery_export_revenue": 0.0, "total_profits": 25578.587174187378, "irr": 0.19173, "npv": 79818.194}}