{"key_params": {"location": "CA_Montague-Siskiyou.County", "customer_type": "Restaurant", "demand_charge": 20, "export_price": 0.0, "export_price_type": "None", "battery_size_kWh": 300, "battery_power_kW": 150.0, "min_soc": 0.05, "max_soc": 1.0, "one_way_efficiency": 0.92, "start_soc": 0.5, "n_horizon": 24, "n_control": 12}, "savings": {"old_energy_charge": -446513.86279793316, "new_energy_charge": -446330.05040283035, "energy_charge_savings": 183.81239510281011, "old_demand_charge": -156344.7006083987, "new_demand_charge": -134568.78401056476, "demand_charge_savings": 21775.916597833944, "retail_profits": 21959.728992936754, "battery_charge_cost": -18381.458783442966, "battery_discharge_revenues": 18565.271178545838, "battery_retail_profits": 183.81239510287196, "battery_export_revenue": 0.0, "total_profits": 21959.728992936816, "irr": 0.15633, "npv": 56988.143}}