{"key_params": {"location": "CA_Needles", "customer_type": "Hotel", "demand_charge": 20, "export_price": 0.0, "export_price_type": "None", "battery_size_kWh": 300, "battery_power_kW": 150.0, "min_soc": 0.05, "max_soc": 1.0, "one_way_efficiency": 0.92, "start_soc": 0.5, "n_horizon": 24, "n_control": 12}, "savings": {"old_energy_charge": -364730.0341733376, "new_energy_charge": -362266.83351499814, "energy_charge_savings": 2463.200658339483, "old_demand_charge": -141527.66561266148, "new_demand_charge": -119508.12140721516, "demand_charge_savings": 22019.54420544632, "retail_profits": 24482.744863785803, "battery_charge_cost": -11522.133460351497, "battery_discharge_revenues": 13985.334118691004, "battery_retail_profits": 2463.200658339507, "battery_export_revenue": 0.0, "total_profits": 24482.744863785825, "irr": 0.18113, "npv": 72904.926}}