{"key_params": {"location": "CA_San.Diego-Montgomery.Field.722903_TMY3", "customer_type": "Office", "demand_charge": 20, "export_price": 0.0, "export_price_type": "None", "battery_size_kWh": 300, "battery_power_kW": 150.0, "min_soc": 0.05, "max_soc": 1.0, "one_way_efficiency": 0.92, "start_soc": 0.5, "n_horizon": 24, "n_control": 12}, "savings": {"old_energy_charge": -381898.79826150974, "new_energy_charge": -380577.2579456674, "energy_charge_savings": 1321.5403158423142, "old_demand_charge": -206830.63176461804, "new_demand_charge": -187695.18329947552, "demand_charge_savings": 19135.448465142515, "retail_profits": 20456.98878098483, "battery_charge_cost": -11634.054063825355, "battery_discharge_revenues": 12955.594379667657, "battery_retail_profits": 1321.5403158423014, "battery_export_revenue": 0.0, "total_profits": 20456.988780984815, "irr": 0.14124, "npv": 47507.905}}