{"key_params": {"location": "CA_San.Luis.Obispo", "customer_type": "Hotel", "demand_charge": 20, "export_price": 0.0, "export_price_type": "None", "battery_size_kWh": 300, "battery_power_kW": 150.0, "min_soc": 0.05, "max_soc": 1.0, "one_way_efficiency": 0.92, "start_soc": 0.5, "n_horizon": 24, "n_control": 12}, "savings": {"old_energy_charge": -380403.9917264596, "new_energy_charge": -378132.1398212514, "energy_charge_savings": 2271.8519052081974, "old_demand_charge": -150848.40081212024, "new_demand_charge": -125464.91811796806, "demand_charge_savings": 25383.482694152175, "retail_profits": 27655.334599360373, "battery_charge_cost": -12669.40381016563, "battery_discharge_revenues": 14941.255715373827, "battery_retail_profits": 2271.8519052081974, "battery_export_revenue": 0.0, "total_profits": 27655.334599360373, "irr": 0.21158, "npv": 92919.633}}