{"key_params": {"location": "CA_Camarillo.AWOS.723926_TMY3", "customer_type": "Restaurant", "demand_charge": 20, "export_price": 0.0, "export_price_type": "None", "battery_size_kWh": 300, "battery_power_kW": 150.0, "min_soc": 0.05, "max_soc": 1.0, "one_way_efficiency": 0.92, "start_soc": 0.5, "n_horizon": 24, "n_control": 12}, "savings": {"old_energy_charge": -436250.61751631444, "new_energy_charge": -436449.2925766946, "energy_charge_savings": -198.675060380192, "old_demand_charge": -159213.21217479958, "new_demand_charge": -137900.8586707253, "demand_charge_savings": 21312.35350407427, "retail_profits": 21113.67844369408, "battery_charge_cost": -18303.43801225829, "battery_discharge_revenues": 18104.762951878136, "battery_retail_profits": -198.67506038015563, "battery_export_revenue": 0.0, "total_profits": 21113.678443694116, "irr": 0.14786, "npv": 51650.72}}