{"key_params": {"location": "CA_Alturas.725958_TMY3", "customer_type": "Office", "demand_charge": 20, "export_price": 0.0, "export_price_type": "None", "battery_size_kWh": 300, "battery_power_kW": 150.0, "min_soc": 0.05, "max_soc": 1.0, "one_way_efficiency": 0.92, "start_soc": 0.5, "n_horizon": 24, "n_control": 12}, "savings": {"old_energy_charge": -406879.2444196547, "new_energy_charge": -404623.40506906045, "energy_charge_savings": 2255.839350594266, "old_demand_charge": -272801.6227643262, "new_demand_charge": -239547.83724960432, "demand_charge_savings": 33253.78551472191, "retail_profits": 35509.624865316175, "battery_charge_cost": -11919.131290358364, "battery_discharge_revenues": 14174.970640952604, "battery_retail_profits": 2255.8393505942404, "battery_export_revenue": 0.0, "total_profits": 35509.624865316146, "irr": 0.28462, "npv": 142469.474}}