{"key_params": {"location": "CA_Arcata", "customer_type": "Hospital", "demand_charge": 20, "export_price": 0.0, "export_price_type": "None", "battery_size_kWh": 300, "battery_power_kW": 150.0, "min_soc": 0.05, "max_soc": 1.0, "one_way_efficiency": 0.92, "start_soc": 0.5, "n_horizon": 24, "n_control": 12}, "savings": {"old_energy_charge": -251968.0816116774, "new_energy_charge": -252076.36697915362, "energy_charge_savings": -108.28536747623002, "old_demand_charge": -82586.26873920183, "new_demand_charge": -74835.60483809849, "demand_charge_savings": 7750.66390110334, "retail_profits": 7642.37853362711, "battery_charge_cost": -11662.756718197092, "battery_discharge_revenues": 11554.471350720858, "battery_retail_profits": -108.28536747623366, "battery_export_revenue": 0.0, "total_profits": 7642.378533627107, "irr": -0.01115, "npv": -34332.347}}