{"key_params": {"location": "CA_Fullerton.Muni", "customer_type": "Apartment", "demand_charge": 20, "export_price": 0.0, "export_price_type": "None", "battery_size_kWh": 300, "battery_power_kW": 150.0, "min_soc": 0.05, "max_soc": 1.0, "one_way_efficiency": 0.92, "start_soc": 0.5, "n_horizon": 24, "n_control": 12}, "savings": {"old_energy_charge": -348185.31604114256, "new_energy_charge": -345421.7309102158, "energy_charge_savings": 2763.5851309267455, "old_demand_charge": -148552.14181591594, "new_demand_charge": -128097.61245601367, "demand_charge_savings": 20454.52935990227, "retail_profits": 23218.114490829015, "battery_charge_cost": -10729.564239130437, "battery_discharge_revenues": 13493.149370057188, "battery_retail_profits": 2763.585130926751, "battery_export_revenue": 0.0, "total_profits": 23218.114490829023, "irr": 0.16877, "npv": 64926.836}}