{"key_params": {"location": "CA_Chino", "customer_type": "School", "demand_charge": 20, "export_price": 0.0, "export_price_type": "None", "battery_size_kWh": 300, "battery_power_kW": 150.0, "min_soc": 0.05, "max_soc": 1.0, "one_way_efficiency": 0.92, "start_soc": 0.5, "n_horizon": 24, "n_control": 12}, "savings": {"old_energy_charge": -619224.9446570834, "new_energy_charge": -617320.5999694165, "energy_charge_savings": 1904.3446876668604, "old_demand_charge": -398081.1181609692, "new_demand_charge": -378738.7990753803, "demand_charge_savings": 19342.31908558891, "retail_profits": 21246.663773255772, "battery_charge_cost": -10977.170771632167, "battery_discharge_revenues": 12881.515459298986, "battery_retail_profits": 1904.3446876668186, "battery_export_revenue": 0.0, "total_profits": 21246.66377325573, "irr": 0.1492, "npv": 52489.675}}