{"key_params": {"location": "CA_Crescent.City-Jack.McNamara.Field.725946_TMY3", "customer_type": "Hotel", "demand_charge": 20, "export_price": 0.0, "export_price_type": "None", "battery_size_kWh": 300, "battery_power_kW": 150.0, "min_soc": 0.05, "max_soc": 1.0, "one_way_efficiency": 0.92, "start_soc": 0.5, "n_horizon": 24, "n_control": 12}, "savings": {"old_energy_charge": -351856.32466969395, "new_energy_charge": -349655.29987011134, "energy_charge_savings": 2201.0247995826066, "old_demand_charge": -130549.86897909541, "new_demand_charge": -107053.71486661967, "demand_charge_savings": 23496.154112475735, "retail_profits": 25697.17891205834, "battery_charge_cost": -12926.894801947952, "battery_discharge_revenues": 15127.91960153058, "battery_retail_profits": 2201.0247995826285, "battery_export_revenue": 0.0, "total_profits": 25697.178912058363, "irr": 0.19287, "npv": 80566.346}}