{"key_params": {"location": "CA_Santa.Monica.Muni", "customer_type": "Apartment", "demand_charge": 20, "export_price": 0.0, "export_price_type": "None", "battery_size_kWh": 300, "battery_power_kW": 150.0, "min_soc": 0.05, "max_soc": 1.0, "one_way_efficiency": 0.92, "start_soc": 0.5, "n_horizon": 24, "n_control": 12}, "savings": {"old_energy_charge": -341998.4459357267, "new_energy_charge": -339234.15461885714, "energy_charge_savings": 2764.2913168695522, "old_demand_charge": -145398.5794177674, "new_demand_charge": -124636.50054103376, "demand_charge_savings": 20762.07887673365, "retail_profits": 23526.3701936032, "battery_charge_cost": -10729.564239130434, "battery_discharge_revenues": 13493.855556000002, "battery_retail_profits": 2764.2913168695686, "battery_export_revenue": 0.0, "total_profits": 23526.370193603216, "irr": 0.1718, "npv": 66871.508}}