{"key_params": {"location": "CA_Imperial.County", "customer_type": "School", "demand_charge": 20, "export_price": 0.0, "export_price_type": "None", "battery_size_kWh": 300, "battery_power_kW": 150.0, "min_soc": 0.05, "max_soc": 1.0, "one_way_efficiency": 0.92, "start_soc": 0.5, "n_horizon": 24, "n_control": 12}, "savings": {"old_energy_charge": -815448.0312249378, "new_energy_charge": -813742.0357025805, "energy_charge_savings": 1705.9955223572906, "old_demand_charge": -432646.0990989372, "new_demand_charge": -413879.4467492773, "demand_charge_savings": 18766.652349659882, "retail_profits": 20472.647872017173, "battery_charge_cost": -10966.071263865852, "battery_discharge_revenues": 12672.06678622313, "battery_retail_profits": 1705.9955223572779, "battery_export_revenue": 0.0, "total_profits": 20472.647872017158, "irr": 0.1414, "npv": 47606.692}}