{"key_params": {"location": "CA_Los.Angeles.Intl", "customer_type": "Hospital", "demand_charge": 20, "export_price": 0.0, "export_price_type": "None", "battery_size_kWh": 300, "battery_power_kW": 150.0, "min_soc": 0.05, "max_soc": 1.0, "one_way_efficiency": 0.92, "start_soc": 0.5, "n_horizon": 24, "n_control": 12}, "savings": {"old_energy_charge": -244663.31417139943, "new_energy_charge": -244543.97574314382, "energy_charge_savings": 119.33842825560714, "old_demand_charge": -79679.27009056778, "new_demand_charge": -72013.33394823728, "demand_charge_savings": 7665.9361423304945, "retail_profits": 7785.274570586102, "battery_charge_cost": -11634.005127217046, "battery_discharge_revenues": 11753.343555472673, "battery_retail_profits": 119.33842825562715, "battery_export_revenue": 0.0, "total_profits": 7785.274570586122, "irr": -0.00873, "npv": -33326.409}}