{"key_params": {"location": "CA_Van.Nuys", "customer_type": "Hotel", "demand_charge": 20, "export_price": 0.0, "export_price_type": "None", "battery_size_kWh": 300, "battery_power_kW": 150.0, "min_soc": 0.05, "max_soc": 1.0, "one_way_efficiency": 0.92, "start_soc": 0.5, "n_horizon": 24, "n_control": 12}, "savings": {"old_energy_charge": -376392.82366675534, "new_energy_charge": -373992.4907153086, "energy_charge_savings": 2400.3329514467623, "old_demand_charge": -149796.25240983162, "new_demand_charge": -127342.21512210382, "demand_charge_savings": 22454.0372877278, "retail_profits": 24854.37023917456, "battery_charge_cost": -11807.644677191704, "battery_discharge_revenues": 14207.977628638444, "battery_retail_profits": 2400.3329514467405, "battery_export_revenue": 0.0, "total_profits": 24854.37023917454, "irr": 0.18473, "npv": 75249.374}}