{"key_params": {"location": "CA_Blythe-Riverside.County", "customer_type": "Office", "demand_charge": 20, "export_price": 0.0, "export_price_type": "None", "battery_size_kWh": 300, "battery_power_kW": 150.0, "min_soc": 0.05, "max_soc": 1.0, "one_way_efficiency": 0.92, "start_soc": 0.5, "n_horizon": 24, "n_control": 12}, "savings": {"old_energy_charge": -347189.46544823324, "new_energy_charge": -346156.4315968273, "energy_charge_savings": 1033.033851405955, "old_demand_charge": -176637.29825106967, "new_demand_charge": -159492.58793093654, "demand_charge_savings": 17144.710320133134, "retail_profits": 18177.74417153909, "battery_charge_cost": -11407.059163978452, "battery_discharge_revenues": 12440.093015384393, "battery_retail_profits": 1033.0338514059404, "battery_export_revenue": 0.0, "total_profits": 18177.744171539074, "irr": 0.11778, "npv": 33128.985}}