{"key_params": {"location": "CA_Arcata", "customer_type": "School", "demand_charge": 20, "export_price": 0.0, "export_price_type": "None", "battery_size_kWh": 300, "battery_power_kW": 150.0, "min_soc": 0.05, "max_soc": 1.0, "one_way_efficiency": 0.92, "start_soc": 0.5, "n_horizon": 24, "n_control": 12}, "savings": {"old_energy_charge": -416566.2904990864, "new_energy_charge": -414840.0595748668, "energy_charge_savings": 1726.2309242195915, "old_demand_charge": -280782.82621017523, "new_demand_charge": -260368.08607690505, "demand_charge_savings": 20414.740133270185, "retail_profits": 22140.971057489776, "battery_charge_cost": -11194.637431368825, "battery_discharge_revenues": 12920.868355588436, "battery_retail_profits": 1726.2309242196116, "battery_export_revenue": 0.0, "total_profits": 22140.971057489798, "irr": 0.15813, "npv": 58131.533}}