{"key_params": {"location": "CA_Salinas.Muni", "customer_type": "Apartment", "demand_charge": 20, "export_price": 0.0, "export_price_type": "None", "battery_size_kWh": 300, "battery_power_kW": 150.0, "min_soc": 0.05, "max_soc": 1.0, "one_way_efficiency": 0.92, "start_soc": 0.5, "n_horizon": 24, "n_control": 12}, "savings": {"old_energy_charge": -339649.22598842275, "new_energy_charge": -336885.5058100415, "energy_charge_savings": 2763.720178381249, "old_demand_charge": -148372.17809038569, "new_demand_charge": -126410.2369630045, "demand_charge_savings": 21961.941127381186, "retail_profits": 24725.661305762434, "battery_charge_cost": -10729.564239130435, "battery_discharge_revenues": 13493.284417511686, "battery_retail_profits": 2763.7201783812507, "battery_export_revenue": 0.0, "total_profits": 24725.661305762434, "irr": 0.18349, "npv": 74437.397}}