{"key_params": {"location": "CA_Edwards.AFB.723810_TMY3", "customer_type": "Restaurant", "demand_charge": 20, "export_price": 0.0, "export_price_type": "None", "battery_size_kWh": 300, "battery_power_kW": 150.0, "min_soc": 0.05, "max_soc": 1.0, "one_way_efficiency": 0.92, "start_soc": 0.5, "n_horizon": 24, "n_control": 12}, "savings": {"old_energy_charge": -504946.86362854677, "new_energy_charge": -503850.1863706586, "energy_charge_savings": 1096.6772578881937, "old_demand_charge": -187860.9493434428, "new_demand_charge": -165171.3799278274, "demand_charge_savings": 22689.569415615406, "retail_profits": 23786.2466735036, "battery_charge_cost": -15378.159443386008, "battery_discharge_revenues": 16474.83670127415, "battery_retail_profits": 1096.6772578881428, "battery_export_revenue": 0.0, "total_profits": 23786.24667350355, "irr": 0.17434, "npv": 68510.974}}