{"key_params": {"location": "CA_Arcata", "customer_type": "Office", "demand_charge": 20, "export_price": 0.0, "export_price_type": "None", "battery_size_kWh": 300, "battery_power_kW": 150.0, "min_soc": 0.05, "max_soc": 1.0, "one_way_efficiency": 0.92, "start_soc": 0.5, "n_horizon": 24, "n_control": 12}, "savings": {"old_energy_charge": -284110.67169920827, "new_energy_charge": -283810.75691680645, "energy_charge_savings": 299.9147824018146, "old_demand_charge": -134905.27647030214, "new_demand_charge": -122289.36233884803, "demand_charge_savings": 12615.914131454105, "retail_profits": 12915.82891385592, "battery_charge_cost": -11660.274987483233, "battery_discharge_revenues": 11960.189769885075, "battery_retail_profits": 299.9147824018419, "battery_export_revenue": 0.0, "total_profits": 12915.828913855947, "irr": 0.05988, "npv": -66.511}}