{"key_params": {"location": "CA_San.Diego-Lindbergh.Field.722900_TMY3", "customer_type": "Hospital", "demand_charge": 20, "export_price": 0.0, "export_price_type": "None", "battery_size_kWh": 300, "battery_power_kW": 150.0, "min_soc": 0.05, "max_soc": 1.0, "one_way_efficiency": 0.92, "start_soc": 0.5, "n_horizon": 24, "n_control": 12}, "savings": {"old_energy_charge": -245996.13657411374, "new_energy_charge": -245852.81283569674, "energy_charge_savings": 143.3237384170061, "old_demand_charge": -80502.41873571013, "new_demand_charge": -72985.43362912106, "demand_charge_savings": 7516.985106589069, "retail_profits": 7660.308845006075, "battery_charge_cost": -11637.48070778992, "battery_discharge_revenues": 11780.804446206957, "battery_retail_profits": 143.32373841703702, "battery_export_revenue": 0.0, "total_profits": 7660.308845006106, "irr": -0.01085, "npv": -34204.314}}