{"key_params": {"location": "CA_Truckee.Tahoe", "customer_type": "Hotel", "demand_charge": 20, "export_price": 0.0, "export_price_type": "None", "battery_size_kWh": 300, "battery_power_kW": 150.0, "min_soc": 0.05, "max_soc": 1.0, "one_way_efficiency": 0.92, "start_soc": 0.5, "n_horizon": 24, "n_control": 12}, "savings": {"old_energy_charge": -359105.4755623068, "new_energy_charge": -356842.4051880098, "energy_charge_savings": 2263.0703742970363, "old_demand_charge": -137092.33594623223, "new_demand_charge": -112742.65731259022, "demand_charge_savings": 24349.678633642005, "retail_profits": 26612.74900793904, "battery_charge_cost": -12683.327959095845, "battery_discharge_revenues": 14946.398333392859, "battery_retail_profits": 2263.0703742970145, "battery_export_revenue": 0.0, "total_profits": 26612.74900793902, "irr": 0.20165, "npv": 86342.342}}