{"key_params": {"location": "CA_Concord-Buchanan.Field.724936_TMY3", "customer_type": "Office", "demand_charge": 20, "export_price": 0.0, "export_price_type": "None", "battery_size_kWh": 300, "battery_power_kW": 150.0, "min_soc": 0.05, "max_soc": 1.0, "one_way_efficiency": 0.92, "start_soc": 0.5, "n_horizon": 24, "n_control": 12}, "savings": {"old_energy_charge": -498720.70568297524, "new_energy_charge": -497489.6731642363, "energy_charge_savings": 1231.032518738939, "old_demand_charge": -258234.1131372789, "new_demand_charge": -238201.8387922955, "demand_charge_savings": 20032.274344983423, "retail_profits": 21263.306863722362, "battery_charge_cost": -11400.18763075025, "battery_discharge_revenues": 12631.22014948919, "battery_retail_profits": 1231.0325187389408, "battery_export_revenue": 0.0, "total_profits": 21263.306863722362, "irr": 0.14937, "npv": 52594.671}}