{"key_params": {"location": "CA_Burbank-Glendale-Passadena.Bob.Hope", "customer_type": "Hotel", "demand_charge": 20, "export_price": 0.0, "export_price_type": "None", "battery_size_kWh": 300, "battery_power_kW": 150.0, "min_soc": 0.05, "max_soc": 1.0, "one_way_efficiency": 0.92, "start_soc": 0.5, "n_horizon": 24, "n_control": 12}, "savings": {"old_energy_charge": -331748.6777236488, "new_energy_charge": -329509.78392981173, "energy_charge_savings": 2238.893793837051, "old_demand_charge": -120146.77540890512, "new_demand_charge": -97739.78743306323, "demand_charge_savings": 22406.987975841883, "retail_profits": 24645.881769678934, "battery_charge_cost": -12698.57569772516, "battery_discharge_revenues": 14937.46949156229, "battery_retail_profits": 2238.893793837129, "battery_export_revenue": 0.0, "total_profits": 24645.881769679014, "irr": 0.18271, "npv": 73934.097}}