{"key_params": {"location": "CA_Red.Bluff.Muni", "customer_type": "Restaurant", "demand_charge": 20, "export_price": 0.0, "export_price_type": "None", "battery_size_kWh": 300, "battery_power_kW": 150.0, "min_soc": 0.05, "max_soc": 1.0, "one_way_efficiency": 0.92, "start_soc": 0.5, "n_horizon": 24, "n_control": 12}, "savings": {"old_energy_charge": -461961.98326655186, "new_energy_charge": -461819.69478430576, "energy_charge_savings": 142.28848224610556, "old_demand_charge": -165421.93619904947, "new_demand_charge": -144966.59902991817, "demand_charge_savings": 20455.337169131293, "retail_profits": 20597.6256513774, "battery_charge_cost": -17967.195983157042, "battery_discharge_revenues": 18109.484465403228, "battery_retail_profits": 142.2884822461856, "battery_export_revenue": 0.0, "total_profits": 20597.62565137748, "irr": 0.14266, "npv": 48395.132}}