{"key_params": {"location": "CA_Redding.Muni", "customer_type": "Office", "demand_charge": 20, "export_price": 0.0, "export_price_type": "None", "battery_size_kWh": 300, "battery_power_kW": 150.0, "min_soc": 0.05, "max_soc": 1.0, "one_way_efficiency": 0.92, "start_soc": 0.5, "n_horizon": 24, "n_control": 12}, "savings": {"old_energy_charge": -318074.74278849585, "new_energy_charge": -317163.5563221567, "energy_charge_savings": 911.1864663391607, "old_demand_charge": -166291.5228602152, "new_demand_charge": -148803.88847561597, "demand_charge_savings": 17487.634384599223, "retail_profits": 18398.820850938384, "battery_charge_cost": -11449.443071278225, "battery_discharge_revenues": 12360.629537617384, "battery_retail_profits": 911.1864663391589, "battery_export_revenue": 0.0, "total_profits": 18398.820850938384, "irr": 0.12009, "npv": 34523.677}}