{"key_params": {"location": "CA_San.Diego-North.Island.NAS.722906_TMY3", "customer_type": "Restaurant", "demand_charge": 20, "export_price": 0.0, "export_price_type": "None", "battery_size_kWh": 300, "battery_power_kW": 150.0, "min_soc": 0.05, "max_soc": 1.0, "one_way_efficiency": 0.92, "start_soc": 0.5, "n_horizon": 24, "n_control": 12}, "savings": {"old_energy_charge": -463456.9211015099, "new_energy_charge": -462357.84221354336, "energy_charge_savings": 1099.0788879665197, "old_demand_charge": -165486.91408562672, "new_demand_charge": -141438.36010217664, "demand_charge_savings": 24048.55398345008, "retail_profits": 25147.6328714166, "battery_charge_cost": -14852.948202062664, "battery_discharge_revenues": 15952.027090029218, "battery_retail_profits": 1099.0788879665542, "battery_export_revenue": 0.0, "total_profits": 25147.632871416637, "irr": 0.18757, "npv": 77099.461}}