{"key_params": {"location": "CA_Hawthorne-Jack.Northrop.Field.722956_TMY3", "customer_type": "Office", "demand_charge": 20, "export_price": 0.0, "export_price_type": "None", "battery_size_kWh": 300, "battery_power_kW": 150.0, "min_soc": 0.05, "max_soc": 1.0, "one_way_efficiency": 0.92, "start_soc": 0.5, "n_horizon": 24, "n_control": 12}, "savings": {"old_energy_charge": -379914.31224350486, "new_energy_charge": -378856.05373007024, "energy_charge_savings": 1058.2585134346155, "old_demand_charge": -200652.65935111893, "new_demand_charge": -183273.82459898214, "demand_charge_savings": 17378.834752136783, "retail_profits": 18437.0932655714, "battery_charge_cost": -11764.69108653803, "battery_discharge_revenues": 12822.949599972655, "battery_retail_profits": 1058.2585134346245, "battery_export_revenue": 0.0, "total_profits": 18437.093265571406, "irr": 0.12049, "npv": 34765.124}}