{"key_params": {"location": "CA_Livermore.Muni", "customer_type": "School", "demand_charge": 20, "export_price": 0.0, "export_price_type": "None", "battery_size_kWh": 300, "battery_power_kW": 150.0, "min_soc": 0.05, "max_soc": 1.0, "one_way_efficiency": 0.92, "start_soc": 0.5, "n_horizon": 24, "n_control": 12}, "savings": {"old_energy_charge": -576231.8032948222, "new_energy_charge": -574152.8206530748, "energy_charge_savings": 2078.982641747454, "old_demand_charge": -387335.890874675, "new_demand_charge": -366374.66698622284, "demand_charge_savings": 20961.223888452165, "retail_profits": 23040.20653019962, "battery_charge_cost": -10886.427855061447, "battery_discharge_revenues": 12965.410496808876, "battery_retail_profits": 2078.9826417474287, "battery_export_revenue": 0.0, "total_profits": 23040.206530199594, "irr": 0.16702, "npv": 63804.48}}