{"key_params": {"location": "CA_Imperial.County", "customer_type": "Apartment", "demand_charge": 20, "export_price": 0.0, "export_price_type": "None", "battery_size_kWh": 300, "battery_power_kW": 150.0, "min_soc": 0.05, "max_soc": 1.0, "one_way_efficiency": 0.92, "start_soc": 0.5, "n_horizon": 24, "n_control": 12}, "savings": {"old_energy_charge": -375465.30354888923, "new_energy_charge": -372722.12483661086, "energy_charge_savings": 2743.1787122783717, "old_demand_charge": -161932.31408302736, "new_demand_charge": -141409.56951397218, "demand_charge_savings": 20522.744569055183, "retail_profits": 23265.923281333555, "battery_charge_cost": -10729.564239130435, "battery_discharge_revenues": 13472.742951408789, "battery_retail_profits": 2743.1787122783535, "battery_export_revenue": 0.0, "total_profits": 23265.923281333537, "irr": 0.16924, "npv": 65228.444}}