{"key_params": {"location": "CA_Hayward.Air.Terminal.724935_TMY3", "customer_type": "Office", "demand_charge": 20, "export_price": 0.0, "export_price_type": "None", "battery_size_kWh": 300, "battery_power_kW": 150.0, "min_soc": 0.05, "max_soc": 1.0, "one_way_efficiency": 0.92, "start_soc": 0.5, "n_horizon": 24, "n_control": 12}, "savings": {"old_energy_charge": -297103.1177649991, "new_energy_charge": -295776.5653172964, "energy_charge_savings": 1326.5524477026775, "old_demand_charge": -157082.2832322575, "new_demand_charge": -140388.96983901586, "demand_charge_savings": 16693.31339324164, "retail_profits": 18019.865840944316, "battery_charge_cost": -11329.562715349537, "battery_discharge_revenues": 12656.115163052147, "battery_retail_profits": 1326.5524477026102, "battery_export_revenue": 0.0, "total_profits": 18019.86584094425, "irr": 0.11613, "npv": 32132.989}}