{"key_params": {"location": "CA_Ukiah.Muni", "customer_type": "Market", "demand_charge": 20, "export_price": 0.0, "export_price_type": "None", "battery_size_kWh": 300, "battery_power_kW": 150.0, "min_soc": 0.05, "max_soc": 1.0, "one_way_efficiency": 0.92, "start_soc": 0.5, "n_horizon": 24, "n_control": 12}, "savings": {"old_energy_charge": -391383.9172707338, "new_energy_charge": -390571.18621966266, "energy_charge_savings": 812.7310510711395, "old_demand_charge": -159372.62979258178, "new_demand_charge": -145142.92790215852, "demand_charge_savings": 14229.701890423254, "retail_profits": 15042.432941494393, "battery_charge_cost": -11726.296644017964, "battery_discharge_revenues": 12539.027695089166, "battery_retail_profits": 812.7310510712014, "battery_export_revenue": 0.0, "total_profits": 15042.432941494455, "irr": 0.08406, "npv": 13349.455}}