{"key_params": {"location": "CA_March.AFB.722860_TMY3", "customer_type": "Hotel", "demand_charge": 20, "export_price": 0.0, "export_price_type": "None", "battery_size_kWh": 300, "battery_power_kW": 150.0, "min_soc": 0.05, "max_soc": 1.0, "one_way_efficiency": 0.92, "start_soc": 0.5, "n_horizon": 24, "n_control": 12}, "savings": {"old_energy_charge": -379929.1671408328, "new_energy_charge": -377539.7603086146, "energy_charge_savings": 2389.4068322182284, "old_demand_charge": -150170.64092594438, "new_demand_charge": -127206.48950443658, "demand_charge_savings": 22964.15142150779, "retail_profits": 25353.55825372602, "battery_charge_cost": -11922.256531307605, "battery_discharge_revenues": 14311.663363525846, "battery_retail_profits": 2389.406832218241, "battery_export_revenue": 0.0, "total_profits": 25353.558253726034, "irr": 0.18956, "npv": 78398.569}}