{"key_params": {"location": "CA_Fresno.Air.Terminal.723890_TMY3", "customer_type": "Apartment", "demand_charge": 20, "export_price": 0.0, "export_price_type": "None", "battery_size_kWh": 300, "battery_power_kW": 150.0, "min_soc": 0.05, "max_soc": 1.0, "one_way_efficiency": 0.92, "start_soc": 0.5, "n_horizon": 24, "n_control": 12}, "savings": {"old_energy_charge": -349683.51739467296, "new_energy_charge": -346919.73955861613, "energy_charge_savings": 2763.7778360568336, "old_demand_charge": -148884.8325483835, "new_demand_charge": -128761.01301448674, "demand_charge_savings": 20123.819533896763, "retail_profits": 22887.597369953597, "battery_charge_cost": -10729.564239130435, "battery_discharge_revenues": 13493.342075187293, "battery_retail_profits": 2763.7778360568573, "battery_export_revenue": 0.0, "total_profits": 22887.59736995362, "irr": 0.16552, "npv": 62841.725}}