{"key_params": {"location": "CA_Carlsbad.722927_TMY3", "customer_type": "Market", "demand_charge": 20, "export_price": 0.0, "export_price_type": "None", "battery_size_kWh": 300, "battery_power_kW": 150.0, "min_soc": 0.05, "max_soc": 1.0, "one_way_efficiency": 0.92, "start_soc": 0.5, "n_horizon": 24, "n_control": 12}, "savings": {"old_energy_charge": -359382.55894319824, "new_energy_charge": -359187.2498911931, "energy_charge_savings": 195.30905200511916, "old_demand_charge": -136196.8156063677, "new_demand_charge": -121502.76307967844, "demand_charge_savings": 14694.052526689251, "retail_profits": 14889.36157869437, "battery_charge_cost": -11904.806737121724, "battery_discharge_revenues": 12100.115789126894, "battery_retail_profits": 195.3090520051701, "battery_export_revenue": 0.0, "total_profits": 14889.361578694421, "irr": 0.08236, "npv": 12383.784}}