{"key_params": {"location": "CA_Burbank-Glendale-Passadena.Bob.Hope", "customer_type": "Office", "demand_charge": 20, "export_price": 0.0, "export_price_type": "None", "battery_size_kWh": 300, "battery_power_kW": 150.0, "min_soc": 0.05, "max_soc": 1.0, "one_way_efficiency": 0.92, "start_soc": 0.5, "n_horizon": 24, "n_control": 12}, "savings": {"old_energy_charge": -315219.0627196743, "new_energy_charge": -314062.17635657167, "energy_charge_savings": 1156.886363102647, "old_demand_charge": -169430.5467755419, "new_demand_charge": -153478.14507023853, "demand_charge_savings": 15952.401705303375, "retail_profits": 17109.288068406022, "battery_charge_cost": -11442.173604502079, "battery_discharge_revenues": 12599.059967604697, "battery_retail_profits": 1156.886363102618, "battery_export_revenue": 0.0, "total_profits": 17109.288068405993, "irr": 0.10651, "npv": 26388.487}}