{"key_params": {"location": "CA_Santa.Barbara.Muni", "customer_type": "Apartment", "demand_charge": 20, "export_price": 0.0, "export_price_type": "None", "battery_size_kWh": 300, "battery_power_kW": 150.0, "min_soc": 0.05, "max_soc": 1.0, "one_way_efficiency": 0.92, "start_soc": 0.5, "n_horizon": 24, "n_control": 12}, "savings": {"old_energy_charge": -349386.24561581813, "new_energy_charge": -346625.07910156535, "energy_charge_savings": 2761.166514252778, "old_demand_charge": -148284.76763643613, "new_demand_charge": -127683.2036156102, "demand_charge_savings": 20601.56402082593, "retail_profits": 23362.730535078706, "battery_charge_cost": -10729.564239130435, "battery_discharge_revenues": 13490.730753383199, "battery_retail_profits": 2761.1665142527636, "battery_export_revenue": 0.0, "total_profits": 23362.730535078692, "irr": 0.17019, "npv": 65839.166}}