{"key_params": {"location": "CA_Burbank-Glendale-Passadena.Bob.Hope", "customer_type": "Restaurant", "demand_charge": 20, "export_price": 0.0, "export_price_type": "None", "battery_size_kWh": 300, "battery_power_kW": 150.0, "min_soc": 0.05, "max_soc": 1.0, "one_way_efficiency": 0.92, "start_soc": 0.5, "n_horizon": 24, "n_control": 12}, "savings": {"old_energy_charge": -487349.46400140866, "new_energy_charge": -486053.77967767254, "energy_charge_savings": 1295.6843237361172, "old_demand_charge": -188439.78961400234, "new_demand_charge": -166784.58910466207, "demand_charge_savings": 21655.20050934027, "retail_profits": 22950.884833076387, "battery_charge_cost": -13776.012782522093, "battery_discharge_revenues": 15071.697106258125, "battery_retail_profits": 1295.6843237360317, "battery_export_revenue": 0.0, "total_profits": 22950.8848330763, "irr": 0.16614, "npv": 63240.982}}