{"key_params": {"location": "CA_Fullerton.Muni", "customer_type": "Hotel", "demand_charge": 20, "export_price": 0.0, "export_price_type": "None", "battery_size_kWh": 300, "battery_power_kW": 150.0, "min_soc": 0.05, "max_soc": 1.0, "one_way_efficiency": 0.92, "start_soc": 0.5, "n_horizon": 24, "n_control": 12}, "savings": {"old_energy_charge": -332227.17356619466, "new_energy_charge": -329974.8332236987, "energy_charge_savings": 2252.3403424959397, "old_demand_charge": -119852.9584364669, "new_demand_charge": -97691.54591684174, "demand_charge_savings": 22161.412519625155, "retail_profits": 24413.752862121095, "battery_charge_cost": -12671.841339272974, "battery_discharge_revenues": 14924.181681768934, "battery_retail_profits": 2252.3403424959597, "battery_export_revenue": 0.0, "total_profits": 24413.752862121117, "irr": 0.18046, "npv": 72469.681}}