{"key_params": {"location": "CA_San.Luis.Obispo", "customer_type": "Hospital", "demand_charge": 20, "export_price": 0.0, "export_price_type": "None", "battery_size_kWh": 300, "battery_power_kW": 150.0, "min_soc": 0.05, "max_soc": 1.0, "one_way_efficiency": 0.92, "start_soc": 0.5, "n_horizon": 24, "n_control": 12}, "savings": {"old_energy_charge": -245543.60548265625, "new_energy_charge": -245399.71642496734, "energy_charge_savings": 143.88905768890982, "old_demand_charge": -81221.68365049337, "new_demand_charge": -72384.85852643679, "demand_charge_savings": 8836.825124056588, "retail_profits": 8980.714181745498, "battery_charge_cost": -11626.84618935927, "battery_discharge_revenues": 11770.735247048238, "battery_retail_profits": 143.88905768896802, "battery_export_revenue": 0.0, "total_profits": 8980.714181745556, "irr": 0.00987, "npv": -25191.582}}