{"key_params": {"location": "CA_San.Diego-Montgomery.Field.722903_TMY3", "customer_type": "Hotel", "demand_charge": 20, "export_price": 0.0, "export_price_type": "None", "battery_size_kWh": 300, "battery_power_kW": 150.0, "min_soc": 0.05, "max_soc": 1.0, "one_way_efficiency": 0.92, "start_soc": 0.5, "n_horizon": 24, "n_control": 12}, "savings": {"old_energy_charge": -341756.24446278845, "new_energy_charge": -339506.79243919527, "energy_charge_savings": 2249.452023593185, "old_demand_charge": -123494.90167644364, "new_demand_charge": -101106.68945487234, "demand_charge_savings": 22388.212221571303, "retail_profits": 24637.664245164488, "battery_charge_cost": -12636.855340639804, "battery_discharge_revenues": 14886.30736423294, "battery_retail_profits": 2249.452023593136, "battery_export_revenue": 0.0, "total_profits": 24637.664245164437, "irr": 0.18263, "npv": 73882.256}}