{"key_params": {"location": "CA_Fresno.Air.Terminal.723890_TMY3", "customer_type": "Office", "demand_charge": 20, "export_price": 0.0, "export_price_type": "None", "battery_size_kWh": 300, "battery_power_kW": 150.0, "min_soc": 0.05, "max_soc": 1.0, "one_way_efficiency": 0.92, "start_soc": 0.5, "n_horizon": 24, "n_control": 12}, "savings": {"old_energy_charge": -516077.2892837519, "new_energy_charge": -515083.9134021726, "energy_charge_savings": 993.3758815792971, "old_demand_charge": -256611.35926645133, "new_demand_charge": -236046.1766681337, "demand_charge_savings": 20565.182598317624, "retail_profits": 21558.55847989692, "battery_charge_cost": -11525.37500223456, "battery_discharge_revenues": 12518.750883813904, "battery_retail_profits": 993.3758815793444, "battery_export_revenue": 0.0, "total_profits": 21558.55847989697, "irr": 0.15232, "npv": 54457.305}}