{"key_params": {"location": "CA_Truckee.Tahoe", "customer_type": "Office", "demand_charge": 20, "export_price": 0.0, "export_price_type": "None", "battery_size_kWh": 300, "battery_power_kW": 150.0, "min_soc": 0.05, "max_soc": 1.0, "one_way_efficiency": 0.92, "start_soc": 0.5, "n_horizon": 24, "n_control": 12}, "savings": {"old_energy_charge": -297348.8126340548, "new_energy_charge": -296971.8821995939, "energy_charge_savings": 376.93043446092634, "old_demand_charge": -144814.35293684003, "new_demand_charge": -129864.25415904495, "demand_charge_savings": 14950.09877779508, "retail_profits": 15327.029212256006, "battery_charge_cost": -11571.980479961376, "battery_discharge_revenues": 11948.910914422258, "battery_retail_profits": 376.9304344608827, "battery_export_revenue": 0.0, "total_profits": 15327.029212255962, "irr": 0.08721, "npv": 15144.869}}