{"key_params": {"location": "CA_Blue.Canyon", "customer_type": "Restaurant", "demand_charge": 20, "export_price": 0.0, "export_price_type": "None", "battery_size_kWh": 300, "battery_power_kW": 150.0, "min_soc": 0.05, "max_soc": 1.0, "one_way_efficiency": 0.92, "start_soc": 0.5, "n_horizon": 24, "n_control": 12}, "savings": {"old_energy_charge": -439620.77800402226, "new_energy_charge": -440461.00055182807, "energy_charge_savings": -840.2225478058099, "old_demand_charge": -150944.12473846928, "new_demand_charge": -130608.00738776845, "demand_charge_savings": 20336.117350700835, "retail_profits": 19495.894802895025, "battery_charge_cost": -20230.356042441843, "battery_discharge_revenues": 19390.133494636062, "battery_retail_profits": -840.2225478057808, "battery_export_revenue": 0.0, "total_profits": 19495.894802895054, "irr": 0.13144, "npv": 41444.715}}