{"key_params": {"location": "CA_Montague-Siskiyou.County", "customer_type": "Hotel", "demand_charge": 20, "export_price": 0.0, "export_price_type": "None", "battery_size_kWh": 300, "battery_power_kW": 150.0, "min_soc": 0.05, "max_soc": 1.0, "one_way_efficiency": 0.92, "start_soc": 0.5, "n_horizon": 24, "n_control": 12}, "savings": {"old_energy_charge": -369844.6167129071, "new_energy_charge": -367535.78886957146, "energy_charge_savings": 2308.8278433356318, "old_demand_charge": -148469.24216477902, "new_demand_charge": -124966.867686325, "demand_charge_savings": 23502.374478454018, "retail_profits": 25811.20232178965, "battery_charge_cost": -12227.555526827624, "battery_discharge_revenues": 14536.383370163268, "battery_retail_profits": 2308.8278433356445, "battery_export_revenue": 0.0, "total_profits": 25811.202321789664, "irr": 0.19397, "npv": 81285.678}}