{"key_params": {"location": "CA_Monterey.NAF.724915_TMY3", "customer_type": "Hospital", "demand_charge": 20, "export_price": 0.0, "export_price_type": "None", "battery_size_kWh": 300, "battery_power_kW": 150.0, "min_soc": 0.05, "max_soc": 1.0, "one_way_efficiency": 0.92, "start_soc": 0.5, "n_horizon": 24, "n_control": 12}, "savings": {"old_energy_charge": -246304.34970142247, "new_energy_charge": -246304.0784731834, "energy_charge_savings": 0.2712282390566543, "old_demand_charge": -80595.25411000056, "new_demand_charge": -72550.61359960696, "demand_charge_savings": 8044.640510393598, "retail_profits": 8044.911738632654, "battery_charge_cost": -11631.434794470277, "battery_discharge_revenues": 11631.706022709372, "battery_retail_profits": 0.27122823909485305, "battery_export_revenue": 0.0, "total_profits": 8044.9117386326925, "irr": -0.00445, "npv": -31517.054}}