{"key_params": {"location": "CA_San.Francisco.Intl", "customer_type": "Restaurant", "demand_charge": 20, "export_price": 0.0, "export_price_type": "None", "battery_size_kWh": 300, "battery_power_kW": 150.0, "min_soc": 0.05, "max_soc": 1.0, "one_way_efficiency": 0.92, "start_soc": 0.5, "n_horizon": 24, "n_control": 12}, "savings": {"old_energy_charge": -431226.4312317483, "new_energy_charge": -431115.2800059195, "energy_charge_savings": 111.15122582879849, "old_demand_charge": -147952.15815924568, "new_demand_charge": -126306.30021686833, "demand_charge_savings": 21645.857942377348, "retail_profits": 21757.009168206147, "battery_charge_cost": -19252.903708516806, "battery_discharge_revenues": 19364.05493434561, "battery_retail_profits": 111.15122582880576, "battery_export_revenue": 0.0, "total_profits": 21757.009168206154, "irr": 0.15431, "npv": 55709.258}}