{"key_params": {"location": "CA_San.Luis.Obispo", "customer_type": "Hotel", "demand_charge": 20, "export_price": 0.0, "export_price_type": "None", "battery_size_kWh": 300, "battery_power_kW": 150.0, "min_soc": 0.05, "max_soc": 1.0, "one_way_efficiency": 0.92, "start_soc": 0.5, "n_horizon": 24, "n_control": 12}, "savings": {"old_energy_charge": -353406.16530267004, "new_energy_charge": -351156.91329789476, "energy_charge_savings": 2249.252004775277, "old_demand_charge": -129999.16251725738, "new_demand_charge": -106717.53616132234, "demand_charge_savings": 23281.62635593505, "retail_profits": 25530.878360710325, "battery_charge_cost": -12644.517355444243, "battery_discharge_revenues": 14893.76936021963, "battery_retail_profits": 2249.252004775388, "battery_export_revenue": 0.0, "total_profits": 25530.878360710434, "irr": 0.19127, "npv": 79517.216}}