{"key_params": {"location": "CA_Porterville.AWOS.723895_TMY3", "customer_type": "Market", "demand_charge": 20, "export_price": 0.0, "export_price_type": "None", "battery_size_kWh": 300, "battery_power_kW": 150.0, "min_soc": 0.05, "max_soc": 1.0, "one_way_efficiency": 0.92, "start_soc": 0.5, "n_horizon": 24, "n_control": 12}, "savings": {"old_energy_charge": -396232.8302221638, "new_energy_charge": -395015.0569678667, "energy_charge_savings": 1217.7732542970916, "old_demand_charge": -159333.2184962009, "new_demand_charge": -146406.65672403103, "demand_charge_savings": 12926.561772169865, "retail_profits": 14144.335026466957, "battery_charge_cost": -11531.597296680335, "battery_discharge_revenues": 12749.37055097737, "battery_retail_profits": 1217.7732542970352, "battery_export_revenue": 0.0, "total_profits": 14144.3350264669, "irr": 0.074, "npv": 7683.684}}