{"key_params": {"location": "CA_Napa.County", "customer_type": "Office", "demand_charge": 20, "export_price": 0.0, "export_price_type": "None", "battery_size_kWh": 300, "battery_power_kW": 150.0, "min_soc": 0.05, "max_soc": 1.0, "one_way_efficiency": 0.92, "start_soc": 0.5, "n_horizon": 24, "n_control": 12}, "savings": {"old_energy_charge": -295716.06032640877, "new_energy_charge": -294708.34052482207, "energy_charge_savings": 1007.7198015867034, "old_demand_charge": -152826.5195140188, "new_demand_charge": -135840.93812152755, "demand_charge_savings": 16985.581392491236, "retail_profits": 17993.30119407794, "battery_charge_cost": -11482.691182540015, "battery_discharge_revenues": 12490.410984126704, "battery_retail_profits": 1007.7198015866888, "battery_export_revenue": 0.0, "total_profits": 17993.301194077925, "irr": 0.11585, "npv": 31965.402}}