{"key_params": {"location": "CA_Livermore.Muni", "customer_type": "School", "demand_charge": 20, "export_price": 0.0, "export_price_type": "None", "battery_size_kWh": 300, "battery_power_kW": 150.0, "min_soc": 0.05, "max_soc": 1.0, "one_way_efficiency": 0.92, "start_soc": 0.5, "n_horizon": 24, "n_control": 12}, "savings": {"old_energy_charge": -352944.15521348844, "new_energy_charge": -351141.8367063544, "energy_charge_savings": 1802.3185071340413, "old_demand_charge": -218120.97117903573, "new_demand_charge": -194793.4560218712, "demand_charge_savings": 23327.51515716451, "retail_profits": 25129.833664298552, "battery_charge_cost": -11055.489224560264, "battery_discharge_revenues": 12857.807731694258, "battery_retail_profits": 1802.318507133994, "battery_export_revenue": 0.0, "total_profits": 25129.833664298505, "irr": 0.1874, "npv": 76987.172}}