{"key_params": {"location": "CA_Barstow.Daggett", "customer_type": "Restaurant", "demand_charge": 20, "export_price": 0.0, "export_price_type": "None", "battery_size_kWh": 300, "battery_power_kW": 150.0, "min_soc": 0.05, "max_soc": 1.0, "one_way_efficiency": 0.92, "start_soc": 0.5, "n_horizon": 24, "n_control": 12}, "savings": {"old_energy_charge": -478921.1010597941, "new_energy_charge": -477978.3130525318, "energy_charge_savings": 942.7880072622793, "old_demand_charge": -172342.1112034801, "new_demand_charge": -152557.17423927944, "demand_charge_savings": 19784.936964200664, "retail_profits": 20727.724971462943, "battery_charge_cost": -15816.050855071004, "battery_discharge_revenues": 16758.838862333385, "battery_retail_profits": 942.7880072623811, "battery_export_revenue": 0.0, "total_profits": 20727.724971463045, "irr": 0.14398, "npv": 49215.881}}