{"key_params": {"location": "CA_Edwards.AFB.723810_TMY3", "customer_type": "Apartment", "demand_charge": 20, "export_price": 0.0, "export_price_type": "None", "battery_size_kWh": 300, "battery_power_kW": 150.0, "min_soc": 0.05, "max_soc": 1.0, "one_way_efficiency": 0.92, "start_soc": 0.5, "n_horizon": 24, "n_control": 12}, "savings": {"old_energy_charge": -346846.05308451114, "new_energy_charge": -344084.7580217067, "energy_charge_savings": 2761.29506280442, "old_demand_charge": -149772.1348918481, "new_demand_charge": -129356.17853469717, "demand_charge_savings": 20415.956357150935, "retail_profits": 23177.251419955355, "battery_charge_cost": -10729.564239130434, "battery_discharge_revenues": 13490.859301934823, "battery_retail_profits": 2761.295062804389, "battery_export_revenue": 0.0, "total_profits": 23177.251419955326, "irr": 0.16837, "npv": 64669.046}}