{"key_params": {"location": "CA_South.Lake.Tahoe-Lake.Tahoe", "customer_type": "Office", "demand_charge": 20, "export_price": 0.0, "export_price_type": "None", "battery_size_kWh": 300, "battery_power_kW": 150.0, "min_soc": 0.05, "max_soc": 1.0, "one_way_efficiency": 0.92, "start_soc": 0.5, "n_horizon": 24, "n_control": 12}, "savings": {"old_energy_charge": -301165.17605238926, "new_energy_charge": -300790.5281209729, "energy_charge_savings": 374.64793141634436, "old_demand_charge": -144443.07372251715, "new_demand_charge": -130176.5710234079, "demand_charge_savings": 14266.502699109245, "retail_profits": 14641.15063052559, "battery_charge_cost": -11569.383320892995, "battery_discharge_revenues": 11944.031252309369, "battery_retail_profits": 374.64793141637347, "battery_export_revenue": 0.0, "total_profits": 14641.150630525619, "irr": 0.07959, "npv": 10817.912}}