{"key_params": {"location": "CA_Bishop", "customer_type": "School", "demand_charge": 20, "export_price": 0.0, "export_price_type": "None", "battery_size_kWh": 300, "battery_power_kW": 150.0, "min_soc": 0.05, "max_soc": 1.0, "one_way_efficiency": 0.92, "start_soc": 0.5, "n_horizon": 24, "n_control": 12}, "savings": {"old_energy_charge": -374020.2993477505, "new_energy_charge": -372469.86534038826, "energy_charge_savings": 1550.4340073622297, "old_demand_charge": -222241.7078602432, "new_demand_charge": -202707.41571121768, "demand_charge_savings": 19534.29214902551, "retail_profits": 21084.72615638774, "battery_charge_cost": -11039.996943162405, "battery_discharge_revenues": 12590.430950524593, "battery_retail_profits": 1550.434007362188, "battery_export_revenue": 0.0, "total_profits": 21084.726156387696, "irr": 0.14757, "npv": 51468.07}}