{"key_params": {"location": "CA_Blythe-Riverside.County", "customer_type": "Apartment", "demand_charge": 20, "export_price": 0.0, "export_price_type": "None", "battery_size_kWh": 300, "battery_power_kW": 150.0, "min_soc": 0.05, "max_soc": 1.0, "one_way_efficiency": 0.92, "start_soc": 0.5, "n_horizon": 24, "n_control": 12}, "savings": {"old_energy_charge": -324570.3181115395, "new_energy_charge": -321809.0586129363, "energy_charge_savings": 2761.2594986032345, "old_demand_charge": -130580.24103145205, "new_demand_charge": -110552.65813261387, "demand_charge_savings": 20027.582898838184, "retail_profits": 22788.842397441418, "battery_charge_cost": -10729.564239130435, "battery_discharge_revenues": 13490.823737733655, "battery_retail_profits": 2761.25949860322, "battery_export_revenue": 0.0, "total_profits": 22788.842397441404, "irr": 0.16454, "npv": 62218.716}}