{"key_params": {"location": "CA_Twentynine.Palms.690150_TMY3", "customer_type": "Office", "demand_charge": 20, "export_price": 0.0, "export_price_type": "None", "battery_size_kWh": 300, "battery_power_kW": 150.0, "min_soc": 0.05, "max_soc": 1.0, "one_way_efficiency": 0.92, "start_soc": 0.5, "n_horizon": 24, "n_control": 12}, "savings": {"old_energy_charge": -435497.50666504825, "new_energy_charge": -434115.05733365304, "energy_charge_savings": 1382.4493313952116, "old_demand_charge": -259193.38846338986, "new_demand_charge": -232948.61955757724, "demand_charge_savings": 26244.768905812613, "retail_profits": 27627.218237207824, "battery_charge_cost": -11627.360525681408, "battery_discharge_revenues": 13009.809857076489, "battery_retail_profits": 1382.4493313950807, "battery_export_revenue": 0.0, "total_profits": 27627.218237207693, "irr": 0.21131, "npv": 92742.257}}