{"key_params": {"location": "CA_Lancaster-Gen.Wm.Fox.Field.723816_TMY3", "customer_type": "Hotel", "demand_charge": 20, "export_price": 0.0, "export_price_type": "None", "battery_size_kWh": 300, "battery_power_kW": 150.0, "min_soc": 0.05, "max_soc": 1.0, "one_way_efficiency": 0.92, "start_soc": 0.5, "n_horizon": 24, "n_control": 12}, "savings": {"old_energy_charge": -334969.1983602821, "new_energy_charge": -332738.6721159273, "energy_charge_savings": 2230.5262443548418, "old_demand_charge": -122690.52000930773, "new_demand_charge": -99526.39758645484, "demand_charge_savings": 23164.122422852888, "retail_profits": 25394.64866720773, "battery_charge_cost": -12723.34409865295, "battery_discharge_revenues": 14953.870343007764, "battery_retail_profits": 2230.5262443548145, "battery_export_revenue": 0.0, "total_profits": 25394.6486672077, "irr": 0.18996, "npv": 78657.793}}