{"key_params": {"location": "CA_Hawthorne-Jack.Northrop.Field.722956_TMY3", "customer_type": "Hotel", "demand_charge": 20, "export_price": 0.0, "export_price_type": "None", "battery_size_kWh": 300, "battery_power_kW": 150.0, "min_soc": 0.05, "max_soc": 1.0, "one_way_efficiency": 0.92, "start_soc": 0.5, "n_horizon": 24, "n_control": 12}, "savings": {"old_energy_charge": -367036.0400757053, "new_energy_charge": -364786.2191245555, "energy_charge_savings": 2249.820951149857, "old_demand_charge": -142973.72073057803, "new_demand_charge": -119148.89560821276, "demand_charge_savings": 23824.825122365277, "retail_profits": 26074.646073515134, "battery_charge_cost": -12651.400129184323, "battery_discharge_revenues": 14901.22108033424, "battery_retail_profits": 2249.820951149917, "battery_export_revenue": 0.0, "total_profits": 26074.646073515192, "irr": 0.1965, "npv": 82947.648}}