{"key_params": {"location": "CA_Needles", "customer_type": "Restaurant", "demand_charge": 20, "export_price": 0.0, "export_price_type": "None", "battery_size_kWh": 300, "battery_power_kW": 150.0, "min_soc": 0.05, "max_soc": 1.0, "one_way_efficiency": 0.92, "start_soc": 0.5, "n_horizon": 24, "n_control": 12}, "savings": {"old_energy_charge": -555596.7595310353, "new_energy_charge": -553687.2943274501, "energy_charge_savings": 1909.4652035852196, "old_demand_charge": -199523.926679749, "new_demand_charge": -178861.25802491594, "demand_charge_savings": 20662.668654833076, "retail_profits": 22572.133858418296, "battery_charge_cost": -12694.511079821457, "battery_discharge_revenues": 14603.976283406682, "battery_retail_profits": 1909.465203585225, "battery_export_revenue": 0.0, "total_profits": 22572.133858418303, "irr": 0.1624, "npv": 60851.581}}