{"key_params": {"location": "CA_San.Luis.Obispo", "customer_type": "Restaurant", "demand_charge": 20, "export_price": 0.0, "export_price_type": "None", "battery_size_kWh": 300, "battery_power_kW": 150.0, "min_soc": 0.05, "max_soc": 1.0, "one_way_efficiency": 0.92, "start_soc": 0.5, "n_horizon": 24, "n_control": 12}, "savings": {"old_energy_charge": -435827.00819878204, "new_energy_charge": -436229.25973579043, "energy_charge_savings": -402.25153700838564, "old_demand_charge": -157400.66300066555, "new_demand_charge": -136195.70378129528, "demand_charge_savings": 21204.95921937027, "retail_profits": 20802.707682361885, "battery_charge_cost": -19095.668310894907, "battery_discharge_revenues": 18693.41677388655, "battery_retail_profits": -402.25153700835654, "battery_export_revenue": 0.0, "total_profits": 20802.707682361914, "irr": 0.14473, "npv": 49688.919}}