{"key_params": {"location": "CA_Riverside.Muni", "customer_type": "School", "demand_charge": 20, "export_price": 0.0, "export_price_type": "None", "battery_size_kWh": 300, "battery_power_kW": 150.0, "min_soc": 0.05, "max_soc": 1.0, "one_way_efficiency": 0.92, "start_soc": 0.5, "n_horizon": 24, "n_control": 12}, "savings": {"old_energy_charge": -626231.697501889, "new_energy_charge": -624117.113231248, "energy_charge_savings": 2114.584270640975, "old_demand_charge": -401181.2152774052, "new_demand_charge": -382223.7139832629, "demand_charge_savings": 18957.501294142334, "retail_profits": 21072.08556478331, "battery_charge_cost": -10867.655952474843, "battery_discharge_revenues": 12982.240223115783, "battery_retail_profits": 2114.5842706409403, "battery_export_revenue": 0.0, "total_profits": 21072.085564783272, "irr": 0.14745, "npv": 51388.325}}