{"key_params": {"location": "CA_China.Lake.NAF.746120_TMY3", "customer_type": "Office", "demand_charge": 20, "export_price": 0.0, "export_price_type": "None", "battery_size_kWh": 300, "battery_power_kW": 150.0, "min_soc": 0.05, "max_soc": 1.0, "one_way_efficiency": 0.92, "start_soc": 0.5, "n_horizon": 24, "n_control": 12}, "savings": {"old_energy_charge": -336817.6419239306, "new_energy_charge": -335766.7788898042, "energy_charge_savings": 1050.863034126407, "old_demand_charge": -174701.14252205097, "new_demand_charge": -157955.84461398332, "demand_charge_savings": 16745.297908067645, "retail_profits": 17796.160942194052, "battery_charge_cost": -11443.882661733713, "battery_discharge_revenues": 12494.745695860154, "battery_retail_profits": 1050.8630341264416, "battery_export_revenue": 0.0, "total_profits": 17796.16094219409, "irr": 0.11378, "npv": 30721.716}}