{"key_params": {"location": "CA_Red.Bluff.Muni", "customer_type": "Apartment", "demand_charge": 20, "export_price": 0.0, "export_price_type": "None", "battery_size_kWh": 300, "battery_power_kW": 150.0, "min_soc": 0.05, "max_soc": 1.0, "one_way_efficiency": 0.92, "start_soc": 0.5, "n_horizon": 24, "n_control": 12}, "savings": {"old_energy_charge": -345243.258179698, "new_energy_charge": -342481.91632570757, "energy_charge_savings": 2761.3418539904524, "old_demand_charge": -145933.92922442782, "new_demand_charge": -125762.13109000739, "demand_charge_savings": 20171.79813442043, "retail_profits": 22933.139988410883, "battery_charge_cost": -10729.564239130434, "battery_discharge_revenues": 13490.906093120964, "battery_retail_profits": 2761.3418539905306, "battery_export_revenue": 0.0, "total_profits": 22933.139988410963, "irr": 0.16597, "npv": 63129.036}}