{"key_params": {"location": "CA_Bishop", "customer_type": "Office", "demand_charge": 20, "export_price": 0.0, "export_price_type": "None", "battery_size_kWh": 300, "battery_power_kW": 150.0, "min_soc": 0.05, "max_soc": 1.0, "one_way_efficiency": 0.92, "start_soc": 0.5, "n_horizon": 24, "n_control": 12}, "savings": {"old_energy_charge": -486083.66768149263, "new_energy_charge": -485121.60971839086, "energy_charge_savings": 962.0579631017754, "old_demand_charge": -244356.1348412269, "new_demand_charge": -224569.77926161708, "demand_charge_savings": 19786.355579609837, "retail_profits": 20748.413542711613, "battery_charge_cost": -11678.866715427645, "battery_discharge_revenues": 12640.924678529425, "battery_retail_profits": 962.0579631017808, "battery_export_revenue": 0.0, "total_profits": 20748.41354271162, "irr": 0.14418, "npv": 49346.397}}