{"key_params": {"location": "CA_Needles", "customer_type": "Restaurant", "demand_charge": 20, "export_price": 0.0, "export_price_type": "None", "battery_size_kWh": 300, "battery_power_kW": 150.0, "min_soc": 0.05, "max_soc": 1.0, "one_way_efficiency": 0.92, "start_soc": 0.5, "n_horizon": 24, "n_control": 12}, "savings": {"old_energy_charge": -503430.77529602224, "new_energy_charge": -502093.31125740195, "energy_charge_savings": 1337.4640386202955, "old_demand_charge": -179161.4531169057, "new_demand_charge": -159890.61878857587, "demand_charge_savings": 19270.83432832983, "retail_profits": 20608.298366950126, "battery_charge_cost": -14646.118642455698, "battery_discharge_revenues": 15983.582681075899, "battery_retail_profits": 1337.4640386202009, "battery_export_revenue": 0.0, "total_profits": 20608.29836695003, "irr": 0.14277, "npv": 48462.462}}