{"key_params": {"location": "CA_Santa.Barbara.Muni", "customer_type": "School", "demand_charge": 20, "export_price": 0.0, "export_price_type": "None", "battery_size_kWh": 300, "battery_power_kW": 150.0, "min_soc": 0.05, "max_soc": 1.0, "one_way_efficiency": 0.92, "start_soc": 0.5, "n_horizon": 24, "n_control": 12}, "savings": {"old_energy_charge": -349368.3583503551, "new_energy_charge": -347875.2349330814, "energy_charge_savings": 1493.1234172737459, "old_demand_charge": -197756.53201550274, "new_demand_charge": -178711.00560166454, "demand_charge_savings": 19045.526413838204, "retail_profits": 20538.64983111195, "battery_charge_cost": -11167.226839057343, "battery_discharge_revenues": 12660.350256331074, "battery_retail_profits": 1493.1234172737313, "battery_export_revenue": 0.0, "total_profits": 20538.649831111936, "irr": 0.14206, "npv": 48023.075}}