{"key_params": {"location": "CA_Palm.Springs.Intl", "customer_type": "Hotel", "demand_charge": 20, "export_price": 0.0, "export_price_type": "None", "battery_size_kWh": 300, "battery_power_kW": 150.0, "min_soc": 0.05, "max_soc": 1.0, "one_way_efficiency": 0.92, "start_soc": 0.5, "n_horizon": 24, "n_control": 12}, "savings": {"old_energy_charge": -305068.4811424283, "new_energy_charge": -302809.5357959996, "energy_charge_savings": 2258.9453464287217, "old_demand_charge": -109778.29919077503, "new_demand_charge": -88048.26425603575, "demand_charge_savings": 21730.034934739277, "retail_profits": 23988.980281168, "battery_charge_cost": -12491.303960676043, "battery_discharge_revenues": 14750.249307104723, "battery_retail_profits": 2258.94534642868, "battery_export_revenue": 0.0, "total_profits": 23988.980281167955, "irr": 0.17632, "npv": 69789.946}}