{"key_params": {"location": "CA_Stockton.Metro", "customer_type": "Restaurant", "demand_charge": 20, "export_price": 0.0, "export_price_type": "None", "battery_size_kWh": 300, "battery_power_kW": 150.0, "min_soc": 0.05, "max_soc": 1.0, "one_way_efficiency": 0.92, "start_soc": 0.5, "n_horizon": 24, "n_control": 12}, "savings": {"old_energy_charge": -488761.1441528944, "new_energy_charge": -487387.6257108495, "energy_charge_savings": 1373.5184420449077, "old_demand_charge": -186389.4572929205, "new_demand_charge": -163259.52946804505, "demand_charge_savings": 23129.927824875456, "retail_profits": 24503.446266920364, "battery_charge_cost": -14835.123788416751, "battery_discharge_revenues": 16208.642230461634, "battery_retail_profits": 1373.5184420448822, "battery_export_revenue": 0.0, "total_profits": 24503.44626692034, "irr": 0.18133, "npv": 73035.524}}