{"key_params": {"location": "CA_San.Diego-Miramar.NAS.722930_TMY3", "customer_type": "Hotel", "demand_charge": 20, "export_price": 0.0, "export_price_type": "None", "battery_size_kWh": 300, "battery_power_kW": 150.0, "min_soc": 0.05, "max_soc": 1.0, "one_way_efficiency": 0.92, "start_soc": 0.5, "n_horizon": 24, "n_control": 12}, "savings": {"old_energy_charge": -337399.4984729225, "new_energy_charge": -335158.8513241522, "energy_charge_savings": 2240.64714877028, "old_demand_charge": -122274.29867899737, "new_demand_charge": -99738.6052131978, "demand_charge_savings": 22535.69346579956, "retail_profits": 24776.34061456984, "battery_charge_cost": -12692.772765240708, "battery_discharge_revenues": 14933.419914010958, "battery_retail_profits": 2240.6471487702493, "battery_export_revenue": 0.0, "total_profits": 24776.34061456981, "irr": 0.18398, "npv": 74757.114}}