{"key_params": {"location": "CA_Chula.Vista-Brown.Field.Muni", "customer_type": "School", "demand_charge": 20, "export_price": 0.0, "export_price_type": "None", "battery_size_kWh": 300, "battery_power_kW": 150.0, "min_soc": 0.05, "max_soc": 1.0, "one_way_efficiency": 0.92, "start_soc": 0.5, "n_horizon": 24, "n_control": 12}, "savings": {"old_energy_charge": -348765.8237862813, "new_energy_charge": -347256.2812856094, "energy_charge_savings": 1509.5425006718724, "old_demand_charge": -209927.19222565618, "new_demand_charge": -189915.0301873634, "demand_charge_savings": 20012.162038292794, "retail_profits": 21521.704538964666, "battery_charge_cost": -11196.8370347326, "battery_discharge_revenues": 12706.379535404449, "battery_retail_profits": 1509.5425006718488, "battery_export_revenue": 0.0, "total_profits": 21521.704538964645, "irr": 0.15196, "npv": 54224.807}}