{"key_params": {"location": "CA_Lompoc.AWOS.722895_TMY3", "customer_type": "School", "demand_charge": 20, "export_price": 0.0, "export_price_type": "None", "battery_size_kWh": 300, "battery_power_kW": 150.0, "min_soc": 0.05, "max_soc": 1.0, "one_way_efficiency": 0.92, "start_soc": 0.5, "n_horizon": 24, "n_control": 12}, "savings": {"old_energy_charge": -509656.2140362675, "new_energy_charge": -507526.75656843797, "energy_charge_savings": 2129.4574678295176, "old_demand_charge": -389187.37129752885, "new_demand_charge": -368278.7400147603, "demand_charge_savings": 20908.63128276856, "retail_profits": 23038.08875059808, "battery_charge_cost": -11247.254751700191, "battery_discharge_revenues": 13376.712219529756, "battery_retail_profits": 2129.457467829565, "battery_export_revenue": 0.0, "total_profits": 23038.088750598126, "irr": 0.167, "npv": 63791.12}}