{"key_params": {"location": "CA_Beale.AFB.724837_TMY3", "customer_type": "School", "demand_charge": 20, "export_price": 0.0, "export_price_type": "None", "battery_size_kWh": 300, "battery_power_kW": 150.0, "min_soc": 0.05, "max_soc": 1.0, "one_way_efficiency": 0.92, "start_soc": 0.5, "n_horizon": 24, "n_control": 12}, "savings": {"old_energy_charge": -627633.1129460188, "new_energy_charge": -625677.2877176049, "energy_charge_savings": 1955.8252284139162, "old_demand_charge": -385864.786812162, "new_demand_charge": -359382.83909544116, "demand_charge_savings": 26481.947716720868, "retail_profits": 28437.772945134784, "battery_charge_cost": -10853.29201443168, "battery_discharge_revenues": 12809.117242845547, "battery_retail_profits": 1955.825228413867, "battery_export_revenue": 0.0, "total_profits": 28437.772945134733, "irr": 0.21898, "npv": 97855.75}}