{"key_params": {"location": "CA_Montague-Siskiyou.County", "customer_type": "School", "demand_charge": 20, "export_price": 0.0, "export_price_type": "None", "battery_size_kWh": 300, "battery_power_kW": 150.0, "min_soc": 0.05, "max_soc": 1.0, "one_way_efficiency": 0.92, "start_soc": 0.5, "n_horizon": 24, "n_control": 12}, "savings": {"old_energy_charge": -343207.53615246, "new_energy_charge": -341551.1510063802, "energy_charge_savings": 1656.3851460797596, "old_demand_charge": -195232.10832829907, "new_demand_charge": -175382.93295986805, "demand_charge_savings": 19849.175368431024, "retail_profits": 21505.560514510784, "battery_charge_cost": -11013.779457173643, "battery_discharge_revenues": 12670.164603253423, "battery_retail_profits": 1656.3851460797796, "battery_export_revenue": 0.0, "total_profits": 21505.560514510806, "irr": 0.15179, "npv": 54122.96}}