{"key_params": {"location": "CA_Montague-Siskiyou.County", "customer_type": "Market", "demand_charge": 20, "export_price": 0.0, "export_price_type": "None", "battery_size_kWh": 300, "battery_power_kW": 150.0, "min_soc": 0.05, "max_soc": 1.0, "one_way_efficiency": 0.92, "start_soc": 0.5, "n_horizon": 24, "n_control": 12}, "savings": {"old_energy_charge": -406855.20365428156, "new_energy_charge": -405775.67694114044, "energy_charge_savings": 1079.5267131411238, "old_demand_charge": -161124.20266746162, "new_demand_charge": -146012.87259783715, "demand_charge_savings": 15111.33006962447, "retail_profits": 16190.856782765593, "battery_charge_cost": -11781.394196262077, "battery_discharge_revenues": 12860.92090940318, "battery_retail_profits": 1079.526713141102, "battery_export_revenue": 0.0, "total_profits": 16190.856782765572, "irr": 0.09665, "npv": 20594.44}}