{"key_params": {"location": "CA_Paso.Robles.Muni", "customer_type": "Apartment", "demand_charge": 20, "export_price": 0.0, "export_price_type": "None", "battery_size_kWh": 300, "battery_power_kW": 150.0, "min_soc": 0.05, "max_soc": 1.0, "one_way_efficiency": 0.92, "start_soc": 0.5, "n_horizon": 24, "n_control": 12}, "savings": {"old_energy_charge": -364848.0781418959, "new_energy_charge": -362101.1225851511, "energy_charge_savings": 2746.955556744768, "old_demand_charge": -166603.6118758312, "new_demand_charge": -144950.27890394386, "demand_charge_savings": 21653.332971887343, "retail_profits": 24400.28852863211, "battery_charge_cost": -10729.564239130435, "battery_discharge_revenues": 13476.519795875194, "battery_retail_profits": 2746.9555567447587, "battery_export_revenue": 0.0, "total_profits": 24400.288528632103, "irr": 0.18033, "npv": 72384.739}}