{"key_params": {"location": "CA_Fresno.Air.Terminal.723890_TMY3", "customer_type": "Office", "demand_charge": 20, "export_price": 0.0, "export_price_type": "None", "battery_size_kWh": 300, "battery_power_kW": 150.0, "min_soc": 0.05, "max_soc": 1.0, "one_way_efficiency": 0.92, "start_soc": 0.5, "n_horizon": 24, "n_control": 12}, "savings": {"old_energy_charge": -417494.4685071873, "new_energy_charge": -415609.27949755214, "energy_charge_savings": 1885.1890096351854, "old_demand_charge": -253342.71021300115, "new_demand_charge": -223953.32884105344, "demand_charge_savings": 29389.381371947704, "retail_profits": 31274.57038158289, "battery_charge_cost": -11603.852939667915, "battery_discharge_revenues": 13489.04194930313, "battery_retail_profits": 1885.1890096352145, "battery_export_revenue": 0.0, "total_profits": 31274.57038158292, "irr": 0.24557, "npv": 115752.066}}