{"key_params": {"location": "CA_San.Francisco.Intl", "customer_type": "Hotel", "demand_charge": 20, "export_price": 0.0, "export_price_type": "None", "battery_size_kWh": 300, "battery_power_kW": 150.0, "min_soc": 0.05, "max_soc": 1.0, "one_way_efficiency": 0.92, "start_soc": 0.5, "n_horizon": 24, "n_control": 12}, "savings": {"old_energy_charge": -373771.9603977304, "new_energy_charge": -371537.63608268474, "energy_charge_savings": 2234.324315045669, "old_demand_charge": -147420.42047542782, "new_demand_charge": -122775.1937203342, "demand_charge_savings": 24645.226755093623, "retail_profits": 26879.551070139292, "battery_charge_cost": -12715.48151026495, "battery_discharge_revenues": 14949.805825310586, "battery_retail_profits": 2234.3243150456365, "battery_export_revenue": 0.0, "total_profits": 26879.55107013926, "irr": 0.2042, "npv": 88025.499}}