{"key_params": {"location": "CA_Porterville.AWOS.723895_TMY3", "customer_type": "Hotel", "demand_charge": 20, "export_price": 0.0, "export_price_type": "None", "battery_size_kWh": 300, "battery_power_kW": 150.0, "min_soc": 0.05, "max_soc": 1.0, "one_way_efficiency": 0.92, "start_soc": 0.5, "n_horizon": 24, "n_control": 12}, "savings": {"old_energy_charge": -381361.8568300269, "new_energy_charge": -378964.44171642367, "energy_charge_savings": 2397.4151136032306, "old_demand_charge": -153863.5176843605, "new_demand_charge": -129775.33928648548, "demand_charge_savings": 24088.178397875017, "retail_profits": 26485.593511478248, "battery_charge_cost": -11708.790174602525, "battery_discharge_revenues": 14106.205288205761, "battery_retail_profits": 2397.415113603236, "battery_export_revenue": 0.0, "total_profits": 26485.593511478255, "irr": 0.20043, "npv": 85540.165}}