{"key_params": {"location": "CA_Mountain.View-Moffett.Field.NAS.745090_TMY3", "customer_type": "Office", "demand_charge": 20, "export_price": 0.0, "export_price_type": "None", "battery_size_kWh": 300, "battery_power_kW": 150.0, "min_soc": 0.05, "max_soc": 1.0, "one_way_efficiency": 0.92, "start_soc": 0.5, "n_horizon": 24, "n_control": 12}, "savings": {"old_energy_charge": -502840.5497832355, "new_energy_charge": -501663.9781454618, "energy_charge_savings": 1176.5716377736535, "old_demand_charge": -257201.02241590884, "new_demand_charge": -237166.16984908094, "demand_charge_savings": 20034.852566827904, "retail_profits": 21211.424204601557, "battery_charge_cost": -11464.307068798647, "battery_discharge_revenues": 12640.878706572363, "battery_retail_profits": 1176.5716377737153, "battery_export_revenue": 0.0, "total_profits": 21211.42420460162, "irr": 0.14885, "npv": 52267.362}}