{"key_params": {"location": "CA_Beale.AFB.724837_TMY3", "customer_type": "Restaurant", "demand_charge": 20, "export_price": 0.0, "export_price_type": "None", "battery_size_kWh": 300, "battery_power_kW": 150.0, "min_soc": 0.05, "max_soc": 1.0, "one_way_efficiency": 0.92, "start_soc": 0.5, "n_horizon": 24, "n_control": 12}, "savings": {"old_energy_charge": -460080.44352288166, "new_energy_charge": -459831.3684183351, "energy_charge_savings": 249.07510454655858, "old_demand_charge": -164680.53673307138, "new_demand_charge": -144465.55082652633, "demand_charge_savings": 20214.985906545044, "retail_profits": 20464.061011091602, "battery_charge_cost": -17965.30091653656, "battery_discharge_revenues": 18214.376021083124, "battery_retail_profits": 249.07510454656585, "battery_export_revenue": 0.0, "total_profits": 20464.06101109161, "irr": 0.14131, "npv": 47552.521}}