{"key_params": {"location": "CA_Santa.Maria.Public", "customer_type": "Office", "demand_charge": 20, "export_price": 0.0, "export_price_type": "None", "battery_size_kWh": 300, "battery_power_kW": 150.0, "min_soc": 0.05, "max_soc": 1.0, "one_way_efficiency": 0.92, "start_soc": 0.5, "n_horizon": 24, "n_control": 12}, "savings": {"old_energy_charge": -396852.7260864014, "new_energy_charge": -395277.52703678334, "energy_charge_savings": 1575.199049618037, "old_demand_charge": -229228.79146365734, "new_demand_charge": -203735.97334555, "demand_charge_savings": 25492.81811810733, "retail_profits": 27068.017167725367, "battery_charge_cost": -11786.512847331931, "battery_discharge_revenues": 13361.711896949979, "battery_retail_profits": 1575.1990496180479, "battery_export_revenue": 0.0, "total_profits": 27068.01716772538, "irr": 0.20599, "npv": 89214.462}}