{"key_params": {"location": "CA_Santa.Barbara.Muni", "customer_type": "Hotel", "demand_charge": 20, "export_price": 0.0, "export_price_type": "None", "battery_size_kWh": 300, "battery_power_kW": 150.0, "min_soc": 0.05, "max_soc": 1.0, "one_way_efficiency": 0.92, "start_soc": 0.5, "n_horizon": 24, "n_control": 12}, "savings": {"old_energy_charge": -351356.2960894839, "new_energy_charge": -349110.331889272, "energy_charge_savings": 2245.9642002118635, "old_demand_charge": -129489.11625179868, "new_demand_charge": -106315.09101797658, "demand_charge_savings": 23174.025233822103, "retail_profits": 25419.989434033967, "battery_charge_cost": -12663.2564832921, "battery_discharge_revenues": 14909.220683503905, "battery_retail_profits": 2245.9642002118053, "battery_export_revenue": 0.0, "total_profits": 25419.98943403391, "irr": 0.1902, "npv": 78817.659}}