{"key_params": {"location": "CA_Edwards.AFB.723810_TMY3", "customer_type": "Hotel", "demand_charge": 20, "export_price": 0.0, "export_price_type": "None", "battery_size_kWh": 300, "battery_power_kW": 150.0, "min_soc": 0.05, "max_soc": 1.0, "one_way_efficiency": 0.92, "start_soc": 0.5, "n_horizon": 24, "n_control": 12}, "savings": {"old_energy_charge": -377310.8766405983, "new_energy_charge": -374937.4967486382, "energy_charge_savings": 2373.3798919600667, "old_demand_charge": -150860.23386478334, "new_demand_charge": -127136.26424322445, "demand_charge_savings": 23723.969621558892, "retail_profits": 26097.34951351896, "battery_charge_cost": -11875.19520046807, "battery_discharge_revenues": 14248.575092428127, "battery_retail_profits": 2373.3798919600576, "battery_export_revenue": 0.0, "total_profits": 26097.34951351895, "irr": 0.19671, "npv": 83090.876}}