{"key_params": {"location": "CA_Hayward.Air.Terminal.724935_TMY3", "customer_type": "Hotel", "demand_charge": 20, "export_price": 0.0, "export_price_type": "None", "battery_size_kWh": 300, "battery_power_kW": 150.0, "min_soc": 0.05, "max_soc": 1.0, "one_way_efficiency": 0.92, "start_soc": 0.5, "n_horizon": 24, "n_control": 12}, "savings": {"old_energy_charge": -346258.39827309153, "new_energy_charge": -344006.38834215974, "energy_charge_savings": 2252.0099309317884, "old_demand_charge": -127527.68214605072, "new_demand_charge": -104414.94867746338, "demand_charge_savings": 23112.733468587336, "retail_profits": 25364.743399519124, "battery_charge_cost": -12697.44092246843, "battery_discharge_revenues": 14949.450853400229, "battery_retail_profits": 2252.0099309317993, "battery_export_revenue": 0.0, "total_profits": 25364.743399519135, "irr": 0.18967, "npv": 78469.132}}