{"key_params": {"location": "CA_Burbank-Glendale-Passadena.Bob.Hope", "customer_type": "Office", "demand_charge": 20, "export_price": 0.0, "export_price_type": "None", "battery_size_kWh": 300, "battery_power_kW": 150.0, "min_soc": 0.05, "max_soc": 1.0, "one_way_efficiency": 0.92, "start_soc": 0.5, "n_horizon": 24, "n_control": 12}, "savings": {"old_energy_charge": -398943.53404989187, "new_energy_charge": -397379.4707969847, "energy_charge_savings": 1564.0632529071881, "old_demand_charge": -232160.2653090278, "new_demand_charge": -211373.43168325594, "demand_charge_savings": 20786.833625771862, "retail_profits": 22350.89687867905, "battery_charge_cost": -11455.980702554265, "battery_discharge_revenues": 13020.043955461517, "battery_retail_profits": 1564.0632529072518, "battery_export_revenue": 0.0, "total_profits": 22350.896878679116, "irr": 0.16021, "npv": 59455.878}}