{"key_params": {"location": "CA_Hawthorne-Jack.Northrop.Field.722956_TMY3", "customer_type": "Restaurant", "demand_charge": 20, "export_price": 0.0, "export_price_type": "None", "battery_size_kWh": 300, "battery_power_kW": 150.0, "min_soc": 0.05, "max_soc": 1.0, "one_way_efficiency": 0.92, "start_soc": 0.5, "n_horizon": 24, "n_control": 12}, "savings": {"old_energy_charge": -465966.40066724265, "new_energy_charge": -465013.1385383061, "energy_charge_savings": 953.2621289365343, "old_demand_charge": -169633.84686523132, "new_demand_charge": -146903.62397371762, "demand_charge_savings": 22730.222891513695, "retail_profits": 23683.48502045023, "battery_charge_cost": -14838.400579016934, "battery_discharge_revenues": 15791.662707953521, "battery_retail_profits": 953.262128936587, "battery_export_revenue": 0.0, "total_profits": 23683.48502045028, "irr": 0.17334, "npv": 67862.688}}