{"key_params": {"location": "CA_Palm.Springs-Thermal", "customer_type": "Restaurant", "demand_charge": 20, "export_price": 0.0, "export_price_type": "None", "battery_size_kWh": 300, "battery_power_kW": 150.0, "min_soc": 0.05, "max_soc": 1.0, "one_way_efficiency": 0.92, "start_soc": 0.5, "n_horizon": 24, "n_control": 12}, "savings": {"old_energy_charge": -546471.3292505714, "new_energy_charge": -545152.5477809114, "energy_charge_savings": 1318.7814696599962, "old_demand_charge": -203674.86784978397, "new_demand_charge": -181615.6753599581, "demand_charge_savings": 22059.19248982586, "retail_profits": 23377.973959485855, "battery_charge_cost": -13276.962718924355, "battery_discharge_revenues": 14595.74418858436, "battery_retail_profits": 1318.7814696600053, "battery_export_revenue": 0.0, "total_profits": 23377.973959485862, "irr": 0.17034, "npv": 65935.331}}