{"key_params": {"location": "CA_Barstow.Daggett", "customer_type": "Apartment", "demand_charge": 20, "export_price": 0.0, "export_price_type": "None", "battery_size_kWh": 300, "battery_power_kW": 150.0, "min_soc": 0.05, "max_soc": 1.0, "one_way_efficiency": 0.92, "start_soc": 0.5, "n_horizon": 24, "n_control": 12}, "savings": {"old_energy_charge": -342046.06575389183, "new_energy_charge": -339284.8557925217, "energy_charge_savings": 2761.2099613701575, "old_demand_charge": -143996.27435486106, "new_demand_charge": -124042.15929392428, "demand_charge_savings": 19954.115060936776, "retail_profits": 22715.325022306934, "battery_charge_cost": -10729.564239130434, "battery_discharge_revenues": 13490.774200500608, "battery_retail_profits": 2761.209961370174, "battery_export_revenue": 0.0, "total_profits": 22715.325022306948, "irr": 0.16382, "npv": 61754.921}}