{"key_params": {"location": "CA_Bakersfield-Meadows.Field.723840_TMY3", "customer_type": "Market", "demand_charge": 20, "export_price": 0.0, "export_price_type": "None", "battery_size_kWh": 300, "battery_power_kW": 150.0, "min_soc": 0.05, "max_soc": 1.0, "one_way_efficiency": 0.92, "start_soc": 0.5, "n_horizon": 24, "n_control": 12}, "savings": {"old_energy_charge": -387398.0880969804, "new_energy_charge": -386108.40313167975, "energy_charge_savings": 1289.6849653006648, "old_demand_charge": -153104.8763101109, "new_demand_charge": -140075.00515387507, "demand_charge_savings": 13029.871156235837, "retail_profits": 14319.556121536501, "battery_charge_cost": -11551.364485618256, "battery_discharge_revenues": 12841.04945091901, "battery_retail_profits": 1289.684965300754, "battery_export_revenue": 0.0, "total_profits": 14319.55612153659, "irr": 0.07598, "npv": 8789.09}}