{"key_params": {"location": "CA_China.Lake.NAF.746120_TMY3", "customer_type": "School", "demand_charge": 20, "export_price": 0.0, "export_price_type": "None", "battery_size_kWh": 300, "battery_power_kW": 150.0, "min_soc": 0.05, "max_soc": 1.0, "one_way_efficiency": 0.92, "start_soc": 0.5, "n_horizon": 24, "n_control": 12}, "savings": {"old_energy_charge": -655631.5468710271, "new_energy_charge": -653824.3990480071, "energy_charge_savings": 1807.147823020001, "old_demand_charge": -381149.6007863852, "new_demand_charge": -363139.3352154014, "demand_charge_savings": 18010.265570983756, "retail_profits": 19817.413394003757, "battery_charge_cost": -10976.443763448387, "battery_discharge_revenues": 12783.591586468403, "battery_retail_profits": 1807.1478230200155, "battery_export_revenue": 0.0, "total_profits": 19817.413394003772, "irr": 0.13473, "npv": 43473.058}}