{"key_params": {"location": "CA_Twentynine.Palms.690150_TMY3", "customer_type": "Hotel", "demand_charge": 20, "export_price": 0.0, "export_price_type": "None", "battery_size_kWh": 300, "battery_power_kW": 150.0, "min_soc": 0.05, "max_soc": 1.0, "one_way_efficiency": 0.92, "start_soc": 0.5, "n_horizon": 24, "n_control": 12}, "savings": {"old_energy_charge": -314616.3265227816, "new_energy_charge": -312381.7418275986, "energy_charge_savings": 2234.5846951829735, "old_demand_charge": -113677.17307331745, "new_demand_charge": -91938.93408671292, "demand_charge_savings": 21738.238986604527, "retail_profits": 23972.8236817875, "battery_charge_cost": -12689.214704302647, "battery_discharge_revenues": 14923.79939948567, "battery_retail_profits": 2234.5846951830226, "battery_export_revenue": 0.0, "total_profits": 23972.82368178755, "irr": 0.17616, "npv": 69688.02}}