{"key_params": {"location": "CA_Carlsbad.722927_TMY3", "customer_type": "Hotel", "demand_charge": 20, "export_price": 0.0, "export_price_type": "None", "battery_size_kWh": 300, "battery_power_kW": 150.0, "min_soc": 0.05, "max_soc": 1.0, "one_way_efficiency": 0.92, "start_soc": 0.5, "n_horizon": 24, "n_control": 12}, "savings": {"old_energy_charge": -346336.2787644625, "new_energy_charge": -344093.5294112114, "energy_charge_savings": 2242.749353251129, "old_demand_charge": -125219.81406356381, "new_demand_charge": -102655.24051033163, "demand_charge_savings": 22564.573553232185, "retail_profits": 24807.322906483314, "battery_charge_cost": -12699.672214179158, "battery_discharge_revenues": 14942.421567430289, "battery_retail_profits": 2242.7493532511307, "battery_export_revenue": 0.0, "total_profits": 24807.322906483314, "irr": 0.18428, "npv": 74952.57}}