{"key_params": {"location": "CA_Santa.Ana-John.Wayne", "customer_type": "School", "demand_charge": 20, "export_price": 0.0, "export_price_type": "None", "battery_size_kWh": 300, "battery_power_kW": 150.0, "min_soc": 0.05, "max_soc": 1.0, "one_way_efficiency": 0.92, "start_soc": 0.5, "n_horizon": 24, "n_control": 12}, "savings": {"old_energy_charge": -606175.5490855821, "new_energy_charge": -604062.124198318, "energy_charge_savings": 2113.4248872641474, "old_demand_charge": -366809.1570734817, "new_demand_charge": -349114.2196015124, "demand_charge_savings": 17694.937471969286, "retail_profits": 19808.362359233433, "battery_charge_cost": -10902.404245841373, "battery_discharge_revenues": 13015.829133105515, "battery_retail_profits": 2113.424887264142, "battery_export_revenue": 0.0, "total_profits": 19808.362359233426, "irr": 0.13464, "npv": 43415.958}}