{"key_params": {"location": "CA_Fullerton.Muni", "customer_type": "Restaurant", "demand_charge": 20, "export_price": 0.0, "export_price_type": "None", "battery_size_kWh": 300, "battery_power_kW": 150.0, "min_soc": 0.05, "max_soc": 1.0, "one_way_efficiency": 0.92, "start_soc": 0.5, "n_horizon": 24, "n_control": 12}, "savings": {"old_energy_charge": -480348.3364914076, "new_energy_charge": -478884.06363358675, "energy_charge_savings": 1464.272857820848, "old_demand_charge": -178257.01835321297, "new_demand_charge": -156080.68232656518, "demand_charge_savings": 22176.336026647798, "retail_profits": 23640.608884468646, "battery_charge_cost": -13525.198873465266, "battery_discharge_revenues": 14989.471731286112, "battery_retail_profits": 1464.2728578208462, "battery_export_revenue": 0.0, "total_profits": 23640.608884468646, "irr": 0.17292, "npv": 67592.199}}