{"key_params": {"location": "CA_Santa.Rosa.AWOS.724957_TMY3", "customer_type": "School", "demand_charge": 20, "export_price": 0.0, "export_price_type": "None", "battery_size_kWh": 300, "battery_power_kW": 150.0, "min_soc": 0.05, "max_soc": 1.0, "one_way_efficiency": 0.92, "start_soc": 0.5, "n_horizon": 24, "n_control": 12}, "savings": {"old_energy_charge": -352283.83859577304, "new_energy_charge": -350679.2113576667, "energy_charge_savings": 1604.6272381063318, "old_demand_charge": -224651.69453678135, "new_demand_charge": -204105.94263964304, "demand_charge_savings": 20545.75189713831, "retail_profits": 22150.379135244642, "battery_charge_cost": -11160.473700215713, "battery_discharge_revenues": 12765.10093832208, "battery_retail_profits": 1604.6272381063682, "battery_export_revenue": 0.0, "total_profits": 22150.37913524468, "irr": 0.15822, "npv": 58190.885}}