{"key_params": {"location": "CA_Blue.Canyon", "customer_type": "Office", "demand_charge": 20, "export_price": 0.0, "export_price_type": "None", "battery_size_kWh": 300, "battery_power_kW": 150.0, "min_soc": 0.05, "max_soc": 1.0, "one_way_efficiency": 0.92, "start_soc": 0.5, "n_horizon": 24, "n_control": 12}, "savings": {"old_energy_charge": -464285.41639560886, "new_energy_charge": -463379.7194601083, "energy_charge_savings": 905.6969355005422, "old_demand_charge": -235550.72549580515, "new_demand_charge": -217248.6987030586, "demand_charge_savings": 18302.02679274656, "retail_profits": 19207.723728247103, "battery_charge_cost": -11757.334797745385, "battery_discharge_revenues": 12663.031733245994, "battery_retail_profits": 905.6969355006095, "battery_export_revenue": 0.0, "total_profits": 19207.72372824717, "irr": 0.12848, "npv": 39626.749}}