{"key_params": {"location": "CA_Santa.Monica.Muni", "customer_type": "Hospital", "demand_charge": 20, "export_price": 0.0, "export_price_type": "None", "battery_size_kWh": 300, "battery_power_kW": 150.0, "min_soc": 0.05, "max_soc": 1.0, "one_way_efficiency": 0.92, "start_soc": 0.5, "n_horizon": 24, "n_control": 12}, "savings": {"old_energy_charge": -244513.4194632918, "new_energy_charge": -244294.97113192847, "energy_charge_savings": 218.44833136332454, "old_demand_charge": -80285.09759879728, "new_demand_charge": -72282.5295630631, "demand_charge_savings": 8002.568035734177, "retail_profits": 8221.016367097502, "battery_charge_cost": -11631.521370045311, "battery_discharge_revenues": 11849.969701408656, "battery_retail_profits": 218.44833136334455, "battery_export_revenue": 0.0, "total_profits": 8221.016367097522, "irr": -0.00162, "npv": -30302.772}}