{"key_params": {"location": "CA_Merced-Macready.Field.724815_TMY3", "customer_type": "Hotel", "demand_charge": 20, "export_price": 0.0, "export_price_type": "None", "battery_size_kWh": 300, "battery_power_kW": 150.0, "min_soc": 0.05, "max_soc": 1.0, "one_way_efficiency": 0.92, "start_soc": 0.5, "n_horizon": 24, "n_control": 12}, "savings": {"old_energy_charge": -381341.7448548759, "new_energy_charge": -378936.771592209, "energy_charge_savings": 2404.9732626668992, "old_demand_charge": -154571.27409097468, "new_demand_charge": -131470.51850460365, "demand_charge_savings": 23100.75558637103, "retail_profits": 25505.72884903793, "battery_charge_cost": -11657.326741926614, "battery_discharge_revenues": 14062.300004593468, "battery_retail_profits": 2404.9732626668538, "battery_export_revenue": 0.0, "total_profits": 25505.728849037885, "irr": 0.19103, "npv": 79358.557}}