{"key_params": {"location": "CA_Lompoc.AWOS.722895_TMY3", "customer_type": "School", "demand_charge": 20, "export_price": 0.0, "export_price_type": "None", "battery_size_kWh": 300, "battery_power_kW": 150.0, "min_soc": 0.05, "max_soc": 1.0, "one_way_efficiency": 0.92, "start_soc": 0.5, "n_horizon": 24, "n_control": 12}, "savings": {"old_energy_charge": -336252.4257778184, "new_energy_charge": -334793.89112368686, "energy_charge_savings": 1458.5346541315666, "old_demand_charge": -199361.0355756243, "new_demand_charge": -179819.00059955046, "demand_charge_savings": 19542.03497607383, "retail_profits": 21000.5696302054, "battery_charge_cost": -11466.74729809705, "battery_discharge_revenues": 12925.281952228655, "battery_retail_profits": 1458.5346541316048, "battery_export_revenue": 0.0, "total_profits": 21000.569630205435, "irr": 0.14673, "npv": 50937.158}}