{"key_params": {"location": "CA_Monterey.NAF.724915_TMY3", "customer_type": "Office", "demand_charge": 20, "export_price": 0.0, "export_price_type": "None", "battery_size_kWh": 300, "battery_power_kW": 150.0, "min_soc": 0.05, "max_soc": 1.0, "one_way_efficiency": 0.92, "start_soc": 0.5, "n_horizon": 24, "n_control": 12}, "savings": {"old_energy_charge": -290325.27710614423, "new_energy_charge": -289444.71971749107, "energy_charge_savings": 880.5573886531638, "old_demand_charge": -144084.22968960973, "new_demand_charge": -129886.2418876616, "demand_charge_savings": 14197.987801948126, "retail_profits": 15078.54519060129, "battery_charge_cost": -11528.863005376748, "battery_discharge_revenues": 12409.420394029914, "battery_retail_profits": 880.5573886531656, "battery_export_revenue": 0.0, "total_profits": 15078.545190601291, "irr": 0.08446, "npv": 13577.274}}