{"key_params": {"location": "CA_Beale.AFB.724837_TMY3", "customer_type": "Office", "demand_charge": 20, "export_price": 0.0, "export_price_type": "None", "battery_size_kWh": 300, "battery_power_kW": 150.0, "min_soc": 0.05, "max_soc": 1.0, "one_way_efficiency": 0.92, "start_soc": 0.5, "n_horizon": 24, "n_control": 12}, "savings": {"old_energy_charge": -317895.2273000505, "new_energy_charge": -317079.43353393214, "energy_charge_savings": 815.7937661183532, "old_demand_charge": -163939.21977370494, "new_demand_charge": -146270.71293435173, "demand_charge_savings": 17668.506839353213, "retail_profits": 18484.300605471566, "battery_charge_cost": -11499.792789089735, "battery_discharge_revenues": 12315.586555208063, "battery_retail_profits": 815.7937661183278, "battery_export_revenue": 0.0, "total_profits": 18484.30060547154, "irr": 0.12098, "npv": 35062.938}}