{"key_params": {"location": "CA_Twentynine.Palms.690150_TMY3", "customer_type": "Restaurant", "demand_charge": 20, "export_price": 0.0, "export_price_type": "None", "battery_size_kWh": 300, "battery_power_kW": 150.0, "min_soc": 0.05, "max_soc": 1.0, "one_way_efficiency": 0.92, "start_soc": 0.5, "n_horizon": 24, "n_control": 12}, "savings": {"old_energy_charge": -482107.6087638631, "new_energy_charge": -481866.8914486612, "energy_charge_savings": 240.7173152018804, "old_demand_charge": -173646.39841232306, "new_demand_charge": -154960.58222628542, "demand_charge_savings": 18685.816186037642, "retail_profits": 18926.533501239523, "battery_charge_cost": -16642.21704467804, "battery_discharge_revenues": 16882.934359879866, "battery_retail_profits": 240.71731520182584, "battery_export_revenue": 0.0, "total_profits": 18926.533501239468, "irr": 0.12557, "npv": 37852.823}}