{"key_params": {"location": "CA_Livermore.Muni", "customer_type": "Restaurant", "demand_charge": 20, "export_price": 0.0, "export_price_type": "None", "battery_size_kWh": 300, "battery_power_kW": 150.0, "min_soc": 0.05, "max_soc": 1.0, "one_way_efficiency": 0.92, "start_soc": 0.5, "n_horizon": 24, "n_control": 12}, "savings": {"old_energy_charge": -442719.57422582817, "new_energy_charge": -442398.52657119517, "energy_charge_savings": 321.0476546330028, "old_demand_charge": -157240.49425502124, "new_demand_charge": -137014.4069951328, "demand_charge_savings": 20226.087259888445, "retail_profits": 20547.134914521448, "battery_charge_cost": -17852.568643186765, "battery_discharge_revenues": 18173.616297819786, "battery_retail_profits": 321.047654633021, "battery_export_revenue": 0.0, "total_profits": 20547.134914521466, "irr": 0.14215, "npv": 48076.604}}