{"key_params": {"location": "CA_Palm.Springs-Thermal", "customer_type": "Office", "demand_charge": 20, "export_price": 0.0, "export_price_type": "None", "battery_size_kWh": 300, "battery_power_kW": 150.0, "min_soc": 0.05, "max_soc": 1.0, "one_way_efficiency": 0.92, "start_soc": 0.5, "n_horizon": 24, "n_control": 12}, "savings": {"old_energy_charge": -504505.05084905605, "new_energy_charge": -503633.52713290445, "energy_charge_savings": 871.5237161515979, "old_demand_charge": -241290.5240082418, "new_demand_charge": -222668.01997439045, "demand_charge_savings": 18622.50403385135, "retail_profits": 19494.027750002948, "battery_charge_cost": -11894.916165649043, "battery_discharge_revenues": 12766.439881800672, "battery_retail_profits": 871.5237161516288, "battery_export_revenue": 0.0, "total_profits": 19494.027750002977, "irr": 0.13142, "npv": 41432.936}}