{"key_params": {"location": "CA_Bishop", "customer_type": "Market", "demand_charge": 20, "export_price": 0.0, "export_price_type": "None", "battery_size_kWh": 300, "battery_power_kW": 150.0, "min_soc": 0.05, "max_soc": 1.0, "one_way_efficiency": 0.92, "start_soc": 0.5, "n_horizon": 24, "n_control": 12}, "savings": {"old_energy_charge": -422755.7013522802, "new_energy_charge": -422025.60608428787, "energy_charge_savings": 730.0952679923503, "old_demand_charge": -168581.34702810395, "new_demand_charge": -153296.15913672524, "demand_charge_savings": 15285.187891378708, "retail_profits": 16015.283159371058, "battery_charge_cost": -11782.15568954402, "battery_discharge_revenues": 12512.250957536378, "battery_retail_profits": 730.0952679923575, "battery_export_revenue": 0.0, "total_profits": 16015.283159371065, "irr": 0.09474, "npv": 19486.811}}