{"key_params": {"location": "CA_San.Diego-Lindbergh.Field.722900_TMY3", "customer_type": "School", "demand_charge": 20, "export_price": 0.0, "export_price_type": "None", "battery_size_kWh": 300, "battery_power_kW": 150.0, "min_soc": 0.05, "max_soc": 1.0, "one_way_efficiency": 0.92, "start_soc": 0.5, "n_horizon": 24, "n_control": 12}, "savings": {"old_energy_charge": -611637.3771560045, "new_energy_charge": -609824.5600344882, "energy_charge_savings": 1812.817121516331, "old_demand_charge": -363114.74740384694, "new_demand_charge": -345056.71250322455, "demand_charge_savings": 18058.034900622384, "retail_profits": 19870.852022138715, "battery_charge_cost": -11181.769079847785, "battery_discharge_revenues": 12994.586201364018, "battery_retail_profits": 1812.8171215162329, "battery_export_revenue": 0.0, "total_profits": 19870.852022138617, "irr": 0.13528, "npv": 43810.183}}