{"key_params": {"location": "CA_Imperial.County", "customer_type": "Restaurant", "demand_charge": 20, "export_price": 0.0, "export_price_type": "None", "battery_size_kWh": 300, "battery_power_kW": 150.0, "min_soc": 0.05, "max_soc": 1.0, "one_way_efficiency": 0.92, "start_soc": 0.5, "n_horizon": 24, "n_control": 12}, "savings": {"old_energy_charge": -503581.72895007714, "new_energy_charge": -502776.39622942667, "energy_charge_savings": 805.3327206504764, "old_demand_charge": -181851.9926821247, "new_demand_charge": -162495.75310110324, "demand_charge_savings": 19356.23958102145, "retail_profits": 20161.572301671928, "battery_charge_cost": -15338.167570097892, "battery_discharge_revenues": 16143.500290748376, "battery_retail_profits": 805.3327206504837, "battery_export_revenue": 0.0, "total_profits": 20161.572301671935, "irr": 0.13824, "npv": 45644.231}}