{"key_params": {"location": "CA_Red.Bluff.Muni", "customer_type": "Hotel", "demand_charge": 20, "export_price": 0.0, "export_price_type": "None", "battery_size_kWh": 300, "battery_power_kW": 150.0, "min_soc": 0.05, "max_soc": 1.0, "one_way_efficiency": 0.92, "start_soc": 0.5, "n_horizon": 24, "n_control": 12}, "savings": {"old_energy_charge": -335635.63508787245, "new_energy_charge": -333365.9860378505, "energy_charge_savings": 2269.6490500219516, "old_demand_charge": -124691.45503641016, "new_demand_charge": -101777.17053561067, "demand_charge_savings": 22914.28450079949, "retail_profits": 25183.933550821443, "battery_charge_cost": -12629.973341850724, "battery_discharge_revenues": 14899.622391872668, "battery_retail_profits": 2269.6490500219443, "battery_export_revenue": 0.0, "total_profits": 25183.933550821435, "irr": 0.18792, "npv": 77328.469}}