{"key_params": {"location": "CA_Point.Mugu.NAS.723910_TMY3", "customer_type": "Apartment", "demand_charge": 20, "export_price": 0.0, "export_price_type": "None", "battery_size_kWh": 300, "battery_power_kW": 150.0, "min_soc": 0.05, "max_soc": 1.0, "one_way_efficiency": 0.92, "start_soc": 0.5, "n_horizon": 24, "n_control": 12}, "savings": {"old_energy_charge": -346963.2528446778, "new_energy_charge": -344199.0103989228, "energy_charge_savings": 2764.2424457549932, "old_demand_charge": -144916.74948960982, "new_demand_charge": -124011.0881917511, "demand_charge_savings": 20905.66129785872, "retail_profits": 23669.903743613715, "battery_charge_cost": -10729.564239130435, "battery_discharge_revenues": 13493.806684885458, "battery_retail_profits": 2764.2424457550223, "battery_export_revenue": 0.0, "total_profits": 23669.903743613744, "irr": 0.1732, "npv": 67777.009}}