{"key_params": {"location": "CA_Santa.Monica.Muni", "customer_type": "Office", "demand_charge": 20, "export_price": 0.0, "export_price_type": "None", "battery_size_kWh": 300, "battery_power_kW": 150.0, "min_soc": 0.05, "max_soc": 1.0, "one_way_efficiency": 0.92, "start_soc": 0.5, "n_horizon": 24, "n_control": 12}, "savings": {"old_energy_charge": -303535.57041833596, "new_energy_charge": -302952.3778284348, "energy_charge_savings": 583.1925899011549, "old_demand_charge": -150378.90556825855, "new_demand_charge": -137989.7386599345, "demand_charge_savings": 12389.166908324056, "retail_profits": 12972.35949822521, "battery_charge_cost": -11674.159496684435, "battery_discharge_revenues": 12257.352086585579, "battery_retail_profits": 583.192589901144, "battery_export_revenue": 0.0, "total_profits": 12972.3594982252, "irr": 0.06054, "npv": 290.119}}