{"key_params": {"location": "CA_Stockton.Metro", "customer_type": "Office", "demand_charge": 20, "export_price": 0.0, "export_price_type": "None", "battery_size_kWh": 300, "battery_power_kW": 150.0, "min_soc": 0.05, "max_soc": 1.0, "one_way_efficiency": 0.92, "start_soc": 0.5, "n_horizon": 24, "n_control": 12}, "savings": {"old_energy_charge": -406319.3313725474, "new_energy_charge": -404545.89481427567, "energy_charge_savings": 1773.4365582717583, "old_demand_charge": -261081.23930298866, "new_demand_charge": -230684.9522412772, "demand_charge_savings": 30396.287061711453, "retail_profits": 32169.72361998321, "battery_charge_cost": -11512.22180184873, "battery_discharge_revenues": 13285.65836012048, "battery_retail_profits": 1773.436558271751, "battery_export_revenue": 0.0, "total_profits": 32169.723619983204, "irr": 0.25388, "npv": 121399.26}}