{"key_params": {"location": "CA_Stockton.Metro", "customer_type": "Hotel", "demand_charge": 20, "export_price": 0.0, "export_price_type": "None", "battery_size_kWh": 300, "battery_power_kW": 150.0, "min_soc": 0.05, "max_soc": 1.0, "one_way_efficiency": 0.92, "start_soc": 0.5, "n_horizon": 24, "n_control": 12}, "savings": {"old_energy_charge": -348092.4487085659, "new_energy_charge": -345865.02976545494, "energy_charge_savings": 2227.41894311097, "old_demand_charge": -128698.79591069651, "new_demand_charge": -105649.37793356412, "demand_charge_savings": 23049.417977132398, "retail_profits": 25276.836920243368, "battery_charge_cost": -12673.894873294823, "battery_discharge_revenues": 14901.313816405827, "battery_retail_profits": 2227.4189431110044, "battery_export_revenue": 0.0, "total_profits": 25276.836920243404, "irr": 0.18882, "npv": 77914.562}}