{"key_params": {"location": "CA_Redding.Muni", "customer_type": "Hotel", "demand_charge": 20, "export_price": 0.0, "export_price_type": "None", "battery_size_kWh": 300, "battery_power_kW": 150.0, "min_soc": 0.05, "max_soc": 1.0, "one_way_efficiency": 0.92, "start_soc": 0.5, "n_horizon": 24, "n_control": 12}, "savings": {"old_energy_charge": -377405.90856616356, "new_energy_charge": -375026.4707650341, "energy_charge_savings": 2379.4378011294757, "old_demand_charge": -151651.84658816518, "new_demand_charge": -127828.92269512199, "demand_charge_savings": 23822.92389304319, "retail_profits": 26202.361694172665, "battery_charge_cost": -11861.389229257653, "battery_discharge_revenues": 14240.827030387196, "battery_retail_profits": 2379.437801129543, "battery_export_revenue": 0.0, "total_profits": 26202.36169417273, "irr": 0.19772, "npv": 83753.359}}