{"key_params": {"location": "CA_Fresno.Air.Terminal.723890_TMY3", "customer_type": "Restaurant", "demand_charge": 20, "export_price": 0.0, "export_price_type": "None", "battery_size_kWh": 300, "battery_power_kW": 150.0, "min_soc": 0.05, "max_soc": 1.0, "one_way_efficiency": 0.92, "start_soc": 0.5, "n_horizon": 24, "n_control": 12}, "savings": {"old_energy_charge": -504298.4283681429, "new_energy_charge": -502604.6353723598, "energy_charge_savings": 1693.7929957831511, "old_demand_charge": -185854.18617797777, "new_demand_charge": -163539.18453168098, "demand_charge_savings": 22315.00164629679, "retail_profits": 24008.79464207994, "battery_charge_cost": -14075.080502654113, "battery_discharge_revenues": 15768.873498437251, "battery_retail_profits": 1693.7929957831384, "battery_export_revenue": 0.0, "total_profits": 24008.794642079927, "irr": 0.17651, "npv": 69914.948}}