{"key_params": {"location": "CA_Bishop", "customer_type": "Hotel", "demand_charge": 20, "export_price": 0.0, "export_price_type": "None", "battery_size_kWh": 300, "battery_power_kW": 150.0, "min_soc": 0.05, "max_soc": 1.0, "one_way_efficiency": 0.92, "start_soc": 0.5, "n_horizon": 24, "n_control": 12}, "savings": {"old_energy_charge": -378230.13695892534, "new_energy_charge": -375866.4314795367, "energy_charge_savings": 2363.705479388649, "old_demand_charge": -150095.64326333292, "new_demand_charge": -125989.77049999582, "demand_charge_savings": 24105.8727633371, "retail_profits": 26469.57824272575, "battery_charge_cost": -11913.738079041632, "battery_discharge_revenues": 14277.443558430277, "battery_retail_profits": 2363.7054793886455, "battery_export_revenue": 0.0, "total_profits": 26469.578242725747, "irr": 0.20028, "npv": 85439.13}}