{"key_params": {"location": "CA_March.AFB.722860_TMY3", "customer_type": "Hotel", "demand_charge": 20, "export_price": 0.0, "export_price_type": "None", "battery_size_kWh": 300, "battery_power_kW": 150.0, "min_soc": 0.05, "max_soc": 1.0, "one_way_efficiency": 0.92, "start_soc": 0.5, "n_horizon": 24, "n_control": 12}, "savings": {"old_energy_charge": -341100.7385090934, "new_energy_charge": -338848.60734890896, "energy_charge_savings": 2252.13116018445, "old_demand_charge": -124328.25967305004, "new_demand_charge": -101745.79141741646, "demand_charge_savings": 22582.468255633576, "retail_profits": 24834.599415818026, "battery_charge_cost": -12663.369883799714, "battery_discharge_revenues": 14915.5010439842, "battery_retail_profits": 2252.1311601844864, "battery_export_revenue": 0.0, "total_profits": 24834.599415818062, "irr": 0.18454, "npv": 75124.648}}