{"key_params": {"location": "CA_Santa.Rosa.AWOS.724957_TMY3", "customer_type": "Office", "demand_charge": 20, "export_price": 0.0, "export_price_type": "None", "battery_size_kWh": 300, "battery_power_kW": 150.0, "min_soc": 0.05, "max_soc": 1.0, "one_way_efficiency": 0.92, "start_soc": 0.5, "n_horizon": 24, "n_control": 12}, "savings": {"old_energy_charge": -298888.5568105183, "new_energy_charge": -297757.89383286255, "energy_charge_savings": 1130.6629776557675, "old_demand_charge": -159890.0989911809, "new_demand_charge": -142621.90283926614, "demand_charge_savings": 17268.196151914744, "retail_profits": 18398.859129570512, "battery_charge_cost": -11377.508685048335, "battery_discharge_revenues": 12508.171662704042, "battery_retail_profits": 1130.6629776557074, "battery_export_revenue": 0.0, "total_profits": 18398.859129570454, "irr": 0.12009, "npv": 34523.919}}