{"key_params": {"location": "CA_Hayward.Air.Terminal.724935_TMY3", "customer_type": "Office", "demand_charge": 20, "export_price": 0.0, "export_price_type": "None", "battery_size_kWh": 300, "battery_power_kW": 150.0, "min_soc": 0.05, "max_soc": 1.0, "one_way_efficiency": 0.92, "start_soc": 0.5, "n_horizon": 24, "n_control": 12}, "savings": {"old_energy_charge": -402500.38398464123, "new_energy_charge": -400299.82504712103, "energy_charge_savings": 2200.558937520196, "old_demand_charge": -240433.55560774897, "new_demand_charge": -212320.03613123024, "demand_charge_savings": 28113.519476518733, "retail_profits": 30314.07841403893, "battery_charge_cost": -11468.58457769785, "battery_discharge_revenues": 13669.143515218087, "battery_retail_profits": 2200.558937520238, "battery_export_revenue": 0.0, "total_profits": 30314.078414038973, "irr": 0.23661, "npv": 109692.674}}