{"key_params": {"location": "CA_Crescent.City-Jack.McNamara.Field.725946_TMY3", "customer_type": "Office", "demand_charge": 20, "export_price": 0.0, "export_price_type": "None", "battery_size_kWh": 300, "battery_power_kW": 150.0, "min_soc": 0.05, "max_soc": 1.0, "one_way_efficiency": 0.92, "start_soc": 0.5, "n_horizon": 24, "n_control": 12}, "savings": {"old_energy_charge": -369912.59103878983, "new_energy_charge": -368416.2026121902, "energy_charge_savings": 1496.3884265996167, "old_demand_charge": -206189.25122119414, "new_demand_charge": -178258.50185357552, "demand_charge_savings": 27930.749367618613, "retail_profits": 29427.13779421823, "battery_charge_cost": -12304.955817481363, "battery_discharge_revenues": 13801.344244080998, "battery_retail_profits": 1496.3884265996348, "battery_export_revenue": 0.0, "total_profits": 29427.137794218248, "irr": 0.2283, "npv": 104097.291}}