{"key_params": {"location": "CA_Santa.Monica.Muni", "customer_type": "Hotel", "demand_charge": 20, "export_price": 0.0, "export_price_type": "None", "battery_size_kWh": 300, "battery_power_kW": 150.0, "min_soc": 0.05, "max_soc": 1.0, "one_way_efficiency": 0.92, "start_soc": 0.5, "n_horizon": 24, "n_control": 12}, "savings": {"old_energy_charge": -343693.57939674077, "new_energy_charge": -341454.2572263737, "energy_charge_savings": 2239.322170367057, "old_demand_charge": -123881.46030481413, "new_demand_charge": -101334.42931309438, "demand_charge_savings": 22547.030991719745, "retail_profits": 24786.3531620868, "battery_charge_cost": -12736.56303292006, "battery_discharge_revenues": 14975.885203287138, "battery_retail_profits": 2239.322170367079, "battery_export_revenue": 0.0, "total_profits": 24786.353162086823, "irr": 0.18408, "npv": 74820.28}}