{"key_params": {"location": "CA_Lompoc.AWOS.722895_TMY3", "customer_type": "Restaurant", "demand_charge": 20, "export_price": 0.0, "export_price_type": "None", "battery_size_kWh": 300, "battery_power_kW": 150.0, "min_soc": 0.05, "max_soc": 1.0, "one_way_efficiency": 0.92, "start_soc": 0.5, "n_horizon": 24, "n_control": 12}, "savings": {"old_energy_charge": -432360.91758170247, "new_energy_charge": -432463.99920227716, "energy_charge_savings": -103.08162057469599, "old_demand_charge": -151846.50071321276, "new_demand_charge": -131030.58244217958, "demand_charge_savings": 20815.91827103318, "retail_profits": 20712.836650458485, "battery_charge_cost": -18053.91035257593, "battery_discharge_revenues": 17950.82873200121, "battery_retail_profits": -103.08162057472146, "battery_export_revenue": 0.0, "total_profits": 20712.83665045846, "irr": 0.14383, "npv": 49121.956}}