{"key_params": {"location": "CA_Mountain.View-Moffett.Field.NAS.745090_TMY3", "customer_type": "Hotel", "demand_charge": 20, "export_price": 0.0, "export_price_type": "None", "battery_size_kWh": 300, "battery_power_kW": 150.0, "min_soc": 0.05, "max_soc": 1.0, "one_way_efficiency": 0.92, "start_soc": 0.5, "n_horizon": 24, "n_control": 12}, "savings": {"old_energy_charge": -376659.710421607, "new_energy_charge": -374356.07453706436, "energy_charge_savings": 2303.6358845426585, "old_demand_charge": -149371.19931840844, "new_demand_charge": -125623.34477277283, "demand_charge_savings": 23747.854545635608, "retail_profits": 26051.490430178266, "battery_charge_cost": -12326.406193384564, "battery_discharge_revenues": 14630.04207792722, "battery_retail_profits": 2303.6358845426566, "battery_export_revenue": 0.0, "total_profits": 26051.490430178266, "irr": 0.19627, "npv": 82801.567}}