{"key_params": {"location": "CA_Point.Mugu.NAS.723910_TMY3", "customer_type": "School", "demand_charge": 20, "export_price": 0.0, "export_price_type": "None", "battery_size_kWh": 300, "battery_power_kW": 150.0, "min_soc": 0.05, "max_soc": 1.0, "one_way_efficiency": 0.92, "start_soc": 0.5, "n_horizon": 24, "n_control": 12}, "savings": {"old_energy_charge": -347292.3149308582, "new_energy_charge": -346478.1208109326, "energy_charge_savings": 814.1941199256107, "old_demand_charge": -189609.79240477056, "new_demand_charge": -172088.54802951484, "demand_charge_savings": 17521.244375255716, "retail_profits": 18335.438495181326, "battery_charge_cost": -11608.980272389175, "battery_discharge_revenues": 12423.174392314824, "battery_retail_profits": 814.1941199256489, "battery_export_revenue": 0.0, "total_profits": 18335.438495181363, "irr": 0.11943, "npv": 34123.821}}