{"key_params": {"location": "CA_Fairfield-Travis.AFB.745160_TMY3", "customer_type": "Office", "demand_charge": 20, "export_price": 0.0, "export_price_type": "None", "battery_size_kWh": 300, "battery_power_kW": 150.0, "min_soc": 0.05, "max_soc": 1.0, "one_way_efficiency": 0.92, "start_soc": 0.5, "n_horizon": 24, "n_control": 12}, "savings": {"old_energy_charge": -308687.20561858534, "new_energy_charge": -307853.79695613694, "energy_charge_savings": 833.4086624484044, "old_demand_charge": -162946.57291877022, "new_demand_charge": -146454.11903843403, "demand_charge_savings": 16492.453880336194, "retail_profits": 17325.8625427846, "battery_charge_cost": -11524.442112012304, "battery_discharge_revenues": 12357.850774460767, "battery_retail_profits": 833.4086624484626, "battery_export_revenue": 0.0, "total_profits": 17325.862542784656, "irr": 0.10881, "npv": 27754.776}}