{"key_params": {"location": "CA_Long.Beach-Daugherty.Field.722970_TMY3", "customer_type": "Office", "demand_charge": 20, "export_price": 0.0, "export_price_type": "None", "battery_size_kWh": 300, "battery_power_kW": 150.0, "min_soc": 0.05, "max_soc": 1.0, "one_way_efficiency": 0.92, "start_soc": 0.5, "n_horizon": 24, "n_control": 12}, "savings": {"old_energy_charge": -389859.83160840056, "new_energy_charge": -388154.33738323115, "energy_charge_savings": 1705.4942251694156, "old_demand_charge": -213733.68724342412, "new_demand_charge": -194471.7220920151, "demand_charge_savings": 19261.965151409036, "retail_profits": 20967.459376578452, "battery_charge_cost": -11269.763825646603, "battery_discharge_revenues": 12975.258050815923, "battery_retail_profits": 1705.4942251693192, "battery_export_revenue": 0.0, "total_profits": 20967.459376578357, "irr": 0.14639, "npv": 50728.277}}