{"key_params": {"location": "CA_Livermore.Muni", "customer_type": "Office", "demand_charge": 20, "export_price": 0.0, "export_price_type": "None", "battery_size_kWh": 300, "battery_power_kW": 150.0, "min_soc": 0.05, "max_soc": 1.0, "one_way_efficiency": 0.92, "start_soc": 0.5, "n_horizon": 24, "n_control": 12}, "savings": {"old_energy_charge": -415365.5568339689, "new_energy_charge": -413259.9329809091, "energy_charge_savings": 2105.6238530597766, "old_demand_charge": -256170.05449166085, "new_demand_charge": -226484.94764682231, "demand_charge_savings": 29685.106844838534, "retail_profits": 31790.73069789831, "battery_charge_cost": -11709.38075246129, "battery_discharge_revenues": 13815.004605521051, "battery_retail_profits": 2105.623853059762, "battery_export_revenue": 0.0, "total_profits": 31790.730697898296, "irr": 0.25036, "npv": 119008.333}}