{"key_params": {"location": "CA_Fresno.Air.Terminal.723890_TMY3", "customer_type": "Market", "demand_charge": 20, "export_price": 0.0, "export_price_type": "None", "battery_size_kWh": 300, "battery_power_kW": 150.0, "min_soc": 0.05, "max_soc": 1.0, "one_way_efficiency": 0.92, "start_soc": 0.5, "n_horizon": 24, "n_control": 12}, "savings": {"old_energy_charge": -384812.63488965225, "new_energy_charge": -383874.4394506566, "energy_charge_savings": 938.1954389956663, "old_demand_charge": -151254.35158306896, "new_demand_charge": -137823.815705896, "demand_charge_savings": 13430.535877172952, "retail_profits": 14368.731316168618, "battery_charge_cost": -11726.649269986494, "battery_discharge_revenues": 12664.84470898215, "battery_retail_profits": 938.1954389956554, "battery_export_revenue": 0.0, "total_profits": 14368.731316168607, "irr": 0.07654, "npv": 9099.318}}