{"key_params": {"location": "CA_Lancaster-Gen.Wm.Fox.Field.723816_TMY3", "customer_type": "School", "demand_charge": 20, "export_price": 0.0, "export_price_type": "None", "battery_size_kWh": 300, "battery_power_kW": 150.0, "min_soc": 0.05, "max_soc": 1.0, "one_way_efficiency": 0.92, "start_soc": 0.5, "n_horizon": 24, "n_control": 12}, "savings": {"old_energy_charge": -375074.6012724997, "new_energy_charge": -373346.0621420572, "energy_charge_savings": 1728.5391304424847, "old_demand_charge": -231803.02277493928, "new_demand_charge": -213844.24160083674, "demand_charge_savings": 17958.781174102536, "retail_profits": 19687.32030454502, "battery_charge_cost": -11055.8048620404, "battery_discharge_revenues": 12784.343992482862, "battery_retail_profits": 1728.539130442461, "battery_export_revenue": 0.0, "total_profits": 19687.320304545, "irr": 0.1334, "npv": 42652.348}}