{"key_params": {"location": "CA_San.Diego-Montgomery.Field.722903_TMY3", "customer_type": "Restaurant", "demand_charge": 20, "export_price": 0.0, "export_price_type": "None", "battery_size_kWh": 300, "battery_power_kW": 150.0, "min_soc": 0.05, "max_soc": 1.0, "one_way_efficiency": 0.92, "start_soc": 0.5, "n_horizon": 24, "n_control": 12}, "savings": {"old_energy_charge": -468641.2546046481, "new_energy_charge": -467717.05946591636, "energy_charge_savings": 924.1951387317386, "old_demand_charge": -170166.01959690492, "new_demand_charge": -147048.65037728587, "demand_charge_savings": 23117.369219619053, "retail_profits": 24041.56435835079, "battery_charge_cost": -15203.99112341607, "battery_discharge_revenues": 16128.18626214773, "battery_retail_profits": 924.1951387316603, "battery_export_revenue": 0.0, "total_profits": 24041.56435835071, "irr": 0.17683, "npv": 70121.68}}