{"key_params": {"location": "CA_Oxnard", "customer_type": "Market", "demand_charge": 20, "export_price": 0.0, "export_price_type": "None", "battery_size_kWh": 300, "battery_power_kW": 150.0, "min_soc": 0.05, "max_soc": 1.0, "one_way_efficiency": 0.92, "start_soc": 0.5, "n_horizon": 24, "n_control": 12}, "savings": {"old_energy_charge": -366251.44940519205, "new_energy_charge": -366200.2147704342, "energy_charge_savings": 51.23463475785684, "old_demand_charge": -137867.76952465862, "new_demand_charge": -123292.05201111163, "demand_charge_savings": 14575.717513546988, "retail_profits": 14626.952148304845, "battery_charge_cost": -11877.449475865282, "battery_discharge_revenues": 11928.684110623208, "battery_retail_profits": 51.23463475792596, "battery_export_revenue": 0.0, "total_profits": 14626.952148304914, "irr": 0.07944, "npv": 10728.339}}