{"key_params": {"location": "CA_Sacramento.Exec", "customer_type": "Office", "demand_charge": 20, "export_price": 0.0, "export_price_type": "None", "battery_size_kWh": 300, "battery_power_kW": 150.0, "min_soc": 0.05, "max_soc": 1.0, "one_way_efficiency": 0.92, "start_soc": 0.5, "n_horizon": 24, "n_control": 12}, "savings": {"old_energy_charge": -501993.8247779144, "new_energy_charge": -500620.50951501203, "energy_charge_savings": 1373.3152629023534, "old_demand_charge": -259499.99158262758, "new_demand_charge": -237578.76621648888, "demand_charge_savings": 21921.225366138708, "retail_profits": 23294.54062904106, "battery_charge_cost": -11393.61660225052, "battery_discharge_revenues": 12766.931865152868, "battery_retail_profits": 1373.315262902348, "battery_export_revenue": 0.0, "total_profits": 23294.540629041054, "irr": 0.16952, "npv": 65408.981}}