{"key_params": {"location": "CA_Santa.Maria.Public", "customer_type": "Restaurant", "demand_charge": 20, "export_price": 0.0, "export_price_type": "None", "battery_size_kWh": 300, "battery_power_kW": 150.0, "min_soc": 0.05, "max_soc": 1.0, "one_way_efficiency": 0.92, "start_soc": 0.5, "n_horizon": 24, "n_control": 12}, "savings": {"old_energy_charge": -433667.0328483766, "new_energy_charge": -434002.2685611835, "energy_charge_savings": -335.23571280686883, "old_demand_charge": -151821.32054593024, "new_demand_charge": -130830.63156749595, "demand_charge_savings": 20990.688978434293, "retail_profits": 20655.453265627424, "battery_charge_cost": -18985.901159216177, "battery_discharge_revenues": 18650.665446409246, "battery_retail_profits": -335.2357128069307, "battery_export_revenue": 0.0, "total_profits": 20655.453265627362, "irr": 0.14325, "npv": 48759.945}}