{"key_params": {"location": "CA_San.Diego-North.Island.NAS.722906_TMY3", "customer_type": "Office", "demand_charge": 20, "export_price": 0.0, "export_price_type": "None", "battery_size_kWh": 300, "battery_power_kW": 150.0, "min_soc": 0.05, "max_soc": 1.0, "one_way_efficiency": 0.92, "start_soc": 0.5, "n_horizon": 24, "n_control": 12}, "savings": {"old_energy_charge": -535066.4279885952, "new_energy_charge": -533870.1484322618, "energy_charge_savings": 1196.2795563334366, "old_demand_charge": -267214.831148993, "new_demand_charge": -247126.14067244815, "demand_charge_savings": 20088.69047654484, "retail_profits": 21284.97003287828, "battery_charge_cost": -11705.42895880971, "battery_discharge_revenues": 12901.708515143175, "battery_retail_profits": 1196.279556333464, "battery_export_revenue": 0.0, "total_profits": 21284.970032878307, "irr": 0.14958, "npv": 52731.336}}