{"key_params": {"location": "CA_Palm.Springs.Intl", "customer_type": "Hotel", "demand_charge": 20, "export_price": 0.0, "export_price_type": "None", "battery_size_kWh": 300, "battery_power_kW": 150.0, "min_soc": 0.05, "max_soc": 1.0, "one_way_efficiency": 0.92, "start_soc": 0.5, "n_horizon": 24, "n_control": 12}, "savings": {"old_energy_charge": -369875.69599229755, "new_energy_charge": -367444.95246130123, "energy_charge_savings": 2430.7435309963184, "old_demand_charge": -145118.43226203506, "new_demand_charge": -121828.43354165091, "demand_charge_savings": 23289.998720384145, "retail_profits": 25720.742251380463, "battery_charge_cost": -11577.165307848749, "battery_discharge_revenues": 14007.908838845078, "battery_retail_profits": 2430.7435309963294, "battery_export_revenue": 0.0, "total_profits": 25720.742251380474, "irr": 0.1931, "npv": 80714.998}}