{"key_params": {"location": "CA_Imperial.County", "customer_type": "Restaurant", "demand_charge": 20, "export_price": 0.0, "export_price_type": "None", "battery_size_kWh": 300, "battery_power_kW": 150.0, "min_soc": 0.05, "max_soc": 1.0, "one_way_efficiency": 0.92, "start_soc": 0.5, "n_horizon": 24, "n_control": 12}, "savings": {"old_energy_charge": -559735.7245190397, "new_energy_charge": -558174.53231831, "energy_charge_savings": 1561.1922007297399, "old_demand_charge": -209121.09435388105, "new_demand_charge": -187132.3488051879, "demand_charge_savings": 21988.745548693143, "retail_profits": 23549.937749422883, "battery_charge_cost": -13110.146367509831, "battery_discharge_revenues": 14671.33856823951, "battery_retail_profits": 1561.192200729678, "battery_export_revenue": 0.0, "total_profits": 23549.93774942282, "irr": 0.17203, "npv": 67020.188}}