{"key_params": {"location": "CA_Mountain.View-Moffett.Field.NAS.745090_TMY3", "customer_type": "School", "demand_charge": 20, "export_price": 0.0, "export_price_type": "None", "battery_size_kWh": 300, "battery_power_kW": 150.0, "min_soc": 0.05, "max_soc": 1.0, "one_way_efficiency": 0.92, "start_soc": 0.5, "n_horizon": 24, "n_control": 12}, "savings": {"old_energy_charge": -349432.1077994296, "new_energy_charge": -347796.4121600027, "energy_charge_savings": 1635.6956394269364, "old_demand_charge": -203230.0641977033, "new_demand_charge": -183340.68597345456, "demand_charge_savings": 19889.378224248736, "retail_profits": 21525.073863675672, "battery_charge_cost": -11153.136284344973, "battery_discharge_revenues": 12788.831923771933, "battery_retail_profits": 1635.69563942696, "battery_export_revenue": 0.0, "total_profits": 21525.073863675694, "irr": 0.15199, "npv": 54246.063}}