{"key_params": {"location": "CA_San.Luis.Obispo", "customer_type": "Market", "demand_charge": 20, "export_price": 0.0, "export_price_type": "None", "battery_size_kWh": 300, "battery_power_kW": 150.0, "min_soc": 0.05, "max_soc": 1.0, "one_way_efficiency": 0.92, "start_soc": 0.5, "n_horizon": 24, "n_control": 12}, "savings": {"old_energy_charge": -378010.643992596, "new_energy_charge": -377889.5466989177, "energy_charge_savings": 121.09729367832188, "old_demand_charge": -147901.20556881058, "new_demand_charge": -132210.34543635504, "demand_charge_savings": 15690.860132455535, "retail_profits": 15811.957426133857, "battery_charge_cost": -11992.764168551681, "battery_discharge_revenues": 12113.861462229957, "battery_retail_profits": 121.0972936782764, "battery_export_revenue": 0.0, "total_profits": 15811.957426133811, "irr": 0.09253, "npv": 18204.103}}