{"key_params": {"location": "CA_Edwards.AFB.723810_TMY3", "customer_type": "Restaurant", "demand_charge": 20, "export_price": 0.0, "export_price_type": "None", "battery_size_kWh": 300, "battery_power_kW": 150.0, "min_soc": 0.05, "max_soc": 1.0, "one_way_efficiency": 0.92, "start_soc": 0.5, "n_horizon": 24, "n_control": 12}, "savings": {"old_energy_charge": -464533.9540764295, "new_energy_charge": -464151.1372314244, "energy_charge_savings": 382.8168450050871, "old_demand_charge": -167871.40411458572, "new_demand_charge": -147433.5033676503, "demand_charge_savings": 20437.900746935426, "retail_profits": 20820.717591940513, "battery_charge_cost": -17475.725392125798, "battery_discharge_revenues": 17858.542237130892, "battery_retail_profits": 382.81684500509436, "battery_export_revenue": 0.0, "total_profits": 20820.71759194052, "irr": 0.14491, "npv": 49802.537}}