{"key_params": {"location": "CA_Camp.Pendleton.MCAS.722926_TMY3", "customer_type": "Office", "demand_charge": 20, "export_price": 0.0, "export_price_type": "None", "battery_size_kWh": 300, "battery_power_kW": 150.0, "min_soc": 0.05, "max_soc": 1.0, "one_way_efficiency": 0.92, "start_soc": 0.5, "n_horizon": 24, "n_control": 12}, "savings": {"old_energy_charge": -303986.6572545121, "new_energy_charge": -303085.0017179767, "energy_charge_savings": 901.6555365353706, "old_demand_charge": -153387.94440268158, "new_demand_charge": -139233.62057053915, "demand_charge_savings": 14154.323832142429, "retail_profits": 15055.9793686778, "battery_charge_cost": -11622.044521946613, "battery_discharge_revenues": 12523.700058482, "battery_retail_profits": 901.655536535387, "battery_export_revenue": 0.0, "total_profits": 15055.979368677816, "irr": 0.08421, "npv": 13434.914}}