{"key_params": {"location": "CA_Santa.Ana-John.Wayne", "customer_type": "Office", "demand_charge": 20, "export_price": 0.0, "export_price_type": "None", "battery_size_kWh": 300, "battery_power_kW": 150.0, "min_soc": 0.05, "max_soc": 1.0, "one_way_efficiency": 0.92, "start_soc": 0.5, "n_horizon": 24, "n_control": 12}, "savings": {"old_energy_charge": -386152.16989469226, "new_energy_charge": -384376.5105434405, "energy_charge_savings": 1775.6593512517284, "old_demand_charge": -210112.1625312391, "new_demand_charge": -190539.77726637048, "demand_charge_savings": 19572.385264868615, "retail_profits": 21348.044616120344, "battery_charge_cost": -11261.84583497739, "battery_discharge_revenues": 13037.50518622913, "battery_retail_profits": 1775.6593512517393, "battery_export_revenue": 0.0, "total_profits": 21348.044616120354, "irr": 0.15022, "npv": 53129.25}}