{"key_params": {"location": "CA_Chula.Vista-Brown.Field.Muni", "customer_type": "Apartment", "demand_charge": 20, "export_price": 0.0, "export_price_type": "None", "battery_size_kWh": 300, "battery_power_kW": 150.0, "min_soc": 0.05, "max_soc": 1.0, "one_way_efficiency": 0.92, "start_soc": 0.5, "n_horizon": 24, "n_control": 12}, "savings": {"old_energy_charge": -343714.0930395636, "new_energy_charge": -340949.951504451, "energy_charge_savings": 2764.1415351126343, "old_demand_charge": -147206.27086144142, "new_demand_charge": -126657.52605246613, "demand_charge_savings": 20548.744808975287, "retail_profits": 23312.88634408792, "battery_charge_cost": -10729.564239130434, "battery_discharge_revenues": 13493.705774243137, "battery_retail_profits": 2764.1415351127034, "battery_export_revenue": 0.0, "total_profits": 23312.88634408799, "irr": 0.1697, "npv": 65524.717}}