{"key_params": {"location": "CA_Ukiah.Muni", "customer_type": "Office", "demand_charge": 20, "export_price": 0.0, "export_price_type": "None", "battery_size_kWh": 300, "battery_power_kW": 150.0, "min_soc": 0.05, "max_soc": 1.0, "one_way_efficiency": 0.92, "start_soc": 0.5, "n_horizon": 24, "n_control": 12}, "savings": {"old_energy_charge": -428238.7731350089, "new_energy_charge": -426321.5878316028, "energy_charge_savings": 1917.1853034060914, "old_demand_charge": -274441.4059302095, "new_demand_charge": -243086.304870662, "demand_charge_savings": 31355.10105954751, "retail_profits": 33272.2863629536, "battery_charge_cost": -11723.997732476944, "battery_discharge_revenues": 13641.183035883018, "battery_retail_profits": 1917.1853034060732, "battery_export_revenue": 0.0, "total_profits": 33272.286362953586, "irr": 0.26407, "npv": 128354.925}}