{"key_params": {"location": "CA_Barstow.Daggett", "customer_type": "Office", "demand_charge": 20, "export_price": 0.0, "export_price_type": "None", "battery_size_kWh": 300, "battery_power_kW": 150.0, "min_soc": 0.05, "max_soc": 1.0, "one_way_efficiency": 0.92, "start_soc": 0.5, "n_horizon": 24, "n_control": 12}, "savings": {"old_energy_charge": -336693.4233999722, "new_energy_charge": -335428.12168187846, "energy_charge_savings": 1265.3017180937459, "old_demand_charge": -175648.77061118765, "new_demand_charge": -157757.0081947371, "demand_charge_savings": 17891.76241645054, "retail_profits": 19157.064134544285, "battery_charge_cost": -11296.734589125594, "battery_discharge_revenues": 12562.036307219296, "battery_retail_profits": 1265.3017180937022, "battery_export_revenue": 0.0, "total_profits": 19157.064134544242, "irr": 0.12795, "npv": 39307.156}}