{"key_params": {"location": "CA_Sacramento.Metro", "customer_type": "Restaurant", "demand_charge": 20, "export_price": 0.0, "export_price_type": "None", "battery_size_kWh": 300, "battery_power_kW": 150.0, "min_soc": 0.05, "max_soc": 1.0, "one_way_efficiency": 0.92, "start_soc": 0.5, "n_horizon": 24, "n_control": 12}, "savings": {"old_energy_charge": -489313.2550734303, "new_energy_charge": -488021.8953824926, "energy_charge_savings": 1291.3596909376793, "old_demand_charge": -190089.1481384847, "new_demand_charge": -167177.77684074055, "demand_charge_savings": 22911.37129774416, "retail_profits": 24202.73098868184, "battery_charge_cost": -15034.813680150335, "battery_discharge_revenues": 16326.173371087953, "battery_retail_profits": 1291.3596909376174, "battery_export_revenue": 0.0, "total_profits": 24202.73098868178, "irr": 0.17841, "npv": 71138.421}}