{"key_params": {"location": "CA_Long.Beach-Daugherty.Field.722970_TMY3", "customer_type": "Hotel", "demand_charge": 20, "export_price": 0.0, "export_price_type": "None", "battery_size_kWh": 300, "battery_power_kW": 150.0, "min_soc": 0.05, "max_soc": 1.0, "one_way_efficiency": 0.92, "start_soc": 0.5, "n_horizon": 24, "n_control": 12}, "savings": {"old_energy_charge": -370258.8113607659, "new_energy_charge": -367980.71188894863, "energy_charge_savings": 2278.0994718172587, "old_demand_charge": -142947.0801953748, "new_demand_charge": -118777.26779506594, "demand_charge_savings": 24169.812400308845, "retail_profits": 26447.911872126104, "battery_charge_cost": -12549.819900979706, "battery_discharge_revenues": 14827.919372796958, "battery_retail_profits": 2278.0994718172515, "battery_export_revenue": 0.0, "total_profits": 26447.911872126097, "irr": 0.20007, "npv": 85302.445}}