{"key_params": {"location": "CA_Hayward.Air.Terminal.724935_TMY3", "customer_type": "Hospital", "demand_charge": 20, "export_price": 0.0, "export_price_type": "None", "battery_size_kWh": 300, "battery_power_kW": 150.0, "min_soc": 0.05, "max_soc": 1.0, "one_way_efficiency": 0.92, "start_soc": 0.5, "n_horizon": 24, "n_control": 12}, "savings": {"old_energy_charge": -246452.67822571893, "new_energy_charge": -246297.5504803721, "energy_charge_savings": 155.12774534683558, "old_demand_charge": -80929.00293250977, "new_demand_charge": -73146.46147915116, "demand_charge_savings": 7782.541453358615, "retail_profits": 7937.669198705451, "battery_charge_cost": -11629.454558874711, "battery_discharge_revenues": 11784.582304221549, "battery_retail_profits": 155.1277453468374, "battery_export_revenue": 0.0, "total_profits": 7937.669198705453, "irr": -0.00619, "npv": -32258.169}}