{"key_params": {"location": "CA_Palmdale", "customer_type": "Market", "demand_charge": 20, "export_price": 0.0, "export_price_type": "None", "battery_size_kWh": 300, "battery_power_kW": 150.0, "min_soc": 0.05, "max_soc": 1.0, "one_way_efficiency": 0.92, "start_soc": 0.5, "n_horizon": 24, "n_control": 12}, "savings": {"old_energy_charge": -403076.36836138804, "new_energy_charge": -402297.50067252165, "energy_charge_savings": 778.8676888663904, "old_demand_charge": -163872.7179989516, "new_demand_charge": -148479.6331899201, "demand_charge_savings": 15393.084809031483, "retail_profits": 16171.952497897873, "battery_charge_cost": -11842.866882603195, "battery_discharge_revenues": 12621.73457146953, "battery_retail_profits": 778.867688866334, "battery_export_revenue": 0.0, "total_profits": 16171.952497897817, "irr": 0.09644, "npv": 20475.18}}