{"key_params": {"location": "CA_Santa.Monica.Muni", "customer_type": "School", "demand_charge": 20, "export_price": 0.0, "export_price_type": "None", "battery_size_kWh": 300, "battery_power_kW": 150.0, "min_soc": 0.05, "max_soc": 1.0, "one_way_efficiency": 0.92, "start_soc": 0.5, "n_horizon": 24, "n_control": 12}, "savings": {"old_energy_charge": -349198.39106964663, "new_energy_charge": -348251.523860953, "energy_charge_savings": 946.8672086936422, "old_demand_charge": -197411.10620291988, "new_demand_charge": -179416.43740377988, "demand_charge_savings": 17994.668799139996, "retail_profits": 18941.536007833638, "battery_charge_cost": -11543.700409675841, "battery_discharge_revenues": 12490.567618369409, "battery_retail_profits": 946.8672086935676, "battery_export_revenue": 0.0, "total_profits": 18941.536007833565, "irr": 0.12573, "npv": 37947.468}}