{"key_params": {"location": "CA_Visalia.Muni.AWOS.723896_TMY3", "customer_type": "Restaurant", "demand_charge": 20, "export_price": 0.0, "export_price_type": "None", "battery_size_kWh": 300, "battery_power_kW": 150.0, "min_soc": 0.05, "max_soc": 1.0, "one_way_efficiency": 0.92, "start_soc": 0.5, "n_horizon": 24, "n_control": 12}, "savings": {"old_energy_charge": -457895.34493727103, "new_energy_charge": -457296.9664469048, "energy_charge_savings": 598.3784903662163, "old_demand_charge": -164370.27327060874, "new_demand_charge": -143983.05391037898, "demand_charge_savings": 20387.219360229763, "retail_profits": 20985.59785059598, "battery_charge_cost": -17131.448605328682, "battery_discharge_revenues": 17729.82709569495, "battery_retail_profits": 598.3784903662672, "battery_export_revenue": 0.0, "total_profits": 20985.59785059603, "irr": 0.14658, "npv": 50842.706}}