{"key_params": {"location": "CA_Fullerton.Muni", "customer_type": "Office", "demand_charge": 20, "export_price": 0.0, "export_price_type": "None", "battery_size_kWh": 300, "battery_power_kW": 150.0, "min_soc": 0.05, "max_soc": 1.0, "one_way_efficiency": 0.92, "start_soc": 0.5, "n_horizon": 24, "n_control": 12}, "savings": {"old_energy_charge": -311287.9820685074, "new_energy_charge": -310108.42461859167, "energy_charge_savings": 1179.5574499157374, "old_demand_charge": -160078.40291548707, "new_demand_charge": -144879.38506019246, "demand_charge_savings": 15199.017855294602, "retail_profits": 16378.57530521034, "battery_charge_cost": -11508.641251626197, "battery_discharge_revenues": 12688.19870154198, "battery_retail_profits": 1179.5574499157829, "battery_export_revenue": 0.0, "total_profits": 16378.575305210385, "irr": 0.09868, "npv": 21778.688}}