{"key_params": {"location": "CA_Palmdale", "customer_type": "Hotel", "demand_charge": 20, "export_price": 0.0, "export_price_type": "None", "battery_size_kWh": 300, "battery_power_kW": 150.0, "min_soc": 0.05, "max_soc": 1.0, "one_way_efficiency": 0.92, "start_soc": 0.5, "n_horizon": 24, "n_control": 12}, "savings": {"old_energy_charge": -335989.0914243511, "new_energy_charge": -333802.50428126386, "energy_charge_savings": 2186.5871430872357, "old_demand_charge": -122549.24038603532, "new_demand_charge": -99705.27953928722, "demand_charge_savings": 22843.9608467481, "retail_profits": 25030.547989835337, "battery_charge_cost": -12895.522349001192, "battery_discharge_revenues": 15082.10949208844, "battery_retail_profits": 2186.5871430872485, "battery_export_revenue": 0.0, "total_profits": 25030.54798983535, "irr": 0.18644, "npv": 76360.815}}