{"key_params": {"location": "CA_Ukiah.Muni", "customer_type": "Office", "demand_charge": 20, "export_price": 0.0, "export_price_type": "None", "battery_size_kWh": 300, "battery_power_kW": 150.0, "min_soc": 0.05, "max_soc": 1.0, "one_way_efficiency": 0.92, "start_soc": 0.5, "n_horizon": 24, "n_control": 12}, "savings": {"old_energy_charge": -495713.54300462094, "new_energy_charge": -494385.9779257517, "energy_charge_savings": 1327.5650788692292, "old_demand_charge": -263926.856219504, "new_demand_charge": -240707.67959805246, "demand_charge_savings": 23219.176621451566, "retail_profits": 24546.741700320796, "battery_charge_cost": -11392.377608676106, "battery_discharge_revenues": 12719.942687545345, "battery_retail_profits": 1327.5650788692383, "battery_export_revenue": 0.0, "total_profits": 24546.741700320803, "irr": 0.18175, "npv": 73308.659}}