{"key_params": {"location": "CA_Modesto.Muni", "customer_type": "Hotel", "demand_charge": 20, "export_price": 0.0, "export_price_type": "None", "battery_size_kWh": 300, "battery_power_kW": 150.0, "min_soc": 0.05, "max_soc": 1.0, "one_way_efficiency": 0.92, "start_soc": 0.5, "n_horizon": 24, "n_control": 12}, "savings": {"old_energy_charge": -377335.2072134654, "new_energy_charge": -374949.38637822657, "energy_charge_savings": 2385.8208352388465, "old_demand_charge": -153815.33618550736, "new_demand_charge": -130309.98888715997, "demand_charge_savings": 23505.34729834739, "retail_profits": 25891.168133586238, "battery_charge_cost": -11777.75702577896, "battery_discharge_revenues": 14163.57786101786, "battery_retail_profits": 2385.820835238901, "battery_export_revenue": 0.0, "total_profits": 25891.168133586292, "irr": 0.19474, "npv": 81790.153}}