{"key_params": {"location": "CA_Sacramento.Metro", "customer_type": "Restaurant", "demand_charge": 20, "export_price": 0.0, "export_price_type": "None", "battery_size_kWh": 300, "battery_power_kW": 150.0, "min_soc": 0.05, "max_soc": 1.0, "one_way_efficiency": 0.92, "start_soc": 0.5, "n_horizon": 24, "n_control": 12}, "savings": {"old_energy_charge": -452677.26518484525, "new_energy_charge": -452339.5243210041, "energy_charge_savings": 337.74086384114344, "old_demand_charge": -167988.35347014014, "new_demand_charge": -146803.41100353983, "demand_charge_savings": 21184.942466600303, "retail_profits": 21522.683330441447, "battery_charge_cost": -17513.239721699603, "battery_discharge_revenues": 17850.980585540696, "battery_retail_profits": 337.7408638410925, "battery_export_revenue": 0.0, "total_profits": 21522.683330441396, "irr": 0.15196, "npv": 54230.982}}