{"key_params": {"location": "CA_Redding.Muni", "customer_type": "Restaurant", "demand_charge": 20, "export_price": 0.0, "export_price_type": "None", "battery_size_kWh": 300, "battery_power_kW": 150.0, "min_soc": 0.05, "max_soc": 1.0, "one_way_efficiency": 0.92, "start_soc": 0.5, "n_horizon": 24, "n_control": 12}, "savings": {"old_energy_charge": -501831.62409122376, "new_energy_charge": -500576.1723927339, "energy_charge_savings": 1255.4516984898364, "old_demand_charge": -189605.93146253974, "new_demand_charge": -167494.2542995751, "demand_charge_savings": 22111.677162964625, "retail_profits": 23367.12886145446, "battery_charge_cost": -14993.842407318492, "battery_discharge_revenues": 16249.294105808278, "battery_retail_profits": 1255.4516984897855, "battery_export_revenue": 0.0, "total_profits": 23367.12886145441, "irr": 0.17024, "npv": 65866.913}}