{"key_params": {"location": "CA_Carlsbad.722927_TMY3", "customer_type": "Office", "demand_charge": 20, "export_price": 0.0, "export_price_type": "None", "battery_size_kWh": 300, "battery_power_kW": 150.0, "min_soc": 0.05, "max_soc": 1.0, "one_way_efficiency": 0.92, "start_soc": 0.5, "n_horizon": 24, "n_control": 12}, "savings": {"old_energy_charge": -520612.83213871473, "new_energy_charge": -519562.0543670577, "energy_charge_savings": 1050.7777716570417, "old_demand_charge": -259984.9576667049, "new_demand_charge": -241944.04779937392, "demand_charge_savings": 18040.909867330978, "retail_profits": 19091.68763898802, "battery_charge_cost": -11767.472804995004, "battery_discharge_revenues": 12818.250576652083, "battery_retail_profits": 1050.7777716570781, "battery_export_revenue": 0.0, "total_profits": 19091.687638988056, "irr": 0.12728, "npv": 38894.72}}