{"key_params": {"location": "CA_Hawthorne-Jack.Northrop.Field.722956_TMY3", "customer_type": "Restaurant", "demand_charge": 20, "export_price": 0.0, "export_price_type": "None", "battery_size_kWh": 300, "battery_power_kW": 150.0, "min_soc": 0.05, "max_soc": 1.0, "one_way_efficiency": 0.92, "start_soc": 0.5, "n_horizon": 24, "n_control": 12}, "savings": {"old_energy_charge": -434757.5808955277, "new_energy_charge": -434812.86212085, "energy_charge_savings": -55.28122532233829, "old_demand_charge": -152250.25754626328, "new_demand_charge": -133165.2303922769, "demand_charge_savings": 19085.02715398639, "retail_profits": 19029.74592866405, "battery_charge_cost": -18049.448053792137, "battery_discharge_revenues": 17994.16682846979, "battery_retail_profits": -55.28122532234556, "battery_export_revenue": 0.0, "total_profits": 19029.745928664044, "irr": 0.12664, "npv": 38503.952}}