{"key_params": {"location": "CA_Palm.Springs.Intl", "customer_type": "Restaurant", "demand_charge": 20, "export_price": 0.0, "export_price_type": "None", "battery_size_kWh": 300, "battery_power_kW": 150.0, "min_soc": 0.05, "max_soc": 1.0, "one_way_efficiency": 0.92, "start_soc": 0.5, "n_horizon": 24, "n_control": 12}, "savings": {"old_energy_charge": -547559.0865858505, "new_energy_charge": -545811.7643993351, "energy_charge_savings": 1747.3221865153173, "old_demand_charge": -202566.8827810291, "new_demand_charge": -182473.14913417122, "demand_charge_savings": 20093.733646857872, "retail_profits": 21841.05583337319, "battery_charge_cost": -12570.543713794934, "battery_discharge_revenues": 14317.865900310211, "battery_retail_profits": 1747.3221865152773, "battery_export_revenue": 0.0, "total_profits": 21841.05583337315, "irr": 0.15514, "npv": 56239.477}}