{"key_params": {"location": "CA_Truckee.Tahoe", "customer_type": "Hospital", "demand_charge": 20, "export_price": 0.0, "export_price_type": "None", "battery_size_kWh": 300, "battery_power_kW": 150.0, "min_soc": 0.05, "max_soc": 1.0, "one_way_efficiency": 0.92, "start_soc": 0.5, "n_horizon": 24, "n_control": 12}, "savings": {"old_energy_charge": -265419.68217595463, "new_energy_charge": -264923.5424346178, "energy_charge_savings": 496.1397413368104, "old_demand_charge": -93138.62988996034, "new_demand_charge": -84091.79678496796, "demand_charge_savings": 9046.833104992387, "retail_profits": 9542.972846329198, "battery_charge_cost": -11641.645190968491, "battery_discharge_revenues": 12137.78493230527, "battery_retail_profits": 496.1397413367795, "battery_export_revenue": 0.0, "total_profits": 9542.972846329167, "irr": 0.01782, "npv": -21494.553}}