{"key_params": {"location": "CA_Salinas.Muni", "customer_type": "Office", "demand_charge": 20, "export_price": 0.0, "export_price_type": "None", "battery_size_kWh": 300, "battery_power_kW": 150.0, "min_soc": 0.05, "max_soc": 1.0, "one_way_efficiency": 0.92, "start_soc": 0.5, "n_horizon": 24, "n_control": 12}, "savings": {"old_energy_charge": -489597.64748757554, "new_energy_charge": -488149.65221517225, "energy_charge_savings": 1447.995272403292, "old_demand_charge": -254665.30836364193, "new_demand_charge": -236027.13953010653, "demand_charge_savings": 18638.168833535397, "retail_profits": 20086.16410593869, "battery_charge_cost": -11246.18147235637, "battery_discharge_revenues": 12694.176744759621, "battery_retail_profits": 1447.9952724032519, "battery_export_revenue": 0.0, "total_profits": 20086.16410593865, "irr": 0.13747, "npv": 45168.508}}