{"key_params": {"location": "CA_Lompoc.AWOS.722895_TMY3", "customer_type": "Office", "demand_charge": 20, "export_price": 0.0, "export_price_type": "None", "battery_size_kWh": 300, "battery_power_kW": 150.0, "min_soc": 0.05, "max_soc": 1.0, "one_way_efficiency": 0.92, "start_soc": 0.5, "n_horizon": 24, "n_control": 12}, "savings": {"old_energy_charge": -289724.560982692, "new_energy_charge": -288780.7393920382, "energy_charge_savings": 943.8215906537953, "old_demand_charge": -146755.25139124767, "new_demand_charge": -132497.89169767877, "demand_charge_savings": 14257.359693568898, "retail_profits": 15201.181284222694, "battery_charge_cost": -11610.049873970525, "battery_discharge_revenues": 12553.871464624397, "battery_retail_profits": 943.8215906538717, "battery_export_revenue": 0.0, "total_profits": 15201.18128422277, "irr": 0.08582, "npv": 14350.94}}