{"key_params": {"location": "CA_Concord-Buchanan.Field.724936_TMY3", "customer_type": "Apartment", "demand_charge": 20, "export_price": 0.0, "export_price_type": "None", "battery_size_kWh": 300, "battery_power_kW": 150.0, "min_soc": 0.05, "max_soc": 1.0, "one_way_efficiency": 0.92, "start_soc": 0.5, "n_horizon": 24, "n_control": 12}, "savings": {"old_energy_charge": -343966.3538890605, "new_energy_charge": -341202.7803070245, "energy_charge_savings": 2763.5735820360132, "old_demand_charge": -158274.21361204828, "new_demand_charge": -137165.43050086228, "demand_charge_savings": 21108.783111186, "retail_profits": 23872.356693222013, "battery_charge_cost": -10729.564239130434, "battery_discharge_revenues": 13493.137821166467, "battery_retail_profits": 2763.5735820360333, "battery_export_revenue": 0.0, "total_profits": 23872.356693222035, "irr": 0.17518, "npv": 69054.211}}