{"key_params": {"location": "CA_Crescent.City-Jack.McNamara.Field.725946_TMY3", "customer_type": "Restaurant", "demand_charge": 20, "export_price": 0.0, "export_price_type": "None", "battery_size_kWh": 300, "battery_power_kW": 150.0, "min_soc": 0.05, "max_soc": 1.0, "one_way_efficiency": 0.92, "start_soc": 0.5, "n_horizon": 24, "n_control": 12}, "savings": {"old_energy_charge": -448177.85727683303, "new_energy_charge": -449475.30938332796, "energy_charge_savings": -1297.4521064949222, "old_demand_charge": -144249.67124360875, "new_demand_charge": -124465.46044001661, "demand_charge_savings": 19784.21080359214, "retail_profits": 18486.75869709722, "battery_charge_cost": -20752.20689942976, "battery_discharge_revenues": 19454.75479293496, "battery_retail_profits": -1297.4521064947985, "battery_export_revenue": 0.0, "total_profits": 18486.758697097343, "irr": 0.12101, "npv": 35078.445}}