{"key_params": {"location": "CA_Merced-Macready.Field.724815_TMY3", "customer_type": "Office", "demand_charge": 20, "export_price": 0.0, "export_price_type": "None", "battery_size_kWh": 300, "battery_power_kW": 150.0, "min_soc": 0.05, "max_soc": 1.0, "one_way_efficiency": 0.92, "start_soc": 0.5, "n_horizon": 24, "n_control": 12}, "savings": {"old_energy_charge": -407202.11586010153, "new_energy_charge": -405487.40600881825, "energy_charge_savings": 1714.709851283289, "old_demand_charge": -253299.34084872063, "new_demand_charge": -225260.24776687124, "demand_charge_savings": 28039.093081849394, "retail_profits": 29753.802933132683, "battery_charge_cost": -11543.527546834503, "battery_discharge_revenues": 13258.237398117848, "battery_retail_profits": 1714.7098512833454, "battery_export_revenue": 0.0, "total_profits": 29753.80293313274, "irr": 0.23137, "npv": 106158.101}}