{"key_params": {"location": "CA_Palm.Springs-Thermal", "customer_type": "Hospital", "demand_charge": 20, "export_price": 0.0, "export_price_type": "None", "battery_size_kWh": 300, "battery_power_kW": 150.0, "min_soc": 0.05, "max_soc": 1.0, "one_way_efficiency": 0.92, "start_soc": 0.5, "n_horizon": 24, "n_control": 12}, "savings": {"old_energy_charge": -248734.31625153235, "new_energy_charge": -248439.74753137026, "energy_charge_savings": 294.56872016208945, "old_demand_charge": -83307.53134298408, "new_demand_charge": -74768.57570160854, "demand_charge_savings": 8538.955641375534, "retail_profits": 8833.524361537624, "battery_charge_cost": -11645.152642850067, "battery_discharge_revenues": 11939.7213630122, "battery_retail_profits": 294.5687201621331, "battery_export_revenue": 0.0, "total_profits": 8833.524361537668, "irr": 0.00773, "npv": -26166.933}}