{"key_params": {"location": "CA_Oakland.Intl", "customer_type": "Office", "demand_charge": 20, "export_price": 0.0, "export_price_type": "None", "battery_size_kWh": 300, "battery_power_kW": 150.0, "min_soc": 0.05, "max_soc": 1.0, "one_way_efficiency": 0.92, "start_soc": 0.5, "n_horizon": 24, "n_control": 12}, "savings": {"old_energy_charge": -292314.9136063601, "new_energy_charge": -291391.5442045491, "energy_charge_savings": 923.3694018109818, "old_demand_charge": -149871.49212045738, "new_demand_charge": -134581.8220508553, "demand_charge_savings": 15289.670069602085, "retail_profits": 16213.039471413067, "battery_charge_cost": -11581.892420897702, "battery_discharge_revenues": 12505.261822708755, "battery_retail_profits": 923.3694018110527, "battery_export_revenue": 0.0, "total_profits": 16213.039471413138, "irr": 0.09689, "npv": 20734.383}}