{"key_params": {"location": "CA_Burbank-Glendale-Passadena.Bob.Hope", "customer_type": "Market", "demand_charge": 20, "export_price": 0.0, "export_price_type": "None", "battery_size_kWh": 300, "battery_power_kW": 150.0, "min_soc": 0.05, "max_soc": 1.0, "one_way_efficiency": 0.92, "start_soc": 0.5, "n_horizon": 24, "n_control": 12}, "savings": {"old_energy_charge": -372073.8117372106, "new_energy_charge": -371452.931443321, "energy_charge_savings": 620.8802938896115, "old_demand_charge": -147029.67748316555, "new_demand_charge": -133696.3894858504, "demand_charge_savings": 13333.287997315143, "retail_profits": 13954.168291204754, "battery_charge_cost": -11829.292525257642, "battery_discharge_revenues": 12450.172819147267, "battery_retail_profits": 620.8802938896242, "battery_export_revenue": 0.0, "total_profits": 13954.168291204767, "irr": 0.07185, "npv": 6483.992}}