{"key_params": {"location": "CA_Stockton.Metro", "customer_type": "Market", "demand_charge": 20, "export_price": 0.0, "export_price_type": "None", "battery_size_kWh": 300, "battery_power_kW": 150.0, "min_soc": 0.05, "max_soc": 1.0, "one_way_efficiency": 0.92, "start_soc": 0.5, "n_horizon": 24, "n_control": 12}, "savings": {"old_energy_charge": -386992.1829891943, "new_energy_charge": -386055.04315665545, "energy_charge_savings": 937.1398325388436, "old_demand_charge": -157233.76792475063, "new_demand_charge": -143662.62118360717, "demand_charge_savings": 13571.146741143457, "retail_profits": 14508.2865736823, "battery_charge_cost": -11750.723924792122, "battery_discharge_revenues": 12687.863757330999, "battery_retail_profits": 937.1398325388764, "battery_export_revenue": 0.0, "total_profits": 14508.286573682333, "irr": 0.07811, "npv": 9979.721}}