{"key_params": {"location": "CA_Lancaster-Gen.Wm.Fox.Field.723816_TMY3", "customer_type": "Office", "demand_charge": 20, "export_price": 0.0, "export_price_type": "None", "battery_size_kWh": 300, "battery_power_kW": 150.0, "min_soc": 0.05, "max_soc": 1.0, "one_way_efficiency": 0.92, "start_soc": 0.5, "n_horizon": 24, "n_control": 12}, "savings": {"old_energy_charge": -414443.983399147, "new_energy_charge": -412685.66977203946, "energy_charge_savings": 1758.3136271075346, "old_demand_charge": -256003.7061417503, "new_demand_charge": -229443.86520309167, "demand_charge_savings": 26559.840938658628, "retail_profits": 28318.154565766163, "battery_charge_cost": -11558.565384916794, "battery_discharge_revenues": 13316.879012024334, "battery_retail_profits": 1758.31362710754, "battery_export_revenue": 0.0, "total_profits": 28318.15456576617, "irr": 0.21785, "npv": 97101.121}}