{"key_params": {"location": "CA_Salinas.Muni", "customer_type": "School", "demand_charge": 20, "export_price": 0.0, "export_price_type": "None", "battery_size_kWh": 300, "battery_power_kW": 150.0, "min_soc": 0.05, "max_soc": 1.0, "one_way_efficiency": 0.92, "start_soc": 0.5, "n_horizon": 24, "n_control": 12}, "savings": {"old_energy_charge": -339177.3883491538, "new_energy_charge": -337700.7572774457, "energy_charge_savings": 1476.631071708107, "old_demand_charge": -199988.02258706285, "new_demand_charge": -177942.116908412, "demand_charge_savings": 22045.90567865086, "retail_profits": 23522.536750358966, "battery_charge_cost": -11482.520082483781, "battery_discharge_revenues": 12959.151154191833, "battery_retail_profits": 1476.6310717080523, "battery_export_revenue": 0.0, "total_profits": 23522.53675035891, "irr": 0.17176, "npv": 66847.325}}