{"key_params": {"location": "CA_Stockton.Metro", "customer_type": "Restaurant", "demand_charge": 20, "export_price": 0.0, "export_price_type": "None", "battery_size_kWh": 300, "battery_power_kW": 150.0, "min_soc": 0.05, "max_soc": 1.0, "one_way_efficiency": 0.92, "start_soc": 0.5, "n_horizon": 24, "n_control": 12}, "savings": {"old_energy_charge": -453456.9384294888, "new_energy_charge": -453018.23409115215, "energy_charge_savings": 438.7043383366545, "old_demand_charge": -168140.80719055032, "new_demand_charge": -146533.5113979187, "demand_charge_savings": 21607.29579263163, "retail_profits": 22046.000130968285, "battery_charge_cost": -17190.88186378889, "battery_discharge_revenues": 17629.58620212567, "battery_retail_profits": 438.70433833677816, "battery_export_revenue": 0.0, "total_profits": 22046.00013096841, "irr": 0.15718, "npv": 57532.396}}