{"key_params": {"location": "CA_Salinas.Muni", "customer_type": "Hotel", "demand_charge": 20, "export_price": 0.0, "export_price_type": "None", "battery_size_kWh": 300, "battery_power_kW": 150.0, "min_soc": 0.05, "max_soc": 1.0, "one_way_efficiency": 0.92, "start_soc": 0.5, "n_horizon": 24, "n_control": 12}, "savings": {"old_energy_charge": -375379.78748374834, "new_energy_charge": -373102.3871789438, "energy_charge_savings": 2277.400304804556, "old_demand_charge": -148128.94171638487, "new_demand_charge": -123653.69291254743, "demand_charge_savings": 24475.248803837443, "retail_profits": 26752.649108642, "battery_charge_cost": -12535.97343947793, "battery_discharge_revenues": 14813.373744282515, "battery_retail_profits": 2277.400304804585, "battery_export_revenue": 0.0, "total_profits": 26752.64910864203, "irr": 0.20299, "npv": 87224.921}}