{"key_params": {"location": "CA_Oakland.Intl", "customer_type": "Hotel", "demand_charge": 20, "export_price": 0.0, "export_price_type": "None", "battery_size_kWh": 300, "battery_power_kW": 150.0, "min_soc": 0.05, "max_soc": 1.0, "one_way_efficiency": 0.92, "start_soc": 0.5, "n_horizon": 24, "n_control": 12}, "savings": {"old_energy_charge": -373168.0908422251, "new_energy_charge": -370879.9875519014, "energy_charge_savings": 2288.10329032375, "old_demand_charge": -149335.725397421, "new_demand_charge": -124890.94563676562, "demand_charge_savings": 24444.779760655365, "retail_profits": 26732.883050979115, "battery_charge_cost": -12438.563472786953, "battery_discharge_revenues": 14726.666763110707, "battery_retail_profits": 2288.1032903237538, "battery_export_revenue": 0.0, "total_profits": 26732.88305097912, "irr": 0.2028, "npv": 87100.224}}