{"key_params": {"location": "CA_Oxnard", "customer_type": "Restaurant", "demand_charge": 20, "export_price": 0.0, "export_price_type": "None", "battery_size_kWh": 300, "battery_power_kW": 150.0, "min_soc": 0.05, "max_soc": 1.0, "one_way_efficiency": 0.92, "start_soc": 0.5, "n_horizon": 24, "n_control": 12}, "savings": {"old_energy_charge": -432134.72584348975, "new_energy_charge": -433308.2350696154, "energy_charge_savings": -1173.509226125665, "old_demand_charge": -145975.61409047028, "new_demand_charge": -126108.98880631116, "demand_charge_savings": 19866.62528415912, "retail_profits": 18693.116058033454, "battery_charge_cost": -21395.677743033404, "battery_discharge_revenues": 20222.168516907706, "battery_retail_profits": -1173.5092261256978, "battery_export_revenue": 0.0, "total_profits": 18693.11605803342, "irr": 0.12315, "npv": 36380.278}}