{"key_params": {"location": "CA_Sandberg.723830_TMY3", "customer_type": "Hospital", "demand_charge": 20, "export_price": 0.0, "export_price_type": "None", "battery_size_kWh": 300, "battery_power_kW": 150.0, "min_soc": 0.05, "max_soc": 1.0, "one_way_efficiency": 0.92, "start_soc": 0.5, "n_horizon": 24, "n_control": 12}, "savings": {"old_energy_charge": -247789.04409663426, "new_energy_charge": -247460.64053787597, "energy_charge_savings": 328.4035587582912, "old_demand_charge": -82548.7636013422, "new_demand_charge": -74578.48356218488, "demand_charge_savings": 7970.2800391573255, "retail_profits": 8298.683597915617, "battery_charge_cost": -11650.878177416796, "battery_discharge_revenues": 11979.281736175077, "battery_retail_profits": 328.40355875828027, "battery_export_revenue": 0.0, "total_profits": 8298.683597915606, "irr": -0.0004, "npv": -29774.126}}