{"key_params": {"location": "CA_Twentynine.Palms.690150_TMY3", "customer_type": "Hospital", "demand_charge": 20, "export_price": 0.0, "export_price_type": "None", "battery_size_kWh": 300, "battery_power_kW": 150.0, "min_soc": 0.05, "max_soc": 1.0, "one_way_efficiency": 0.92, "start_soc": 0.5, "n_horizon": 24, "n_control": 12}, "savings": {"old_energy_charge": -246757.6978654281, "new_energy_charge": -246361.07428072093, "energy_charge_savings": 396.62358470718027, "old_demand_charge": -83026.71696279243, "new_demand_charge": -73928.50918051155, "demand_charge_savings": 9098.207782280879, "retail_profits": 9494.831366988059, "battery_charge_cost": -11629.566069215063, "battery_discharge_revenues": 12026.189653922262, "battery_retail_profits": 396.62358470719846, "battery_export_revenue": 0.0, "total_profits": 9494.831366988077, "irr": 0.01715, "npv": -21809.834}}