{"key_params": {"location": "CA_Lompoc.AWOS.722895_TMY3", "customer_type": "Market", "demand_charge": 20, "export_price": 0.0, "export_price_type": "None", "battery_size_kWh": 300, "battery_power_kW": 150.0, "min_soc": 0.05, "max_soc": 1.0, "one_way_efficiency": 0.92, "start_soc": 0.5, "n_horizon": 24, "n_control": 12}, "savings": {"old_energy_charge": -382681.7420727214, "new_energy_charge": -382083.94410325715, "energy_charge_savings": 597.7979694642709, "old_demand_charge": -154116.46259160104, "new_demand_charge": -137346.92660195337, "demand_charge_savings": 16769.535989647673, "retail_profits": 17367.333959111944, "battery_charge_cost": -12052.267253550994, "battery_discharge_revenues": 12650.065223015248, "battery_retail_profits": 597.7979694642545, "battery_export_revenue": 0.0, "total_profits": 17367.33395911193, "irr": 0.10925, "npv": 28016.404}}