{"key_params": {"location": "CA_Crescent.City-Jack.McNamara.Field.725946_TMY3", "customer_type": "Hospital", "demand_charge": 20, "export_price": 0.0, "export_price_type": "None", "battery_size_kWh": 300, "battery_power_kW": 150.0, "min_soc": 0.05, "max_soc": 1.0, "one_way_efficiency": 0.92, "start_soc": 0.5, "n_horizon": 24, "n_control": 12}, "savings": {"old_energy_charge": -250303.05431936483, "new_energy_charge": -250433.21264559333, "energy_charge_savings": -130.15832622849848, "old_demand_charge": -81821.49736226718, "new_demand_charge": -74094.9592428684, "demand_charge_savings": 7726.538119398785, "retail_profits": 7596.379793170287, "battery_charge_cost": -11657.943461344466, "battery_discharge_revenues": 11527.785135115935, "battery_retail_profits": -130.15832622853122, "battery_export_revenue": 0.0, "total_profits": 7596.379793170254, "irr": -0.01195, "npv": -34661.284}}