{"key_params": {"location": "CA_South.Lake.Tahoe-Lake.Tahoe", "customer_type": "Apartment", "demand_charge": 20, "export_price": 0.0, "export_price_type": "None", "battery_size_kWh": 300, "battery_power_kW": 150.0, "min_soc": 0.05, "max_soc": 1.0, "one_way_efficiency": 0.92, "start_soc": 0.5, "n_horizon": 24, "n_control": 12}, "savings": {"old_energy_charge": -319489.1098868437, "new_energy_charge": -316725.2331432663, "energy_charge_savings": 2763.8767435774207, "old_demand_charge": -133690.91597819555, "new_demand_charge": -113416.23951665488, "demand_charge_savings": 20274.676461540672, "retail_profits": 23038.553205118093, "battery_charge_cost": -10729.564239130434, "battery_discharge_revenues": 13493.440982707829, "battery_retail_profits": 2763.8767435773952, "battery_export_revenue": 0.0, "total_profits": 23038.553205118067, "irr": 0.16701, "npv": 63794.05}}