{"key_params": {"location": "CA_Needles", "customer_type": "Office", "demand_charge": 20, "export_price": 0.0, "export_price_type": "None", "battery_size_kWh": 300, "battery_power_kW": 150.0, "min_soc": 0.05, "max_soc": 1.0, "one_way_efficiency": 0.92, "start_soc": 0.5, "n_horizon": 24, "n_control": 12}, "savings": {"old_energy_charge": -463958.89637374826, "new_energy_charge": -462963.02357369894, "energy_charge_savings": 995.8728000493138, "old_demand_charge": -218937.57932151813, "new_demand_charge": -197864.81218896998, "demand_charge_savings": 21072.76713254815, "retail_profits": 22068.639932597463, "battery_charge_cost": -11795.01244512486, "battery_discharge_revenues": 12790.885245174202, "battery_retail_profits": 995.8728000493429, "battery_export_revenue": 0.0, "total_profits": 22068.639932597493, "irr": 0.15741, "npv": 57675.222}}