{"key_params": {"location": "CA_Fairfield-Travis.AFB.745160_TMY3", "customer_type": "Restaurant", "demand_charge": 20, "export_price": 0.0, "export_price_type": "None", "battery_size_kWh": 300, "battery_power_kW": 150.0, "min_soc": 0.05, "max_soc": 1.0, "one_way_efficiency": 0.92, "start_soc": 0.5, "n_horizon": 24, "n_control": 12}, "savings": {"old_energy_charge": -449296.8263937203, "new_energy_charge": -449221.0857679238, "energy_charge_savings": 75.74062579649035, "old_demand_charge": -165900.1211365977, "new_demand_charge": -144867.2166955553, "demand_charge_savings": 21032.904441042396, "retail_profits": 21108.645066838886, "battery_charge_cost": -17778.07532492579, "battery_discharge_revenues": 17853.815950722288, "battery_retail_profits": 75.74062579649762, "battery_export_revenue": 0.0, "total_profits": 21108.645066838893, "irr": 0.14781, "npv": 51618.966}}