{"key_params": {"location": "CA_Lancaster-Gen.Wm.Fox.Field.723816_TMY3", "customer_type": "Hospital", "demand_charge": 20, "export_price": 0.0, "export_price_type": "None", "battery_size_kWh": 300, "battery_power_kW": 150.0, "min_soc": 0.05, "max_soc": 1.0, "one_way_efficiency": 0.92, "start_soc": 0.5, "n_horizon": 24, "n_control": 12}, "savings": {"old_energy_charge": -250058.59148072038, "new_energy_charge": -249842.6793967487, "energy_charge_savings": 215.91208397169248, "old_demand_charge": -83971.34850986658, "new_demand_charge": -75250.29473484725, "demand_charge_savings": 8721.053775019333, "retail_profits": 8936.965858991025, "battery_charge_cost": -11624.867103295672, "battery_discharge_revenues": 11840.779187267372, "battery_retail_profits": 215.91208397169976, "battery_export_revenue": 0.0, "total_profits": 8936.965858991032, "irr": 0.00924, "npv": -25481.479}}