{"key_params": {"location": "CA_Santa.Ana-John.Wayne", "customer_type": "Hotel", "demand_charge": 20, "export_price": 0.0, "export_price_type": "None", "battery_size_kWh": 300, "battery_power_kW": 150.0, "min_soc": 0.05, "max_soc": 1.0, "one_way_efficiency": 0.92, "start_soc": 0.5, "n_horizon": 24, "n_control": 12}, "savings": {"old_energy_charge": -368108.8683981792, "new_energy_charge": -365834.1778769335, "energy_charge_savings": 2274.690521245706, "old_demand_charge": -142387.77708300995, "new_demand_charge": -118376.5076975009, "demand_charge_savings": 24011.269385509047, "retail_profits": 26285.959906754753, "battery_charge_cost": -12557.374720751246, "battery_discharge_revenues": 14832.06524199701, "battery_retail_profits": 2274.690521245764, "battery_export_revenue": 0.0, "total_profits": 26285.95990675481, "irr": 0.19852, "npv": 84280.749}}