{"key_params": {"location": "CA_Salinas.Muni", "customer_type": "Restaurant", "demand_charge": 20, "export_price": 0.0, "export_price_type": "None", "battery_size_kWh": 300, "battery_power_kW": 150.0, "min_soc": 0.05, "max_soc": 1.0, "one_way_efficiency": 0.92, "start_soc": 0.5, "n_horizon": 24, "n_control": 12}, "savings": {"old_energy_charge": -432210.791808981, "new_energy_charge": -432503.7716043022, "energy_charge_savings": -292.9797953212401, "old_demand_charge": -154422.9385566392, "new_demand_charge": -131953.26545001884, "demand_charge_savings": 22469.67310662035, "retail_profits": 22176.69331129911, "battery_charge_cost": -19105.49197135837, "battery_discharge_revenues": 18812.51217603706, "battery_retail_profits": -292.9797953213092, "battery_export_revenue": 0.0, "total_profits": 22176.69331129904, "irr": 0.15848, "npv": 58356.891}}