{"key_params": {"location": "CA_Carlsbad.722927_TMY3", "customer_type": "Restaurant", "demand_charge": 20, "export_price": 0.0, "export_price_type": "None", "battery_size_kWh": 300, "battery_power_kW": 150.0, "min_soc": 0.05, "max_soc": 1.0, "one_way_efficiency": 0.92, "start_soc": 0.5, "n_horizon": 24, "n_control": 12}, "savings": {"old_energy_charge": -431172.0399481994, "new_energy_charge": -431483.0184413684, "energy_charge_savings": -310.9784931690083, "old_demand_charge": -149824.6992278271, "new_demand_charge": -130014.54247680536, "demand_charge_savings": 19810.156751021743, "retail_profits": 19499.178257852735, "battery_charge_cost": -18906.768134001413, "battery_discharge_revenues": 18595.789640832398, "battery_retail_profits": -310.97849316901556, "battery_export_revenue": 0.0, "total_profits": 19499.178257852727, "irr": 0.13147, "npv": 41465.429}}