{"key_params": {"location": "CA_San.Diego-Lindbergh.Field.722900_TMY3", "customer_type": "Apartment", "demand_charge": 20, "export_price": 0.0, "export_price_type": "None", "battery_size_kWh": 300, "battery_power_kW": 150.0, "min_soc": 0.05, "max_soc": 1.0, "one_way_efficiency": 0.92, "start_soc": 0.5, "n_horizon": 24, "n_control": 12}, "savings": {"old_energy_charge": -340387.2717816665, "new_energy_charge": -337623.11542948487, "energy_charge_savings": 2764.156352181628, "old_demand_charge": -145712.3548172659, "new_demand_charge": -124269.19375581699, "demand_charge_savings": 21443.16106144892, "retail_profits": 24207.317413630546, "battery_charge_cost": -10729.564239130434, "battery_discharge_revenues": 13493.72059131201, "battery_retail_profits": 2764.156352181577, "battery_export_revenue": 0.0, "total_profits": 24207.317413630495, "irr": 0.17845, "npv": 71167.355}}