{"key_params": {"location": "CA_March.AFB.722860_TMY3", "customer_type": "School", "demand_charge": 20, "export_price": 0.0, "export_price_type": "None", "battery_size_kWh": 300, "battery_power_kW": 150.0, "min_soc": 0.05, "max_soc": 1.0, "one_way_efficiency": 0.92, "start_soc": 0.5, "n_horizon": 24, "n_control": 12}, "savings": {"old_energy_charge": -377254.3704837597, "new_energy_charge": -375512.10860143986, "energy_charge_savings": 1742.2618823198136, "old_demand_charge": -248038.6698224371, "new_demand_charge": -228322.50793753922, "demand_charge_savings": 19716.161884897883, "retail_profits": 21458.423767217697, "battery_charge_cost": -11018.225247287668, "battery_discharge_revenues": 12760.487129607418, "battery_retail_profits": 1742.26188231975, "battery_export_revenue": 0.0, "total_profits": 21458.42376721763, "irr": 0.15132, "npv": 53825.592}}