{"key_params": {"location": "CA_San.Diego-North.Island.NAS.722906_TMY3", "customer_type": "Market", "demand_charge": 20, "export_price": 0.0, "export_price_type": "None", "battery_size_kWh": 300, "battery_power_kW": 150.0, "min_soc": 0.05, "max_soc": 1.0, "one_way_efficiency": 0.92, "start_soc": 0.5, "n_horizon": 24, "n_control": 12}, "savings": {"old_energy_charge": -352083.42661799636, "new_energy_charge": -351798.1210992011, "energy_charge_savings": 285.3055187952705, "old_demand_charge": -130403.34470625207, "new_demand_charge": -116820.01556218072, "demand_charge_savings": 13583.329144071351, "retail_profits": 13868.634662866622, "battery_charge_cost": -11980.57445700715, "battery_discharge_revenues": 12265.879975802405, "battery_retail_profits": 285.3055187952559, "battery_export_revenue": 0.0, "total_profits": 13868.634662866607, "irr": 0.07087, "npv": 5944.391}}