{"key_params": {"location": "CA_Visalia.Muni.AWOS.723896_TMY3", "customer_type": "Office", "demand_charge": 20, "export_price": 0.0, "export_price_type": "None", "battery_size_kWh": 300, "battery_power_kW": 150.0, "min_soc": 0.05, "max_soc": 1.0, "one_way_efficiency": 0.92, "start_soc": 0.5, "n_horizon": 24, "n_control": 12}, "savings": {"old_energy_charge": -504532.18088189675, "new_energy_charge": -503480.71288705285, "energy_charge_savings": 1051.4679948439007, "old_demand_charge": -256662.32941619074, "new_demand_charge": -235764.5079866372, "demand_charge_savings": 20897.82142955353, "retail_profits": 21949.28942439743, "battery_charge_cost": -11661.553332623147, "battery_discharge_revenues": 12713.021327466982, "battery_retail_profits": 1051.4679948438352, "battery_export_revenue": 0.0, "total_profits": 21949.289424397364, "irr": 0.15622, "npv": 56922.283}}