{"key_params": {"location": "CA_Palm.Springs-Thermal", "customer_type": "Office", "demand_charge": 20, "export_price": 0.0, "export_price_type": "None", "battery_size_kWh": 300, "battery_power_kW": 150.0, "min_soc": 0.05, "max_soc": 1.0, "one_way_efficiency": 0.92, "start_soc": 0.5, "n_horizon": 24, "n_control": 12}, "savings": {"old_energy_charge": -452413.32403531054, "new_energy_charge": -450688.60445651034, "energy_charge_savings": 1724.719578800199, "old_demand_charge": -265386.1496599184, "new_demand_charge": -242853.05853859303, "demand_charge_savings": 22533.091121325357, "retail_profits": 24257.810700125556, "battery_charge_cost": -11211.498309451039, "battery_discharge_revenues": 12936.217888251233, "battery_retail_profits": 1724.7195788001936, "battery_export_revenue": 0.0, "total_profits": 24257.81070012555, "irr": 0.17894, "npv": 71485.899}}