{"key_params": {"location": "CA_Oakland.Intl", "customer_type": "School", "demand_charge": 20, "export_price": 0.0, "export_price_type": "None", "battery_size_kWh": 300, "battery_power_kW": 150.0, "min_soc": 0.05, "max_soc": 1.0, "one_way_efficiency": 0.92, "start_soc": 0.5, "n_horizon": 24, "n_control": 12}, "savings": {"old_energy_charge": -528205.5448699445, "new_energy_charge": -526211.5575176873, "energy_charge_savings": 1993.9873522571288, "old_demand_charge": -375713.864001607, "new_demand_charge": -353612.7222578565, "demand_charge_savings": 22101.141743750486, "retail_profits": 24095.129096007615, "battery_charge_cost": -11007.891290323949, "battery_discharge_revenues": 13001.878642581016, "battery_retail_profits": 1993.987352257067, "battery_export_revenue": 0.0, "total_profits": 24095.129096007553, "irr": 0.17736, "npv": 70459.6}}