{"key_params": {"location": "CA_Visalia.Muni.AWOS.723896_TMY3", "customer_type": "Apartment", "demand_charge": 20, "export_price": 0.0, "export_price_type": "None", "battery_size_kWh": 300, "battery_power_kW": 150.0, "min_soc": 0.05, "max_soc": 1.0, "one_way_efficiency": 0.92, "start_soc": 0.5, "n_horizon": 24, "n_control": 12}, "savings": {"old_energy_charge": -346582.7461344273, "new_energy_charge": -343819.71936812747, "energy_charge_savings": 2763.026766299852, "old_demand_charge": -150706.15313881487, "new_demand_charge": -130553.44965001706, "demand_charge_savings": 20152.703488797808, "retail_profits": 22915.73025509766, "battery_charge_cost": -10729.564239130434, "battery_discharge_revenues": 13492.5910054303, "battery_retail_profits": 2763.0267662998667, "battery_export_revenue": 0.0, "total_profits": 22915.730255097675, "irr": 0.1658, "npv": 63019.205}}