{"key_params": {"location": "CA_Chula.Vista-Brown.Field.Muni", "customer_type": "Restaurant", "demand_charge": 20, "export_price": 0.0, "export_price_type": "None", "battery_size_kWh": 300, "battery_power_kW": 150.0, "min_soc": 0.05, "max_soc": 1.0, "one_way_efficiency": 0.92, "start_soc": 0.5, "n_horizon": 24, "n_control": 12}, "savings": {"old_energy_charge": -465891.4195615643, "new_energy_charge": -465313.56833361194, "energy_charge_savings": 577.851227952342, "old_demand_charge": -174346.8508061563, "new_demand_charge": -148755.3062562449, "demand_charge_savings": 25591.5445499114, "retail_profits": 26169.39577786374, "battery_charge_cost": -15683.98353220528, "battery_discharge_revenues": 16261.834760157628, "battery_retail_profits": 577.8512279523475, "battery_export_revenue": 0.0, "total_profits": 26169.39577786375, "irr": 0.19741, "npv": 83545.389}}