{"key_params": {"location": "CA_Livermore.Muni", "customer_type": "Market", "demand_charge": 20, "export_price": 0.0, "export_price_type": "None", "battery_size_kWh": 300, "battery_power_kW": 150.0, "min_soc": 0.05, "max_soc": 1.0, "one_way_efficiency": 0.92, "start_soc": 0.5, "n_horizon": 24, "n_control": 12}, "savings": {"old_energy_charge": -382963.46997511305, "new_energy_charge": -381914.3684896025, "energy_charge_savings": 1049.1014855105313, "old_demand_charge": -151811.65286054963, "new_demand_charge": -137188.6473496156, "demand_charge_savings": 14623.005510934017, "retail_profits": 15672.106996444549, "battery_charge_cost": -11709.551951128826, "battery_discharge_revenues": 12758.653436639293, "battery_retail_profits": 1049.1014855104677, "battery_export_revenue": 0.0, "total_profits": 15672.106996444485, "irr": 0.091, "npv": 17321.838}}