{"key_params": {"location": "CA_Paso.Robles.Muni", "customer_type": "Office", "demand_charge": 20, "export_price": 0.0, "export_price_type": "None", "battery_size_kWh": 300, "battery_power_kW": 150.0, "min_soc": 0.05, "max_soc": 1.0, "one_way_efficiency": 0.92, "start_soc": 0.5, "n_horizon": 24, "n_control": 12}, "savings": {"old_energy_charge": -306935.0425730705, "new_energy_charge": -305440.6031251849, "energy_charge_savings": 1494.439447885612, "old_demand_charge": -167703.07549568856, "new_demand_charge": -149580.34051466273, "demand_charge_savings": 18122.73498102583, "retail_profits": 19617.174428911443, "battery_charge_cost": -11153.203418558498, "battery_discharge_revenues": 12647.64286644405, "battery_retail_profits": 1494.439447885552, "battery_export_revenue": 0.0, "total_profits": 19617.174428911385, "irr": 0.13268, "npv": 42209.824}}