{"key_params": {"location": "CA_San.Luis.Obispo", "customer_type": "School", "demand_charge": 20, "export_price": 0.0, "export_price_type": "None", "battery_size_kWh": 300, "battery_power_kW": 150.0, "min_soc": 0.05, "max_soc": 1.0, "one_way_efficiency": 0.92, "start_soc": 0.5, "n_horizon": 24, "n_control": 12}, "savings": {"old_energy_charge": -561571.7240584306, "new_energy_charge": -559868.5404974738, "energy_charge_savings": 1703.1835609568516, "old_demand_charge": -397782.9496307951, "new_demand_charge": -377775.24950753676, "demand_charge_savings": 20007.700123258343, "retail_profits": 21710.883684215194, "battery_charge_cost": -11457.977140253828, "battery_discharge_revenues": 13161.160701210663, "battery_retail_profits": 1703.1835609568352, "battery_export_revenue": 0.0, "total_profits": 21710.88368421518, "irr": 0.15385, "npv": 55418.269}}