{"key_params": {"location": "CA_Point.Mugu.NAS.723910_TMY3", "customer_type": "Office", "demand_charge": 20, "export_price": 0.0, "export_price_type": "None", "battery_size_kWh": 300, "battery_power_kW": 150.0, "min_soc": 0.05, "max_soc": 1.0, "one_way_efficiency": 0.92, "start_soc": 0.5, "n_horizon": 24, "n_control": 12}, "savings": {"old_energy_charge": -520487.4968402777, "new_energy_charge": -519690.87027720193, "energy_charge_savings": 796.6265630757553, "old_demand_charge": -256924.67405591812, "new_demand_charge": -239663.3088961633, "demand_charge_savings": 17261.365159754816, "retail_profits": 18057.99172283057, "battery_charge_cost": -11794.641534150775, "battery_discharge_revenues": 12591.268097226639, "battery_retail_profits": 796.6265630758644, "battery_export_revenue": 0.0, "total_profits": 18057.99172283068, "irr": 0.11653, "npv": 32373.511}}