{"key_params": {"location": "CA_San.Diego-Montgomery.Field.722903_TMY3", "customer_type": "School", "demand_charge": 20, "export_price": 0.0, "export_price_type": "None", "battery_size_kWh": 300, "battery_power_kW": 150.0, "min_soc": 0.05, "max_soc": 1.0, "one_way_efficiency": 0.92, "start_soc": 0.5, "n_horizon": 24, "n_control": 12}, "savings": {"old_energy_charge": -582166.1111376141, "new_energy_charge": -580329.2989758127, "energy_charge_savings": 1836.812161801383, "old_demand_charge": -360124.2663573916, "new_demand_charge": -344353.25636355195, "demand_charge_savings": 15771.00999383966, "retail_profits": 17607.822155641043, "battery_charge_cost": -11142.714557598365, "battery_discharge_revenues": 12979.526719399726, "battery_retail_profits": 1836.812161801361, "battery_export_revenue": 0.0, "total_profits": 17607.82215564102, "irr": 0.1118, "npv": 29533.556}}