{"key_params": {"location": "CA_San.Diego-North.Island.NAS.722906_TMY3", "customer_type": "School", "demand_charge": 20, "export_price": 0.0, "export_price_type": "None", "battery_size_kWh": 300, "battery_power_kW": 150.0, "min_soc": 0.05, "max_soc": 1.0, "one_way_efficiency": 0.92, "start_soc": 0.5, "n_horizon": 24, "n_control": 12}, "savings": {"old_energy_charge": -349292.83028320555, "new_energy_charge": -347501.4983755843, "energy_charge_savings": 1791.3319076212356, "old_demand_charge": -199754.93563460407, "new_demand_charge": -181557.81238266983, "demand_charge_savings": 18197.123251934245, "retail_profits": 19988.45515955548, "battery_charge_cost": -11123.941238330175, "battery_discharge_revenues": 12915.273145951393, "battery_retail_profits": 1791.3319076212174, "battery_export_revenue": 0.0, "total_profits": 19988.455159555462, "irr": 0.13648, "npv": 44552.098}}