{"key_params": {"location": "CA_Napa.County", "customer_type": "Office", "demand_charge": 20, "export_price": 0.0, "export_price_type": "None", "battery_size_kWh": 300, "battery_power_kW": 150.0, "min_soc": 0.05, "max_soc": 1.0, "one_way_efficiency": 0.92, "start_soc": 0.5, "n_horizon": 24, "n_control": 12}, "savings": {"old_energy_charge": -488088.49374657194, "new_energy_charge": -486892.94972232176, "energy_charge_savings": 1195.544024250179, "old_demand_charge": -257071.3056913953, "new_demand_charge": -235411.64973402227, "demand_charge_savings": 21659.655957373034, "retail_profits": 22855.199981623213, "battery_charge_cost": -11388.948628175578, "battery_discharge_revenues": 12584.492652425814, "battery_retail_profits": 1195.5440242502355, "battery_export_revenue": 0.0, "total_profits": 22855.19998162327, "irr": 0.1652, "npv": 62637.341}}