{"key_params": {"location": "CA_Arcata", "customer_type": "Market", "demand_charge": 20, "export_price": 0.0, "export_price_type": "None", "battery_size_kWh": 300, "battery_power_kW": 150.0, "min_soc": 0.05, "max_soc": 1.0, "one_way_efficiency": 0.92, "start_soc": 0.5, "n_horizon": 24, "n_control": 12}, "savings": {"old_energy_charge": -381717.31916042446, "new_energy_charge": -381458.92568694125, "energy_charge_savings": 258.3934734832146, "old_demand_charge": -147783.72322394862, "new_demand_charge": -131913.08356022634, "demand_charge_savings": 15870.639663722279, "retail_profits": 16129.033137205493, "battery_charge_cost": -12092.959238711719, "battery_discharge_revenues": 12351.352712195005, "battery_retail_profits": 258.39347348328556, "battery_export_revenue": 0.0, "total_profits": 16129.033137205564, "irr": 0.09598, "npv": 20204.418}}