{"key_params": {"location": "CA_Santa.Monica.Muni", "customer_type": "Restaurant", "demand_charge": 20, "export_price": 0.0, "export_price_type": "None", "battery_size_kWh": 300, "battery_power_kW": 150.0, "min_soc": 0.05, "max_soc": 1.0, "one_way_efficiency": 0.92, "start_soc": 0.5, "n_horizon": 24, "n_control": 12}, "savings": {"old_energy_charge": -434209.7760969124, "new_energy_charge": -434526.4303270223, "energy_charge_savings": -316.6542301098816, "old_demand_charge": -150555.34043009827, "new_demand_charge": -131198.9749738001, "demand_charge_savings": 19356.36545629817, "retail_profits": 19039.711226188287, "battery_charge_cost": -18839.119610985526, "battery_discharge_revenues": 18522.465380875652, "battery_retail_profits": -316.65423010987433, "battery_export_revenue": 0.0, "total_profits": 19039.711226188294, "irr": 0.12674, "npv": 38566.82}}