{"key_params": {"location": "CA_Long.Beach-Daugherty.Field.722970_TMY3", "customer_type": "Restaurant", "demand_charge": 20, "export_price": 0.0, "export_price_type": "None", "battery_size_kWh": 300, "battery_power_kW": 150.0, "min_soc": 0.05, "max_soc": 1.0, "one_way_efficiency": 0.92, "start_soc": 0.5, "n_horizon": 24, "n_control": 12}, "savings": {"old_energy_charge": -440063.1958108717, "new_energy_charge": -439259.7915750207, "energy_charge_savings": 803.4042358510196, "old_demand_charge": -160329.95497057465, "new_demand_charge": -139028.99799902618, "demand_charge_savings": 21300.95697154847, "retail_profits": 22104.36120739949, "battery_charge_cost": -15510.687836296944, "battery_discharge_revenues": 16314.092072147936, "battery_retail_profits": 803.4042358509923, "battery_export_revenue": 0.0, "total_profits": 22104.36120739946, "irr": 0.15777, "npv": 57900.574}}