{"key_params": {"location": "CA_Santa.Barbara.Muni", "customer_type": "School", "demand_charge": 20, "export_price": 0.0, "export_price_type": "None", "battery_size_kWh": 300, "battery_power_kW": 150.0, "min_soc": 0.05, "max_soc": 1.0, "one_way_efficiency": 0.92, "start_soc": 0.5, "n_horizon": 24, "n_control": 12}, "savings": {"old_energy_charge": -591721.4932860973, "new_energy_charge": -589905.5126163366, "energy_charge_savings": 1815.9806697607273, "old_demand_charge": -379276.6639820306, "new_demand_charge": -360465.7866910441, "demand_charge_savings": 18810.87729098648, "retail_profits": 20626.857960747206, "battery_charge_cost": -11010.612019611146, "battery_discharge_revenues": 12826.592689371859, "battery_retail_profits": 1815.9806697607128, "battery_export_revenue": 0.0, "total_profits": 20626.85796074719, "irr": 0.14296, "npv": 48579.547}}