{"key_params": {"location": "CA_Hayward.Air.Terminal.724935_TMY3", "customer_type": "Hotel", "demand_charge": 20, "export_price": 0.0, "export_price_type": "None", "battery_size_kWh": 300, "battery_power_kW": 150.0, "min_soc": 0.05, "max_soc": 1.0, "one_way_efficiency": 0.92, "start_soc": 0.5, "n_horizon": 24, "n_control": 12}, "savings": {"old_energy_charge": -374917.31828208885, "new_energy_charge": -372574.30320076086, "energy_charge_savings": 2343.0150813279906, "old_demand_charge": -150599.08031248202, "new_demand_charge": -126513.74513315642, "demand_charge_savings": 24085.3351793256, "retail_profits": 26428.35026065359, "battery_charge_cost": -12154.909783007657, "battery_discharge_revenues": 14497.924864335611, "battery_retail_profits": 2343.0150813279542, "battery_export_revenue": 0.0, "total_profits": 26428.350260653555, "irr": 0.19989, "npv": 85179.038}}