{"key_params": {"location": "CA_Fullerton.Muni", "customer_type": "Office", "demand_charge": 20, "export_price": 0.0, "export_price_type": "None", "battery_size_kWh": 300, "battery_power_kW": 150.0, "min_soc": 0.05, "max_soc": 1.0, "one_way_efficiency": 0.92, "start_soc": 0.5, "n_horizon": 24, "n_control": 12}, "savings": {"old_energy_charge": -394667.7103482876, "new_energy_charge": -392967.20637047396, "energy_charge_savings": 1700.5039778136415, "old_demand_charge": -217407.58938681957, "new_demand_charge": -196922.2561637939, "demand_charge_savings": 20485.333223025664, "retail_profits": 22185.837200839305, "battery_charge_cost": -11373.724988429996, "battery_discharge_revenues": 13074.22896624363, "battery_retail_profits": 1700.5039778136343, "battery_export_revenue": 0.0, "total_profits": 22185.837200839298, "irr": 0.15857, "npv": 58414.577}}