{"key_params": {"location": "CA_Burbank-Glendale-Passadena.Bob.Hope", "customer_type": "Hotel", "demand_charge": 20, "export_price": 0.0, "export_price_type": "None", "battery_size_kWh": 300, "battery_power_kW": 150.0, "min_soc": 0.05, "max_soc": 1.0, "one_way_efficiency": 0.92, "start_soc": 0.5, "n_horizon": 24, "n_control": 12}, "savings": {"old_energy_charge": -373051.5855620148, "new_energy_charge": -370668.8736255376, "energy_charge_savings": 2382.7119364771643, "old_demand_charge": -149810.90850242233, "new_demand_charge": -127166.05814716965, "demand_charge_savings": 22644.85035525268, "retail_profits": 25027.562291729846, "battery_charge_cost": -11876.994447415456, "battery_discharge_revenues": 14259.706383892688, "battery_retail_profits": 2382.7119364772316, "battery_export_revenue": 0.0, "total_profits": 25027.56229172991, "irr": 0.18641, "npv": 76341.98}}