{"key_params": {"location": "CA_Monterey.NAF.724915_TMY3", "customer_type": "Hotel", "demand_charge": 20, "export_price": 0.0, "export_price_type": "None", "battery_size_kWh": 300, "battery_power_kW": 150.0, "min_soc": 0.05, "max_soc": 1.0, "one_way_efficiency": 0.92, "start_soc": 0.5, "n_horizon": 24, "n_control": 12}, "savings": {"old_energy_charge": -355431.8448893754, "new_energy_charge": -353183.6201131826, "energy_charge_savings": 2248.224776192801, "old_demand_charge": -130513.21323089303, "new_demand_charge": -107397.55285633705, "demand_charge_savings": 23115.660374555984, "retail_profits": 25363.885150748785, "battery_charge_cost": -12700.355713182431, "battery_discharge_revenues": 14948.580489375305, "battery_retail_profits": 2248.224776192874, "battery_export_revenue": 0.0, "total_profits": 25363.885150748858, "irr": 0.18966, "npv": 78463.717}}