{"key_params": {"location": "CA_Camp.Pendleton.MCAS.722926_TMY3", "customer_type": "Hotel", "demand_charge": 20, "export_price": 0.0, "export_price_type": "None", "battery_size_kWh": 300, "battery_power_kW": 150.0, "min_soc": 0.05, "max_soc": 1.0, "one_way_efficiency": 0.92, "start_soc": 0.5, "n_horizon": 24, "n_control": 12}, "savings": {"old_energy_charge": -349978.9915994692, "new_energy_charge": -347719.2754309132, "energy_charge_savings": 2259.716168556013, "old_demand_charge": -127234.11863009815, "new_demand_charge": -104532.12737625612, "demand_charge_savings": 22701.991253842032, "retail_profits": 24961.707422398045, "battery_charge_cost": -12642.726434565144, "battery_discharge_revenues": 14902.442603121133, "battery_retail_profits": 2259.7161685559895, "battery_export_revenue": 0.0, "total_profits": 24961.707422398023, "irr": 0.18577, "npv": 75926.525}}