{"key_params": {"location": "CA_Santa.Rosa.AWOS.724957_TMY3", "customer_type": "Office", "demand_charge": 20, "export_price": 0.0, "export_price_type": "None", "battery_size_kWh": 300, "battery_power_kW": 150.0, "min_soc": 0.05, "max_soc": 1.0, "one_way_efficiency": 0.92, "start_soc": 0.5, "n_horizon": 24, "n_control": 12}, "savings": {"old_energy_charge": -415864.8211231617, "new_energy_charge": -413972.7623161081, "energy_charge_savings": 1892.0588070536032, "old_demand_charge": -256403.4041227526, "new_demand_charge": -226629.98522036453, "demand_charge_savings": 29773.418902388075, "retail_profits": 31665.47770944168, "battery_charge_cost": -12017.41201471112, "battery_discharge_revenues": 13909.470821764764, "battery_retail_profits": 1892.0588070536432, "battery_export_revenue": 0.0, "total_profits": 31665.47770944172, "irr": 0.2492, "npv": 118218.158}}