{"key_params": {"location": "CA_Blythe-Riverside.County", "customer_type": "Market", "demand_charge": 20, "export_price": 0.0, "export_price_type": "None", "battery_size_kWh": 300, "battery_power_kW": 150.0, "min_soc": 0.05, "max_soc": 1.0, "one_way_efficiency": 0.92, "start_soc": 0.5, "n_horizon": 24, "n_control": 12}, "savings": {"old_energy_charge": -401608.169783858, "new_energy_charge": -400812.0448802443, "energy_charge_savings": 796.1249036137015, "old_demand_charge": -157772.09475971138, "new_demand_charge": -144428.05730098925, "demand_charge_savings": 13344.03745872213, "retail_profits": 14140.162362335832, "battery_charge_cost": -11679.34399491431, "battery_discharge_revenues": 12475.468898528105, "battery_retail_profits": 796.1249036137942, "battery_export_revenue": 0.0, "total_profits": 14140.162362335925, "irr": 0.07396, "npv": 7657.36}}