{"key_params": {"location": "CA_Needles", "customer_type": "Hotel", "demand_charge": 20, "export_price": 0.0, "export_price_type": "None", "battery_size_kWh": 300, "battery_power_kW": 150.0, "min_soc": 0.05, "max_soc": 1.0, "one_way_efficiency": 0.92, "start_soc": 0.5, "n_horizon": 24, "n_control": 12}, "savings": {"old_energy_charge": -302591.5561217697, "new_energy_charge": -300307.06063452497, "energy_charge_savings": 2284.4954872447415, "old_demand_charge": -108626.43669520557, "new_demand_charge": -87024.59652385802, "demand_charge_savings": 21601.840171347547, "retail_profits": 23886.33565859229, "battery_charge_cost": -12369.069488516307, "battery_discharge_revenues": 14653.56497576097, "battery_retail_profits": 2284.4954872446633, "battery_export_revenue": 0.0, "total_profits": 23886.33565859221, "irr": 0.17532, "npv": 69142.399}}