{"key_params": {"location": "CA_Paso.Robles.Muni", "customer_type": "Hospital", "demand_charge": 20, "export_price": 0.0, "export_price_type": "None", "battery_size_kWh": 300, "battery_power_kW": 150.0, "min_soc": 0.05, "max_soc": 1.0, "one_way_efficiency": 0.92, "start_soc": 0.5, "n_horizon": 24, "n_control": 12}, "savings": {"old_energy_charge": -246353.37241094993, "new_energy_charge": -246283.8039738624, "energy_charge_savings": 69.56843708752422, "old_demand_charge": -82581.96333457282, "new_demand_charge": -73046.63330272828, "demand_charge_savings": 9535.33003184454, "retail_profits": 9604.898468932064, "battery_charge_cost": -11636.638684367937, "battery_discharge_revenues": 11706.207121455473, "battery_retail_profits": 69.56843708753513, "battery_export_revenue": 0.0, "total_profits": 9604.898468932075, "irr": 0.01867, "npv": -21092.472}}