{"key_params": {"location": "CA_Napa.County", "customer_type": "Office", "demand_charge": 20, "export_price": 0.0, "export_price_type": "None", "battery_size_kWh": 300, "battery_power_kW": 150.0, "min_soc": 0.05, "max_soc": 1.0, "one_way_efficiency": 0.92, "start_soc": 0.5, "n_horizon": 24, "n_control": 12}, "savings": {"old_energy_charge": -410109.52714452276, "new_energy_charge": -408259.90279456886, "energy_charge_savings": 1849.6243499538978, "old_demand_charge": -245564.50655261285, "new_demand_charge": -216335.8326935926, "demand_charge_savings": 29228.67385902026, "retail_profits": 31078.298208974156, "battery_charge_cost": -12006.712355053925, "battery_discharge_revenues": 13856.336705007829, "battery_retail_profits": 1849.6243499539032, "battery_export_revenue": 0.0, "total_profits": 31078.298208974164, "irr": 0.24374, "npv": 114513.857}}