{"key_params": {"location": "CA_Palmdale", "customer_type": "Hotel", "demand_charge": 20, "export_price": 0.0, "export_price_type": "None", "battery_size_kWh": 300, "battery_power_kW": 150.0, "min_soc": 0.05, "max_soc": 1.0, "one_way_efficiency": 0.92, "start_soc": 0.5, "n_horizon": 24, "n_control": 12}, "savings": {"old_energy_charge": -377369.1656518091, "new_energy_charge": -374966.9185573067, "energy_charge_savings": 2402.2470945023815, "old_demand_charge": -150500.43052726422, "new_demand_charge": -127690.2724116177, "demand_charge_savings": 22810.158115646525, "retail_profits": 25212.405210148907, "battery_charge_cost": -11785.534356794462, "battery_discharge_revenues": 14187.781451296862, "battery_retail_profits": 2402.2470945023997, "battery_export_revenue": 0.0, "total_profits": 25212.405210148925, "irr": 0.1882, "npv": 77508.086}}