{"key_params": {"location": "CA_Sacramento.Metro", "customer_type": "Market", "demand_charge": 20, "export_price": 0.0, "export_price_type": "None", "battery_size_kWh": 300, "battery_power_kW": 150.0, "min_soc": 0.05, "max_soc": 1.0, "one_way_efficiency": 0.92, "start_soc": 0.5, "n_horizon": 24, "n_control": 12}, "savings": {"old_energy_charge": -383929.58418712637, "new_energy_charge": -383162.53350487794, "energy_charge_savings": 767.0506822484313, "old_demand_charge": -154340.51583323546, "new_demand_charge": -141450.27097165177, "demand_charge_savings": 12890.244861583691, "retail_profits": 13657.295543832122, "battery_charge_cost": -11763.708886738825, "battery_discharge_revenues": 12530.759568987241, "battery_retail_profits": 767.0506822484167, "battery_export_revenue": 0.0, "total_profits": 13657.295543832108, "irr": 0.06846, "npv": 4611.13}}