{"key_params": {"location": "CA_Bishop", "customer_type": "Restaurant", "demand_charge": 20, "export_price": 0.0, "export_price_type": "None", "battery_size_kWh": 300, "battery_power_kW": 150.0, "min_soc": 0.05, "max_soc": 1.0, "one_way_efficiency": 0.92, "start_soc": 0.5, "n_horizon": 24, "n_control": 12}, "savings": {"old_energy_charge": -464018.0018004943, "new_energy_charge": -463697.0556046552, "energy_charge_savings": 320.94619583914755, "old_demand_charge": -163420.4923672889, "new_demand_charge": -143281.4561658371, "demand_charge_savings": 20139.036201451818, "retail_profits": 20459.982397290965, "battery_charge_cost": -17783.521442695113, "battery_discharge_revenues": 18104.467638534235, "battery_retail_profits": 320.9461958391221, "battery_export_revenue": 0.0, "total_profits": 20459.98239729094, "irr": 0.14127, "npv": 47526.791}}