{"key_params": {"location": "CA_South.Lake.Tahoe-Lake.Tahoe", "customer_type": "School", "demand_charge": 20, "export_price": 0.0, "export_price_type": "None", "battery_size_kWh": 300, "battery_power_kW": 150.0, "min_soc": 0.05, "max_soc": 1.0, "one_way_efficiency": 0.92, "start_soc": 0.5, "n_horizon": 24, "n_control": 12}, "savings": {"old_energy_charge": -465250.4020275543, "new_energy_charge": -464178.57797830977, "energy_charge_savings": 1071.8240492445184, "old_demand_charge": -273007.57127244107, "new_demand_charge": -255648.20623812996, "demand_charge_savings": 17359.365034311108, "retail_profits": 18431.189083555626, "battery_charge_cost": -11162.71466122686, "battery_discharge_revenues": 12234.538710471299, "battery_retail_profits": 1071.8240492444384, "battery_export_revenue": 0.0, "total_profits": 18431.189083555546, "irr": 0.12043, "npv": 34727.876}}