{"key_params": {"location": "CA_Truckee.Tahoe", "customer_type": "Restaurant", "demand_charge": 20, "export_price": 0.0, "export_price_type": "None", "battery_size_kWh": 300, "battery_power_kW": 150.0, "min_soc": 0.05, "max_soc": 1.0, "one_way_efficiency": 0.92, "start_soc": 0.5, "n_horizon": 24, "n_control": 12}, "savings": {"old_energy_charge": -444378.68860237213, "new_energy_charge": -445057.77599630354, "energy_charge_savings": -679.0873939314042, "old_demand_charge": -151435.01426454025, "new_demand_charge": -130591.2311770494, "demand_charge_savings": 20843.783087490854, "retail_profits": 20164.69569355945, "battery_charge_cost": -20368.774689121678, "battery_discharge_revenues": 19689.68729519028, "battery_retail_profits": -679.087393931397, "battery_export_revenue": 0.0, "total_profits": 20164.695693559457, "irr": 0.13827, "npv": 45663.935}}