{"key_params": {"location": "CA_Monterey.NAF.724915_TMY3", "customer_type": "Restaurant", "demand_charge": 20, "export_price": 0.0, "export_price_type": "None", "battery_size_kWh": 300, "battery_power_kW": 150.0, "min_soc": 0.05, "max_soc": 1.0, "one_way_efficiency": 0.92, "start_soc": 0.5, "n_horizon": 24, "n_control": 12}, "savings": {"old_energy_charge": -451896.5005193213, "new_energy_charge": -451522.66746059584, "energy_charge_savings": 373.83305872546043, "old_demand_charge": -158986.14169559412, "new_demand_charge": -135848.59717836222, "demand_charge_savings": 23137.5445172319, "retail_profits": 23511.377575957362, "battery_charge_cost": -17328.03172852612, "battery_discharge_revenues": 17701.86478725156, "battery_retail_profits": 373.83305872544224, "battery_export_revenue": 0.0, "total_profits": 23511.377575957344, "irr": 0.17165, "npv": 66776.926}}