{"key_params": {"location": "CA_San.Diego-Lindbergh.Field.722900_TMY3", "customer_type": "Office", "demand_charge": 20, "export_price": 0.0, "export_price_type": "None", "battery_size_kWh": 300, "battery_power_kW": 150.0, "min_soc": 0.05, "max_soc": 1.0, "one_way_efficiency": 0.92, "start_soc": 0.5, "n_horizon": 24, "n_control": 12}, "savings": {"old_energy_charge": -543909.4054728594, "new_energy_charge": -542984.1223949345, "energy_charge_savings": 925.2830779248616, "old_demand_charge": -261853.47475862174, "new_demand_charge": -243292.26565465363, "demand_charge_savings": 18561.20910396811, "retail_profits": 19486.492181892972, "battery_charge_cost": -11915.328453491966, "battery_discharge_revenues": 12840.611531416791, "battery_retail_profits": 925.2830779248252, "battery_export_revenue": 0.0, "total_profits": 19486.492181892936, "irr": 0.13134, "npv": 41385.397}}