{"key_params": {"location": "CA_Arcata", "customer_type": "Hotel", "demand_charge": 20, "export_price": 0.0, "export_price_type": "None", "battery_size_kWh": 300, "battery_power_kW": 150.0, "min_soc": 0.05, "max_soc": 1.0, "one_way_efficiency": 0.92, "start_soc": 0.5, "n_horizon": 24, "n_control": 12}, "savings": {"old_energy_charge": -353338.447539644, "new_energy_charge": -351138.9258984095, "energy_charge_savings": 2199.521641234518, "old_demand_charge": -130659.56180011205, "new_demand_charge": -107201.98267052452, "demand_charge_savings": 23457.579129587524, "retail_profits": 25657.100770822042, "battery_charge_cost": -12927.659092704325, "battery_discharge_revenues": 15127.180733938816, "battery_retail_profits": 2199.5216412344907, "battery_export_revenue": 0.0, "total_profits": 25657.100770822013, "irr": 0.19248, "npv": 80313.507}}