{"key_params": {"location": "CA_Oxnard", "customer_type": "Hospital", "demand_charge": 20, "export_price": 0.0, "export_price_type": "None", "battery_size_kWh": 300, "battery_power_kW": 150.0, "min_soc": 0.05, "max_soc": 1.0, "one_way_efficiency": 0.92, "start_soc": 0.5, "n_horizon": 24, "n_control": 12}, "savings": {"old_energy_charge": -246726.0669147119, "new_energy_charge": -246505.76199463478, "energy_charge_savings": 220.3049200771202, "old_demand_charge": -82020.80860256041, "new_demand_charge": -73894.12696293497, "demand_charge_savings": 8126.6816396254435, "retail_profits": 8346.986559702564, "battery_charge_cost": -11665.673447682208, "battery_discharge_revenues": 11885.978367759319, "battery_retail_profits": 220.3049200771111, "battery_export_revenue": 0.0, "total_profits": 8346.986559702555, "irr": 0.00035, "npv": -29445.349}}