{"key_params": {"location": "CA_Porterville.AWOS.723895_TMY3", "customer_type": "Office", "demand_charge": 20, "export_price": 0.0, "export_price_type": "None", "battery_size_kWh": 300, "battery_power_kW": 150.0, "min_soc": 0.05, "max_soc": 1.0, "one_way_efficiency": 0.92, "start_soc": 0.5, "n_horizon": 24, "n_control": 12}, "savings": {"old_energy_charge": -317252.16524829366, "new_energy_charge": -316051.3817800352, "energy_charge_savings": 1200.7834682584507, "old_demand_charge": -166642.33348976195, "new_demand_charge": -149639.2026925907, "demand_charge_savings": 17003.130797171238, "retail_profits": 18203.91426542969, "battery_charge_cost": -11363.694447199705, "battery_discharge_revenues": 12564.47791545815, "battery_retail_profits": 1200.7834682584453, "battery_export_revenue": 0.0, "total_profits": 18203.91426542968, "irr": 0.11806, "npv": 33294.083}}