{"key_params": {"location": "CA_Lemoore.NAS.747020_TMY3", "customer_type": "Hotel", "demand_charge": 20, "export_price": 0.0, "export_price_type": "None", "battery_size_kWh": 300, "battery_power_kW": 150.0, "min_soc": 0.05, "max_soc": 1.0, "one_way_efficiency": 0.92, "start_soc": 0.5, "n_horizon": 24, "n_control": 12}, "savings": {"old_energy_charge": -341637.1644191646, "new_energy_charge": -339383.68544578226, "energy_charge_savings": 2253.4789733823272, "old_demand_charge": -125932.7436365676, "new_demand_charge": -103265.12755927646, "demand_charge_savings": 22667.61607729114, "retail_profits": 24921.095050673466, "battery_charge_cost": -12582.012435866507, "battery_discharge_revenues": 14835.491409248862, "battery_retail_profits": 2253.4789733823545, "battery_export_revenue": 0.0, "total_profits": 24921.095050673495, "irr": 0.18538, "npv": 75670.317}}