{"key_params": {"location": "CA_Lompoc.AWOS.722895_TMY3", "customer_type": "Hotel", "demand_charge": 20, "export_price": 0.0, "export_price_type": "None", "battery_size_kWh": 300, "battery_power_kW": 150.0, "min_soc": 0.05, "max_soc": 1.0, "one_way_efficiency": 0.92, "start_soc": 0.5, "n_horizon": 24, "n_control": 12}, "savings": {"old_energy_charge": -362613.1419689117, "new_energy_charge": -360342.082075918, "energy_charge_savings": 2271.0598929937114, "old_demand_charge": -133907.30386675167, "new_demand_charge": -110375.09450979775, "demand_charge_savings": 23532.209356953914, "retail_profits": 25803.269249947625, "battery_charge_cost": -12612.383486309694, "battery_discharge_revenues": 14883.44337930342, "battery_retail_profits": 2271.059892993726, "battery_export_revenue": 0.0, "total_profits": 25803.26924994764, "irr": 0.19389, "npv": 81235.631}}