{"key_params": {"location": "CA_Alturas.725958_TMY3", "customer_type": "Apartment", "demand_charge": 20, "export_price": 0.0, "export_price_type": "None", "battery_size_kWh": 300, "battery_power_kW": 150.0, "min_soc": 0.05, "max_soc": 1.0, "one_way_efficiency": 0.92, "start_soc": 0.5, "n_horizon": 24, "n_control": 12}, "savings": {"old_energy_charge": -332729.4193569619, "new_energy_charge": -329966.0272996617, "energy_charge_savings": 2763.392057300196, "old_demand_charge": -146313.31860747535, "new_demand_charge": -125419.69278497994, "demand_charge_savings": 20893.625822495407, "retail_profits": 23657.017879795603, "battery_charge_cost": -10729.564239130434, "battery_discharge_revenues": 13492.956296430633, "battery_retail_profits": 2763.3920573001997, "battery_export_revenue": 0.0, "total_profits": 23657.017879795607, "irr": 0.17308, "npv": 67695.717}}