{"key_params": {"location": "CA_Visalia.Muni.AWOS.723896_TMY3", "customer_type": "School", "demand_charge": 20, "export_price": 0.0, "export_price_type": "None", "battery_size_kWh": 300, "battery_power_kW": 150.0, "min_soc": 0.05, "max_soc": 1.0, "one_way_efficiency": 0.92, "start_soc": 0.5, "n_horizon": 24, "n_control": 12}, "savings": {"old_energy_charge": -614760.4818810647, "new_energy_charge": -612707.9193877766, "energy_charge_savings": 2052.5624932880746, "old_demand_charge": -372651.6767823862, "new_demand_charge": -349226.46378189005, "demand_charge_savings": 23425.21300049615, "retail_profits": 25477.775493784226, "battery_charge_cost": -10822.996564290292, "battery_discharge_revenues": 12875.55905757843, "battery_retail_profits": 2052.5624932881383, "battery_export_revenue": 0.0, "total_profits": 25477.77549378429, "irr": 0.19076, "npv": 79182.21}}