{"key_params": {"location": "CA_Sacramento.Exec", "customer_type": "Hotel", "demand_charge": 20, "export_price": 0.0, "export_price_type": "None", "battery_size_kWh": 300, "battery_power_kW": 150.0, "min_soc": 0.05, "max_soc": 1.0, "one_way_efficiency": 0.92, "start_soc": 0.5, "n_horizon": 24, "n_control": 12}, "savings": {"old_energy_charge": -379428.1401960868, "new_energy_charge": -377039.0106486208, "energy_charge_savings": 2389.129547466, "old_demand_charge": -153735.63081138604, "new_demand_charge": -130274.07688585026, "demand_charge_savings": 23461.553925535787, "retail_profits": 25850.683473001787, "battery_charge_cost": -11736.376145798404, "battery_discharge_revenues": 14125.50569326438, "battery_retail_profits": 2389.1295474659764, "battery_export_revenue": 0.0, "total_profits": 25850.683473001765, "irr": 0.19435, "npv": 81534.75}}