{"key_params": {"location": "CA_Oxnard", "customer_type": "School", "demand_charge": 20, "export_price": 0.0, "export_price_type": "None", "battery_size_kWh": 300, "battery_power_kW": 150.0, "min_soc": 0.05, "max_soc": 1.0, "one_way_efficiency": 0.92, "start_soc": 0.5, "n_horizon": 24, "n_control": 12}, "savings": {"old_energy_charge": -594672.5902804319, "new_energy_charge": -593258.4404032704, "energy_charge_savings": 1414.149877161486, "old_demand_charge": -369084.92268375424, "new_demand_charge": -350332.34845813335, "demand_charge_savings": 18752.57422562089, "retail_profits": 20166.724102782377, "battery_charge_cost": -11452.83456381217, "battery_discharge_revenues": 12866.984440973643, "battery_retail_profits": 1414.1498771614733, "battery_export_revenue": 0.0, "total_profits": 20166.724102782362, "irr": 0.13829, "npv": 45676.731}}