{"key_params": {"location": "CA_Chino", "customer_type": "Hospital", "demand_charge": 20, "export_price": 0.0, "export_price_type": "None", "battery_size_kWh": 300, "battery_power_kW": 150.0, "min_soc": 0.05, "max_soc": 1.0, "one_way_efficiency": 0.92, "start_soc": 0.5, "n_horizon": 24, "n_control": 12}, "savings": {"old_energy_charge": -246377.8709961515, "new_energy_charge": -246122.13074891444, "energy_charge_savings": 255.74024723705952, "old_demand_charge": -81500.67609416891, "new_demand_charge": -73090.95481467048, "demand_charge_savings": 8409.721279498437, "retail_profits": 8665.461526735497, "battery_charge_cost": -11634.153101274653, "battery_discharge_revenues": 11889.893348511716, "battery_retail_profits": 255.74024723706316, "battery_export_revenue": 0.0, "total_profits": 8665.4615267355, "irr": 0.00522, "npv": -27293.758}}