{"key_params": {"location": "CA_March.AFB.722860_TMY3", "customer_type": "Restaurant", "demand_charge": 20, "export_price": 0.0, "export_price_type": "None", "battery_size_kWh": 300, "battery_power_kW": 150.0, "min_soc": 0.05, "max_soc": 1.0, "one_way_efficiency": 0.92, "start_soc": 0.5, "n_horizon": 24, "n_control": 12}, "savings": {"old_energy_charge": -459647.55590246647, "new_energy_charge": -458949.4482305725, "energy_charge_savings": 698.1076718939585, "old_demand_charge": -175784.7443820773, "new_demand_charge": -153303.0840166403, "demand_charge_savings": 22481.660365437012, "retail_profits": 23179.76803733097, "battery_charge_cost": -15243.284918386329, "battery_discharge_revenues": 15941.392590280315, "battery_retail_profits": 698.1076718939858, "battery_export_revenue": 0.0, "total_profits": 23179.768037331, "irr": 0.1684, "npv": 64684.922}}