{"key_params": {"location": "CA_Stockton.Metro", "customer_type": "Office", "demand_charge": 20, "export_price": 0.0, "export_price_type": "None", "battery_size_kWh": 300, "battery_power_kW": 150.0, "min_soc": 0.05, "max_soc": 1.0, "one_way_efficiency": 0.92, "start_soc": 0.5, "n_horizon": 24, "n_control": 12}, "savings": {"old_energy_charge": -313121.6121297892, "new_energy_charge": -312162.793902337, "energy_charge_savings": 958.8182274521678, "old_demand_charge": -167716.6510152553, "new_demand_charge": -149964.55954008046, "demand_charge_savings": 17752.09147517485, "retail_profits": 18710.909702627017, "battery_charge_cost": -11417.495903993491, "battery_discharge_revenues": 12376.314131445686, "battery_retail_profits": 958.8182274521951, "battery_export_revenue": 0.0, "total_profits": 18710.909702627046, "irr": 0.12334, "npv": 36492.531}}