{"key_params": {"location": "CA_San.Diego-Lindbergh.Field.722900_TMY3", "customer_type": "Market", "demand_charge": 20, "export_price": 0.0, "export_price_type": "None", "battery_size_kWh": 300, "battery_power_kW": 150.0, "min_soc": 0.05, "max_soc": 1.0, "one_way_efficiency": 0.92, "start_soc": 0.5, "n_horizon": 24, "n_control": 12}, "savings": {"old_energy_charge": -355634.0663292222, "new_energy_charge": -355429.7034788169, "energy_charge_savings": 204.36285040527582, "old_demand_charge": -132545.42453359047, "new_demand_charge": -118925.82363433912, "demand_charge_savings": 13619.600899251353, "retail_profits": 13823.963749656628, "battery_charge_cost": -11955.361928087554, "battery_discharge_revenues": 12159.724778492877, "battery_retail_profits": 204.36285040532312, "battery_export_revenue": 0.0, "total_profits": 13823.963749656676, "irr": 0.07036, "npv": 5662.579}}