{"key_params": {"location": "CA_South.Lake.Tahoe-Lake.Tahoe", "customer_type": "Market", "demand_charge": 20, "export_price": 0.0, "export_price_type": "None", "battery_size_kWh": 300, "battery_power_kW": 150.0, "min_soc": 0.05, "max_soc": 1.0, "one_way_efficiency": 0.92, "start_soc": 0.5, "n_horizon": 24, "n_control": 12}, "savings": {"old_energy_charge": -406354.71162845194, "new_energy_charge": -406069.2584758709, "energy_charge_savings": 285.45315258105984, "old_demand_charge": -159780.66105479305, "new_demand_charge": -141988.86553041224, "demand_charge_savings": 17791.79552438081, "retail_profits": 18077.24867696187, "battery_charge_cost": -12060.772426145331, "battery_discharge_revenues": 12346.22557872635, "battery_retail_profits": 285.453152581018, "battery_export_revenue": 0.0, "total_profits": 18077.248676961826, "irr": 0.11673, "npv": 32494.996}}