{"key_params": {"location": "CA_Riverside.Muni", "customer_type": "Hotel", "demand_charge": 20, "export_price": 0.0, "export_price_type": "None", "battery_size_kWh": 300, "battery_power_kW": 150.0, "min_soc": 0.05, "max_soc": 1.0, "one_way_efficiency": 0.92, "start_soc": 0.5, "n_horizon": 24, "n_control": 12}, "savings": {"old_energy_charge": -339433.3022136315, "new_energy_charge": -337179.00039426296, "energy_charge_savings": 2254.3018193685566, "old_demand_charge": -122931.0625846192, "new_demand_charge": -100432.75199187746, "demand_charge_savings": 22498.310592741735, "retail_profits": 24752.61241211029, "battery_charge_cost": -12630.428805747108, "battery_discharge_revenues": 14884.730625115684, "battery_retail_profits": 2254.3018193685766, "battery_export_revenue": 0.0, "total_profits": 24752.612412110313, "irr": 0.18375, "npv": 74607.422}}