{"key_params": {"location": "CA_Lemoore.NAS.747020_TMY3", "customer_type": "Apartment", "demand_charge": 20, "export_price": 0.0, "export_price_type": "None", "battery_size_kWh": 300, "battery_power_kW": 150.0, "min_soc": 0.05, "max_soc": 1.0, "one_way_efficiency": 0.92, "start_soc": 0.5, "n_horizon": 24, "n_control": 12}, "savings": {"old_energy_charge": -352907.36146186007, "new_energy_charge": -350145.3597912569, "energy_charge_savings": 2762.0016706031747, "old_demand_charge": -153440.1708962991, "new_demand_charge": -133706.22358820098, "demand_charge_savings": 19733.94730809811, "retail_profits": 22495.948978701286, "battery_charge_cost": -10729.564239130435, "battery_discharge_revenues": 13491.565909733528, "battery_retail_profits": 2762.001670603093, "battery_export_revenue": 0.0, "total_profits": 22495.948978701206, "irr": 0.16165, "npv": 60370.958}}