{"key_params": {"location": "CA_Red.Bluff.Muni", "customer_type": "Office", "demand_charge": 20, "export_price": 0.0, "export_price_type": "None", "battery_size_kWh": 300, "battery_power_kW": 150.0, "min_soc": 0.05, "max_soc": 1.0, "one_way_efficiency": 0.92, "start_soc": 0.5, "n_horizon": 24, "n_control": 12}, "savings": {"old_energy_charge": -417449.3991732549, "new_energy_charge": -415690.0396588009, "energy_charge_savings": 1759.3595144540304, "old_demand_charge": -259957.89785237823, "new_demand_charge": -229340.66553950656, "demand_charge_savings": 30617.232312871667, "retail_profits": 32376.591827325698, "battery_charge_cost": -11700.553896358735, "battery_discharge_revenues": 13459.913410812824, "battery_retail_profits": 1759.3595144540886, "battery_export_revenue": 0.0, "total_profits": 32376.591827325756, "irr": 0.25579, "npv": 122704.316}}