{"key_params": {"location": "CA_Red.Bluff.Muni", "customer_type": "Hospital", "demand_charge": 20, "export_price": 0.0, "export_price_type": "None", "battery_size_kWh": 300, "battery_power_kW": 150.0, "min_soc": 0.05, "max_soc": 1.0, "one_way_efficiency": 0.92, "start_soc": 0.5, "n_horizon": 24, "n_control": 12}, "savings": {"old_energy_charge": -247251.96493681413, "new_energy_charge": -246968.0166794641, "energy_charge_savings": 283.9482573500136, "old_demand_charge": -82707.26014443864, "new_demand_charge": -74148.115898521, "demand_charge_savings": 8559.144245917632, "retail_profits": 8843.092503267646, "battery_charge_cost": -11644.397605721782, "battery_discharge_revenues": 11928.345863071787, "battery_retail_profits": 283.9482573500045, "battery_export_revenue": 0.0, "total_profits": 8843.092503267637, "irr": 0.00787, "npv": -26103.53}}