{"key_params": {"location": "CA_Los.Angeles.Intl", "customer_type": "Office", "demand_charge": 20, "export_price": 0.0, "export_price_type": "None", "battery_size_kWh": 300, "battery_power_kW": 150.0, "min_soc": 0.05, "max_soc": 1.0, "one_way_efficiency": 0.92, "start_soc": 0.5, "n_horizon": 24, "n_control": 12}, "savings": {"old_energy_charge": -380401.910188221, "new_energy_charge": -379076.72978293267, "energy_charge_savings": 1325.1804052883526, "old_demand_charge": -200195.49238961982, "new_demand_charge": -183293.05660383403, "demand_charge_savings": 16902.435785785783, "retail_profits": 18227.616191074136, "battery_charge_cost": -11650.849679849965, "battery_discharge_revenues": 12976.030085138344, "battery_retail_profits": 1325.180405288378, "battery_export_revenue": 0.0, "total_profits": 18227.61619107416, "irr": 0.11831, "npv": 33443.61}}