{"key_params": {"location": "CA_Concord-Buchanan.Field.724936_TMY3", "customer_type": "Office", "demand_charge": 20, "export_price": 0.0, "export_price_type": "None", "battery_size_kWh": 300, "battery_power_kW": 150.0, "min_soc": 0.05, "max_soc": 1.0, "one_way_efficiency": 0.92, "start_soc": 0.5, "n_horizon": 24, "n_control": 12}, "savings": {"old_energy_charge": -389103.0945900617, "new_energy_charge": -387205.09861082124, "energy_charge_savings": 1897.9959792404552, "old_demand_charge": -236475.3251488783, "new_demand_charge": -207863.23978921043, "demand_charge_savings": 28612.085359667864, "retail_profits": 30510.08133890832, "battery_charge_cost": -11703.28861351587, "battery_discharge_revenues": 13601.284592756312, "battery_retail_profits": 1897.9959792404425, "battery_export_revenue": 0.0, "total_profits": 30510.081338908305, "irr": 0.23844, "npv": 110929.185}}