{"key_params": {"location": "CA_Palm.Springs-Thermal", "customer_type": "Office", "demand_charge": 20, "export_price": 0.0, "export_price_type": "None", "battery_size_kWh": 300, "battery_power_kW": 150.0, "min_soc": 0.05, "max_soc": 1.0, "one_way_efficiency": 0.92, "start_soc": 0.5, "n_horizon": 24, "n_control": 12}, "savings": {"old_energy_charge": -347795.4473080564, "new_energy_charge": -346699.43501372053, "energy_charge_savings": 1096.0122943358729, "old_demand_charge": -179637.44187511335, "new_demand_charge": -164495.52650745533, "demand_charge_savings": 15141.915367658017, "retail_profits": 16237.92766199389, "battery_charge_cost": -11409.497759949201, "battery_discharge_revenues": 12505.510054285061, "battery_retail_profits": 1096.0122943358601, "battery_export_revenue": 0.0, "total_profits": 16237.927661993877, "irr": 0.09716, "npv": 20891.393}}