{"key_params": {"location": "CA_Point.Mugu.NAS.723910_TMY3", "customer_type": "Market", "demand_charge": 20, "export_price": 0.0, "export_price_type": "None", "battery_size_kWh": 300, "battery_power_kW": 150.0, "min_soc": 0.05, "max_soc": 1.0, "one_way_efficiency": 0.92, "start_soc": 0.5, "n_horizon": 24, "n_control": 12}, "savings": {"old_energy_charge": -365571.19078204787, "new_energy_charge": -365763.0619549024, "energy_charge_savings": -191.87117285456043, "old_demand_charge": -137617.93901019226, "new_demand_charge": -122686.11152446496, "demand_charge_savings": 14931.827485727306, "retail_profits": 14739.956312872746, "battery_charge_cost": -11902.490834146265, "battery_discharge_revenues": 11710.619661291661, "battery_retail_profits": -191.87117285460408, "battery_export_revenue": 0.0, "total_profits": 14739.956312872702, "irr": 0.0807, "npv": 11441.241}}