{"key_params": {"location": "CA_Santa.Rosa.AWOS.724957_TMY3", "customer_type": "Restaurant", "demand_charge": 20, "export_price": 0.0, "export_price_type": "None", "battery_size_kWh": 300, "battery_power_kW": 150.0, "min_soc": 0.05, "max_soc": 1.0, "one_way_efficiency": 0.92, "start_soc": 0.5, "n_horizon": 24, "n_control": 12}, "savings": {"old_energy_charge": -440487.5139526299, "new_energy_charge": -439841.37164579355, "energy_charge_savings": 646.142306836322, "old_demand_charge": -158488.15677977543, "new_demand_charge": -138578.36441416288, "demand_charge_savings": 19909.79236561255, "retail_profits": 20555.93467244887, "battery_charge_cost": -16926.998939840843, "battery_discharge_revenues": 17573.141246677165, "battery_retail_profits": 646.142306836322, "battery_export_revenue": 0.0, "total_profits": 20555.93467244887, "irr": 0.14224, "npv": 48132.118}}