{"key_params": {"location": "CA_Santa.Rosa.AWOS.724957_TMY3", "customer_type": "Restaurant", "demand_charge": 20, "export_price": 0.0, "export_price_type": "None", "battery_size_kWh": 300, "battery_power_kW": 150.0, "min_soc": 0.05, "max_soc": 1.0, "one_way_efficiency": 0.92, "start_soc": 0.5, "n_horizon": 24, "n_control": 12}, "savings": {"old_energy_charge": -466248.5124069151, "new_energy_charge": -464760.48357439996, "energy_charge_savings": 1488.0288325151196, "old_demand_charge": -174846.26810303784, "new_demand_charge": -153004.94412653233, "demand_charge_savings": 21841.32397650552, "retail_profits": 23329.35280902064, "battery_charge_cost": -14092.21170599523, "battery_discharge_revenues": 15580.240538510403, "battery_retail_profits": 1488.0288325151723, "battery_export_revenue": 0.0, "total_profits": 23329.35280902069, "irr": 0.16987, "npv": 65628.598}}