{"key_params": {"location": "CA_Camp.Pendleton.MCAS.722926_TMY3", "customer_type": "School", "demand_charge": 20, "export_price": 0.0, "export_price_type": "None", "battery_size_kWh": 300, "battery_power_kW": 150.0, "min_soc": 0.05, "max_soc": 1.0, "one_way_efficiency": 0.92, "start_soc": 0.5, "n_horizon": 24, "n_control": 12}, "savings": {"old_energy_charge": -578606.3967097846, "new_energy_charge": -576606.3310850103, "energy_charge_savings": 2000.0656247743173, "old_demand_charge": -371648.26616110257, "new_demand_charge": -353386.0201202681, "demand_charge_savings": 18262.246040834463, "retail_profits": 20262.31166560878, "battery_charge_cost": -11081.830206055565, "battery_discharge_revenues": 13081.895830829973, "battery_retail_profits": 2000.0656247744082, "battery_export_revenue": 0.0, "total_profits": 20262.31166560887, "irr": 0.13926, "npv": 46279.758}}