{"key_params": {"location": "CA_Hawthorne-Jack.Northrop.Field.722956_TMY3", "customer_type": "Apartment", "demand_charge": 20, "export_price": 0.0, "export_price_type": "None", "battery_size_kWh": 300, "battery_power_kW": 150.0, "min_soc": 0.05, "max_soc": 1.0, "one_way_efficiency": 0.92, "start_soc": 0.5, "n_horizon": 24, "n_control": 12}, "savings": {"old_energy_charge": -342671.124666165, "new_energy_charge": -339906.85315199953, "energy_charge_savings": 2764.271514165448, "old_demand_charge": -147287.8763009312, "new_demand_charge": -126218.11206289276, "demand_charge_savings": 21069.76423803845, "retail_profits": 23834.035752203898, "battery_charge_cost": -10729.564239130434, "battery_discharge_revenues": 13493.83575329581, "battery_retail_profits": 2764.271514165377, "battery_export_revenue": 0.0, "total_profits": 23834.035752203825, "irr": 0.17481, "npv": 68812.458}}