{"key_params": {"location": "CA_Chino", "customer_type": "School", "demand_charge": 20, "export_price": 0.0, "export_price_type": "None", "battery_size_kWh": 300, "battery_power_kW": 150.0, "min_soc": 0.05, "max_soc": 1.0, "one_way_efficiency": 0.92, "start_soc": 0.5, "n_horizon": 24, "n_control": 12}, "savings": {"old_energy_charge": -368447.76662237826, "new_energy_charge": -366603.11609685386, "energy_charge_savings": 1844.6505255243974, "old_demand_charge": -238114.40916577826, "new_demand_charge": -218262.15301057138, "demand_charge_savings": 19852.25615520688, "retail_profits": 21696.906680731277, "battery_charge_cost": -11049.636118099299, "battery_discharge_revenues": 12894.286643623753, "battery_retail_profits": 1844.6505255244538, "battery_export_revenue": 0.0, "total_profits": 21696.906680731336, "irr": 0.15371, "npv": 55330.093}}