{"key_params": {"location": "CA_Porterville.AWOS.723895_TMY3", "customer_type": "Hospital", "demand_charge": 20, "export_price": 0.0, "export_price_type": "None", "battery_size_kWh": 300, "battery_power_kW": 150.0, "min_soc": 0.05, "max_soc": 1.0, "one_way_efficiency": 0.92, "start_soc": 0.5, "n_horizon": 24, "n_control": 12}, "savings": {"old_energy_charge": -245120.2120002667, "new_energy_charge": -244968.93288299075, "energy_charge_savings": 151.27911727596074, "old_demand_charge": -80858.44092874596, "new_demand_charge": -72712.62782180049, "demand_charge_savings": 8145.8131069454685, "retail_profits": 8297.09222422143, "battery_charge_cost": -11638.294869474494, "battery_discharge_revenues": 11789.573986750418, "battery_retail_profits": 151.27911727592436, "battery_export_revenue": 0.0, "total_profits": 8297.092224221393, "irr": -0.00043, "npv": -29784.957}}