{"key_params": {"location": "CA_Camp.Pendleton.MCAS.722926_TMY3", "customer_type": "School", "demand_charge": 20, "export_price": 0.0, "export_price_type": "None", "battery_size_kWh": 300, "battery_power_kW": 150.0, "min_soc": 0.05, "max_soc": 1.0, "one_way_efficiency": 0.92, "start_soc": 0.5, "n_horizon": 24, "n_control": 12}, "savings": {"old_energy_charge": -351021.94388660137, "new_energy_charge": -349304.09416672954, "energy_charge_savings": 1717.849719871825, "old_demand_charge": -206865.05159897963, "new_demand_charge": -188667.0257975609, "demand_charge_savings": 18198.025801418727, "retail_profits": 19915.875521290553, "battery_charge_cost": -11186.778764053037, "battery_discharge_revenues": 12904.628483924844, "battery_retail_profits": 1717.8497198718069, "battery_export_revenue": 0.0, "total_profits": 19915.875521290534, "irr": 0.13574, "npv": 44094.22}}