{"key_params": {"location": "CA_Carlsbad.722927_TMY3", "customer_type": "School", "demand_charge": 20, "export_price": 0.0, "export_price_type": "None", "battery_size_kWh": 300, "battery_power_kW": 150.0, "min_soc": 0.05, "max_soc": 1.0, "one_way_efficiency": 0.92, "start_soc": 0.5, "n_horizon": 24, "n_control": 12}, "savings": {"old_energy_charge": -342712.5190147143, "new_energy_charge": -341530.22665119206, "energy_charge_savings": 1182.292363522225, "old_demand_charge": -198158.59883576143, "new_demand_charge": -181284.55377614664, "demand_charge_savings": 16874.045059614786, "retail_profits": 18056.33742313701, "battery_charge_cost": -11415.58284005207, "battery_discharge_revenues": 12597.875203574224, "battery_retail_profits": 1182.2923635221541, "battery_export_revenue": 0.0, "total_profits": 18056.337423136938, "irr": 0.11651, "npv": 32363.075}}