{"key_params": {"location": "CA_Fresno.Air.Terminal.723890_TMY3", "customer_type": "School", "demand_charge": 20, "export_price": 0.0, "export_price_type": "None", "battery_size_kWh": 300, "battery_power_kW": 150.0, "min_soc": 0.05, "max_soc": 1.0, "one_way_efficiency": 0.92, "start_soc": 0.5, "n_horizon": 24, "n_control": 12}, "savings": {"old_energy_charge": -656889.6089334664, "new_energy_charge": -654838.8586562955, "energy_charge_savings": 2050.7502771709114, "old_demand_charge": -386450.90361008275, "new_demand_charge": -362077.99467604863, "demand_charge_savings": 24372.908934034116, "retail_profits": 26423.659211205028, "battery_charge_cost": -10877.193328963074, "battery_discharge_revenues": 12927.943606133957, "battery_retail_profits": 2050.7502771708823, "battery_export_revenue": 0.0, "total_profits": 26423.659211205, "irr": 0.19984, "npv": 85149.444}}