{"key_params": {"location": "CA_Santa.Monica.Muni", "customer_type": "School", "demand_charge": 20, "export_price": 0.0, "export_price_type": "None", "battery_size_kWh": 300, "battery_power_kW": 150.0, "min_soc": 0.05, "max_soc": 1.0, "one_way_efficiency": 0.92, "start_soc": 0.5, "n_horizon": 24, "n_control": 12}, "savings": {"old_energy_charge": -581970.4992599488, "new_energy_charge": -580446.0423409338, "energy_charge_savings": 1524.456919015036, "old_demand_charge": -353672.5631941479, "new_demand_charge": -336586.1972292132, "demand_charge_savings": 17086.365964934696, "retail_profits": 18610.82288394973, "battery_charge_cost": -11267.871400645847, "battery_discharge_revenues": 12792.32831966087, "battery_retail_profits": 1524.4569190150232, "battery_export_revenue": 0.0, "total_profits": 18610.822883949717, "irr": 0.1223, "npv": 35861.12}}