{"key_params": {"location": "CA_Palm.Springs-Thermal", "customer_type": "Apartment", "demand_charge": 20, "export_price": 0.0, "export_price_type": "None", "battery_size_kWh": 300, "battery_power_kW": 150.0, "min_soc": 0.05, "max_soc": 1.0, "one_way_efficiency": 0.92, "start_soc": 0.5, "n_horizon": 24, "n_control": 12}, "savings": {"old_energy_charge": -332306.32035473554, "new_energy_charge": -329555.5543387621, "energy_charge_savings": 2750.766015973466, "old_demand_charge": -132696.89184533755, "new_demand_charge": -113534.0927928759, "demand_charge_savings": 19162.799052461647, "retail_profits": 21913.565068435113, "battery_charge_cost": -10729.564239130435, "battery_discharge_revenues": 13480.33025510391, "battery_retail_profits": 2750.766015973475, "battery_export_revenue": 0.0, "total_profits": 21913.56506843512, "irr": 0.15587, "npv": 56696.911}}