{"key_params": {"location": "CA_Camp.Pendleton.MCAS.722926_TMY3", "customer_type": "Restaurant", "demand_charge": 20, "export_price": 0.0, "export_price_type": "None", "battery_size_kWh": 300, "battery_power_kW": 150.0, "min_soc": 0.05, "max_soc": 1.0, "one_way_efficiency": 0.92, "start_soc": 0.5, "n_horizon": 24, "n_control": 12}, "savings": {"old_energy_charge": -468766.84616256633, "new_energy_charge": -467597.979902812, "energy_charge_savings": 1168.8662597543444, "old_demand_charge": -173520.05048078997, "new_demand_charge": -148516.31693042643, "demand_charge_savings": 25003.73355036354, "retail_profits": 26172.599810117885, "battery_charge_cost": -14583.66626401404, "battery_discharge_revenues": 15752.532523768321, "battery_retail_profits": 1168.8662597542807, "battery_export_revenue": 0.0, "total_profits": 26172.59981011782, "irr": 0.19744, "npv": 83565.602}}