{"key_params": {"location": "CA_Sacramento.Metro", "customer_type": "Office", "demand_charge": 20, "export_price": 0.0, "export_price_type": "None", "battery_size_kWh": 300, "battery_power_kW": 150.0, "min_soc": 0.05, "max_soc": 1.0, "one_way_efficiency": 0.92, "start_soc": 0.5, "n_horizon": 24, "n_control": 12}, "savings": {"old_energy_charge": -312267.620832861, "new_energy_charge": -311439.48274026485, "energy_charge_savings": 828.1380925961421, "old_demand_charge": -167515.69957125088, "new_demand_charge": -149092.91923798158, "demand_charge_savings": 18422.7803332693, "retail_profits": 19250.918425865442, "battery_charge_cost": -11460.806166523886, "battery_discharge_revenues": 12288.944259120086, "battery_retail_profits": 828.1380925962003, "battery_export_revenue": 0.0, "total_profits": 19250.9184258655, "irr": 0.12892, "npv": 39899.249}}