{"key_params": {"location": "CA_Palmdale", "customer_type": "Apartment", "demand_charge": 20, "export_price": 0.0, "export_price_type": "None", "battery_size_kWh": 300, "battery_power_kW": 150.0, "min_soc": 0.05, "max_soc": 1.0, "one_way_efficiency": 0.92, "start_soc": 0.5, "n_horizon": 24, "n_control": 12}, "savings": {"old_energy_charge": -348571.7585042891, "new_energy_charge": -345810.26514329074, "energy_charge_savings": 2761.493360998342, "old_demand_charge": -148743.34794093884, "new_demand_charge": -128838.44230727688, "demand_charge_savings": 19904.905633661954, "retail_profits": 22666.398994660296, "battery_charge_cost": -10729.564239130434, "battery_discharge_revenues": 13491.05760012883, "battery_retail_profits": 2761.4933609983964, "battery_export_revenue": 0.0, "total_profits": 22666.39899466035, "irr": 0.16334, "npv": 61446.265}}