{"key_params": {"location": "CA_Monterey.NAF.724915_TMY3", "customer_type": "Office", "demand_charge": 20, "export_price": 0.0, "export_price_type": "None", "battery_size_kWh": 300, "battery_power_kW": 150.0, "min_soc": 0.05, "max_soc": 1.0, "one_way_efficiency": 0.92, "start_soc": 0.5, "n_horizon": 24, "n_control": 12}, "savings": {"old_energy_charge": -390268.0619815567, "new_energy_charge": -388504.7293106189, "energy_charge_savings": 1763.3326709378161, "old_demand_charge": -215187.37921509237, "new_demand_charge": -189702.2738440077, "demand_charge_savings": 25485.105371084675, "retail_profits": 27248.43804202249, "battery_charge_cost": -12195.4804254604, "battery_discharge_revenues": 13958.813096398228, "battery_retail_profits": 1763.332670937827, "battery_export_revenue": 0.0, "total_profits": 27248.438042022502, "irr": 0.20771, "npv": 90352.672}}