{"key_params": {"location": "CA_Riverside.Muni", "customer_type": "Hotel", "demand_charge": 20, "export_price": 0.0, "export_price_type": "None", "battery_size_kWh": 300, "battery_power_kW": 150.0, "min_soc": 0.05, "max_soc": 1.0, "one_way_efficiency": 0.92, "start_soc": 0.5, "n_horizon": 24, "n_control": 12}, "savings": {"old_energy_charge": -379692.85191839555, "new_energy_charge": -377280.23681117286, "energy_charge_savings": 2412.615107222693, "old_demand_charge": -150496.66331387855, "new_demand_charge": -128019.94967508366, "demand_charge_savings": 22476.7136387949, "retail_profits": 24889.328746017592, "battery_charge_cost": -11758.551623257004, "battery_discharge_revenues": 14171.166730479737, "battery_retail_profits": 2412.615107222733, "battery_export_revenue": 0.0, "total_profits": 24889.328746017633, "irr": 0.18507, "npv": 75469.915}}