{"key_params": {"location": "CA_Beale.AFB.724837_TMY3", "customer_type": "Apartment", "demand_charge": 20, "export_price": 0.0, "export_price_type": "None", "battery_size_kWh": 300, "battery_power_kW": 150.0, "min_soc": 0.05, "max_soc": 1.0, "one_way_efficiency": 0.92, "start_soc": 0.5, "n_horizon": 24, "n_control": 12}, "savings": {"old_energy_charge": -348732.6263037448, "new_energy_charge": -345969.96667518903, "energy_charge_savings": 2762.6596285557607, "old_demand_charge": -149896.58322387355, "new_demand_charge": -129622.64205030077, "demand_charge_savings": 20273.941173572777, "retail_profits": 23036.600802128538, "battery_charge_cost": -10729.564239130434, "battery_discharge_revenues": 13492.223867686167, "battery_retail_profits": 2762.6596285557334, "battery_export_revenue": 0.0, "total_profits": 23036.60080212851, "irr": 0.16699, "npv": 63781.733}}