{"key_params": {"location": "CA_Riverside.Muni", "customer_type": "Apartment", "demand_charge": 20, "export_price": 0.0, "export_price_type": "None", "battery_size_kWh": 300, "battery_power_kW": 150.0, "min_soc": 0.05, "max_soc": 1.0, "one_way_efficiency": 0.92, "start_soc": 0.5, "n_horizon": 24, "n_control": 12}, "savings": {"old_energy_charge": -358928.6478804674, "new_energy_charge": -356166.2170795751, "energy_charge_savings": 2762.4308008922962, "old_demand_charge": -158533.60825128597, "new_demand_charge": -138228.96763921765, "demand_charge_savings": 20304.640612068324, "retail_profits": 23067.07141296062, "battery_charge_cost": -10729.564239130434, "battery_discharge_revenues": 13491.995040022794, "battery_retail_profits": 2762.43080089236, "battery_export_revenue": 0.0, "total_profits": 23067.071412960686, "irr": 0.16729, "npv": 63973.961}}