{"key_params": {"location": "CA_San.Francisco.Intl", "customer_type": "School", "demand_charge": 20, "export_price": 0.0, "export_price_type": "None", "battery_size_kWh": 300, "battery_power_kW": 150.0, "min_soc": 0.05, "max_soc": 1.0, "one_way_efficiency": 0.92, "start_soc": 0.5, "n_horizon": 24, "n_control": 12}, "savings": {"old_energy_charge": -515341.68797076546, "new_energy_charge": -513130.39964493323, "energy_charge_savings": 2211.2883258322254, "old_demand_charge": -366583.7396026803, "new_demand_charge": -342388.754923186, "demand_charge_savings": 24194.984679494344, "retail_profits": 26406.27300532657, "battery_charge_cost": -10935.083013995923, "battery_discharge_revenues": 13146.371339828018, "battery_retail_profits": 2211.2883258320944, "battery_export_revenue": 0.0, "total_profits": 26406.27300532644, "irr": 0.19967, "npv": 85039.761}}