{"key_params": {"location": "CA_Point.Mugu.NAS.723910_TMY3", "customer_type": "Office", "demand_charge": 20, "export_price": 0.0, "export_price_type": "None", "battery_size_kWh": 300, "battery_power_kW": 150.0, "min_soc": 0.05, "max_soc": 1.0, "one_way_efficiency": 0.92, "start_soc": 0.5, "n_horizon": 24, "n_control": 12}, "savings": {"old_energy_charge": -395592.45078815514, "new_energy_charge": -394289.8819480557, "energy_charge_savings": 1302.5688400994404, "old_demand_charge": -214151.02026572084, "new_demand_charge": -191647.85853990284, "demand_charge_savings": 22503.161725818005, "retail_profits": 23805.730565917445, "battery_charge_cost": -11805.455913046628, "battery_discharge_revenues": 13108.024753146106, "battery_retail_profits": 1302.5688400994786, "battery_export_revenue": 0.0, "total_profits": 23805.73056591748, "irr": 0.17453, "npv": 68633.891}}