{"key_params": {"location": "CA_San.Francisco.Intl", "customer_type": "Office", "demand_charge": 20, "export_price": 0.0, "export_price_type": "None", "battery_size_kWh": 300, "battery_power_kW": 150.0, "min_soc": 0.05, "max_soc": 1.0, "one_way_efficiency": 0.92, "start_soc": 0.5, "n_horizon": 24, "n_control": 12}, "savings": {"old_energy_charge": -291122.2868505939, "new_energy_charge": -289949.31497043266, "energy_charge_savings": 1172.9718801612617, "old_demand_charge": -146796.38066756993, "new_demand_charge": -131399.88735168232, "demand_charge_savings": 15396.493315887608, "retail_profits": 16569.46519604887, "battery_charge_cost": -11494.159215575044, "battery_discharge_revenues": 12667.131095736295, "battery_retail_profits": 1172.9718801612507, "battery_export_revenue": 0.0, "total_profits": 16569.46519604886, "irr": 0.10073, "npv": 22982.942}}