{"key_params": {"location": "CA_Santa.Barbara.Muni", "customer_type": "Market", "demand_charge": 20, "export_price": 0.0, "export_price_type": "None", "battery_size_kWh": 300, "battery_power_kW": 150.0, "min_soc": 0.05, "max_soc": 1.0, "one_way_efficiency": 0.92, "start_soc": 0.5, "n_horizon": 24, "n_control": 12}, "savings": {"old_energy_charge": -371503.01976265234, "new_energy_charge": -371368.59280348226, "energy_charge_savings": 134.42695917008677, "old_demand_charge": -141542.58296136503, "new_demand_charge": -126437.95390759583, "demand_charge_savings": 15104.629053769197, "retail_profits": 15239.056012939283, "battery_charge_cost": -11936.536394508748, "battery_discharge_revenues": 12070.963353678837, "battery_retail_profits": 134.4269591700886, "battery_export_revenue": 0.0, "total_profits": 15239.056012939285, "irr": 0.08624, "npv": 14589.878}}