{"key_params": {"location": "CA_Los.Angeles.Intl", "customer_type": "Market", "demand_charge": 20, "export_price": 0.0, "export_price_type": "None", "battery_size_kWh": 300, "battery_power_kW": 150.0, "min_soc": 0.05, "max_soc": 1.0, "one_way_efficiency": 0.92, "start_soc": 0.5, "n_horizon": 24, "n_control": 12}, "savings": {"old_energy_charge": -357694.42301034724, "new_energy_charge": -357636.83384564164, "energy_charge_savings": 57.589164705597796, "old_demand_charge": -134386.1384966739, "new_demand_charge": -120133.41519452618, "demand_charge_savings": 14252.723302147715, "retail_profits": 14310.312466853313, "battery_charge_cost": -11935.238823616053, "battery_discharge_revenues": 11992.827988321653, "battery_retail_profits": 57.589164705599615, "battery_export_revenue": 0.0, "total_profits": 14310.312466853315, "irr": 0.07588, "npv": 8730.775}}