{"key_params": {"location": "CA_Livermore.Muni", "customer_type": "Office", "demand_charge": 20, "export_price": 0.0, "export_price_type": "None", "battery_size_kWh": 300, "battery_power_kW": 150.0, "min_soc": 0.05, "max_soc": 1.0, "one_way_efficiency": 0.92, "start_soc": 0.5, "n_horizon": 24, "n_control": 12}, "savings": {"old_energy_charge": -301231.4674970815, "new_energy_charge": -300001.14391512005, "energy_charge_savings": 1230.3235819614492, "old_demand_charge": -158068.67353657135, "new_demand_charge": -141075.90557892295, "demand_charge_savings": 16992.767957648408, "retail_profits": 18223.091539609857, "battery_charge_cost": -11340.345298557733, "battery_discharge_revenues": 12570.668880519115, "battery_retail_profits": 1230.323581961382, "battery_export_revenue": 0.0, "total_profits": 18223.09153960979, "irr": 0.11826, "npv": 33415.065}}