{"key_params": {"location": "CA_Merced-Macready.Field.724815_TMY3", "customer_type": "Hospital", "demand_charge": 20, "export_price": 0.0, "export_price_type": "None", "battery_size_kWh": 300, "battery_power_kW": 150.0, "min_soc": 0.05, "max_soc": 1.0, "one_way_efficiency": 0.92, "start_soc": 0.5, "n_horizon": 24, "n_control": 12}, "savings": {"old_energy_charge": -246177.9204226883, "new_energy_charge": -246100.3004517658, "energy_charge_savings": 77.61997092250385, "old_demand_charge": -80988.20137887515, "new_demand_charge": -72709.61615263992, "demand_charge_savings": 8278.585226235227, "retail_profits": 8356.205197157731, "battery_charge_cost": -11651.61750265015, "battery_discharge_revenues": 11729.237473572653, "battery_retail_profits": 77.61997092250385, "battery_export_revenue": 0.0, "total_profits": 8356.205197157731, "irr": 0.0005, "npv": -29382.602}}