{"key_params": {"location": "CA_Van.Nuys", "customer_type": "Restaurant", "demand_charge": 20, "export_price": 0.0, "export_price_type": "None", "battery_size_kWh": 300, "battery_power_kW": 150.0, "min_soc": 0.05, "max_soc": 1.0, "one_way_efficiency": 0.92, "start_soc": 0.5, "n_horizon": 24, "n_control": 12}, "savings": {"old_energy_charge": -451907.75542145455, "new_energy_charge": -451187.9281168834, "energy_charge_savings": 719.8273045711685, "old_demand_charge": -169780.7289385768, "new_demand_charge": -148822.73479170862, "demand_charge_savings": 20957.99414686818, "retail_profits": 21677.821451439348, "battery_charge_cost": -15069.954124890863, "battery_discharge_revenues": 15789.781429461986, "battery_retail_profits": 719.827304571123, "battery_export_revenue": 0.0, "total_profits": 21677.821451439304, "irr": 0.15352, "npv": 55209.691}}