{"key_params": {"location": "CA_Santa.Maria.Public", "customer_type": "Hospital", "demand_charge": 20, "export_price": 0.0, "export_price_type": "None", "battery_size_kWh": 300, "battery_power_kW": 150.0, "min_soc": 0.05, "max_soc": 1.0, "one_way_efficiency": 0.92, "start_soc": 0.5, "n_horizon": 24, "n_control": 12}, "savings": {"old_energy_charge": -246359.644341455, "new_energy_charge": -246253.2018279622, "energy_charge_savings": 106.44251349277329, "old_demand_charge": -80784.26169255581, "new_demand_charge": -72580.89189914534, "demand_charge_savings": 8203.369793410471, "retail_profits": 8309.812306903244, "battery_charge_cost": -11624.699332397067, "battery_discharge_revenues": 11731.14184588982, "battery_retail_profits": 106.44251349275328, "battery_export_revenue": 0.0, "total_profits": 8309.812306903224, "irr": -0.00023, "npv": -29698.377}}