{"key_params": {"location": "CA_Riverside.Muni", "customer_type": "Market", "demand_charge": 20, "export_price": 0.0, "export_price_type": "None", "battery_size_kWh": 300, "battery_power_kW": 150.0, "min_soc": 0.05, "max_soc": 1.0, "one_way_efficiency": 0.92, "start_soc": 0.5, "n_horizon": 24, "n_control": 12}, "savings": {"old_energy_charge": -380293.3483733341, "new_energy_charge": -379621.35533331713, "energy_charge_savings": 671.9930400169687, "old_demand_charge": -150978.51827530752, "new_demand_charge": -137318.7931000768, "demand_charge_savings": 13659.725175230735, "retail_profits": 14331.718215247703, "battery_charge_cost": -11863.696048709913, "battery_discharge_revenues": 12535.689088726827, "battery_retail_profits": 671.9930400169142, "battery_export_revenue": 0.0, "total_profits": 14331.718215247649, "irr": 0.07612, "npv": 8865.816}}