{"key_params": {"location": "CA_Van.Nuys", "customer_type": "Restaurant", "demand_charge": 20, "export_price": 0.0, "export_price_type": "None", "battery_size_kWh": 300, "battery_power_kW": 150.0, "min_soc": 0.05, "max_soc": 1.0, "one_way_efficiency": 0.92, "start_soc": 0.5, "n_horizon": 24, "n_control": 12}, "savings": {"old_energy_charge": -489060.8916381615, "new_energy_charge": -487632.1584554816, "energy_charge_savings": 1428.73318267992, "old_demand_charge": -190739.32482763252, "new_demand_charge": -167502.5935764937, "demand_charge_savings": 23236.731251138815, "retail_profits": 24665.464433818735, "battery_charge_cost": -13082.769421636696, "battery_discharge_revenues": 14511.502604316569, "battery_retail_profits": 1428.7331826798727, "battery_export_revenue": 0.0, "total_profits": 24665.464433818688, "irr": 0.1829, "npv": 74057.637}}