{"key_params": {"location": "CA_Sacramento.Exec", "customer_type": "Apartment", "demand_charge": 20, "export_price": 0.0, "export_price_type": "None", "battery_size_kWh": 300, "battery_power_kW": 150.0, "min_soc": 0.05, "max_soc": 1.0, "one_way_efficiency": 0.92, "start_soc": 0.5, "n_horizon": 24, "n_control": 12}, "savings": {"old_energy_charge": -352380.4735980588, "new_energy_charge": -349618.20322911197, "energy_charge_savings": 2762.2703689468326, "old_demand_charge": -156333.0755546542, "new_demand_charge": -135984.64651648278, "demand_charge_savings": 20348.429038171424, "retail_profits": 23110.699407118256, "battery_charge_cost": -10729.564239130434, "battery_discharge_revenues": 13491.83460807719, "battery_retail_profits": 2762.270368946756, "battery_export_revenue": 0.0, "total_profits": 23110.69940711818, "irr": 0.16772, "npv": 64249.194}}