{"key_params": {"location": "CA_Sandberg.723830_TMY3", "customer_type": "Office", "demand_charge": 20, "export_price": 0.0, "export_price_type": "None", "battery_size_kWh": 300, "battery_power_kW": 150.0, "min_soc": 0.05, "max_soc": 1.0, "one_way_efficiency": 0.92, "start_soc": 0.5, "n_horizon": 24, "n_control": 12}, "savings": {"old_energy_charge": -480100.5074608093, "new_energy_charge": -479041.0336163102, "energy_charge_savings": 1059.4738444990944, "old_demand_charge": -250293.09890879903, "new_demand_charge": -231555.18814991444, "demand_charge_savings": 18737.910758884595, "retail_profits": 19797.38460338369, "battery_charge_cost": -11725.392139056472, "battery_discharge_revenues": 12784.865983555537, "battery_retail_profits": 1059.4738444990653, "battery_export_revenue": 0.0, "total_profits": 19797.38460338366, "irr": 0.13453, "npv": 43346.704}}