{"key_params": {"location": "CA_Visalia.Muni.AWOS.723896_TMY3", "customer_type": "Market", "demand_charge": 20, "export_price": 0.0, "export_price_type": "None", "battery_size_kWh": 300, "battery_power_kW": 150.0, "min_soc": 0.05, "max_soc": 1.0, "one_way_efficiency": 0.92, "start_soc": 0.5, "n_horizon": 24, "n_control": 12}, "savings": {"old_energy_charge": -387255.7857427413, "new_energy_charge": -386091.7828525388, "energy_charge_savings": 1164.0028902025078, "old_demand_charge": -154757.41983585202, "new_demand_charge": -141329.80969239003, "demand_charge_savings": 13427.610143461992, "retail_profits": 14591.6130336645, "battery_charge_cost": -11628.329700071918, "battery_discharge_revenues": 12792.332590274533, "battery_retail_profits": 1164.0028902026152, "battery_export_revenue": 0.0, "total_profits": 14591.613033664607, "irr": 0.07904, "npv": 10505.397}}