{"key_params": {"location": "CA_Palm.Springs.Intl", "customer_type": "Office", "demand_charge": 20, "export_price": 0.0, "export_price_type": "None", "battery_size_kWh": 300, "battery_power_kW": 150.0, "min_soc": 0.05, "max_soc": 1.0, "one_way_efficiency": 0.92, "start_soc": 0.5, "n_horizon": 24, "n_control": 12}, "savings": {"old_energy_charge": -446857.60943131713, "new_energy_charge": -444816.24568200967, "energy_charge_savings": 2041.3637493074639, "old_demand_charge": -265583.81038467266, "new_demand_charge": -242596.0593897708, "demand_charge_savings": 22987.75099490187, "retail_profits": 25029.114744209335, "battery_charge_cost": -11046.669746911224, "battery_discharge_revenues": 13088.03349621872, "battery_retail_profits": 2041.3637493074966, "battery_export_revenue": 0.0, "total_profits": 25029.114744209368, "irr": 0.18643, "npv": 76351.774}}