{"key_params": {"location": "CA_Lompoc.AWOS.722895_TMY3", "customer_type": "Hospital", "demand_charge": 20, "export_price": 0.0, "export_price_type": "None", "battery_size_kWh": 300, "battery_power_kW": 150.0, "min_soc": 0.05, "max_soc": 1.0, "one_way_efficiency": 0.92, "start_soc": 0.5, "n_horizon": 24, "n_control": 12}, "savings": {"old_energy_charge": -245245.32061116, "new_energy_charge": -244821.62405500654, "energy_charge_savings": 423.6965561534453, "old_demand_charge": -81536.34410900716, "new_demand_charge": -73370.94018812268, "demand_charge_savings": 8165.403920884477, "retail_profits": 8589.100477037922, "battery_charge_cost": -11618.670068014959, "battery_discharge_revenues": 12042.366624168408, "battery_retail_profits": 423.6965561534489, "battery_export_revenue": 0.0, "total_profits": 8589.100477037926, "irr": 0.00407, "npv": -27806.301}}