{"key_params": {"location": "CA_Crescent.City-Jack.McNamara.Field.725946_TMY3", "customer_type": "Office", "demand_charge": 20, "export_price": 0.0, "export_price_type": "None", "battery_size_kWh": 300, "battery_power_kW": 150.0, "min_soc": 0.05, "max_soc": 1.0, "one_way_efficiency": 0.92, "start_soc": 0.5, "n_horizon": 24, "n_control": 12}, "savings": {"old_energy_charge": -283602.48703402426, "new_energy_charge": -283504.8945582805, "energy_charge_savings": 97.59247574378969, "old_demand_charge": -132677.79032197437, "new_demand_charge": -120772.00606320264, "demand_charge_savings": 11905.784258771731, "retail_profits": 12003.376734515521, "battery_charge_cost": -11684.718752103714, "battery_discharge_revenues": 11782.311227847493, "battery_retail_profits": 97.59247574377878, "battery_export_revenue": 0.0, "total_profits": 12003.37673451551, "irr": 0.04907, "npv": -5822.838}}