{"key_params": {"location": "CA_Lancaster-Gen.Wm.Fox.Field.723816_TMY3", "customer_type": "Market", "demand_charge": 20, "export_price": 0.0, "export_price_type": "None", "battery_size_kWh": 300, "battery_power_kW": 150.0, "min_soc": 0.05, "max_soc": 1.0, "one_way_efficiency": 0.92, "start_soc": 0.5, "n_horizon": 24, "n_control": 12}, "savings": {"old_energy_charge": -399685.9672792484, "new_energy_charge": -398781.04617887485, "energy_charge_savings": 904.9211003735545, "old_demand_charge": -161114.770433814, "new_demand_charge": -146211.4876484539, "demand_charge_savings": 14903.28278536009, "retail_profits": 15808.203885733645, "battery_charge_cost": -11718.909762351666, "battery_discharge_revenues": 12623.830862725192, "battery_retail_profits": 904.9211003735254, "battery_export_revenue": 0.0, "total_profits": 15808.203885733616, "irr": 0.09249, "npv": 18180.423}}