{"key_params": {"location": "CA_Barstow.Daggett", "customer_type": "Office", "demand_charge": 20, "export_price": 0.0, "export_price_type": "None", "battery_size_kWh": 300, "battery_power_kW": 150.0, "min_soc": 0.05, "max_soc": 1.0, "one_way_efficiency": 0.92, "start_soc": 0.5, "n_horizon": 24, "n_control": 12}, "savings": {"old_energy_charge": -507480.46806408325, "new_energy_charge": -506421.2539395655, "energy_charge_savings": 1059.2141245177481, "old_demand_charge": -248090.35900782846, "new_demand_charge": -227168.34664364572, "demand_charge_savings": 20922.012364182738, "retail_profits": 21981.226488700486, "battery_charge_cost": -11736.05492038, "battery_discharge_revenues": 12795.269044897716, "battery_retail_profits": 1059.2141245177154, "battery_export_revenue": 0.0, "total_profits": 21981.226488700453, "irr": 0.15654, "npv": 57123.763}}