{"key_params": {"location": "CA_Imperial.County", "customer_type": "School", "demand_charge": 20, "export_price": 0.0, "export_price_type": "None", "battery_size_kWh": 300, "battery_power_kW": 150.0, "min_soc": 0.05, "max_soc": 1.0, "one_way_efficiency": 0.92, "start_soc": 0.5, "n_horizon": 24, "n_control": 12}, "savings": {"old_energy_charge": -457906.20743773837, "new_energy_charge": -456071.52326126164, "energy_charge_savings": 1834.6841764767305, "old_demand_charge": -286749.3753668922, "new_demand_charge": -265247.81622300594, "demand_charge_savings": 21501.55914388626, "retail_profits": 23336.24332036299, "battery_charge_cost": -10940.585896945047, "battery_discharge_revenues": 12775.270073421727, "battery_retail_profits": 1834.6841764766796, "battery_export_revenue": 0.0, "total_profits": 23336.24332036294, "irr": 0.16993, "npv": 65672.068}}