{"key_params": {"location": "CA_Merced-Macready.Field.724815_TMY3", "customer_type": "School", "demand_charge": 20, "export_price": 0.0, "export_price_type": "None", "battery_size_kWh": 300, "battery_power_kW": 150.0, "min_soc": 0.05, "max_soc": 1.0, "one_way_efficiency": 0.92, "start_soc": 0.5, "n_horizon": 24, "n_control": 12}, "savings": {"old_energy_charge": -623324.1332781246, "new_energy_charge": -621495.7940932997, "energy_charge_savings": 1828.3391848249594, "old_demand_charge": -386173.28968243895, "new_demand_charge": -360654.45403780486, "demand_charge_savings": 25518.83564463409, "retail_profits": 27347.17482945905, "battery_charge_cost": -10945.309770858597, "battery_discharge_revenues": 12773.648955683648, "battery_retail_profits": 1828.3391848250503, "battery_export_revenue": 0.0, "total_profits": 27347.17482945914, "irr": 0.20865, "npv": 90975.566}}