{"key_params": {"location": "CA_Palm.Springs.Intl", "customer_type": "Hospital", "demand_charge": 20, "export_price": 0.0, "export_price_type": "None", "battery_size_kWh": 300, "battery_power_kW": 150.0, "min_soc": 0.05, "max_soc": 1.0, "one_way_efficiency": 0.92, "start_soc": 0.5, "n_horizon": 24, "n_control": 12}, "savings": {"old_energy_charge": -246143.88478155844, "new_energy_charge": -245904.5988072568, "energy_charge_savings": 239.28597430163063, "old_demand_charge": -81892.45318673585, "new_demand_charge": -73467.66347997027, "demand_charge_savings": 8424.789706765572, "retail_profits": 8664.075681067203, "battery_charge_cost": -11656.51827624961, "battery_discharge_revenues": 11895.804250551239, "battery_retail_profits": 239.2859743016288, "battery_export_revenue": 0.0, "total_profits": 8664.075681067201, "irr": 0.0052, "npv": -27303.06}}