{"key_params": {"location": "CA_Barstow.Daggett", "customer_type": "Restaurant", "demand_charge": 20, "export_price": 0.0, "export_price_type": "None", "battery_size_kWh": 300, "battery_power_kW": 150.0, "min_soc": 0.05, "max_soc": 1.0, "one_way_efficiency": 0.92, "start_soc": 0.5, "n_horizon": 24, "n_control": 12}, "savings": {"old_energy_charge": -525116.9406369933, "new_energy_charge": -523497.08475188026, "energy_charge_savings": 1619.8558851130074, "old_demand_charge": -194456.66210966423, "new_demand_charge": -171702.76458445034, "demand_charge_savings": 22753.89752521389, "retail_profits": 24373.7534103269, "battery_charge_cost": -13858.46973223256, "battery_discharge_revenues": 15478.325617345556, "battery_retail_profits": 1619.8558851129965, "battery_export_revenue": 0.0, "total_profits": 24373.753410326888, "irr": 0.18007, "npv": 72217.339}}