{"key_params": {"location": "CA_Oakland.Intl", "customer_type": "Office", "demand_charge": 20, "export_price": 0.0, "export_price_type": "None", "battery_size_kWh": 300, "battery_power_kW": 150.0, "min_soc": 0.05, "max_soc": 1.0, "one_way_efficiency": 0.92, "start_soc": 0.5, "n_horizon": 24, "n_control": 12}, "savings": {"old_energy_charge": -493209.53768861416, "new_energy_charge": -491827.9378796491, "energy_charge_savings": 1381.599808965053, "old_demand_charge": -254959.60980195046, "new_demand_charge": -235116.93355471376, "demand_charge_savings": 19842.676247236697, "retail_profits": 21224.27605620175, "battery_charge_cost": -11447.285230866435, "battery_discharge_revenues": 12828.885039831592, "battery_retail_profits": 1381.5998089651566, "battery_export_revenue": 0.0, "total_profits": 21224.276056201852, "irr": 0.14897, "npv": 52348.439}}