{"key_params": {"location": "CA_Sacramento.Metro", "customer_type": "School", "demand_charge": 20, "export_price": 0.0, "export_price_type": "None", "battery_size_kWh": 300, "battery_power_kW": 150.0, "min_soc": 0.05, "max_soc": 1.0, "one_way_efficiency": 0.92, "start_soc": 0.5, "n_horizon": 24, "n_control": 12}, "savings": {"old_energy_charge": -365495.69464869954, "new_energy_charge": -363932.07000790426, "energy_charge_savings": 1563.6246407952858, "old_demand_charge": -225922.61741109836, "new_demand_charge": -206790.7994854366, "demand_charge_savings": 19131.817925661744, "retail_profits": 20695.44256645703, "battery_charge_cost": -11033.777738745679, "battery_discharge_revenues": 12597.402379541014, "battery_retail_profits": 1563.624640795335, "battery_export_revenue": 0.0, "total_profits": 20695.44256645708, "irr": 0.14365, "npv": 49012.223}}