{"key_params": {"location": "CA_Hawthorne-Jack.Northrop.Field.722956_TMY3", "customer_type": "Office", "demand_charge": 20, "export_price": 0.0, "export_price_type": "None", "battery_size_kWh": 300, "battery_power_kW": 150.0, "min_soc": 0.05, "max_soc": 1.0, "one_way_efficiency": 0.92, "start_soc": 0.5, "n_horizon": 24, "n_control": 12}, "savings": {"old_energy_charge": -303810.06087480526, "new_energy_charge": -303136.8778922678, "energy_charge_savings": 673.182982537488, "old_demand_charge": -152521.46393969812, "new_demand_charge": -138659.61542710126, "demand_charge_savings": 13861.848512596858, "retail_profits": 14535.031495134346, "battery_charge_cost": -11634.558336690505, "battery_discharge_revenues": 12307.741319227925, "battery_retail_profits": 673.1829825374207, "battery_export_revenue": 0.0, "total_profits": 14535.031495134279, "irr": 0.07841, "npv": 10148.445}}