{"key_params": {"location": "CA_Fresno.Air.Terminal.723890_TMY3", "customer_type": "Hotel", "demand_charge": 20, "export_price": 0.0, "export_price_type": "None", "battery_size_kWh": 300, "battery_power_kW": 150.0, "min_soc": 0.05, "max_soc": 1.0, "one_way_efficiency": 0.92, "start_soc": 0.5, "n_horizon": 24, "n_control": 12}, "savings": {"old_energy_charge": -333037.74914809753, "new_energy_charge": -330781.94362818095, "energy_charge_savings": 2255.805519916583, "old_demand_charge": -121924.41607746805, "new_demand_charge": -99495.28819237529, "demand_charge_savings": 22429.127885092763, "retail_profits": 24684.933405009346, "battery_charge_cost": -12635.301780351914, "battery_discharge_revenues": 14891.107300268477, "battery_retail_profits": 2255.805519916563, "battery_export_revenue": 0.0, "total_profits": 24684.933405009324, "irr": 0.18309, "npv": 74180.46}}