{"key_params": {"location": "CA_China.Lake.NAF.746120_TMY3", "customer_type": "Market", "demand_charge": 20, "export_price": 0.0, "export_price_type": "None", "battery_size_kWh": 300, "battery_power_kW": 150.0, "min_soc": 0.05, "max_soc": 1.0, "one_way_efficiency": 0.92, "start_soc": 0.5, "n_horizon": 24, "n_control": 12}, "savings": {"old_energy_charge": -416973.17364013026, "new_energy_charge": -416001.5496424286, "energy_charge_savings": 971.6239977016812, "old_demand_charge": -168327.64611057838, "new_demand_charge": -154033.29156327998, "demand_charge_savings": 14294.354547298397, "retail_profits": 15265.978545000078, "battery_charge_cost": -11698.361824407582, "battery_discharge_revenues": 12669.985822109302, "battery_retail_profits": 971.6239977017194, "battery_export_revenue": 0.0, "total_profits": 15265.978545000116, "irr": 0.08654, "npv": 14759.722}}