{"key_params": {"location": "CA_Montague-Siskiyou.County", "customer_type": "Office", "demand_charge": 20, "export_price": 0.0, "export_price_type": "None", "battery_size_kWh": 300, "battery_power_kW": 150.0, "min_soc": 0.05, "max_soc": 1.0, "one_way_efficiency": 0.92, "start_soc": 0.5, "n_horizon": 24, "n_control": 12}, "savings": {"old_energy_charge": -300343.6433550941, "new_energy_charge": -299400.1992044448, "energy_charge_savings": 943.444150649244, "old_demand_charge": -151546.5516879582, "new_demand_charge": -134190.8957870886, "demand_charge_savings": 17355.655900869606, "retail_profits": 18299.10005151885, "battery_charge_cost": -11475.485800795683, "battery_discharge_revenues": 12418.929951444978, "battery_retail_profits": 943.4441506492949, "battery_export_revenue": 0.0, "total_profits": 18299.1000515189, "irr": 0.11905, "npv": 33894.575}}