{"key_params": {"location": "CA_Camp.Pendleton.MCAS.722926_TMY3", "customer_type": "Apartment", "demand_charge": 20, "export_price": 0.0, "export_price_type": "None", "battery_size_kWh": 300, "battery_power_kW": 150.0, "min_soc": 0.05, "max_soc": 1.0, "one_way_efficiency": 0.92, "start_soc": 0.5, "n_horizon": 24, "n_control": 12}, "savings": {"old_energy_charge": -343492.19063783635, "new_energy_charge": -340728.46234181244, "energy_charge_savings": 2763.72829602391, "old_demand_charge": -146281.30844817078, "new_demand_charge": -125296.13257135419, "demand_charge_savings": 20985.17587681659, "retail_profits": 23748.9041728405, "battery_charge_cost": -10729.564239130434, "battery_discharge_revenues": 13493.292535154289, "battery_retail_profits": 2763.7282960238554, "battery_export_revenue": 0.0, "total_profits": 23748.904172840445, "irr": 0.17398, "npv": 68275.394}}