{"key_params": {"location": "CAISO", "customer_type": "System", "demand_charge": 5, "export_price": 0.18, "export_price_type": "High flat", "battery_size_kWh": 2000, "battery_power_kW": 500.0, "min_soc": 0.05, "max_soc": 1.0, "one_way_efficiency": 0.92, "start_soc": 0.5, "n_horizon": 24, "n_control": 12}, "savings": {"old_energy_charge": -747231.0597570171, "new_energy_charge": -787564.3730045838, "energy_charge_savings": -40333.31324756669, "old_demand_charge": -95711.81694500001, "new_demand_charge": -79207.19803150001, "demand_charge_savings": 16504.618913500002, "retail_profits": -23828.69433406669, "battery_charge_cost": -138783.55836274443, "battery_discharge_revenues": 98450.2451151777, "battery_retail_profits": -40333.31324756672, "battery_export_revenue": 52852.10331818546, "total_profits": 29023.408984118767}}