{"key_params": {"location": "CAISO", "customer_type": "System", "demand_charge": 30, "export_price": 0.0, "export_price_type": "None", "battery_size_kWh": 6000, "battery_power_kW": 1500.0, "min_soc": 0.05, "max_soc": 1.0, "one_way_efficiency": 0.92, "start_soc": 0.5, "n_horizon": 24, "n_control": 12}, "savings": {"old_energy_charge": -747231.0597570171, "new_energy_charge": -748589.4557308828, "energy_charge_savings": -1358.3959738657577, "old_demand_charge": -574270.90167, "new_demand_charge": -402102.9407241421, "demand_charge_savings": 172167.96094585792, "retail_profits": 170809.56497199216, "battery_charge_cost": -158619.66838478093, "battery_discharge_revenues": 157261.27241091512, "battery_retail_profits": -1358.395973865816, "battery_export_revenue": 0.0, "total_profits": 170809.56497199216}}