{"key_params": {"location": "CAISO", "customer_type": "System", "demand_charge": 50, "export_price": 0.10531, "export_price_type": "Retail", "battery_size_kWh": 2000, "battery_power_kW": 500.0, "min_soc": 0.05, "max_soc": 1.0, "one_way_efficiency": 0.92, "start_soc": 0.5, "n_horizon": 24, "n_control": 12}, "savings": {"old_energy_charge": -747231.0597570171, "new_energy_charge": -746442.6554894005, "energy_charge_savings": 788.40426761657, "old_demand_charge": -957118.16945, "new_demand_charge": -792071.9803150002, "demand_charge_savings": 165046.18913499988, "retail_profits": 165834.59340261645, "battery_charge_cost": -76826.35292620459, "battery_discharge_revenues": 77614.7571938211, "battery_retail_profits": 788.4042676165118, "battery_export_revenue": 2560.3189438210047, "total_profits": 168394.91234643746}}