{"key_params": {"location": "CAISO", "customer_type": "System", "demand_charge": 30, "export_price": 0.15, "export_price_type": "Med flat", "battery_size_kWh": 8000, "battery_power_kW": 2000.0, "min_soc": 0.05, "max_soc": 1.0, "one_way_efficiency": 0.92, "start_soc": 0.5, "n_horizon": 24, "n_control": 12}, "savings": {"old_energy_charge": -747231.0597570171, "new_energy_charge": -859841.8096130114, "energy_charge_savings": -112610.74985599436, "old_demand_charge": -574270.90167, "new_demand_charge": -382089.79219372425, "demand_charge_savings": 192181.1094762758, "retail_profits": 79570.35962028144, "battery_charge_cost": -257584.2057723834, "battery_discharge_revenues": 144973.455916389, "battery_retail_profits": -112610.74985599439, "battery_export_revenue": 127220.27917977312, "total_profits": 206790.63880005456}}