{"key_params": {"location": "CAISO", "customer_type": "System", "demand_charge": 10, "export_price": 0.0160705, "export_price_type": "50% LMPs", "battery_size_kWh": 8000, "battery_power_kW": 2000.0, "min_soc": 0.05, "max_soc": 1.0, "one_way_efficiency": 0.92, "start_soc": 0.5, "n_horizon": 24, "n_control": 12}, "savings": {"old_energy_charge": -747231.0597570171, "new_energy_charge": -749786.9368777752, "energy_charge_savings": -2555.877120758174, "old_demand_charge": -191423.63389000003, "new_demand_charge": -132522.4676824144, "demand_charge_savings": 58901.16620758563, "retail_profits": 56345.289086827455, "battery_charge_cost": -163724.70559031435, "battery_discharge_revenues": 161168.8284695562, "battery_retail_profits": -2555.877120758145, "battery_export_revenue": 1069.678826378137, "total_profits": 57414.96791320559}}