{"key_params": {"location": "CAISO", "customer_type": "System", "demand_charge": 5, "export_price": 0.084248, "export_price_type": "90% retail", "battery_size_kWh": 4000, "battery_power_kW": 1000.0, "min_soc": 0.05, "max_soc": 1.0, "one_way_efficiency": 0.92, "start_soc": 0.5, "n_horizon": 24, "n_control": 12}, "savings": {"old_energy_charge": -747231.0597570171, "new_energy_charge": -747898.2688295946, "energy_charge_savings": -667.2090725775342, "old_demand_charge": -95711.81694500001, "new_demand_charge": -69413.24990039645, "demand_charge_savings": 26298.567044603566, "retail_profits": 25631.35797202603, "battery_charge_cost": -138857.33988276773, "battery_discharge_revenues": 138190.13081019025, "battery_retail_profits": -667.209072577476, "battery_export_revenue": 629.7203396139957, "total_profits": 26261.078311640027}}