{"key_params": {"location": "CAISO", "customer_type": "System", "demand_charge": 10, "export_price": 0.10531, "export_price_type": "Retail", "battery_size_kWh": 8000, "battery_power_kW": 2000.0, "min_soc": 0.05, "max_soc": 1.0, "one_way_efficiency": 0.92, "start_soc": 0.5, "n_horizon": 24, "n_control": 12}, "savings": {"old_energy_charge": -747231.0597570171, "new_energy_charge": -819556.5982992454, "energy_charge_savings": -72325.53854222829, "old_demand_charge": -191423.63389000003, "new_demand_charge": -131768.70176669868, "demand_charge_savings": 59654.93212330135, "retail_profits": -12670.606418926938, "battery_charge_cost": -210728.75644522317, "battery_discharge_revenues": 138403.21790299495, "battery_retail_profits": -72325.53854222823, "battery_export_revenue": 77957.27293694211, "total_profits": 65286.666518015176}}