{"key_params": {"location": "CAISO", "customer_type": "System", "demand_charge": 5, "export_price": 0.12637199999999998, "export_price_type": "110% retail", "battery_size_kWh": 4000, "battery_power_kW": 1000.0, "min_soc": 0.05, "max_soc": 1.0, "one_way_efficiency": 0.92, "start_soc": 0.5, "n_horizon": 24, "n_control": 12}, "savings": {"old_energy_charge": -747231.0597570171, "new_energy_charge": -785314.4440228331, "energy_charge_savings": -38083.38426581607, "old_demand_charge": -95711.81694500001, "new_demand_charge": -69374.5707725303, "demand_charge_savings": 26337.24617246972, "retail_profits": -11746.138093346352, "battery_charge_cost": -155163.8663840845, "battery_discharge_revenues": 117080.48211826838, "battery_retail_profits": -38083.38426581613, "battery_export_revenue": 47809.05249418796, "total_profits": 36062.91440084161}}