{"key_params": {"location": "CAISO", "customer_type": "System", "demand_charge": 10, "export_price": 0.048211500000000004, "export_price_type": "150% LMPs", "battery_size_kWh": 8000, "battery_power_kW": 2000.0, "min_soc": 0.05, "max_soc": 1.0, "one_way_efficiency": 0.92, "start_soc": 0.5, "n_horizon": 24, "n_control": 12}, "savings": {"old_energy_charge": -747231.0597570171, "new_energy_charge": -754988.671800183, "energy_charge_savings": -7757.612043165951, "old_demand_charge": -191423.63389000003, "new_demand_charge": -132649.24889224052, "demand_charge_savings": 58774.38499775951, "retail_profits": 51016.77295459356, "battery_charge_cost": -167070.84238932113, "battery_discharge_revenues": 159313.23034615506, "battery_retail_profits": -7757.612043166067, "battery_export_revenue": 10158.559476981367, "total_profits": 61175.33243157493}}