{"key_params": {"location": "CAISO", "customer_type": "System", "demand_charge": 30, "export_price": 0.10531, "export_price_type": "Retail", "battery_size_kWh": 2000, "battery_power_kW": 500.0, "min_soc": 0.05, "max_soc": 1.0, "one_way_efficiency": 0.92, "start_soc": 0.5, "n_horizon": 24, "n_control": 12}, "savings": {"old_energy_charge": -747231.0597570171, "new_energy_charge": -746419.8001077988, "energy_charge_savings": 811.2596492182929, "old_demand_charge": -574270.90167, "new_demand_charge": -475243.1881890002, "demand_charge_savings": 99027.71348099987, "retail_profits": 99838.97313021816, "battery_charge_cost": -76826.35292620459, "battery_discharge_revenues": 77637.61257542287, "battery_retail_profits": 811.2596492182784, "battery_export_revenue": 2537.4635622192436, "total_profits": 102376.4366924374}}