{"key_params": {"location": "CAISO", "customer_type": "System", "demand_charge": 30, "export_price": 0.0, "export_price_type": "None", "battery_size_kWh": 8000, "battery_power_kW": 2000.0, "min_soc": 0.05, "max_soc": 1.0, "one_way_efficiency": 0.92, "start_soc": 0.5, "n_horizon": 24, "n_control": 12}, "savings": {"old_energy_charge": -747231.0597570171, "new_energy_charge": -748746.0978172448, "energy_charge_savings": -1515.0380602277583, "old_demand_charge": -574270.90167, "new_demand_charge": -395381.8970786224, "demand_charge_savings": 178889.00459137763, "retail_profits": 177373.96653114987, "battery_charge_cost": -164610.14078658025, "battery_discharge_revenues": 163095.10272635246, "battery_retail_profits": -1515.0380602277874, "battery_export_revenue": 0.0, "total_profits": 177373.96653114987}}