{"key_params": {"location": "CAISO", "customer_type": "System", "demand_charge": 5, "export_price": 0.15, "export_price_type": "Med flat", "battery_size_kWh": 2000, "battery_power_kW": 500.0, "min_soc": 0.05, "max_soc": 1.0, "one_way_efficiency": 0.92, "start_soc": 0.5, "n_horizon": 24, "n_control": 12}, "savings": {"old_energy_charge": -747231.0597570171, "new_energy_charge": -764113.3109106704, "energy_charge_savings": -16882.25115365337, "old_demand_charge": -95711.81694500001, "new_demand_charge": -79207.19803150003, "demand_charge_savings": 16504.618913499988, "retail_profits": -377.63224015338346, "battery_charge_cost": -102220.16949703207, "battery_discharge_revenues": 85337.91834337874, "battery_retail_profits": -16882.251153653327, "battery_export_revenue": 21478.12883707857, "total_profits": 21100.496596925186}}