{"key_params": {"location": "CAISO", "customer_type": "System", "demand_charge": 10, "export_price": 0.15, "export_price_type": "Med flat", "battery_size_kWh": 8000, "battery_power_kW": 2000.0, "min_soc": 0.05, "max_soc": 1.0, "one_way_efficiency": 0.92, "start_soc": 0.5, "n_horizon": 24, "n_control": 12}, "savings": {"old_energy_charge": -747231.0597570171, "new_energy_charge": -859617.2868389372, "energy_charge_savings": -112386.22708192014, "old_demand_charge": -191423.63389000003, "new_demand_charge": -127059.10588806006, "demand_charge_savings": 64364.528001939965, "retail_profits": -48021.69907998017, "battery_charge_cost": -257380.06145213987, "battery_discharge_revenues": 144993.8343702196, "battery_retail_profits": -112386.22708192025, "battery_export_revenue": 126710.49098814439, "total_profits": 78688.79190816422}}