{"key_params": {"location": "CAISO", "customer_type": "System", "demand_charge": 5, "export_price": 0.12637199999999998, "export_price_type": "110% retail", "battery_size_kWh": 2000, "battery_power_kW": 500.0, "min_soc": 0.05, "max_soc": 1.0, "one_way_efficiency": 0.92, "start_soc": 0.5, "n_horizon": 24, "n_control": 12}, "savings": {"old_energy_charge": -747231.0597570171, "new_energy_charge": -751310.8257443121, "energy_charge_savings": -4079.7659872950753, "old_demand_charge": -95711.81694500001, "new_demand_charge": -79207.19803150003, "demand_charge_savings": 16504.618913499988, "retail_profits": 12424.852926204912, "battery_charge_cost": -76826.3529262046, "battery_discharge_revenues": 72746.58693890959, "battery_retail_profits": -4079.765987295017, "battery_export_revenue": 8914.187038479025, "total_profits": 21339.039964683936}}