{"key_params": {"location": "CAISO", "customer_type": "System", "demand_charge": 30, "export_price": 0.12637199999999998, "export_price_type": "110% retail", "battery_size_kWh": 2000, "battery_power_kW": 500.0, "min_soc": 0.05, "max_soc": 1.0, "one_way_efficiency": 0.92, "start_soc": 0.5, "n_horizon": 24, "n_control": 12}, "savings": {"old_energy_charge": -747231.0597570171, "new_energy_charge": -751310.8257442849, "energy_charge_savings": -4079.765987267834, "old_demand_charge": -574270.90167, "new_demand_charge": -475243.18818900007, "demand_charge_savings": 99027.71348099998, "retail_profits": 94947.94749373215, "battery_charge_cost": -76826.3529262046, "battery_discharge_revenues": 72746.58693893676, "battery_retail_profits": -4079.7659872678487, "battery_export_revenue": 8914.187038446405, "total_profits": 103862.13453217855}}