{"key_params": {"location": "CAISO", "customer_type": "System", "demand_charge": 5, "export_price": 0.0160705, "export_price_type": "50% LMPs", "battery_size_kWh": 2000, "battery_power_kW": 500.0, "min_soc": 0.05, "max_soc": 1.0, "one_way_efficiency": 0.92, "start_soc": 0.5, "n_horizon": 24, "n_control": 12}, "savings": {"old_energy_charge": -747231.0597570171, "new_energy_charge": -743957.778355245, "energy_charge_savings": 3273.281401772052, "old_demand_charge": -95711.81694500001, "new_demand_charge": -79207.19803150003, "demand_charge_savings": 16504.618913499988, "retail_profits": 19777.90031527204, "battery_charge_cost": -76557.10846620581, "battery_discharge_revenues": 79830.38986797785, "battery_retail_profits": 3273.2814017720375, "battery_export_revenue": 3.0118833662720017, "total_profits": 19780.91219863831}}