{"key_params": {"location": "CAISO", "customer_type": "System", "demand_charge": 10, "export_price": 0.15, "export_price_type": "Med flat", "battery_size_kWh": 2000, "battery_power_kW": 500.0, "min_soc": 0.05, "max_soc": 1.0, "one_way_efficiency": 0.92, "start_soc": 0.5, "n_horizon": 24, "n_control": 12}, "savings": {"old_energy_charge": -747231.0597570171, "new_energy_charge": -764154.4014591452, "energy_charge_savings": -16923.34170212818, "old_demand_charge": -191423.63389000003, "new_demand_charge": -158414.39606300002, "demand_charge_savings": 33009.237827000004, "retail_profits": 16085.896124871826, "battery_charge_cost": -102253.71341952734, "battery_discharge_revenues": 85330.37171739922, "battery_retail_profits": -16923.34170212812, "battery_export_revenue": 21519.27259072857, "total_profits": 37605.1687156004}}