{"key_params": {"location": "CAISO", "customer_type": "System", "demand_charge": 30, "export_price": 0.18, "export_price_type": "High flat", "battery_size_kWh": 8000, "battery_power_kW": 2000.0, "min_soc": 0.05, "max_soc": 1.0, "one_way_efficiency": 0.92, "start_soc": 0.5, "n_horizon": 24, "n_control": 12}, "savings": {"old_energy_charge": -747231.0597570171, "new_energy_charge": -882484.3737860831, "energy_charge_savings": -135253.314029066, "old_demand_charge": -574270.90167, "new_demand_charge": -378617.45104323135, "demand_charge_savings": 195653.4506267687, "retail_profits": 60400.13659770269, "battery_charge_cost": -266683.6254081412, "battery_discharge_revenues": 131430.3113790751, "battery_retail_profits": -135253.31402906607, "battery_export_revenue": 174840.0748756522, "total_profits": 235240.2114733549}}