{"key_params": {"location": "CAISO", "customer_type": "System", "demand_charge": 30, "export_price": 0.10531, "export_price_type": "110% retail", "battery_size_kWh": 8000, "battery_power_kW": 2000.0, "min_soc": 0.05, "max_soc": 1.0, "one_way_efficiency": 0.92, "start_soc": 0.5, "n_horizon": 24, "n_control": 12}, "savings": {"old_energy_charge": -747231.0597570171, "new_energy_charge": -819857.6428821593, "energy_charge_savings": -72626.58312514226, "old_demand_charge": -574270.90167, "new_demand_charge": -394979.4639528219, "demand_charge_savings": 179291.43771717814, "retail_profits": 106664.85459203587, "battery_charge_cost": -211462.00900629477, "battery_discharge_revenues": 138835.42588115257, "battery_retail_profits": -72626.5831251422, "battery_export_revenue": 78055.70780420085, "total_profits": 184720.56239623672}}