{"key_params": {"location": "CAISO", "customer_type": "System", "demand_charge": 30, "export_price": 0.048211500000000004, "export_price_type": "150% LMPs", "battery_size_kWh": 8000, "battery_power_kW": 2000.0, "min_soc": 0.05, "max_soc": 1.0, "one_way_efficiency": 0.92, "start_soc": 0.5, "n_horizon": 24, "n_control": 12}, "savings": {"old_energy_charge": -747231.0597570171, "new_energy_charge": -755420.6498542727, "energy_charge_savings": -8189.590097255656, "old_demand_charge": -574270.90167, "new_demand_charge": -395145.34269660077, "demand_charge_savings": 179125.55897339928, "retail_profits": 170935.96887614363, "battery_charge_cost": -166899.92070996843, "battery_discharge_revenues": 158710.33061271283, "battery_retail_profits": -8189.590097255597, "battery_export_revenue": 9628.279622951832, "total_profits": 180564.24849909547}}