{"key_params": {"location": "CAISO", "customer_type": "System", "demand_charge": 10, "export_price": 0.12637199999999998, "export_price_type": "110% retail", "battery_size_kWh": 2000, "battery_power_kW": 500.0, "min_soc": 0.05, "max_soc": 1.0, "one_way_efficiency": 0.92, "start_soc": 0.5, "n_horizon": 24, "n_control": 12}, "savings": {"old_energy_charge": -747231.0597570171, "new_energy_charge": -751310.8257442849, "energy_charge_savings": -4079.765987267834, "old_demand_charge": -191423.63389000003, "new_demand_charge": -158414.39606300002, "demand_charge_savings": 33009.237827000004, "retail_profits": 28929.47183973217, "battery_charge_cost": -76826.3529262046, "battery_discharge_revenues": 72746.58693893677, "battery_retail_profits": -4079.765987267834, "battery_export_revenue": 8914.187038446405, "total_profits": 37843.658878178576}}