{"key_params": {"location": "CAISO", "customer_type": "System", "demand_charge": 50, "export_price": 0.15, "export_price_type": "Med flat", "battery_size_kWh": 2000, "battery_power_kW": 500.0, "min_soc": 0.05, "max_soc": 1.0, "one_way_efficiency": 0.92, "start_soc": 0.5, "n_horizon": 24, "n_control": 12}, "savings": {"old_energy_charge": -747231.0597570171, "new_energy_charge": -764113.3110546881, "energy_charge_savings": -16882.251297671, "old_demand_charge": -957118.16945, "new_demand_charge": -792071.980315, "demand_charge_savings": 165046.189135, "retail_profits": 148163.937837329, "battery_charge_cost": -102220.16949703207, "battery_discharge_revenues": 85337.91819936108, "battery_retail_profits": -16882.251297670984, "battery_export_revenue": 21478.12904220357, "total_profits": 169642.06687953256}}