{"key_params": {"location": "CAISO", "customer_type": "System", "demand_charge": 10, "export_price": 0.084248, "export_price_type": "90% retail", "battery_size_kWh": 4000, "battery_power_kW": 1000.0, "min_soc": 0.05, "max_soc": 1.0, "one_way_efficiency": 0.92, "start_soc": 0.5, "n_horizon": 24, "n_control": 12}, "savings": {"old_energy_charge": -747231.0597570171, "new_energy_charge": -747902.707072714, "energy_charge_savings": -671.6473156969296, "old_demand_charge": -191423.63389000003, "new_demand_charge": -138826.4998007929, "demand_charge_savings": 52597.13408920713, "retail_profits": 51925.4867735102, "battery_charge_cost": -138777.04745796838, "battery_discharge_revenues": 138105.40014227154, "battery_retail_profits": -671.6473156968423, "battery_export_revenue": 629.7203396139963, "total_profits": 52555.2071131242}}