{"key_params": {"location": "CAISO", "customer_type": "System", "demand_charge": 10, "export_price": 0.048211500000000004, "export_price_type": "150% LMPs", "battery_size_kWh": 4000, "battery_power_kW": 1000.0, "min_soc": 0.05, "max_soc": 1.0, "one_way_efficiency": 0.92, "start_soc": 0.5, "n_horizon": 24, "n_control": 12}, "savings": {"old_energy_charge": -747231.0597570171, "new_energy_charge": -748666.2718502405, "energy_charge_savings": -1435.2120932234684, "old_demand_charge": -191423.63389000003, "new_demand_charge": -138826.4998007929, "demand_charge_savings": 52597.13408920713, "retail_profits": 51161.92199598366, "battery_charge_cost": -139418.13959332378, "battery_discharge_revenues": 137982.92750010028, "battery_retail_profits": -1435.2120932234975, "battery_export_revenue": 1884.9224420853761, "total_profits": 53046.84443806904}}