{"key_params": {"location": "CAISO", "customer_type": "System", "demand_charge": 10, "export_price": 0.0160705, "export_price_type": "50% LMPs", "battery_size_kWh": 1000, "battery_power_kW": 250.0, "min_soc": 0.05, "max_soc": 1.0, "one_way_efficiency": 0.92, "start_soc": 0.5, "n_horizon": 24, "n_control": 12}, "savings": {"old_energy_charge": -747231.0597570171, "new_energy_charge": -744331.9836812954, "energy_charge_savings": 2899.0760757216485, "old_demand_charge": -191423.63389000003, "new_demand_charge": -169226.77913032495, "demand_charge_savings": 22196.854759675072, "retail_profits": 25095.93083539672, "battery_charge_cost": -38328.67582016627, "battery_discharge_revenues": 41227.75189588784, "battery_retail_profits": 2899.0760757215758, "battery_export_revenue": 0.0, "total_profits": 25095.93083539672}}