{"key_params": {"location": "CAISO", "customer_type": "System", "demand_charge": 5, "export_price": 0.10531, "export_price_type": "Retail", "battery_size_kWh": 2000, "battery_power_kW": 500.0, "min_soc": 0.05, "max_soc": 1.0, "one_way_efficiency": 0.92, "start_soc": 0.5, "n_horizon": 24, "n_control": 12}, "savings": {"old_energy_charge": -747231.0597570171, "new_energy_charge": -746421.595038373, "energy_charge_savings": 809.4647186440416, "old_demand_charge": -95711.81694500001, "new_demand_charge": -79207.19803150001, "demand_charge_savings": 16504.618913500002, "retail_profits": 17314.083632144044, "battery_charge_cost": -76826.35292620459, "battery_discharge_revenues": 77635.81764484858, "battery_retail_profits": 809.4647186439834, "battery_export_revenue": 2539.2584927935304, "total_profits": 19853.342124937575}}