{"key_params": {"location": "CAISO", "customer_type": "System", "demand_charge": 50, "export_price": 0.18, "export_price_type": "High flat", "battery_size_kWh": 2000, "battery_power_kW": 500.0, "min_soc": 0.05, "max_soc": 1.0, "one_way_efficiency": 0.92, "start_soc": 0.5, "n_horizon": 24, "n_control": 12}, "savings": {"old_energy_charge": -747231.0597570171, "new_energy_charge": -787673.2063053658, "energy_charge_savings": -40442.14654834871, "old_demand_charge": -957118.16945, "new_demand_charge": -792071.980315, "demand_charge_savings": 165046.189135, "retail_profits": 124604.04258665128, "battery_charge_cost": -138877.16792173646, "battery_discharge_revenues": 98435.02137338778, "battery_retail_profits": -40442.14654834868, "battery_export_revenue": 52966.707928711454, "total_profits": 177570.75051536274}}