{"key_params": {"location": "CAISO", "customer_type": "System", "demand_charge": 10, "export_price": 0.084248, "export_price_type": "90% retail", "battery_size_kWh": 8000, "battery_power_kW": 2000.0, "min_soc": 0.05, "max_soc": 1.0, "one_way_efficiency": 0.92, "start_soc": 0.5, "n_horizon": 24, "n_control": 12}, "savings": {"old_energy_charge": -747231.0597570171, "new_energy_charge": -750082.8910087736, "energy_charge_savings": -2851.831251756521, "old_demand_charge": -191423.63389000003, "new_demand_charge": -131292.75862160907, "demand_charge_savings": 60130.875268390955, "retail_profits": 57279.044016634434, "battery_charge_cost": -163518.83091599162, "battery_discharge_revenues": 160666.99966423507, "battery_retail_profits": -2851.83125175655, "battery_export_revenue": 537.456611266357, "total_profits": 57816.500627900794}}