{"key_params": {"location": "CAISO", "customer_type": "System", "demand_charge": 10, "export_price": 0.10531, "export_price_type": "Retail", "battery_size_kWh": 4000, "battery_power_kW": 1000.0, "min_soc": 0.05, "max_soc": 1.0, "one_way_efficiency": 0.92, "start_soc": 0.5, "n_horizon": 24, "n_control": 12}, "savings": {"old_energy_charge": -747231.0597570171, "new_energy_charge": -769381.7008280172, "energy_charge_savings": -22150.641071000136, "old_demand_charge": -191423.63389000003, "new_demand_charge": -138826.4998007929, "demand_charge_savings": 52597.13408920713, "retail_profits": 30446.493018206995, "battery_charge_cost": -152394.90996794673, "battery_discharge_revenues": 130244.26889694655, "battery_retail_profits": -22150.64107100018, "battery_export_revenue": 24384.68092099032, "total_profits": 54831.17393919731}}