{"key_params": {"location": "CAISO", "customer_type": "System", "demand_charge": 10, "export_price": 0.18, "export_price_type": "High flat", "battery_size_kWh": 8000, "battery_power_kW": 2000.0, "min_soc": 0.05, "max_soc": 1.0, "one_way_efficiency": 0.92, "start_soc": 0.5, "n_horizon": 24, "n_control": 12}, "savings": {"old_energy_charge": -747231.0597570171, "new_energy_charge": -881736.953985155, "energy_charge_savings": -134505.8942281379, "old_demand_charge": -191423.63389000003, "new_demand_charge": -125997.67481458196, "demand_charge_savings": 65425.95907541807, "retail_profits": -69079.93515271985, "battery_charge_cost": -265949.979598803, "battery_discharge_revenues": 131444.08537066504, "battery_retail_profits": -134505.89422813794, "battery_export_revenue": 173653.55650460612, "total_profits": 104573.62135188628}}