{"key_params": {"location": "CAISO", "customer_type": "System", "demand_charge": 50, "export_price": 0.084248, "export_price_type": "90% retail", "battery_size_kWh": 2000, "battery_power_kW": 500.0, "min_soc": 0.05, "max_soc": 1.0, "one_way_efficiency": 0.92, "start_soc": 0.5, "n_horizon": 24, "n_control": 12}, "savings": {"old_energy_charge": -747231.0597570171, "new_energy_charge": -744028.5223039748, "energy_charge_savings": 3202.537453042227, "old_demand_charge": -957118.16945, "new_demand_charge": -792071.9803150005, "demand_charge_savings": 165046.18913499953, "retail_profits": 168248.72658804175, "battery_charge_cost": -76557.1084662058, "battery_discharge_revenues": 79759.64591924808, "battery_retail_profits": 3202.537453042285, "battery_export_revenue": 75.95168827262093, "total_profits": 168324.67827631437}}