{"key_params": {"location": "CAISO", "customer_type": "System", "demand_charge": 10, "export_price": 0.0, "export_price_type": "None", "battery_size_kWh": 400, "battery_power_kW": 100.0, "min_soc": 0.05, "max_soc": 1.0, "one_way_efficiency": 0.92, "start_soc": 0.5, "n_horizon": 24, "n_control": 12}, "savings": {"old_energy_charge": -747231.0597570171, "new_energy_charge": -744869.9550142143, "energy_charge_savings": 2361.104742802796, "old_demand_charge": -191423.63389000003, "new_demand_charge": -179486.33831832523, "demand_charge_savings": 11937.295571674797, "retail_profits": 14298.400314477592, "battery_charge_cost": -15715.022111844673, "battery_discharge_revenues": 18076.12685464742, "battery_retail_profits": 2361.104742802747, "battery_export_revenue": 0.0, "total_profits": 14298.400314477592}}