{"key_params": {"location": "CAISO", "customer_type": "System", "demand_charge": 10, "export_price": 0.18, "export_price_type": "High flat", "battery_size_kWh": 4000, "battery_power_kW": 1000.0, "min_soc": 0.05, "max_soc": 1.0, "one_way_efficiency": 0.92, "start_soc": 0.5, "n_horizon": 24, "n_control": 12}, "savings": {"old_energy_charge": -747231.0597570171, "new_energy_charge": -866554.6337361909, "energy_charge_savings": -119323.57397917379, "old_demand_charge": -191423.63389000003, "new_demand_charge": -138749.14154506067, "demand_charge_savings": 52674.492344939354, "retail_profits": -66649.08163423443, "battery_charge_cost": -240459.521049907, "battery_discharge_revenues": 121135.94707073322, "battery_retail_profits": -119323.57397917377, "battery_export_revenue": 154900.16920573663, "total_profits": 88251.0875715022}}