{"key_params": {"location": "CAISO", "customer_type": "System", "demand_charge": 10, "export_price": 0.032141, "export_price_type": "LMPs", "battery_size_kWh": 4000, "battery_power_kW": 1000.0, "min_soc": 0.05, "max_soc": 1.0, "one_way_efficiency": 0.92, "start_soc": 0.5, "n_horizon": 24, "n_control": 12}, "savings": {"old_energy_charge": -747231.0597570171, "new_energy_charge": -747485.2523549407, "energy_charge_savings": -254.19259792368393, "old_demand_charge": -191423.63389000003, "new_demand_charge": -138826.49980079292, "demand_charge_savings": 52597.1340892071, "retail_profits": 52342.94149128342, "battery_charge_cost": -138671.27609223328, "battery_discharge_revenues": 138417.08349430957, "battery_retail_profits": -254.19259792371304, "battery_export_revenue": 352.8546852896496, "total_profits": 52695.796176573065}}