{"key_params": {"location": "CAISO", "customer_type": "System", "demand_charge": 10, "export_price": 0.0, "export_price_type": "None", "battery_size_kWh": 4000, "battery_power_kW": 1000.0, "min_soc": 0.05, "max_soc": 1.0, "one_way_efficiency": 0.92, "start_soc": 0.5, "n_horizon": 24, "n_control": 12}, "savings": {"old_energy_charge": -747231.0597570171, "new_energy_charge": -747312.2504602032, "energy_charge_savings": -81.1907031860901, "old_demand_charge": -191423.63389000003, "new_demand_charge": -138826.4998007929, "demand_charge_savings": 52597.13408920713, "retail_profits": 52515.94338602104, "battery_charge_cost": -138677.87781802766, "battery_discharge_revenues": 138596.68711484168, "battery_retail_profits": -81.19070318597369, "battery_export_revenue": 0.0, "total_profits": 52515.94338602104}}