{"key_params": {"location": "CAISO", "customer_type": "System", "demand_charge": 10, "export_price": 0.0, "export_price_type": "None", "battery_size_kWh": 8000, "battery_power_kW": 2000.0, "min_soc": 0.05, "max_soc": 1.0, "one_way_efficiency": 0.92, "start_soc": 0.5, "n_horizon": 24, "n_control": 12}, "savings": {"old_energy_charge": -747231.0597570171, "new_energy_charge": -748771.1709371754, "energy_charge_savings": -1540.111180158332, "old_demand_charge": -191423.63389000003, "new_demand_charge": -132583.53214223878, "demand_charge_savings": 58840.10174776125, "retail_profits": 57299.990567602916, "battery_charge_cost": -164264.9627866507, "battery_discharge_revenues": 162724.8516064924, "battery_retail_profits": -1540.111180158303, "battery_export_revenue": 0.0, "total_profits": 57299.990567602916}}