{"key_params": {"location": "CAISO", "customer_type": "System", "demand_charge": 30, "export_price": 0.18, "export_price_type": "High flat", "battery_size_kWh": 2000, "battery_power_kW": 500.0, "min_soc": 0.05, "max_soc": 1.0, "one_way_efficiency": 0.92, "start_soc": 0.5, "n_horizon": 24, "n_control": 12}, "savings": {"old_energy_charge": -747231.0597570171, "new_energy_charge": -787608.7764142667, "energy_charge_savings": -40377.716657249606, "old_demand_charge": -574270.90167, "new_demand_charge": -475243.18818900007, "demand_charge_savings": 99027.71348099998, "retail_profits": 58649.99682375038, "battery_charge_cost": -138787.29607388802, "battery_discharge_revenues": 98409.57941663837, "battery_retail_profits": -40377.71665724965, "battery_export_revenue": 52894.704767155454, "total_profits": 111544.70159090584}}