{"key_params": {"location": "CAISO", "customer_type": "System", "demand_charge": 5, "export_price": 0.0, "export_price_type": "None", "battery_size_kWh": 4000, "battery_power_kW": 1000.0, "min_soc": 0.05, "max_soc": 1.0, "one_way_efficiency": 0.92, "start_soc": 0.5, "n_horizon": 24, "n_control": 12}, "savings": {"old_energy_charge": -747231.0597570171, "new_energy_charge": -747312.2499021037, "energy_charge_savings": -81.19014508661348, "old_demand_charge": -95711.81694500001, "new_demand_charge": -69413.24990039646, "demand_charge_savings": 26298.56704460355, "retail_profits": 26217.376899516938, "battery_charge_cost": -138558.91052923034, "battery_discharge_revenues": 138477.7203841438, "battery_retail_profits": -81.19014508655528, "battery_export_revenue": 0.0, "total_profits": 26217.376899516938}}