{"key_params": {"location": "CAISO", "customer_type": "System", "demand_charge": 5, "export_price": 0.12, "export_price_type": "Low flat", "battery_size_kWh": 2000, "battery_power_kW": 500.0, "min_soc": 0.05, "max_soc": 1.0, "one_way_efficiency": 0.92, "start_soc": 0.5, "n_horizon": 24, "n_control": 12}, "savings": {"old_energy_charge": -747231.0597570171, "new_energy_charge": -744027.9621837585, "energy_charge_savings": 3203.097573258565, "old_demand_charge": -95711.81694500001, "new_demand_charge": -79207.19803150003, "demand_charge_savings": 16504.618913499988, "retail_profits": 19707.716486758552, "battery_charge_cost": -76557.10846620581, "battery_discharge_revenues": 79760.2060394644, "battery_retail_profits": 3203.097573258594, "battery_export_revenue": 83.18129701200012, "total_profits": 19790.897783770553}}