{"key_params": {"location": "CAISO", "customer_type": "System", "demand_charge": 5, "export_price": 0.048211500000000004, "export_price_type": "150% LMPs", "battery_size_kWh": 4000, "battery_power_kW": 1000.0, "min_soc": 0.05, "max_soc": 1.0, "one_way_efficiency": 0.92, "start_soc": 0.5, "n_horizon": 24, "n_control": 12}, "savings": {"old_energy_charge": -747231.0597570171, "new_energy_charge": -748682.0229249869, "energy_charge_savings": -1450.963167969836, "old_demand_charge": -95711.81694500001, "new_demand_charge": -69413.24990039645, "demand_charge_savings": 26298.567044603566, "retail_profits": 24847.60387663373, "battery_charge_cost": -139372.9951154012, "battery_discharge_revenues": 137922.03194743127, "battery_retail_profits": -1450.9631679699232, "battery_export_revenue": 1884.9224420853761, "total_profits": 26732.526318719105}}