{"key_params": {"location": "CAISO", "customer_type": "System", "demand_charge": 5, "export_price": 0.10531, "export_price_type": "Retail", "battery_size_kWh": 4000, "battery_power_kW": 1000.0, "min_soc": 0.05, "max_soc": 1.0, "one_way_efficiency": 0.92, "start_soc": 0.5, "n_horizon": 24, "n_control": 12}, "savings": {"old_energy_charge": -747231.0597570171, "new_energy_charge": -769394.744164132, "energy_charge_savings": -22163.684407114983, "old_demand_charge": -95711.81694500001, "new_demand_charge": -69413.24990039645, "demand_charge_savings": 26298.567044603566, "retail_profits": 4134.882637488583, "battery_charge_cost": -152328.14089585567, "battery_discharge_revenues": 130164.45648874067, "battery_retail_profits": -22163.684407114997, "battery_export_revenue": 24384.680920990322, "total_profits": 28519.563558478905}}