{"key_params": {"location": "CAISO", "customer_type": "System", "demand_charge": 10, "export_price": 0.0160705, "export_price_type": "50% LMPs", "battery_size_kWh": 4000, "battery_power_kW": 1000.0, "min_soc": 0.05, "max_soc": 1.0, "one_way_efficiency": 0.92, "start_soc": 0.5, "n_horizon": 24, "n_control": 12}, "savings": {"old_energy_charge": -747231.0597570171, "new_energy_charge": -747410.6015459666, "energy_charge_savings": -179.54178894951474, "old_demand_charge": -191423.63389000003, "new_demand_charge": -138826.4998007929, "demand_charge_savings": 52597.13408920713, "retail_profits": 52417.59230025762, "battery_charge_cost": -138572.72272819182, "battery_discharge_revenues": 138393.18093924236, "battery_retail_profits": -179.54178894945653, "battery_export_revenue": 94.53492491374708, "total_profits": 52512.12722517136}}