{"key_params": {"location": "CAISO", "customer_type": "System", "demand_charge": 10, "export_price": 0.032141, "export_price_type": "LMPs", "battery_size_kWh": 8000, "battery_power_kW": 2000.0, "min_soc": 0.05, "max_soc": 1.0, "one_way_efficiency": 0.92, "start_soc": 0.5, "n_horizon": 24, "n_control": 12}, "savings": {"old_energy_charge": -747231.0597570171, "new_energy_charge": -750116.5952649398, "energy_charge_savings": -2885.5355079227593, "old_demand_charge": -191423.63389000003, "new_demand_charge": -132254.22850404118, "demand_charge_savings": 59169.405385958846, "retail_profits": 56283.86987803609, "battery_charge_cost": -164964.62129598105, "battery_discharge_revenues": 162079.08578805847, "battery_retail_profits": -2885.5355079225847, "battery_export_revenue": 2836.616696435949, "total_profits": 59120.48657447204}}