{"key_params": {"location": "CAISO", "customer_type": "System", "demand_charge": 10, "export_price": 0.136903, "export_price_type": "Customized (130% retail)", "battery_size_kWh": 2000, "battery_power_kW": 500.0, "min_soc": 0.05, "max_soc": 1.0, "one_way_efficiency": 0.92, "start_soc": 0.5, "n_horizon": 24, "n_control": 12}, "savings": {"old_energy_charge": -747231.0597570171, "new_energy_charge": -751732.5428209016, "energy_charge_savings": -4501.483063884545, "old_demand_charge": -191423.63389000003, "new_demand_charge": -158414.39606300005, "demand_charge_savings": 33009.237826999975, "retail_profits": 28507.75476311543, "battery_charge_cost": -77366.00032696074, "battery_discharge_revenues": 72864.51726307618, "battery_retail_profits": -4501.48306388456, "battery_export_revenue": 10097.511364935697, "total_profits": 38605.266128051124}}