{"key_params": {"location": "CAISO", "customer_type": "System", "demand_charge": 30, "export_price": 0.0160705, "export_price_type": "50% LMPs", "battery_size_kWh": 2000, "battery_power_kW": 500.0, "min_soc": 0.05, "max_soc": 1.0, "one_way_efficiency": 0.92, "start_soc": 0.5, "n_horizon": 24, "n_control": 12}, "savings": {"old_energy_charge": -747231.0597570171, "new_energy_charge": -743957.778355245, "energy_charge_savings": 3273.281401772052, "old_demand_charge": -574270.90167, "new_demand_charge": -475243.1881890002, "demand_charge_savings": 99027.71348099987, "retail_profits": 102300.99488277192, "battery_charge_cost": -76557.10846620581, "battery_discharge_revenues": 79830.38986797786, "battery_retail_profits": 3273.281401772052, "battery_export_revenue": 3.0118833662720017, "total_profits": 102304.00676613819}}