{"key_params": {"location": "CAISO", "customer_type": "System", "demand_charge": 10, "export_price": 0.12, "export_price_type": "Low flat", "battery_size_kWh": 8000, "battery_power_kW": 2000.0, "min_soc": 0.05, "max_soc": 1.0, "one_way_efficiency": 0.92, "start_soc": 0.5, "n_horizon": 24, "n_control": 12}, "savings": {"old_energy_charge": -747231.0597570171, "new_energy_charge": -749267.6036125072, "energy_charge_savings": -2036.543855490163, "old_demand_charge": -191423.63389000003, "new_demand_charge": -131716.38450759713, "demand_charge_savings": 59707.24938240289, "retail_profits": 57670.70552691273, "battery_charge_cost": -164666.38564527722, "battery_discharge_revenues": 162629.84178978702, "battery_retail_profits": -2036.543855490192, "battery_export_revenue": 631.1700977253663, "total_profits": 58301.875624638094}}