{"key_params": {"location": "CAISO", "customer_type": "System", "demand_charge": 10, "export_price": 0.12637199999999998, "export_price_type": "110% retail", "battery_size_kWh": 4000, "battery_power_kW": 1000.0, "min_soc": 0.05, "max_soc": 1.0, "one_way_efficiency": 0.92, "start_soc": 0.5, "n_horizon": 24, "n_control": 12}, "savings": {"old_energy_charge": -747231.0597570171, "new_energy_charge": -785303.807520547, "energy_charge_savings": -38072.747763529886, "old_demand_charge": -191423.63389000003, "new_demand_charge": -138749.14154506061, "demand_charge_savings": 52674.49234493941, "retail_profits": 14601.744581409526, "battery_charge_cost": -155291.3182886777, "battery_discharge_revenues": 117218.57052514775, "battery_retail_profits": -38072.747763529944, "battery_export_revenue": 47822.65160213323, "total_profits": 62424.396183542754}}