{"key_params": {"location": "CAISO", "customer_type": "System", "demand_charge": 10, "export_price": 0.048211500000000004, "export_price_type": "150% LMPs", "battery_size_kWh": 2000, "battery_power_kW": 500.0, "min_soc": 0.05, "max_soc": 1.0, "one_way_efficiency": 0.92, "start_soc": 0.5, "n_horizon": 24, "n_control": 12}, "savings": {"old_energy_charge": -747231.0597570171, "new_energy_charge": -744165.0848341587, "energy_charge_savings": 3065.9749228584114, "old_demand_charge": -191423.63389000003, "new_demand_charge": -158414.39606300005, "demand_charge_savings": 33009.237826999975, "retail_profits": 36075.21274985839, "battery_charge_cost": -76611.54972407396, "battery_discharge_revenues": 79677.52464693245, "battery_retail_profits": 3065.974922858484, "battery_export_revenue": 311.3503474285908, "total_profits": 36386.56309728698}}