{"key_params": {"location": "CAISO", "customer_type": "System", "demand_charge": 10, "export_price": 0.0, "export_price_type": "None", "battery_size_kWh": 2000, "battery_power_kW": 500.0, "min_soc": 0.05, "max_soc": 1.0, "one_way_efficiency": 0.92, "start_soc": 0.5, "n_horizon": 24, "n_control": 12}, "savings": {"old_energy_charge": -747231.0597570171, "new_energy_charge": -743954.9636638556, "energy_charge_savings": 3276.0960931614973, "old_demand_charge": -191423.63389000003, "new_demand_charge": -158414.39606300005, "demand_charge_savings": 33009.237826999975, "retail_profits": 36285.33392016147, "battery_charge_cost": -76557.10846620583, "battery_discharge_revenues": 79833.20455936718, "battery_retail_profits": 3276.0960931613517, "battery_export_revenue": 0.0, "total_profits": 36285.33392016147}}