{"key_params": {"location": "CAISO", "customer_type": "System", "demand_charge": 30, "export_price": 0.10531, "export_price_type": "90% retail", "battery_size_kWh": 8000, "battery_power_kW": 2000.0, "min_soc": 0.05, "max_soc": 1.0, "one_way_efficiency": 0.92, "start_soc": 0.5, "n_horizon": 24, "n_control": 12}, "savings": {"old_energy_charge": -747231.0597570171, "new_energy_charge": -819889.8543459462, "energy_charge_savings": -72658.79458892916, "old_demand_charge": -574270.90167, "new_demand_charge": -396472.4422044362, "demand_charge_savings": 177798.45946556382, "retail_profits": 105139.66487663466, "battery_charge_cost": -211240.39071282165, "battery_discharge_revenues": 138581.59612389258, "battery_retail_profits": -72658.79458892907, "battery_export_revenue": 78201.04365289901, "total_profits": 183340.70852953367}}