{"key_params": {"location": "CAISO", "customer_type": "System", "demand_charge": 10, "export_price": 0.18, "export_price_type": "High flat", "battery_size_kWh": 2000, "battery_power_kW": 500.0, "min_soc": 0.05, "max_soc": 1.0, "one_way_efficiency": 0.92, "start_soc": 0.5, "n_horizon": 24, "n_control": 12}, "savings": {"old_energy_charge": -747231.0597570171, "new_energy_charge": -787639.1350726545, "energy_charge_savings": -40408.0753156374, "old_demand_charge": -191423.63389000003, "new_demand_charge": -158414.39606300002, "demand_charge_savings": 33009.237827000004, "retail_profits": -7398.837488637393, "battery_charge_cost": -138852.31619222864, "battery_discharge_revenues": 98444.24087659123, "battery_retail_profits": -40408.07531563741, "battery_export_revenue": 52930.70599869745, "total_profits": 45531.868510060056}}