{"key_params": {"location": "CAISO", "customer_type": "System", "demand_charge": 10, "export_price": 0.084248, "export_price_type": "90% retail", "battery_size_kWh": 2000, "battery_power_kW": 500.0, "min_soc": 0.05, "max_soc": 1.0, "one_way_efficiency": 0.92, "start_soc": 0.5, "n_horizon": 24, "n_control": 12}, "savings": {"old_energy_charge": -747231.0597570171, "new_energy_charge": -744028.5223039748, "energy_charge_savings": 3202.537453042227, "old_demand_charge": -191423.63389000003, "new_demand_charge": -158414.39606300002, "demand_charge_savings": 33009.237827000004, "retail_profits": 36211.77528004223, "battery_charge_cost": -76557.1084662058, "battery_discharge_revenues": 79759.64591924808, "battery_retail_profits": 3202.537453042285, "battery_export_revenue": 75.95168827262091, "total_profits": 36287.726968314855}}