{"key_params": {"location": "CAISO", "customer_type": "System", "demand_charge": 30, "export_price": 0.0, "export_price_type": "None", "battery_size_kWh": 8000, "battery_power_kW": 2000.0, "min_soc": 0.05, "max_soc": 1.0, "one_way_efficiency": 0.92, "start_soc": 0.5, "n_horizon": 24, "n_control": 12}, "savings": {"old_energy_charge": -747231.0597570171, "new_energy_charge": -748573.681492291, "energy_charge_savings": -1342.6217352739768, "old_demand_charge": -574270.90167, "new_demand_charge": -395799.9469266311, "demand_charge_savings": 178470.95474336896, "retail_profits": 177128.33300809498, "battery_charge_cost": -164465.27687054322, "battery_discharge_revenues": 163122.65513526922, "battery_retail_profits": -1342.621735274006, "battery_export_revenue": 0.0, "total_profits": 177128.33300809498}}