{"key_params": {"location": "CAISO", "customer_type": "System", "demand_charge": 30, "export_price": 0.0160705, "export_price_type": "50% LMPs", "battery_size_kWh": 8000, "battery_power_kW": 2000.0, "min_soc": 0.05, "max_soc": 1.0, "one_way_efficiency": 0.92, "start_soc": 0.5, "n_horizon": 24, "n_control": 12}, "savings": {"old_energy_charge": -747231.0597570171, "new_energy_charge": -749743.2509480737, "energy_charge_savings": -2512.191191056627, "old_demand_charge": -574270.90167, "new_demand_charge": -393972.2030081865, "demand_charge_savings": 180298.69866181357, "retail_profits": 177786.50747075694, "battery_charge_cost": -163912.62989243044, "battery_discharge_revenues": 161400.43870137396, "battery_retail_profits": -2512.1911910564813, "battery_export_revenue": 754.0189388537085, "total_profits": 178540.52640961064}}