{"key_params": {"location": "CAISO", "customer_type": "System", "demand_charge": 10, "export_price": 0.0, "export_price_type": "None", "battery_size_kWh": 4000, "battery_power_kW": 1000.0, "min_soc": 0.05, "max_soc": 1.0, "one_way_efficiency": 0.92, "start_soc": 0.5, "n_horizon": 24, "n_control": 12}, "savings": {"old_energy_charge": -747231.0597570171, "new_energy_charge": -747305.607768979, "energy_charge_savings": -74.54801196197513, "old_demand_charge": -191423.63389000003, "new_demand_charge": -138826.49980079292, "demand_charge_savings": 52597.1340892071, "retail_profits": 52522.58607724513, "battery_charge_cost": -138627.62370452404, "battery_discharge_revenues": 138553.0756925622, "battery_retail_profits": -74.54801196182962, "battery_export_revenue": 0.0, "total_profits": 52522.58607724513}}