{"key_params": {"location": "CAISO", "customer_type": "System", "demand_charge": 10, "export_price": 0.10531, "export_price_type": "Retail", "battery_size_kWh": 2000, "battery_power_kW": 500.0, "min_soc": 0.05, "max_soc": 1.0, "one_way_efficiency": 0.92, "start_soc": 0.5, "n_horizon": 24, "n_control": 12}, "savings": {"old_energy_charge": -747231.0597570171, "new_energy_charge": -746415.112575475, "energy_charge_savings": 815.9471815420548, "old_demand_charge": -191423.63389000003, "new_demand_charge": -158414.39606300005, "demand_charge_savings": 33009.237826999975, "retail_profits": 33825.18500854203, "battery_charge_cost": -76826.35292620459, "battery_discharge_revenues": 77642.30010774659, "battery_retail_profits": 815.9471815419965, "battery_export_revenue": 2532.776029895519, "total_profits": 36357.96103843755}}