{"key_params": {"location": "CAISO", "customer_type": "System", "demand_charge": 10, "export_price": 0.157965, "export_price_type": "Customized (120% retail)", "battery_size_kWh": 2000, "battery_power_kW": 500.0, "min_soc": 0.05, "max_soc": 1.0, "one_way_efficiency": 0.92, "start_soc": 0.5, "n_horizon": 24, "n_control": 12}, "savings": {"old_energy_charge": -747231.0597570171, "new_energy_charge": -785774.044120177, "energy_charge_savings": -38542.98436315998, "old_demand_charge": -191423.63389000003, "new_demand_charge": -158414.39606300002, "demand_charge_savings": 33009.237827000004, "retail_profits": -5533.746536159975, "battery_charge_cost": -138041.32196427503, "battery_discharge_revenues": 99498.33760111505, "battery_retail_profits": -38542.98436315998, "battery_export_revenue": 48146.229593162905, "total_profits": 42612.48305700293}}