{"key_params": {"location": "CAISO", "customer_type": "System", "demand_charge": 30, "export_price": 0.12, "export_price_type": "Low flat", "battery_size_kWh": 8000, "battery_power_kW": 2000.0, "min_soc": 0.05, "max_soc": 1.0, "one_way_efficiency": 0.92, "start_soc": 0.5, "n_horizon": 24, "n_control": 12}, "savings": {"old_energy_charge": -747231.0597570171, "new_energy_charge": -749500.3261308357, "energy_charge_savings": -2269.266373818624, "old_demand_charge": -574270.90167, "new_demand_charge": -395530.7463225257, "demand_charge_savings": 178740.15534747433, "retail_profits": 176470.8889736557, "battery_charge_cost": -164589.65107141688, "battery_discharge_revenues": 162320.3846975981, "battery_retail_profits": -2269.2663738187694, "battery_export_revenue": 553.9520983192788, "total_profits": 177024.84107197498}}