{"key_params": {"location": "CAISO", "customer_type": "System", "demand_charge": 10, "export_price": 0.032141, "export_price_type": "LMPs", "battery_size_kWh": 2000, "battery_power_kW": 500.0, "min_soc": 0.05, "max_soc": 1.0, "one_way_efficiency": 0.92, "start_soc": 0.5, "n_horizon": 24, "n_control": 12}, "savings": {"old_energy_charge": -747231.0597570171, "new_energy_charge": -744014.3730702243, "energy_charge_savings": 3216.68668679276, "old_demand_charge": -191423.63389000003, "new_demand_charge": -158414.39606300002, "demand_charge_savings": 33009.237827000004, "retail_profits": 36225.924513792765, "battery_charge_cost": -76557.1084662058, "battery_discharge_revenues": 79773.79515299851, "battery_retail_profits": 3216.6866867927165, "battery_export_revenue": 98.1421342596818, "total_profits": 36324.066648052445}}