{"key_params": {"location": "CAISO", "customer_type": "System", "demand_charge": 10, "export_price": 0.048211500000000004, "export_price_type": "150% LMPs", "battery_size_kWh": 1000, "battery_power_kW": 250.0, "min_soc": 0.05, "max_soc": 1.0, "one_way_efficiency": 0.92, "start_soc": 0.5, "n_horizon": 24, "n_control": 12}, "savings": {"old_energy_charge": -747231.0597570171, "new_energy_charge": -744331.9832000725, "energy_charge_savings": 2899.076556944521, "old_demand_charge": -191423.63389000003, "new_demand_charge": -169226.77913032495, "demand_charge_savings": 22196.854759675072, "retail_profits": 25095.931316619593, "battery_charge_cost": -38328.68102711391, "battery_discharge_revenues": 41227.75758405851, "battery_retail_profits": 2899.076556944601, "battery_export_revenue": 0.0, "total_profits": 25095.931316619593}}