{"key_params": {"location": "CAISO", "customer_type": "System", "demand_charge": 50, "export_price": 0.12637199999999998, "export_price_type": "110% retail", "battery_size_kWh": 2000, "battery_power_kW": 500.0, "min_soc": 0.05, "max_soc": 1.0, "one_way_efficiency": 0.92, "start_soc": 0.5, "n_horizon": 24, "n_control": 12}, "savings": {"old_energy_charge": -747231.0597570171, "new_energy_charge": -751310.8257443121, "energy_charge_savings": -4079.7659872950753, "old_demand_charge": -957118.16945, "new_demand_charge": -792071.980315, "demand_charge_savings": 165046.189135, "retail_profits": 160966.42314770492, "battery_charge_cost": -76826.3529262046, "battery_discharge_revenues": 72746.58693890958, "battery_retail_profits": -4079.7659872950317, "battery_export_revenue": 8914.187038479025, "total_profits": 169880.61018618394}}