{"key_params": {"location": "CAISO", "customer_type": "System", "demand_charge": 50, "export_price": 0.0, "export_price_type": "None", "battery_size_kWh": 2000, "battery_power_kW": 500.0, "min_soc": 0.05, "max_soc": 1.0, "one_way_efficiency": 0.92, "start_soc": 0.5, "n_horizon": 24, "n_control": 12}, "savings": {"old_energy_charge": -747231.0597570171, "new_energy_charge": -743954.9636638557, "energy_charge_savings": 3276.096093161381, "old_demand_charge": -957118.16945, "new_demand_charge": -792071.980315, "demand_charge_savings": 165046.189135, "retail_profits": 168322.28522816137, "battery_charge_cost": -76557.10846620581, "battery_discharge_revenues": 79833.2045593672, "battery_retail_profits": 3276.096093161381, "battery_export_revenue": 0.0, "total_profits": 168322.28522816137}}