{"key_params": {"location": "CAISO", "customer_type": "System", "demand_charge": 5, "export_price": 0.0160705, "export_price_type": "50% LMPs", "battery_size_kWh": 4000, "battery_power_kW": 1000.0, "min_soc": 0.05, "max_soc": 1.0, "one_way_efficiency": 0.92, "start_soc": 0.5, "n_horizon": 24, "n_control": 12}, "savings": {"old_energy_charge": -747231.0597570171, "new_energy_charge": -747400.061150328, "energy_charge_savings": -169.00139331095852, "old_demand_charge": -95711.81694500001, "new_demand_charge": -69413.24990039645, "demand_charge_savings": 26298.567044603566, "retail_profits": 26129.565651292607, "battery_charge_cost": -138663.37857102128, "battery_discharge_revenues": 138494.37717771035, "battery_retail_profits": -169.00139331092942, "battery_export_revenue": 94.53492491374712, "total_profits": 26224.100576206354}}