{"key_params": {"location": "CAISO", "customer_type": "System", "demand_charge": 5, "export_price": 0.032141, "export_price_type": "LMPs", "battery_size_kWh": 4000, "battery_power_kW": 1000.0, "min_soc": 0.05, "max_soc": 1.0, "one_way_efficiency": 0.92, "start_soc": 0.5, "n_horizon": 24, "n_control": 12}, "savings": {"old_energy_charge": -747231.0597570171, "new_energy_charge": -747498.5929701226, "energy_charge_savings": -267.53321310551837, "old_demand_charge": -95711.81694500001, "new_demand_charge": -69413.24990039645, "demand_charge_savings": 26298.567044603566, "retail_profits": 26031.033831498047, "battery_charge_cost": -138652.21336035553, "battery_discharge_revenues": 138384.68014725, "battery_retail_profits": -267.53321310551837, "battery_export_revenue": 352.8546852896496, "total_profits": 26383.888516787698}}