{"key_params": {"location": "CAISO", "customer_type": "System", "demand_charge": 5, "export_price": 0.18, "export_price_type": "High flat", "battery_size_kWh": 4000, "battery_power_kW": 1000.0, "min_soc": 0.05, "max_soc": 1.0, "one_way_efficiency": 0.92, "start_soc": 0.5, "n_horizon": 24, "n_control": 12}, "savings": {"old_energy_charge": -747231.0597570171, "new_energy_charge": -866868.3807145586, "energy_charge_savings": -119637.32095754158, "old_demand_charge": -95711.81694500001, "new_demand_charge": -69374.57077253031, "demand_charge_savings": 26337.246172469706, "retail_profits": -93300.07478507188, "battery_charge_cost": -240624.00087992504, "battery_discharge_revenues": 120986.67992238351, "battery_retail_profits": -119637.32095754152, "battery_export_revenue": 155230.83245244744, "total_profits": 61930.75766737557}}