{"key_params": {"location": "CAISO", "customer_type": "System", "demand_charge": 10, "export_price": 0.14743399999999998, "export_price_type": "Customized (140% retail)", "battery_size_kWh": 2000, "battery_power_kW": 500.0, "min_soc": 0.05, "max_soc": 1.0, "one_way_efficiency": 0.92, "start_soc": 0.5, "n_horizon": 24, "n_control": 12}, "savings": {"old_energy_charge": -747231.0597570171, "new_energy_charge": -767759.7012458204, "energy_charge_savings": -20528.641488803318, "old_demand_charge": -191423.63389000003, "new_demand_charge": -158414.39606300002, "demand_charge_savings": 33009.237827000004, "retail_profits": 12480.596338196687, "battery_charge_cost": -104248.46890813202, "battery_discharge_revenues": 83719.8274193287, "battery_retail_profits": -20528.641488803318, "battery_export_revenue": 27410.51006598027, "total_profits": 39891.10640417696}}