{"key_params": {"location": "CAISO", "customer_type": "System", "demand_charge": 10, "export_price": 0.12637199999999998, "export_price_type": "110% retail", "battery_size_kWh": 8000, "battery_power_kW": 2000.0, "min_soc": 0.05, "max_soc": 1.0, "one_way_efficiency": 0.92, "start_soc": 0.5, "n_horizon": 24, "n_control": 12}, "savings": {"old_energy_charge": -747231.0597570171, "new_energy_charge": -843765.3990634871, "energy_charge_savings": -96534.33930647, "old_demand_charge": -191423.63389000003, "new_demand_charge": -132204.6525909584, "demand_charge_savings": 59218.981299041625, "retail_profits": -37315.35800742838, "battery_charge_cost": -217795.3028279731, "battery_discharge_revenues": 121260.96352150307, "battery_retail_profits": -96534.33930647002, "battery_export_revenue": 121135.7857419719, "total_profits": 83820.42773454351}}