{"key_params": {"location": "CAISO", "customer_type": "System", "demand_charge": 5, "export_price": 0.15, "export_price_type": "Med flat", "battery_size_kWh": 4000, "battery_power_kW": 1000.0, "min_soc": 0.05, "max_soc": 1.0, "one_way_efficiency": 0.92, "start_soc": 0.5, "n_horizon": 24, "n_control": 12}, "savings": {"old_energy_charge": -747231.0597570171, "new_energy_charge": -840254.1685816668, "energy_charge_savings": -93023.10882464971, "old_demand_charge": -95711.81694500001, "new_demand_charge": -69374.5707725303, "demand_charge_savings": 26337.24617246972, "retail_profits": -66685.86265217999, "battery_charge_cost": -227950.02448952195, "battery_discharge_revenues": 134926.9156648722, "battery_retail_profits": -93023.10882464974, "battery_export_revenue": 104931.14481317828, "total_profits": 38245.28216099829}}