{"key_params": {"location": "CAISO", "customer_type": "System", "demand_charge": 30, "export_price": 0.15, "export_price_type": "Med flat", "battery_size_kWh": 2000, "battery_power_kW": 500.0, "min_soc": 0.05, "max_soc": 1.0, "one_way_efficiency": 0.92, "start_soc": 0.5, "n_horizon": 24, "n_control": 12}, "savings": {"old_energy_charge": -747231.0597570171, "new_energy_charge": -764113.3106633712, "energy_charge_savings": -16882.250906354166, "old_demand_charge": -574270.90167, "new_demand_charge": -475243.1881890002, "demand_charge_savings": 99027.71348099987, "retail_profits": 82145.4625746457, "battery_charge_cost": -102220.16949703208, "battery_discharge_revenues": 85337.91859067786, "battery_retail_profits": -16882.250906354224, "battery_export_revenue": 21478.12848483357, "total_profits": 103623.59105947928}}