{"key_params": {"location": "CAISO", "customer_type": "System", "demand_charge": 10, "export_price": 0.0, "export_price_type": "None", "battery_size_kWh": 6000, "battery_power_kW": 1500.0, "min_soc": 0.05, "max_soc": 1.0, "one_way_efficiency": 0.92, "start_soc": 0.5, "n_horizon": 24, "n_control": 12}, "savings": {"old_energy_charge": -747231.0597570171, "new_energy_charge": -748759.6423258575, "energy_charge_savings": -1528.582568840473, "old_demand_charge": -191423.63389000003, "new_demand_charge": -133664.90826655988, "demand_charge_savings": 57758.72562344014, "retail_profits": 56230.14305459967, "battery_charge_cost": -158581.88965558435, "battery_discharge_revenues": 157053.3070867438, "battery_retail_profits": -1528.5825688405603, "battery_export_revenue": 0.0, "total_profits": 56230.14305459967}}