{"key_params": {"location": "CAISO", "customer_type": "System", "demand_charge": 10, "export_price": 0.12, "export_price_type": "Low flat", "battery_size_kWh": 4000, "battery_power_kW": 1000.0, "min_soc": 0.05, "max_soc": 1.0, "one_way_efficiency": 0.92, "start_soc": 0.5, "n_horizon": 24, "n_control": 12}, "savings": {"old_energy_charge": -747231.0597570171, "new_energy_charge": -747890.8515913903, "energy_charge_savings": -659.7918343732599, "old_demand_charge": -191423.63389000003, "new_demand_charge": -138826.4998007929, "demand_charge_savings": 52597.13408920713, "retail_profits": 51937.34225483387, "battery_charge_cost": -138888.76244355264, "battery_discharge_revenues": 138228.97060917952, "battery_retail_profits": -659.7918343731144, "battery_export_revenue": 694.9532882732445, "total_profits": 52632.29554310712}}