{"key_params": {"location": "CAISO", "customer_type": "System", "demand_charge": 30, "export_price": 0.0, "export_price_type": "None", "battery_size_kWh": 4000, "battery_power_kW": 1000.0, "min_soc": 0.05, "max_soc": 1.0, "one_way_efficiency": 0.92, "start_soc": 0.5, "n_horizon": 24, "n_control": 12}, "savings": {"old_energy_charge": -747231.0597570171, "new_energy_charge": -747305.0639489684, "energy_charge_savings": -74.00419195136055, "old_demand_charge": -574270.90167, "new_demand_charge": -416479.49940237874, "demand_charge_savings": 157791.4022676213, "retail_profits": 157717.39807566995, "battery_charge_cost": -138633.30405138506, "battery_discharge_revenues": 138559.2998594337, "battery_retail_profits": -74.00419195136055, "battery_export_revenue": 0.0, "total_profits": 157717.39807566995}}