{"key_params": {"location": "CAISO", "customer_type": "System", "demand_charge": 30, "export_price": 0.10531, "export_price_type": "Retail", "battery_size_kWh": 8000, "battery_power_kW": 2000.0, "min_soc": 0.05, "max_soc": 1.0, "one_way_efficiency": 0.92, "start_soc": 0.5, "n_horizon": 24, "n_control": 12}, "savings": {"old_energy_charge": -747231.0597570171, "new_energy_charge": -820145.8980267986, "energy_charge_savings": -72914.83826978155, "old_demand_charge": -574270.90167, "new_demand_charge": -396776.36220225296, "demand_charge_savings": 177494.5394677471, "retail_profits": 104579.70119796554, "battery_charge_cost": -212086.69684095398, "battery_discharge_revenues": 139171.85857117246, "battery_retail_profits": -72914.83826978153, "battery_export_revenue": 78816.75882819606, "total_profits": 183396.4600261616}}