{"key_params": {"location": "CAISO", "customer_type": "System", "demand_charge": 10, "export_price": 0.15, "export_price_type": "Med flat", "battery_size_kWh": 4000, "battery_power_kW": 1000.0, "min_soc": 0.05, "max_soc": 1.0, "one_way_efficiency": 0.92, "start_soc": 0.5, "n_horizon": 24, "n_control": 12}, "savings": {"old_energy_charge": -747231.0597570171, "new_energy_charge": -840444.5808206523, "energy_charge_savings": -93213.52106363524, "old_demand_charge": -191423.63389000003, "new_demand_charge": -138749.14154506061, "demand_charge_savings": 52674.49234493941, "retail_profits": -40539.02871869583, "battery_charge_cost": -228185.37839671326, "battery_discharge_revenues": 134971.857333078, "battery_retail_profits": -93213.52106363527, "battery_export_revenue": 105121.18304729521, "total_profits": 64582.15432859938}}