{"key_params": {"location": "CAISO", "customer_type": "System", "demand_charge": 10, "export_price": 0.0, "export_price_type": "None", "battery_size_kWh": 8000, "battery_power_kW": 2000.0, "min_soc": 0.05, "max_soc": 1.0, "one_way_efficiency": 0.92, "start_soc": 0.5, "n_horizon": 24, "n_control": 12}, "savings": {"old_energy_charge": -747231.0597570171, "new_energy_charge": -748805.4252591162, "energy_charge_savings": -1574.3655020991573, "old_demand_charge": -191423.63389000003, "new_demand_charge": -132214.08948058716, "demand_charge_savings": 59209.54440941286, "retail_profits": 57635.178907313704, "battery_charge_cost": -164327.72096115895, "battery_discharge_revenues": 162753.35545905973, "battery_retail_profits": -1574.3655020992155, "battery_export_revenue": 0.0, "total_profits": 57635.178907313704}}