{"key_params": {"location": "CAISO", "customer_type": "System", "demand_charge": 30, "export_price": 0.032141, "export_price_type": "LMPs", "battery_size_kWh": 8000, "battery_power_kW": 2000.0, "min_soc": 0.05, "max_soc": 1.0, "one_way_efficiency": 0.92, "start_soc": 0.5, "n_horizon": 24, "n_control": 12}, "savings": {"old_energy_charge": -747231.0597570171, "new_energy_charge": -750443.2113418923, "energy_charge_savings": -3212.151584875188, "old_demand_charge": -574270.90167, "new_demand_charge": -393890.7654589389, "demand_charge_savings": 180380.13621106115, "retail_profits": 177167.98462618596, "battery_charge_cost": -164601.54748852775, "battery_discharge_revenues": 161389.3959036526, "battery_retail_profits": -3212.1515848751587, "battery_export_revenue": 2590.981832467629, "total_profits": 179758.9664586536}}