{"key_params": {"location": "CAISO", "customer_type": "System", "demand_charge": 5, "export_price": 0.12, "export_price_type": "Low flat", "battery_size_kWh": 4000, "battery_power_kW": 1000.0, "min_soc": 0.05, "max_soc": 1.0, "one_way_efficiency": 0.92, "start_soc": 0.5, "n_horizon": 24, "n_control": 12}, "savings": {"old_energy_charge": -747231.0597570171, "new_energy_charge": -747888.3683605939, "energy_charge_savings": -657.3086035768501, "old_demand_charge": -95711.81694500001, "new_demand_charge": -69413.24990039645, "demand_charge_savings": 26298.567044603566, "retail_profits": 25641.258441026715, "battery_charge_cost": -138930.41008170575, "battery_discharge_revenues": 138273.10147812904, "battery_retail_profits": -657.3086035767046, "battery_export_revenue": 694.9532882732441, "total_profits": 26336.21172929996}}