{"key_params": {"location": "CAISO", "customer_type": "System", "demand_charge": 30, "export_price": 0.12, "export_price_type": "Low flat", "battery_size_kWh": 2000, "battery_power_kW": 500.0, "min_soc": 0.05, "max_soc": 1.0, "one_way_efficiency": 0.92, "start_soc": 0.5, "n_horizon": 24, "n_control": 12}, "savings": {"old_energy_charge": -747231.0597570171, "new_energy_charge": -744027.9621837585, "energy_charge_savings": 3203.097573258565, "old_demand_charge": -574270.90167, "new_demand_charge": -475243.1881890002, "demand_charge_savings": 99027.71348099987, "retail_profits": 102230.81105425843, "battery_charge_cost": -76557.10846620581, "battery_discharge_revenues": 79760.2060394644, "battery_retail_profits": 3203.097573258594, "battery_export_revenue": 83.18129701200012, "total_profits": 102313.99235127043}}